pair_id,split,kinase_name,active_pdb,inactive_pdb,active_length,inactive_length,active_dfg,inactive_dfg,active_alphac,inactive_alphac,source_pdb,target_pdb,source_state,target_state,condition
PDGFRA_8pqj_8pqi,test,PDGFRA,8pqi,8pqj,299,329,in,out,in,in,8pqj,8pqi,inactive,active,inactive_to_active
PDGFRA_8pqj_8pqi,test,PDGFRA,8pqi,8pqj,299,329,in,out,in,in,8pqi,8pqj,active,inactive,active_to_inactive
PDGFRA_6joi_8pqh,test,PDGFRA,8pqh,6joi,321,296,in,in,in,out,6joi,8pqh,inactive,active,inactive_to_active
PDGFRA_6joi_8pqh,test,PDGFRA,8pqh,6joi,321,296,in,in,in,out,8pqh,6joi,active,inactive,active_to_inactive
PDGFRA_8pqk_8pqi,test,PDGFRA,8pqi,8pqk,299,322,in,out,in,in,8pqk,8pqi,inactive,active,inactive_to_active
PDGFRA_8pqk_8pqi,test,PDGFRA,8pqi,8pqk,299,322,in,out,in,in,8pqi,8pqk,active,inactive,active_to_inactive
PDGFRA_6jok_8pqh,test,PDGFRA,8pqh,6jok,321,338,in,out,in,in,6jok,8pqh,inactive,active,inactive_to_active
PDGFRA_6jok_8pqh,test,PDGFRA,8pqh,6jok,321,338,in,out,in,in,8pqh,6jok,active,inactive,active_to_inactive
PDGFRA_5k5x_8pqi,test,PDGFRA,8pqi,5k5x,299,345,in,out,in,in,5k5x,8pqi,inactive,active,inactive_to_active
PDGFRA_5k5x_8pqi,test,PDGFRA,8pqi,5k5x,299,345,in,out,in,in,8pqi,5k5x,active,inactive,active_to_inactive
PDGFRA_6joj_8pqh,test,PDGFRA,8pqh,6joj,321,338,in,out-like,in,in,6joj,8pqh,inactive,active,inactive_to_active
PDGFRA_6joj_8pqh,test,PDGFRA,8pqh,6joj,321,338,in,out-like,in,in,8pqh,6joj,active,inactive,active_to_inactive
PIK3CA_5sxe_8twy,test,PIK3CA,8twy,5sxe,853,1048,in,out-like,in,in,5sxe,8twy,inactive,active,inactive_to_active
PIK3CA_5sxe_8twy,test,PIK3CA,8twy,5sxe,853,1048,in,out-like,in,in,8twy,5sxe,active,inactive,active_to_inactive
PIK3CA_8ilv_8am0,test,PIK3CA,8am0,8ilv,1031,971,in,out-like,in,in,8ilv,8am0,inactive,active,inactive_to_active
PIK3CA_8ilv_8am0,test,PIK3CA,8am0,8ilv,1031,971,in,out-like,in,in,8am0,8ilv,active,inactive,active_to_inactive
PIK3CA_6nct_5dxt,test,PIK3CA,5dxt,6nct,879,1039,in,out-like,in,in,6nct,5dxt,inactive,active,inactive_to_active
PIK3CA_6nct_5dxt,test,PIK3CA,5dxt,6nct,879,1039,in,out-like,in,in,5dxt,6nct,active,inactive,active_to_inactive
PIK3CA_5sxe_5dxh,test,PIK3CA,5dxh,5sxe,981,1048,in,out-like,in,in,5sxe,5dxh,inactive,active,inactive_to_active
PIK3CA_5sxe_5dxh,test,PIK3CA,5dxh,5sxe,981,1048,in,out-like,in,in,5dxh,5sxe,active,inactive,active_to_inactive
PIK3CA_8ilv_3hhm,test,PIK3CA,3hhm,8ilv,1032,971,in,out-like,in,in,8ilv,3hhm,inactive,active,inactive_to_active
PIK3CA_8ilv_3hhm,test,PIK3CA,3hhm,8ilv,1032,971,in,out-like,in,in,3hhm,8ilv,active,inactive,active_to_inactive
PIK3CA_6nct_4ovv,test,PIK3CA,4ovv,6nct,1042,1039,in,out-like,in,in,6nct,4ovv,inactive,active,inactive_to_active
PIK3CA_6nct_4ovv,test,PIK3CA,4ovv,6nct,1042,1039,in,out-like,in,in,4ovv,6nct,active,inactive,active_to_inactive
PIK3CA_5sxe_8tsb,test,PIK3CA,8tsb,5sxe,999,1048,in,out-like,in,in,5sxe,8tsb,inactive,active,inactive_to_active
PIK3CA_5sxe_8tsb,test,PIK3CA,8tsb,5sxe,999,1048,in,out-like,in,in,8tsb,5sxe,active,inactive,active_to_inactive
PIK3CA_8ilv_8bfv,test,PIK3CA,8bfv,8ilv,895,971,in,out-like,in,in,8ilv,8bfv,inactive,active,inactive_to_active
PIK3CA_8ilv_8bfv,test,PIK3CA,8bfv,8ilv,895,971,in,out-like,in,in,8bfv,8ilv,active,inactive,active_to_inactive
PIK3CA_6nct_5sxf,test,PIK3CA,5sxf,6nct,1024,1039,in,out-like,in,in,6nct,5sxf,inactive,active,inactive_to_active
PIK3CA_6nct_5sxf,test,PIK3CA,5sxf,6nct,1024,1039,in,out-like,in,in,5sxf,6nct,active,inactive,active_to_inactive
PIK3CA_5sxe_8exo,test,PIK3CA,8exo,5sxe,900,1048,in,out-like,in,in,5sxe,8exo,inactive,active,inactive_to_active
PIK3CA_5sxe_8exo,test,PIK3CA,8exo,5sxe,900,1048,in,out-like,in,in,8exo,5sxe,active,inactive,active_to_inactive
PIK3CA_8ilv_8tsd,test,PIK3CA,8tsd,8ilv,1005,971,in,out-like,in,in,8ilv,8tsd,inactive,active,inactive_to_active
PIK3CA_8ilv_8tsd,test,PIK3CA,8tsd,8ilv,1005,971,in,out-like,in,in,8tsd,8ilv,active,inactive,active_to_inactive
PIK3CA_6nct_8tu6,test,PIK3CA,8tu6,6nct,981,1039,in,out-like,in,in,6nct,8tu6,inactive,active,inactive_to_active
PIK3CA_6nct_8tu6,test,PIK3CA,8tu6,6nct,981,1039,in,out-like,in,in,8tu6,6nct,active,inactive,active_to_inactive
PIK3CA_5sxe_8tsc,test,PIK3CA,8tsc,5sxe,1008,1048,in,out-like,in,in,5sxe,8tsc,inactive,active,inactive_to_active
PIK3CA_5sxe_8tsc,test,PIK3CA,8tsc,5sxe,1008,1048,in,out-like,in,in,8tsc,5sxe,active,inactive,active_to_inactive
PIK3CA_8ilv_5ul1,test,PIK3CA,5ul1,8ilv,1000,971,in,out-like,in,in,8ilv,5ul1,inactive,active,inactive_to_active
PIK3CA_8ilv_5ul1,test,PIK3CA,5ul1,8ilv,1000,971,in,out-like,in,in,5ul1,8ilv,active,inactive,active_to_inactive
PIK3CA_6nct_7r9y,test,PIK3CA,7r9y,6nct,853,1039,in,out-like,in,in,6nct,7r9y,inactive,active,inactive_to_active
PIK3CA_6nct_7r9y,test,PIK3CA,7r9y,6nct,853,1039,in,out-like,in,in,7r9y,6nct,active,inactive,active_to_inactive
PIK3CA_5sxe_8dcp,test,PIK3CA,8dcp,5sxe,1005,1048,in,out-like,in,in,5sxe,8dcp,inactive,active,inactive_to_active
PIK3CA_5sxe_8dcp,test,PIK3CA,8dcp,5sxe,1005,1048,in,out-like,in,in,8dcp,5sxe,active,inactive,active_to_inactive
PIK3CA_8ilv_7k6m,test,PIK3CA,7k6m,8ilv,878,971,in,out-like,in,in,8ilv,7k6m,inactive,active,inactive_to_active
PIK3CA_8ilv_7k6m,test,PIK3CA,7k6m,8ilv,878,971,in,out-like,in,in,7k6m,8ilv,active,inactive,active_to_inactive
PIK3CA_6nct_8exl,test,PIK3CA,8exl,6nct,892,1039,in,out-like,in,in,6nct,8exl,inactive,active,inactive_to_active
PIK3CA_6nct_8exl,test,PIK3CA,8exl,6nct,892,1039,in,out-like,in,in,8exl,6nct,active,inactive,active_to_inactive
PIK3CA_5sxe_7k71,test,PIK3CA,7k71,5sxe,843,1048,in,out-like,in,in,5sxe,7k71,inactive,active,inactive_to_active
PIK3CA_5sxe_7k71,test,PIK3CA,7k71,5sxe,843,1048,in,out-like,in,in,7k71,5sxe,active,inactive,active_to_inactive
PIK3CA_8ilv_8ts7,test,PIK3CA,8ts7,8ilv,997,971,in,out-like,in,in,8ilv,8ts7,inactive,active,inactive_to_active
PIK3CA_8ilv_8ts7,test,PIK3CA,8ts7,8ilv,997,971,in,out-like,in,in,8ts7,8ilv,active,inactive,active_to_inactive
PIK3CA_6nct_8tgd,test,PIK3CA,8tgd,6nct,1027,1039,in,out-like,in,in,6nct,8tgd,inactive,active,inactive_to_active
PIK3CA_6nct_8tgd,test,PIK3CA,8tgd,6nct,1027,1039,in,out-like,in,in,8tgd,6nct,active,inactive,active_to_inactive
PIK3CA_5sxe_5ukj,test,PIK3CA,5ukj,5sxe,1009,1048,in,out-like,in,in,5sxe,5ukj,inactive,active,inactive_to_active
PIK3CA_5sxe_5ukj,test,PIK3CA,5ukj,5sxe,1009,1048,in,out-like,in,in,5ukj,5sxe,active,inactive,active_to_inactive
PIK3CA_8ilv_5xgj,test,PIK3CA,5xgj,8ilv,980,971,in,out-like,in,in,8ilv,5xgj,inactive,active,inactive_to_active
PIK3CA_8ilv_5xgj,test,PIK3CA,5xgj,8ilv,980,971,in,out-like,in,in,5xgj,8ilv,active,inactive,active_to_inactive
PIK3CA_6nct_5sx9,test,PIK3CA,5sx9,6nct,1045,1039,in,out-like,in,in,6nct,5sx9,inactive,active,inactive_to_active
PIK3CA_6nct_5sx9,test,PIK3CA,5sx9,6nct,1045,1039,in,out-like,in,in,5sx9,6nct,active,inactive,active_to_inactive
PIK3CA_5sxe_8gub,test,PIK3CA,8gub,5sxe,977,1048,in,out-like,in,in,5sxe,8gub,inactive,active,inactive_to_active
PIK3CA_5sxe_8gub,test,PIK3CA,8gub,5sxe,977,1048,in,out-like,in,in,8gub,5sxe,active,inactive,active_to_inactive
PIK3CA_8ilv_6pys,test,PIK3CA,6pys,8ilv,890,971,in,out-like,in,in,8ilv,6pys,inactive,active,inactive_to_active
PIK3CA_8ilv_6pys,test,PIK3CA,6pys,8ilv,890,971,in,out-like,in,in,6pys,8ilv,active,inactive,active_to_inactive
PIK3CA_6nct_8ow2,test,PIK3CA,8ow2,6nct,895,1039,in,out-like,in,in,6nct,8ow2,inactive,active,inactive_to_active
PIK3CA_6nct_8ow2,test,PIK3CA,8ow2,6nct,895,1039,in,out-like,in,in,8ow2,6nct,active,inactive,active_to_inactive
PIK3CA_5sxe_5sxd,test,PIK3CA,5sxd,5sxe,1051,1048,in,out-like,in,in,5sxe,5sxd,inactive,active,inactive_to_active
PIK3CA_5sxe_5sxd,test,PIK3CA,5sxd,5sxe,1051,1048,in,out-like,in,in,5sxd,5sxe,active,inactive,active_to_inactive
PIK3CA_8ilv_5sxi,test,PIK3CA,5sxi,8ilv,1042,971,in,out-like,in,in,8ilv,5sxi,inactive,active,inactive_to_active
PIK3CA_8ilv_5sxi,test,PIK3CA,5sxi,8ilv,1042,971,in,out-like,in,in,5sxi,8ilv,active,inactive,active_to_inactive
PIK3CA_6nct_4ovu,test,PIK3CA,4ovu,6nct,1044,1039,in,out-like,in,in,6nct,4ovu,inactive,active,inactive_to_active
PIK3CA_6nct_4ovu,test,PIK3CA,4ovu,6nct,1044,1039,in,out-like,in,in,4ovu,6nct,active,inactive,active_to_inactive
PIK3CA_5sxe_5swo,test,PIK3CA,5swo,5sxe,1051,1048,in,out-like,in,in,5sxe,5swo,inactive,active,inactive_to_active
PIK3CA_5sxe_5swo,test,PIK3CA,5swo,5sxe,1051,1048,in,out-like,in,in,5swo,5sxe,active,inactive,active_to_inactive
PIK3CA_8ilv_8tsa,test,PIK3CA,8tsa,8ilv,1005,971,in,out-like,in,in,8ilv,8tsa,inactive,active,inactive_to_active
PIK3CA_8ilv_8tsa,test,PIK3CA,8tsa,8ilv,1005,971,in,out-like,in,in,8tsa,8ilv,active,inactive,active_to_inactive
PIK3CA_6nct_5swp,test,PIK3CA,5swp,6nct,1060,1039,in,out-like,in,in,6nct,5swp,inactive,active,inactive_to_active
PIK3CA_6nct_5swp,test,PIK3CA,5swp,6nct,1060,1039,in,out-like,in,in,5swp,6nct,active,inactive,active_to_inactive
PIK3CA_5sxe_8tdu,test,PIK3CA,8tdu,5sxe,1021,1048,in,out-like,in,in,5sxe,8tdu,inactive,active,inactive_to_active
PIK3CA_5sxe_8tdu,test,PIK3CA,8tdu,5sxe,1021,1048,in,out-like,in,in,8tdu,5sxe,active,inactive,active_to_inactive
PIK3CA_8ilv_4tuu,test,PIK3CA,4tuu,8ilv,879,971,in,out-like,in,in,8ilv,4tuu,inactive,active,inactive_to_active
PIK3CA_8ilv_4tuu,test,PIK3CA,4tuu,8ilv,879,971,in,out-like,in,in,4tuu,8ilv,active,inactive,active_to_inactive
PIK3CA_6nct_7k6n,test,PIK3CA,7k6n,6nct,875,1039,in,out-like,in,in,6nct,7k6n,inactive,active,inactive_to_active
PIK3CA_6nct_7k6n,test,PIK3CA,7k6n,6nct,875,1039,in,out-like,in,in,7k6n,6nct,active,inactive,active_to_inactive
PIK3CA_5sxe_7tz7,test,PIK3CA,7tz7,5sxe,988,1048,in,out-like,in,in,5sxe,7tz7,inactive,active,inactive_to_active
PIK3CA_5sxe_7tz7,test,PIK3CA,7tz7,5sxe,988,1048,in,out-like,in,in,7tz7,5sxe,active,inactive,active_to_inactive
PIK3CA_8ilv_5fi4,test,PIK3CA,5fi4,8ilv,1009,971,in,out-like,in,in,8ilv,5fi4,inactive,active,inactive_to_active
PIK3CA_8ilv_5fi4,test,PIK3CA,5fi4,8ilv,1009,971,in,out-like,in,in,5fi4,8ilv,active,inactive,active_to_inactive
PIK3CA_6nct_7pg6,test,PIK3CA,7pg6,6nct,1026,1039,in,out-like,in,in,6nct,7pg6,inactive,active,inactive_to_active
PIK3CA_6nct_7pg6,test,PIK3CA,7pg6,6nct,1026,1039,in,out-like,in,in,7pg6,6nct,active,inactive,active_to_inactive
PIK3CA_5sxe_4l23,test,PIK3CA,4l23,5sxe,1014,1048,in,out-like,in,in,5sxe,4l23,inactive,active,inactive_to_active
PIK3CA_5sxe_4l23,test,PIK3CA,4l23,5sxe,1014,1048,in,out-like,in,in,4l23,5sxe,active,inactive,active_to_inactive
PIK3CA_8ilv_8exv,test,PIK3CA,8exv,8ilv,895,971,in,out-like,in,in,8ilv,8exv,inactive,active,inactive_to_active
PIK3CA_8ilv_8exv,test,PIK3CA,8exv,8ilv,895,971,in,out-like,in,in,8exv,8ilv,active,inactive,active_to_inactive
PIK3CA_6nct_7pg5,test,PIK3CA,7pg5,6nct,1028,1039,in,out-like,in,in,6nct,7pg5,inactive,active,inactive_to_active
PIK3CA_6nct_7pg5,test,PIK3CA,7pg5,6nct,1028,1039,in,out-like,in,in,7pg5,6nct,active,inactive,active_to_inactive
PIK3CA_5sxe_8ts8,test,PIK3CA,8ts8,5sxe,992,1048,in,out-like,in,in,5sxe,8ts8,inactive,active,inactive_to_active
PIK3CA_5sxe_8ts8,test,PIK3CA,8ts8,5sxe,992,1048,in,out-like,in,in,8ts8,5sxe,active,inactive,active_to_inactive
PIK3CA_8ilv_4zop,test,PIK3CA,4zop,8ilv,1000,971,in,out-like,in,in,8ilv,4zop,inactive,active,inactive_to_active
PIK3CA_8ilv_4zop,test,PIK3CA,4zop,8ilv,1000,971,in,out-like,in,in,4zop,8ilv,active,inactive,active_to_inactive
PIK3CA_6nct_6gvf,test,PIK3CA,6gvf,6nct,910,1039,in,out-like,in,in,6nct,6gvf,inactive,active,inactive_to_active
PIK3CA_6nct_6gvf,test,PIK3CA,6gvf,6nct,910,1039,in,out-like,in,in,6gvf,6nct,active,inactive,active_to_inactive
PIK3CA_5sxe_8bfu,test,PIK3CA,8bfu,5sxe,880,1048,in,out-like,in,in,5sxe,8bfu,inactive,active,inactive_to_active
PIK3CA_5sxe_8bfu,test,PIK3CA,8bfu,5sxe,880,1048,in,out-like,in,in,8bfu,5sxe,active,inactive,active_to_inactive
PIK3CA_8ilv_8v8v,test,PIK3CA,8v8v,8ilv,1012,971,in,out-like,in,in,8ilv,8v8v,inactive,active,inactive_to_active
PIK3CA_8ilv_8v8v,test,PIK3CA,8v8v,8ilv,1012,971,in,out-like,in,in,8v8v,8ilv,active,inactive,active_to_inactive
PIK3CA_6nct_8dd4,test,PIK3CA,8dd4,6nct,981,1039,in,out-like,in,in,6nct,8dd4,inactive,active,inactive_to_active
PIK3CA_6nct_8dd4,test,PIK3CA,8dd4,6nct,981,1039,in,out-like,in,in,8dd4,6nct,active,inactive,active_to_inactive
PIK3CA_5sxe_8dd8,test,PIK3CA,8dd8,5sxe,1011,1048,in,out-like,in,in,5sxe,8dd8,inactive,active,inactive_to_active
PIK3CA_5sxe_8dd8,test,PIK3CA,8dd8,5sxe,1011,1048,in,out-like,in,in,8dd8,5sxe,active,inactive,active_to_inactive
PIK3CA_8ilv_5uk8,test,PIK3CA,5uk8,8ilv,1008,971,in,out-like,in,in,8ilv,5uk8,inactive,active,inactive_to_active
PIK3CA_8ilv_5uk8,test,PIK3CA,5uk8,8ilv,1008,971,in,out-like,in,in,5uk8,8ilv,active,inactive,active_to_inactive
PIK3CA_6nct_5swr,test,PIK3CA,5swr,6nct,1053,1039,in,out-like,in,in,6nct,5swr,inactive,active,inactive_to_active
PIK3CA_6nct_5swr,test,PIK3CA,5swr,6nct,1053,1039,in,out-like,in,in,5swr,6nct,active,inactive,active_to_inactive
PIK3CA_5sxe_5xgh,test,PIK3CA,5xgh,5sxe,993,1048,in,out-like,in,in,5sxe,5xgh,inactive,active,inactive_to_active
PIK3CA_5sxe_5xgh,test,PIK3CA,5xgh,5sxe,993,1048,in,out-like,in,in,5xgh,5sxe,active,inactive,active_to_inactive
PIK3CA_8ilv_5xgi,test,PIK3CA,5xgi,8ilv,1013,971,in,out-like,in,in,8ilv,5xgi,inactive,active,inactive_to_active
PIK3CA_8ilv_5xgi,test,PIK3CA,5xgi,8ilv,1013,971,in,out-like,in,in,5xgi,8ilv,active,inactive,active_to_inactive
PIK3CA_6nct_5itd,test,PIK3CA,5itd,6nct,995,1039,in,out-like,in,in,6nct,5itd,inactive,active,inactive_to_active
PIK3CA_6nct_5itd,test,PIK3CA,5itd,6nct,995,1039,in,out-like,in,in,5itd,6nct,active,inactive,active_to_inactive
PIK3CA_5sxe_8gud,test,PIK3CA,8gud,5sxe,835,1048,in,out-like,in,in,5sxe,8gud,inactive,active,inactive_to_active
PIK3CA_5sxe_8gud,test,PIK3CA,8gud,5sxe,835,1048,in,out-like,in,in,8gud,5sxe,active,inactive,active_to_inactive
PIK3CA_8ilv_4l1b,test,PIK3CA,4l1b,8ilv,994,971,in,out-like,in,in,8ilv,4l1b,inactive,active,inactive_to_active
PIK3CA_8ilv_4l1b,test,PIK3CA,4l1b,8ilv,994,971,in,out-like,in,in,4l1b,8ilv,active,inactive,active_to_inactive
PIK3CA_6nct_5swt,test,PIK3CA,5swt,6nct,1059,1039,in,out-like,in,in,6nct,5swt,inactive,active,inactive_to_active
PIK3CA_6nct_5swt,test,PIK3CA,5swt,6nct,1059,1039,in,out-like,in,in,5swt,6nct,active,inactive,active_to_inactive
PIK3CA_5sxe_4l2y,test,PIK3CA,4l2y,5sxe,991,1048,in,out-like,in,in,5sxe,4l2y,inactive,active,inactive_to_active
PIK3CA_5sxe_4l2y,test,PIK3CA,4l2y,5sxe,991,1048,in,out-like,in,in,4l2y,5sxe,active,inactive,active_to_inactive
PIK3CA_8ilv_5sxk,test,PIK3CA,5sxk,8ilv,1054,971,in,out-like,in,in,8ilv,5sxk,inactive,active,inactive_to_active
PIK3CA_8ilv_5sxk,test,PIK3CA,5sxk,8ilv,1054,971,in,out-like,in,in,5sxk,8ilv,active,inactive,active_to_inactive
PIK3CA_6nct_8v8h,test,PIK3CA,8v8h,6nct,1020,1039,in,out-like,in,in,6nct,8v8h,inactive,active,inactive_to_active
PIK3CA_6nct_8v8h,test,PIK3CA,8v8h,6nct,1020,1039,in,out-like,in,in,8v8h,6nct,active,inactive,active_to_inactive
PIK3CA_5sxe_6oac,test,PIK3CA,6oac,5sxe,847,1048,in,out-like,in,in,5sxe,6oac,inactive,active,inactive_to_active
PIK3CA_5sxe_6oac,test,PIK3CA,6oac,5sxe,847,1048,in,out-like,in,in,6oac,5sxe,active,inactive,active_to_inactive
PIK3CA_8ilv_3hiz,test,PIK3CA,3hiz,8ilv,1024,971,in,out-like,in,in,8ilv,3hiz,inactive,active,inactive_to_active
PIK3CA_8ilv_3hiz,test,PIK3CA,3hiz,8ilv,1024,971,in,out-like,in,in,3hiz,8ilv,active,inactive,active_to_inactive
PIK3CA_6nct_7k6o,test,PIK3CA,7k6o,6nct,852,1039,in,out-like,in,in,6nct,7k6o,inactive,active,inactive_to_active
PIK3CA_6nct_7k6o,test,PIK3CA,7k6o,6nct,852,1039,in,out-like,in,in,7k6o,6nct,active,inactive,active_to_inactive
PIK3CA_5sxe_5sxj,test,PIK3CA,5sxj,5sxe,1042,1048,in,out-like,in,in,5sxe,5sxj,inactive,active,inactive_to_active
PIK3CA_5sxe_5sxj,test,PIK3CA,5sxj,5sxe,1042,1048,in,out-like,in,in,5sxj,5sxe,active,inactive,active_to_inactive
PIK3CA_8ilv_6gvh,test,PIK3CA,6gvh,8ilv,913,971,in,out-like,in,in,8ilv,6gvh,inactive,active,inactive_to_active
PIK3CA_8ilv_6gvh,test,PIK3CA,6gvh,8ilv,913,971,in,out-like,in,in,6gvh,8ilv,active,inactive,active_to_inactive
PIK3CA_6nct_6gvi,test,PIK3CA,6gvi,6nct,910,1039,in,out-like,in,in,6nct,6gvi,inactive,active,inactive_to_active
PIK3CA_6nct_6gvi,test,PIK3CA,6gvi,6nct,910,1039,in,out-like,in,in,6gvi,6nct,active,inactive,active_to_inactive
PIK3CA_5sxe_4waf,test,PIK3CA,4waf,5sxe,1017,1048,in,out-like,in,in,5sxe,4waf,inactive,active,inactive_to_active
PIK3CA_5sxe_4waf,test,PIK3CA,4waf,5sxe,1017,1048,in,out-like,in,in,4waf,5sxe,active,inactive,active_to_inactive
PIK3CA_8ilv_7jiu,test,PIK3CA,7jiu,8ilv,900,971,in,out-like,in,in,8ilv,7jiu,inactive,active,inactive_to_active
PIK3CA_8ilv_7jiu,test,PIK3CA,7jiu,8ilv,900,971,in,out-like,in,in,7jiu,8ilv,active,inactive,active_to_inactive
PIK3CA_6nct_8v8j,test,PIK3CA,8v8j,6nct,1017,1039,in,out-like,in,in,6nct,8v8j,inactive,active,inactive_to_active
PIK3CA_6nct_8v8j,test,PIK3CA,8v8j,6nct,1017,1039,in,out-like,in,in,8v8j,6nct,active,inactive,active_to_inactive
PIK3CA_5sxe_4ykn,test,PIK3CA,4ykn,5sxe,1205,1048,in,out-like,in,in,5sxe,4ykn,inactive,active,inactive_to_active
PIK3CA_5sxe_4ykn,test,PIK3CA,4ykn,5sxe,1205,1048,in,out-like,in,in,4ykn,5sxe,active,inactive,active_to_inactive
PIK3CA_8ilv_8ilr,test,PIK3CA,8ilr,8ilv,977,971,in,out-like,in,in,8ilv,8ilr,inactive,active,inactive_to_active
PIK3CA_8ilv_8ilr,test,PIK3CA,8ilr,8ilv,977,971,in,out-like,in,in,8ilr,8ilv,active,inactive,active_to_inactive
PIK3CA_6nct_8v8i,test,PIK3CA,8v8i,6nct,990,1039,in,out-like,in,in,6nct,8v8i,inactive,active,inactive_to_active
PIK3CA_6nct_8v8i,test,PIK3CA,8v8i,6nct,990,1039,in,out-like,in,in,8v8i,6nct,active,inactive,active_to_inactive
PIK3CA_5sxe_5sw8,test,PIK3CA,5sw8,5sxe,1031,1048,in,out-like,in,in,5sxe,5sw8,inactive,active,inactive_to_active
PIK3CA_5sxe_5sw8,test,PIK3CA,5sw8,5sxe,1031,1048,in,out-like,in,in,5sw8,5sxe,active,inactive,active_to_inactive
PIK3CA_8ilv_8sbj,test,PIK3CA,8sbj,8ilv,986,971,in,out-like,in,in,8ilv,8sbj,inactive,active,inactive_to_active
PIK3CA_8ilv_8sbj,test,PIK3CA,8sbj,8ilv,986,971,in,out-like,in,in,8sbj,8ilv,active,inactive,active_to_inactive
PIK3CA_6nct_6gvg,test,PIK3CA,6gvg,6nct,910,1039,in,out-like,in,in,6nct,6gvg,inactive,active,inactive_to_active
PIK3CA_6nct_6gvg,test,PIK3CA,6gvg,6nct,910,1039,in,out-like,in,in,6gvg,6nct,active,inactive,active_to_inactive
PIK3CA_5sxe_8w9a,test,PIK3CA,8w9a,5sxe,969,1048,in,out-like,in,in,5sxe,8w9a,inactive,active,inactive_to_active
PIK3CA_5sxe_8w9a,test,PIK3CA,8w9a,5sxe,969,1048,in,out-like,in,in,8w9a,5sxe,active,inactive,active_to_inactive
PIK3CA_8ilv_5swg,test,PIK3CA,5swg,8ilv,1042,971,in,out-like,in,in,8ilv,5swg,inactive,active,inactive_to_active
PIK3CA_8ilv_5swg,test,PIK3CA,5swg,8ilv,1042,971,in,out-like,in,in,5swg,8ilv,active,inactive,active_to_inactive
PIK3CA_6nct_2rd0,test,PIK3CA,2rd0,6nct,997,1039,in,out-like,in,in,6nct,2rd0,inactive,active,inactive_to_active
PIK3CA_6nct_2rd0,test,PIK3CA,2rd0,6nct,997,1039,in,out-like,in,in,2rd0,6nct,active,inactive,active_to_inactive
PIK3CA_5sxe_5ubr,test,PIK3CA,5ubr,5sxe,887,1048,in,out-like,in,in,5sxe,5ubr,inactive,active,inactive_to_active
PIK3CA_5sxe_5ubr,test,PIK3CA,5ubr,5sxe,887,1048,in,out-like,in,in,5ubr,5sxe,active,inactive,active_to_inactive
PIK3CA_8ilv_8w9b,test,PIK3CA,8w9b,8ilv,966,971,in,out-like,in,in,8ilv,8w9b,inactive,active,inactive_to_active
PIK3CA_8ilv_8w9b,test,PIK3CA,8w9b,8ilv,966,971,in,out-like,in,in,8w9b,8ilv,active,inactive,active_to_inactive
PIK3CA_6nct_7r9v,test,PIK3CA,7r9v,6nct,855,1039,in,out-like,in,in,6nct,7r9v,inactive,active,inactive_to_active
PIK3CA_6nct_7r9v,test,PIK3CA,7r9v,6nct,855,1039,in,out-like,in,in,7r9v,6nct,active,inactive,active_to_inactive
PIK3CA_5sxe_5sxb,test,PIK3CA,5sxb,5sxe,1058,1048,in,out-like,in,in,5sxe,5sxb,inactive,active,inactive_to_active
PIK3CA_5sxe_5sxb,test,PIK3CA,5sxb,5sxe,1058,1048,in,out-like,in,in,5sxb,5sxe,active,inactive,active_to_inactive
PIK3CA_8ilv_7mlk,test,PIK3CA,7mlk,8ilv,888,971,in,out-like,in,in,8ilv,7mlk,inactive,active,inactive_to_active
PIK3CA_8ilv_7mlk,test,PIK3CA,7mlk,8ilv,888,971,in,out-like,in,in,7mlk,8ilv,active,inactive,active_to_inactive
PIK3CA_6nct_8exu,test,PIK3CA,8exu,6nct,898,1039,in,out-like,in,in,6nct,8exu,inactive,active,inactive_to_active
PIK3CA_6nct_8exu,test,PIK3CA,8exu,6nct,898,1039,in,out-like,in,in,8exu,6nct,active,inactive,active_to_inactive
PIK3CA_5sxe_8ts9,test,PIK3CA,8ts9,5sxe,1004,1048,in,out-like,in,in,5sxe,8ts9,inactive,active,inactive_to_active
PIK3CA_5sxe_8ts9,test,PIK3CA,8ts9,5sxe,1004,1048,in,out-like,in,in,8ts9,5sxe,active,inactive,active_to_inactive
PIK3CA_8ilv_5sx8,test,PIK3CA,5sx8,8ilv,1053,971,in,out-like,in,in,8ilv,5sx8,inactive,active,inactive_to_active
PIK3CA_8ilv_5sx8,test,PIK3CA,5sx8,8ilv,1053,971,in,out-like,in,in,5sx8,8ilv,active,inactive,active_to_inactive
PIK3CA_6nct_8gua,test,PIK3CA,8gua,6nct,855,1039,in,out-like,in,in,6nct,8gua,inactive,active,inactive_to_active
PIK3CA_6nct_8gua,test,PIK3CA,8gua,6nct,855,1039,in,out-like,in,in,8gua,6nct,active,inactive,active_to_inactive
PIK3CA_5sxe_8v8u,test,PIK3CA,8v8u,5sxe,1054,1048,in,out-like,in,in,5sxe,8v8u,inactive,active,inactive_to_active
PIK3CA_5sxe_8v8u,test,PIK3CA,8v8u,5sxe,1054,1048,in,out-like,in,in,8v8u,5sxe,active,inactive,active_to_inactive
PIK3CA_8ilv_8sbc,test,PIK3CA,8sbc,8ilv,970,971,in,out-like,in,in,8ilv,8sbc,inactive,active,inactive_to_active
PIK3CA_8ilv_8sbc,test,PIK3CA,8sbc,8ilv,970,971,in,out-like,in,in,8sbc,8ilv,active,inactive,active_to_inactive
PIK3CA_6nct_8dcx,test,PIK3CA,8dcx,6nct,930,1039,in,out-like,in,in,6nct,8dcx,inactive,active,inactive_to_active
PIK3CA_6nct_8dcx,test,PIK3CA,8dcx,6nct,930,1039,in,out-like,in,in,8dcx,6nct,active,inactive,active_to_inactive
PIK3CA_5sxe_5sxc,test,PIK3CA,5sxc,5sxe,1040,1048,in,out-like,in,in,5sxe,5sxc,inactive,active,inactive_to_active
PIK3CA_5sxe_5sxc,test,PIK3CA,5sxc,5sxe,1040,1048,in,out-like,in,in,5sxc,5sxe,active,inactive,active_to_inactive
PIK3CA_8ilv_5sxa,test,PIK3CA,5sxa,8ilv,1052,971,in,out-like,in,in,8ilv,5sxa,inactive,active,inactive_to_active
PIK3CA_8ilv_5sxa,test,PIK3CA,5sxa,8ilv,1052,971,in,out-like,in,in,5sxa,8ilv,active,inactive,active_to_inactive
PIK3CA_6nct_4tv3,test,PIK3CA,4tv3,6nct,879,1039,in,out-like,in,in,6nct,4tv3,inactive,active,inactive_to_active
PIK3CA_6nct_4tv3,test,PIK3CA,4tv3,6nct,879,1039,in,out-like,in,in,4tv3,6nct,active,inactive,active_to_inactive
PIK3CA_5sxe_3zim,test,PIK3CA,3zim,5sxe,886,1048,in,out-like,in,in,5sxe,3zim,inactive,active,inactive_to_active
PIK3CA_5sxe_3zim,test,PIK3CA,3zim,5sxe,886,1048,in,out-like,in,in,3zim,5sxe,active,inactive,active_to_inactive
PIK3CA_8ilv_4jps,test,PIK3CA,4jps,8ilv,999,971,in,out-like,in,in,8ilv,4jps,inactive,active,inactive_to_active
PIK3CA_8ilv_4jps,test,PIK3CA,4jps,8ilv,999,971,in,out-like,in,in,4jps,8ilv,active,inactive,active_to_inactive
PIK3CA_6nct_7myo,test,PIK3CA,7myo,6nct,286,1039,in,out-like,na,in,6nct,7myo,inactive,active,inactive_to_active
PIK3CA_6nct_7myo,test,PIK3CA,7myo,6nct,286,1039,in,out-like,na,in,7myo,6nct,active,inactive,active_to_inactive
PIK3CA_5sxe_8ils,test,PIK3CA,8ils,5sxe,977,1048,in,out-like,in,in,5sxe,8ils,inactive,active,inactive_to_active
PIK3CA_5sxe_8ils,test,PIK3CA,8ils,5sxe,977,1048,in,out-like,in,in,8ils,5sxe,active,inactive,active_to_inactive
ABL1_6xrg_2f4j,train,ABL1,2f4j,6xrg,287,287,in,out,in,in,6xrg,2f4j,inactive,active,inactive_to_active
ABL1_6xrg_2f4j,train,ABL1,2f4j,6xrg,287,287,in,out,in,in,2f4j,6xrg,active,inactive,active_to_inactive
ABL1_2hyy_2hz4,train,ABL1,2hz4,2hyy,262,265,in,out,in,in,2hyy,2hz4,inactive,active,inactive_to_active
ABL1_2hyy_2hz4,train,ABL1,2hz4,2hyy,262,265,in,out,in,in,2hz4,2hyy,active,inactive,active_to_inactive
ABL1_2hzi_4twp,train,ABL1,4twp,2hzi,266,264,in,out-like,in,in,2hzi,4twp,inactive,active,inactive_to_active
ABL1_2hzi_4twp,train,ABL1,4twp,2hzi,266,264,in,out-like,in,in,4twp,2hzi,active,inactive,active_to_inactive
ABL1_3pyy_2v7a,train,ABL1,2v7a,3pyy,270,257,in,out,in,in,3pyy,2v7a,inactive,active,inactive_to_active
ABL1_3pyy_2v7a,train,ABL1,2v7a,3pyy,270,257,in,out,in,in,2v7a,3pyy,active,inactive,active_to_inactive
ABL1_4yc8_6xr6,train,ABL1,6xr6,4yc8,287,264,in,out-like,in,in,4yc8,6xr6,inactive,active,inactive_to_active
ABL1_4yc8_6xr6,train,ABL1,6xr6,4yc8,287,264,in,out-like,in,in,6xr6,4yc8,active,inactive,active_to_inactive
ABL1_5mo4_2gqg,train,ABL1,2gqg,5mo4,277,429,in,out,in,in,5mo4,2gqg,inactive,active,inactive_to_active
ABL1_5mo4_2gqg,train,ABL1,2gqg,5mo4,277,429,in,out,in,in,2gqg,5mo4,active,inactive,active_to_inactive
ABL1_2hiw_2g2i,train,ABL1,2g2i,2hiw,271,274,in,out,in,in,2hiw,2g2i,inactive,active,inactive_to_active
ABL1_2hiw_2g2i,train,ABL1,2g2i,2hiw,271,274,in,out,in,in,2g2i,2hiw,active,inactive,active_to_inactive
ABL1_7n9g_2f4j,train,ABL1,2f4j,7n9g,287,250,in,out-like,in,in,7n9g,2f4j,inactive,active,inactive_to_active
ABL1_7n9g_2f4j,train,ABL1,2f4j,7n9g,287,250,in,out-like,in,in,2f4j,7n9g,active,inactive,active_to_inactive
ABL1_8h7h_2hz4,train,ABL1,2hz4,8h7h,262,269,in,out-like,in,in,8h7h,2hz4,inactive,active,inactive_to_active
ABL1_8h7h_2hz4,train,ABL1,2hz4,8h7h,262,269,in,out-like,in,in,2hz4,8h7h,active,inactive,active_to_inactive
ABL1_3cs9_4twp,train,ABL1,4twp,3cs9,266,247,in,out,in,in,3cs9,4twp,inactive,active,inactive_to_active
ABL1_3cs9_4twp,train,ABL1,4twp,3cs9,266,247,in,out,in,in,4twp,3cs9,active,inactive,active_to_inactive
ABL1_1opl_2v7a,train,ABL1,2v7a,1opl,270,365,in,out-like,in,in,1opl,2v7a,inactive,active,inactive_to_active
ABL1_1opl_2v7a,train,ABL1,2v7a,1opl,270,365,in,out-like,in,in,2v7a,1opl,active,inactive,active_to_inactive
ABL1_7dt2_6xr6,train,ABL1,6xr6,7dt2,287,265,in,out-like,in,in,7dt2,6xr6,inactive,active,inactive_to_active
ABL1_7dt2_6xr6,train,ABL1,6xr6,7dt2,287,265,in,out-like,in,in,6xr6,7dt2,active,inactive,active_to_inactive
ABL1_8h7f_2gqg,train,ABL1,2gqg,8h7f,277,267,in,out-like,in,in,8h7f,2gqg,inactive,active,inactive_to_active
ABL1_8h7f_2gqg,train,ABL1,2gqg,8h7f,277,267,in,out-like,in,in,2gqg,8h7f,active,inactive,active_to_inactive
ABL1_2hz0_2g2i,train,ABL1,2g2i,2hz0,271,243,in,out,in,in,2hz0,2g2i,inactive,active,inactive_to_active
ABL1_2hz0_2g2i,train,ABL1,2g2i,2hz0,271,243,in,out,in,in,2g2i,2hz0,active,inactive,active_to_inactive
ABL1_4xey_2f4j,train,ABL1,2f4j,4xey,287,359,in,out-like,in,in,4xey,2f4j,inactive,active,inactive_to_active
ABL1_4xey_2f4j,train,ABL1,2f4j,4xey,287,359,in,out-like,in,in,2f4j,4xey,active,inactive,active_to_inactive
ABL1_3qri_2hz4,train,ABL1,2hz4,3qri,262,262,in,out,in,in,3qri,2hz4,inactive,active,inactive_to_active
ABL1_3qri_2hz4,train,ABL1,2hz4,3qri,262,262,in,out,in,in,2hz4,3qri,active,inactive,active_to_inactive
ABL1_8ssn_4twp,train,ABL1,4twp,8ssn,266,420,in,in,in,out,8ssn,4twp,inactive,active,inactive_to_active
ABL1_8ssn_4twp,train,ABL1,4twp,8ssn,266,420,in,in,in,out,4twp,8ssn,active,inactive,active_to_inactive
ABL1_4zog_2v7a,train,ABL1,2v7a,4zog,270,268,in,out-like,in,in,4zog,2v7a,inactive,active,inactive_to_active
ABL1_4zog_2v7a,train,ABL1,2v7a,4zog,270,268,in,out-like,in,in,2v7a,4zog,active,inactive,active_to_inactive
ABL1_3qrj_6xr6,train,ABL1,6xr6,3qrj,287,258,in,out,in,in,3qrj,6xr6,inactive,active,inactive_to_active
ABL1_3qrj_6xr6,train,ABL1,6xr6,3qrj,287,258,in,out,in,in,6xr6,3qrj,active,inactive,active_to_inactive
ABL1_2g2h_2gqg,train,ABL1,2gqg,2g2h,277,272,in,out-like,in,in,2g2h,2gqg,inactive,active,inactive_to_active
ABL1_2g2h_2gqg,train,ABL1,2gqg,2g2h,277,272,in,out-like,in,in,2gqg,2g2h,active,inactive,active_to_inactive
ABL1_5hu9_2g2i,train,ABL1,2g2i,5hu9,271,267,in,out,in,in,5hu9,2g2i,inactive,active,inactive_to_active
ABL1_5hu9_2g2i,train,ABL1,2g2i,5hu9,271,267,in,out,in,in,2g2i,5hu9,active,inactive,active_to_inactive
ABL1_2g1t_2f4j,train,ABL1,2f4j,2g1t,287,277,in,in,in,out,2g1t,2f4j,inactive,active,inactive_to_active
ABL1_2g1t_2f4j,train,ABL1,2f4j,2g1t,287,277,in,in,in,out,2f4j,2g1t,active,inactive,active_to_inactive
ABL1_2e2b_2hz4,train,ABL1,2hz4,2e2b,262,270,in,out,in,in,2e2b,2hz4,inactive,active,inactive_to_active
ABL1_2e2b_2hz4,train,ABL1,2hz4,2e2b,262,270,in,out,in,in,2hz4,2e2b,active,inactive,active_to_inactive
ABL1_6npu_4twp,train,ABL1,4twp,6npu,266,257,in,out,in,in,6npu,4twp,inactive,active,inactive_to_active
ABL1_6npu_4twp,train,ABL1,4twp,6npu,266,257,in,out,in,in,4twp,6npu,active,inactive,active_to_inactive
ABL1_2fo0_2v7a,train,ABL1,2v7a,2fo0,270,466,in,out-like,in,in,2fo0,2v7a,inactive,active,inactive_to_active
ABL1_2fo0_2v7a,train,ABL1,2v7a,2fo0,270,466,in,out-like,in,in,2v7a,2fo0,active,inactive,active_to_inactive
ABL1_3ue4_6xr6,train,ABL1,6xr6,3ue4,287,268,in,out-like,in,in,3ue4,6xr6,inactive,active,inactive_to_active
ABL1_3ue4_6xr6,train,ABL1,6xr6,3ue4,287,268,in,out-like,in,in,6xr6,3ue4,active,inactive,active_to_inactive
ABL1_4wa9_2gqg,train,ABL1,2gqg,4wa9,277,276,in,out-like,in,na,4wa9,2gqg,inactive,active,inactive_to_active
ABL1_4wa9_2gqg,train,ABL1,2gqg,4wa9,277,276,in,out-like,in,na,2gqg,4wa9,active,inactive,active_to_inactive
ABL1_2g2f_2g2i,train,ABL1,2g2i,2g2f,271,275,in,out-like,in,in,2g2f,2g2i,inactive,active,inactive_to_active
ABL1_2g2f_2g2i,train,ABL1,2g2i,2g2f,271,275,in,out-like,in,in,2g2i,2g2f,active,inactive,active_to_inactive
ABL1_6npe_2f4j,train,ABL1,2f4j,6npe,287,256,in,out,in,in,6npe,2f4j,inactive,active,inactive_to_active
ABL1_6npe_2f4j,train,ABL1,2f4j,6npe,287,256,in,out,in,in,2f4j,6npe,active,inactive,active_to_inactive
ABL1_6npv_2hz4,train,ABL1,2hz4,6npv,262,264,in,out,in,in,6npv,2hz4,inactive,active,inactive_to_active
ABL1_6npv_2hz4,train,ABL1,2hz4,6npv,262,264,in,out,in,in,2hz4,6npv,active,inactive,active_to_inactive
ABL1_7cc2_4twp,train,ABL1,4twp,7cc2,266,263,in,out-like,in,in,7cc2,4twp,inactive,active,inactive_to_active
ABL1_7cc2_4twp,train,ABL1,4twp,7cc2,266,263,in,out-like,in,in,4twp,7cc2,active,inactive,active_to_inactive
ABL1_6xrg_2v7a,train,ABL1,2v7a,6xrg,270,287,in,out,in,in,6xrg,2v7a,inactive,active,inactive_to_active
ABL1_6xrg_2v7a,train,ABL1,2v7a,6xrg,270,287,in,out,in,in,2v7a,6xrg,active,inactive,active_to_inactive
ABL1_2hyy_6xr6,train,ABL1,6xr6,2hyy,287,265,in,out,in,in,2hyy,6xr6,inactive,active,inactive_to_active
ABL1_2hyy_6xr6,train,ABL1,6xr6,2hyy,287,265,in,out,in,in,6xr6,2hyy,active,inactive,active_to_inactive
ABL1_2hzi_2gqg,train,ABL1,2gqg,2hzi,277,264,in,out-like,in,in,2hzi,2gqg,inactive,active,inactive_to_active
ABL1_2hzi_2gqg,train,ABL1,2gqg,2hzi,277,264,in,out-like,in,in,2gqg,2hzi,active,inactive,active_to_inactive
ABL1_3pyy_2g2i,train,ABL1,2g2i,3pyy,271,257,in,out,in,in,3pyy,2g2i,inactive,active,inactive_to_active
ABL1_3pyy_2g2i,train,ABL1,2g2i,3pyy,271,257,in,out,in,in,2g2i,3pyy,active,inactive,active_to_inactive
AKT1_5kcv_4ekl,train,AKT1,4ekl,5kcv,330,353,in,out,in,na,5kcv,4ekl,inactive,active,inactive_to_active
AKT1_5kcv_4ekl,train,AKT1,4ekl,5kcv,330,353,in,out,in,na,4ekl,5kcv,active,inactive,active_to_inactive
AKT1_8uw2_3mvh,train,AKT1,3mvh,8uw2,312,392,in,out,in,na,8uw2,3mvh,inactive,active,inactive_to_active
AKT1_8uw2_3mvh,train,AKT1,3mvh,8uw2,312,392,in,out,in,na,3mvh,8uw2,active,inactive,active_to_inactive
AKT1_7nh5_6c0i,train,AKT1,6c0i,7nh5,319,383,in,out,in,na,7nh5,6c0i,inactive,active,inactive_to_active
AKT1_7nh5_6c0i,train,AKT1,6c0i,7nh5,319,383,in,out,in,na,6c0i,7nh5,active,inactive,active_to_inactive
AKT1_6hhi_6ccy,train,AKT1,6ccy,6hhi,326,389,in,out,in,na,6hhi,6ccy,inactive,active,inactive_to_active
AKT1_6hhi_6ccy,train,AKT1,6ccy,6hhi,326,389,in,out,in,na,6ccy,6hhi,active,inactive,active_to_inactive
AKT1_6s9w_4ekk,train,AKT1,4ekk,6s9w,319,411,in,out,in,out,6s9w,4ekk,inactive,active,inactive_to_active
AKT1_6s9w_4ekk,train,AKT1,4ekk,6s9w,319,411,in,out,in,out,4ekk,6s9w,active,inactive,active_to_inactive
AKT1_7apj_6npz,train,AKT1,6npz,7apj,323,385,in,out,in,na,7apj,6npz,inactive,active,inactive_to_active
AKT1_7apj_6npz,train,AKT1,6npz,7apj,323,385,in,out,in,na,6npz,7apj,active,inactive,active_to_inactive
AKT1_7nh4_3qkk,train,AKT1,3qkk,7nh4,327,383,in,out,in,na,7nh4,3qkk,inactive,active,inactive_to_active
AKT1_7nh4_3qkk,train,AKT1,3qkk,7nh4,327,383,in,out,in,na,3qkk,7nh4,active,inactive,active_to_inactive
AKT1_6hhf_3cqw,train,AKT1,3cqw,6hhf,319,366,in,out,in,na,6hhf,3cqw,inactive,active,inactive_to_active
AKT1_6hhf_3cqw,train,AKT1,3cqw,6hhf,319,366,in,out,in,na,3cqw,6hhf,active,inactive,active_to_inactive
AKT1_6hhg_3mv5,train,AKT1,3mv5,6hhg,316,386,in,out,in,na,6hhg,3mv5,inactive,active,inactive_to_active
AKT1_6hhg_3mv5,train,AKT1,3mv5,6hhg,316,386,in,out,in,na,3mv5,6hhg,active,inactive,active_to_inactive
AKT1_8uvy_3qkm,train,AKT1,3qkm,8uvy,330,396,in,out,in,na,8uvy,3qkm,inactive,active,inactive_to_active
AKT1_8uvy_3qkm,train,AKT1,3qkm,8uvy,330,396,in,out,in,na,3qkm,8uvy,active,inactive,active_to_inactive
AKT1_4ejn_3ocb,train,AKT1,3ocb,4ejn,320,376,in,out,in,na,4ejn,3ocb,inactive,active,inactive_to_active
AKT1_4ejn_3ocb,train,AKT1,3ocb,4ejn,320,376,in,out,in,na,3ocb,4ejn,active,inactive,active_to_inactive
AKT1_8uw7_6buu,train,AKT1,6buu,8uw7,323,399,in,out,in,out,8uw7,6buu,inactive,active,inactive_to_active
AKT1_8uw7_6buu,train,AKT1,6buu,8uw7,323,399,in,out,in,out,6buu,8uw7,active,inactive,active_to_inactive
AKT1_6hhj_4gv1,train,AKT1,4gv1,6hhj,330,410,in,out,in,out,6hhj,4gv1,inactive,active,inactive_to_active
AKT1_6hhj_4gv1,train,AKT1,4gv1,6hhj,330,410,in,out,in,out,4gv1,6hhj,active,inactive,active_to_inactive
AKT1_8uw9_3cqu,train,AKT1,3cqu,8uw9,319,388,in,out,in,na,8uw9,3cqu,inactive,active,inactive_to_active
AKT1_8uw9_3cqu,train,AKT1,3cqu,8uw9,319,388,in,out,in,na,3cqu,8uw9,active,inactive,active_to_inactive
AKT1_6s9x_3qkl,train,AKT1,3qkl,6s9x,318,382,in,out,in,na,6s9x,3qkl,inactive,active,inactive_to_active
AKT1_6s9x_3qkl,train,AKT1,3qkl,6s9x,318,382,in,out,in,na,3qkl,6s9x,active,inactive,active_to_inactive
AKT1_3o96_3ow4,train,AKT1,3ow4,3o96,318,367,in,out,in,na,3o96,3ow4,inactive,active,inactive_to_active
AKT1_3o96_3ow4,train,AKT1,3ow4,3o96,318,367,in,out,in,na,3ow4,3o96,active,inactive,active_to_inactive
ALK_4fny_5imx,train,ALK,5imx,4fny,266,273,in,out,in,in,4fny,5imx,inactive,active,inactive_to_active
ALK_4fny_5imx,train,ALK,5imx,4fny,266,273,in,out,in,in,5imx,4fny,active,inactive,active_to_inactive
ALK_5iug_3lcs,train,ALK,3lcs,5iug,304,285,in,out,in,in,5iug,3lcs,inactive,active,inactive_to_active
ALK_5iug_3lcs,train,ALK,3lcs,5iug,304,285,in,out,in,in,3lcs,5iug,active,inactive,active_to_inactive
ALK_5iuh_5aac,train,ALK,5aac,5iuh,292,285,in,out,in,in,5iuh,5aac,inactive,active,inactive_to_active
ALK_5iuh_5aac,train,ALK,5aac,5iuh,292,285,in,out,in,in,5aac,5iuh,active,inactive,active_to_inactive
ALK_4fny_5j7h,train,ALK,5j7h,4fny,291,273,in,out,in,in,4fny,5j7h,inactive,active,inactive_to_active
ALK_4fny_5j7h,train,ALK,5j7h,4fny,291,273,in,out,in,in,5j7h,4fny,active,inactive,active_to_inactive
ALK_5iug_2yjr,train,ALK,2yjr,5iug,278,285,in,out,in,in,5iug,2yjr,inactive,active,inactive_to_active
ALK_5iug_2yjr,train,ALK,2yjr,5iug,278,285,in,out,in,in,2yjr,5iug,active,inactive,active_to_inactive
ALK_5iuh_5iui,train,ALK,5iui,5iuh,303,285,in,out,in,in,5iuh,5iui,inactive,active,inactive_to_active
ALK_5iuh_5iui,train,ALK,5iui,5iuh,303,285,in,out,in,in,5iui,5iuh,active,inactive,active_to_inactive
ALK_4fny_2yjs,train,ALK,2yjs,4fny,286,273,in,out,in,in,4fny,2yjs,inactive,active,inactive_to_active
ALK_4fny_2yjs,train,ALK,2yjs,4fny,286,273,in,out,in,in,2yjs,4fny,active,inactive,active_to_inactive
ALK_5iug_4anl,train,ALK,4anl,5iug,292,285,in,out,in,in,5iug,4anl,inactive,active,inactive_to_active
ALK_5iug_4anl,train,ALK,4anl,5iug,292,285,in,out,in,in,4anl,5iug,active,inactive,active_to_inactive
ALK_5iuh_5ftq,train,ALK,5ftq,5iuh,293,285,in,out,in,in,5iuh,5ftq,inactive,active,inactive_to_active
ALK_5iuh_5ftq,train,ALK,5ftq,5iuh,293,285,in,out,in,in,5ftq,5iuh,active,inactive,active_to_inactive
ALK_4fny_7jys,train,ALK,7jys,4fny,281,273,in,out,in,in,4fny,7jys,inactive,active,inactive_to_active
ALK_4fny_7jys,train,ALK,7jys,4fny,281,273,in,out,in,in,7jys,4fny,active,inactive,active_to_inactive
ALK_5iug_7jy4,train,ALK,7jy4,5iug,290,285,in,out,in,in,5iug,7jy4,inactive,active,inactive_to_active
ALK_5iug_7jy4,train,ALK,7jy4,5iug,290,285,in,out,in,in,7jy4,5iug,active,inactive,active_to_inactive
ALK_5iuh_2yfx,train,ALK,2yfx,5iuh,292,285,in,out,in,in,5iuh,2yfx,inactive,active,inactive_to_active
ALK_5iuh_2yfx,train,ALK,2yfx,5iuh,292,285,in,out,in,in,2yfx,5iuh,active,inactive,active_to_inactive
ALK_4fny_6edl,train,ALK,6edl,4fny,282,273,in,out,in,in,4fny,6edl,inactive,active,inactive_to_active
ALK_4fny_6edl,train,ALK,6edl,4fny,282,273,in,out,in,in,6edl,4fny,active,inactive,active_to_inactive
ALK_5iug_4fob,train,ALK,4fob,5iug,295,285,in,out,in,in,5iug,4fob,inactive,active,inactive_to_active
ALK_5iug_4fob,train,ALK,4fob,5iug,295,285,in,out,in,in,4fob,5iug,active,inactive,active_to_inactive
ALK_5iuh_5kz0,train,ALK,5kz0,5iuh,293,285,in,out,in,in,5iuh,5kz0,inactive,active,inactive_to_active
ALK_5iuh_5kz0,train,ALK,5kz0,5iuh,293,285,in,out,in,in,5kz0,5iuh,active,inactive,active_to_inactive
ALK_4fny_5aab,train,ALK,5aab,4fny,293,273,in,out,in,in,4fny,5aab,inactive,active,inactive_to_active
ALK_4fny_5aab,train,ALK,5aab,4fny,293,273,in,out,in,in,5aab,4fny,active,inactive,active_to_inactive
ALK_5iug_7btt,train,ALK,7btt,5iug,304,285,in,out,in,in,5iug,7btt,inactive,active,inactive_to_active
ALK_5iug_7btt,train,ALK,7btt,5iug,304,285,in,out,in,in,7btt,5iug,active,inactive,active_to_inactive
ALK_5iuh_6ebw,train,ALK,6ebw,5iuh,277,285,in,out,in,in,5iuh,6ebw,inactive,active,inactive_to_active
ALK_5iuh_6ebw,train,ALK,6ebw,5iuh,277,285,in,out,in,in,6ebw,5iuh,active,inactive,active_to_inactive
ALK_4fny_4joa,train,ALK,4joa,4fny,250,273,in,out,in,in,4fny,4joa,inactive,active,inactive_to_active
ALK_4fny_4joa,train,ALK,4joa,4fny,250,273,in,out,in,in,4joa,4fny,active,inactive,active_to_inactive
ALK_5iug_4ctc,train,ALK,4ctc,5iug,288,285,in,out,in,in,5iug,4ctc,inactive,active,inactive_to_active
ALK_5iug_4ctc,train,ALK,4ctc,5iug,288,285,in,out,in,in,4ctc,5iug,active,inactive,active_to_inactive
ALK_5iuh_4fnw,train,ALK,4fnw,5iuh,304,285,in,out,in,in,5iuh,4fnw,inactive,active,inactive_to_active
ALK_5iuh_4fnw,train,ALK,4fnw,5iuh,304,285,in,out,in,in,4fnw,5iuh,active,inactive,active_to_inactive
ALK_4fny_4fod,train,ALK,4fod,4fny,308,273,in,out,in,in,4fny,4fod,inactive,active,inactive_to_active
ALK_4fny_4fod,train,ALK,4fod,4fny,308,273,in,out,in,in,4fod,4fny,active,inactive,active_to_inactive
ALK_5iug_4cmt,train,ALK,4cmt,5iug,284,285,in,out,in,in,5iug,4cmt,inactive,active,inactive_to_active
ALK_5iug_4cmt,train,ALK,4cmt,5iug,284,285,in,out,in,in,4cmt,5iug,active,inactive,active_to_inactive
ALK_5iuh_4cnh,train,ALK,4cnh,5iuh,285,285,in,out,in,in,5iuh,4cnh,inactive,active,inactive_to_active
ALK_5iuh_4cnh,train,ALK,4cnh,5iuh,285,285,in,out,in,in,4cnh,5iuh,active,inactive,active_to_inactive
ALK_4fny_2xp2,train,ALK,2xp2,4fny,285,273,in,out,in,in,4fny,2xp2,inactive,active,inactive_to_active
ALK_4fny_2xp2,train,ALK,2xp2,4fny,285,273,in,out,in,in,2xp2,4fny,active,inactive,active_to_inactive
ALK_5iug_2xb7,train,ALK,2xb7,5iug,286,285,in,out,in,in,5iug,2xb7,inactive,active,inactive_to_active
ALK_5iug_2xb7,train,ALK,2xb7,5iug,286,285,in,out,in,in,2xb7,5iug,active,inactive,active_to_inactive
ALK_5iuh_5aa8,train,ALK,5aa8,5iuh,292,285,in,out,in,in,5iuh,5aa8,inactive,active,inactive_to_active
ALK_5iuh_5aa8,train,ALK,5aa8,5iuh,292,285,in,out,in,in,5aa8,5iuh,active,inactive,active_to_inactive
ALK_4fny_8arj,train,ALK,8arj,4fny,275,273,in,out,in,in,4fny,8arj,inactive,active,inactive_to_active
ALK_4fny_8arj,train,ALK,8arj,4fny,275,273,in,out,in,in,8arj,4fny,active,inactive,active_to_inactive
ALK_5iug_5a9u,train,ALK,5a9u,5iug,292,285,in,out,in,in,5iug,5a9u,inactive,active,inactive_to_active
ALK_5iug_5a9u,train,ALK,5a9u,5iug,292,285,in,out,in,in,5a9u,5iug,active,inactive,active_to_inactive
ALK_5iuh_4cli,train,ALK,4cli,5iuh,294,285,in,out,in,in,5iuh,4cli,inactive,active,inactive_to_active
ALK_5iuh_4cli,train,ALK,4cli,5iuh,294,285,in,out,in,in,4cli,5iuh,active,inactive,active_to_inactive
ALK_4fny_4clj,train,ALK,4clj,4fny,295,273,in,out,in,in,4fny,4clj,inactive,active,inactive_to_active
ALK_4fny_4clj,train,ALK,4clj,4fny,295,273,in,out,in,in,4clj,4fny,active,inactive,active_to_inactive
ALK_5iug_2xba,train,ALK,2xba,5iug,283,285,in,out,in,in,5iug,2xba,inactive,active,inactive_to_active
ALK_5iug_2xba,train,ALK,2xba,5iug,283,285,in,out,in,in,2xba,5iug,active,inactive,active_to_inactive
ALK_5iuh_4cmu,train,ALK,4cmu,5iuh,294,285,in,out,in,in,5iuh,4cmu,inactive,active,inactive_to_active
ALK_5iuh_4cmu,train,ALK,4cmu,5iuh,294,285,in,out,in,in,4cmu,5iuh,active,inactive,active_to_inactive
ALK_4fny_7r7r,train,ALK,7r7r,4fny,291,273,in,out,in,in,4fny,7r7r,inactive,active,inactive_to_active
ALK_4fny_7r7r,train,ALK,7r7r,4fny,291,273,in,out,in,in,7r7r,4fny,active,inactive,active_to_inactive
ALK_5iug_4ccb,train,ALK,4ccb,5iug,287,285,in,out,in,in,5iug,4ccb,inactive,active,inactive_to_active
ALK_5iug_4ccb,train,ALK,4ccb,5iug,287,285,in,out,in,in,4ccb,5iug,active,inactive,active_to_inactive
ALK_5iuh_4ccu,train,ALK,4ccu,5iuh,292,285,in,out,in,in,5iuh,4ccu,inactive,active,inactive_to_active
ALK_5iuh_4ccu,train,ALK,4ccu,5iuh,292,285,in,out,in,in,4ccu,5iuh,active,inactive,active_to_inactive
ALK_4fny_3aox,train,ALK,3aox,4fny,298,273,in,out,in,in,4fny,3aox,inactive,active,inactive_to_active
ALK_4fny_3aox,train,ALK,3aox,4fny,298,273,in,out,in,in,3aox,4fny,active,inactive,active_to_inactive
ALK_5iug_5aaa,train,ALK,5aaa,5iug,294,285,in,out,in,in,5iug,5aaa,inactive,active,inactive_to_active
ALK_5iug_5aaa,train,ALK,5aaa,5iug,294,285,in,out,in,in,5aaa,5iug,active,inactive,active_to_inactive
ALK_5iuh_7r7k,train,ALK,7r7k,5iuh,290,285,in,out,in,in,5iuh,7r7k,inactive,active,inactive_to_active
ALK_5iuh_7r7k,train,ALK,7r7k,5iuh,290,285,in,out,in,in,7r7k,5iuh,active,inactive,active_to_inactive
ALK_4fny_4fnz,train,ALK,4fnz,4fny,287,273,in,out,in,in,4fny,4fnz,inactive,active,inactive_to_active
ALK_4fny_4fnz,train,ALK,4fnz,4fny,287,273,in,out,in,in,4fnz,4fny,active,inactive,active_to_inactive
ALK_5iug_4ctb,train,ALK,4ctb,5iug,292,285,in,out,in,in,5iug,4ctb,inactive,active,inactive_to_active
ALK_5iug_4ctb,train,ALK,4ctb,5iug,292,285,in,out,in,in,4ctb,5iug,active,inactive,active_to_inactive
ALK_5iuh_4dce,train,ALK,4dce,5iuh,288,285,in,out,in,in,5iuh,4dce,inactive,active,inactive_to_active
ALK_5iuh_4dce,train,ALK,4dce,5iuh,288,285,in,out,in,in,4dce,5iuh,active,inactive,active_to_inactive
ALK_4fny_4cmo,train,ALK,4cmo,4fny,295,273,in,out,in,in,4fny,4cmo,inactive,active,inactive_to_active
ALK_4fny_4cmo,train,ALK,4cmo,4fny,295,273,in,out,in,in,4cmo,4fny,active,inactive,active_to_inactive
ALK_5iug_4anq,train,ALK,4anq,5iug,293,285,in,out,in,in,5iug,4anq,inactive,active,inactive_to_active
ALK_5iug_4anq,train,ALK,4anq,5iug,293,285,in,out,in,in,4anq,5iug,active,inactive,active_to_inactive
ALK_5iuh_7jyt,train,ALK,7jyt,5iuh,281,285,in,out,in,in,5iuh,7jyt,inactive,active,inactive_to_active
ALK_5iuh_7jyt,train,ALK,7jyt,5iuh,281,285,in,out,in,in,7jyt,5iuh,active,inactive,active_to_inactive
ALK_4fny_4ans,train,ALK,4ans,4fny,293,273,in,out,in,in,4fny,4ans,inactive,active,inactive_to_active
ALK_4fny_4ans,train,ALK,4ans,4fny,293,273,in,out,in,in,4ans,4fny,active,inactive,active_to_inactive
ALK_5iug_4fnx,train,ALK,4fnx,5iug,292,285,in,out,in,in,5iug,4fnx,inactive,active,inactive_to_active
ALK_5iug_4fnx,train,ALK,4fnx,5iug,292,285,in,out,in,in,4fnx,5iug,active,inactive,active_to_inactive
ALK_5iuh_5aa9,train,ALK,5aa9,5iuh,295,285,in,out,in,in,5iuh,5aa9,inactive,active,inactive_to_active
ALK_5iuh_5aa9,train,ALK,5aa9,5iuh,295,285,in,out,in,in,5aa9,5iuh,active,inactive,active_to_inactive
ALK_4fny_4mkc,train,ALK,4mkc,4fny,303,273,in,out,in,in,4fny,4mkc,inactive,active,inactive_to_active
ALK_4fny_4mkc,train,ALK,4mkc,4fny,303,273,in,out,in,in,4mkc,4fny,active,inactive,active_to_inactive
ALK_5iug_4cd0,train,ALK,4cd0,5iug,295,285,in,out,in,in,5iug,4cd0,inactive,active,inactive_to_active
ALK_5iug_4cd0,train,ALK,4cd0,5iug,295,285,in,out,in,in,4cd0,5iug,active,inactive,active_to_inactive
ALK_5iuh_3lct,train,ALK,3lct,5iuh,308,285,in,out,in,in,5iuh,3lct,inactive,active,inactive_to_active
ALK_5iuh_3lct,train,ALK,3lct,5iuh,308,285,in,out,in,in,3lct,5iuh,active,inactive,active_to_inactive
ALK_4fny_4z55,train,ALK,4z55,4fny,294,273,in,out,in,in,4fny,4z55,inactive,active,inactive_to_active
ALK_4fny_4z55,train,ALK,4z55,4fny,294,273,in,out,in,in,4z55,4fny,active,inactive,active_to_inactive
ALK_5iug_4foc,train,ALK,4foc,5iug,296,285,in,out,in,in,5iug,4foc,inactive,active,inactive_to_active
ALK_5iug_4foc,train,ALK,4foc,5iug,296,285,in,out,in,in,4foc,5iug,active,inactive,active_to_inactive
ALK_5iuh_5fto,train,ALK,5fto,5iuh,298,285,in,out,in,in,5iuh,5fto,inactive,active,inactive_to_active
ALK_5iuh_5fto,train,ALK,5fto,5iuh,298,285,in,out,in,in,5fto,5iuh,active,inactive,active_to_inactive
ALK_4fny_7jyr,train,ALK,7jyr,4fny,287,273,in,out,in,in,4fny,7jyr,inactive,active,inactive_to_active
ALK_4fny_7jyr,train,ALK,7jyr,4fny,287,273,in,out,in,in,7jyr,4fny,active,inactive,active_to_inactive
ALK_5iug_3l9p,train,ALK,3l9p,5iug,303,285,in,out,in,in,5iug,3l9p,inactive,active,inactive_to_active
ALK_5iug_3l9p,train,ALK,3l9p,5iug,303,285,in,out,in,in,3l9p,5iug,active,inactive,active_to_inactive
ALK_5iuh_6e0r,train,ALK,6e0r,5iuh,279,285,in,out,in,in,5iuh,6e0r,inactive,active,inactive_to_active
ALK_5iuh_6e0r,train,ALK,6e0r,5iuh,279,285,in,out,in,in,6e0r,5iuh,active,inactive,active_to_inactive
ALK_4fny_4tt7,train,ALK,4tt7,4fny,291,273,in,out,in,in,4fny,4tt7,inactive,active,inactive_to_active
ALK_4fny_4tt7,train,ALK,4tt7,4fny,291,273,in,out,in,in,4tt7,4fny,active,inactive,active_to_inactive
ALK_5iug_6cdt,train,ALK,6cdt,5iug,292,285,in,out,in,in,5iug,6cdt,inactive,active,inactive_to_active
ALK_5iug_6cdt,train,ALK,6cdt,5iug,292,285,in,out,in,in,6cdt,5iug,active,inactive,active_to_inactive
ALK_5iuh_2yhv,train,ALK,2yhv,5iuh,291,285,in,out,in,in,5iuh,2yhv,inactive,active,inactive_to_active
ALK_5iuh_2yhv,train,ALK,2yhv,5iuh,291,285,in,out,in,in,2yhv,5iuh,active,inactive,active_to_inactive
ALK_4fny_6mx8,train,ALK,6mx8,4fny,282,273,in,out,in,in,4fny,6mx8,inactive,active,inactive_to_active
ALK_4fny_6mx8,train,ALK,6mx8,4fny,282,273,in,out,in,in,6mx8,4fny,active,inactive,active_to_inactive
BRAF_7mfe_3ppk,train,BRAF,3ppk,7mfe,264,409,in,in,in,out,7mfe,3ppk,inactive,active,inactive_to_active
BRAF_7mfe_3ppk,train,BRAF,3ppk,7mfe,264,409,in,in,in,out,3ppk,7mfe,active,inactive,active_to_inactive
BRAF_5val_3psd,train,BRAF,3psd,5val,262,254,in,out,in,in,5val,3psd,inactive,active,inactive_to_active
BRAF_5val_3psd,train,BRAF,3psd,5val,262,254,in,out,in,in,3psd,5val,active,inactive,active_to_inactive
BRAF_8f7p_3prf,train,BRAF,3prf,8f7p,262,255,in,out,in,in,8f7p,3prf,inactive,active,inactive_to_active
BRAF_8f7p_3prf,train,BRAF,3prf,8f7p,262,255,in,out,in,in,3prf,8f7p,active,inactive,active_to_inactive
BRAF_6u2g_4e26,train,BRAF,4e26,6u2g,270,264,in,in,in,out,6u2g,4e26,inactive,active,inactive_to_active
BRAF_6u2g_4e26,train,BRAF,4e26,6u2g,270,264,in,in,in,out,4e26,6u2g,active,inactive,active_to_inactive
BRAF_4g9c_3q4c,train,BRAF,3q4c,4g9c,264,264,in,out,in,in,4g9c,3q4c,inactive,active,inactive_to_active
BRAF_4g9c_3q4c,train,BRAF,3q4c,4g9c,264,264,in,out,in,in,3q4c,4g9c,active,inactive,active_to_inactive
BRAF_4fc0_3ppj,train,BRAF,3ppj,4fc0,262,254,in,out,in,in,4fc0,3ppj,inactive,active,inactive_to_active
BRAF_4fc0_3ppj,train,BRAF,3ppj,4fc0,262,254,in,out,in,in,3ppj,4fc0,active,inactive,active_to_inactive
BRAF_7m0x_3pri,train,BRAF,3pri,7m0x,264,276,in,in,in,out,7m0x,3pri,inactive,active,inactive_to_active
BRAF_7m0x_3pri,train,BRAF,3pri,7m0x,264,276,in,in,in,out,3pri,7m0x,active,inactive,active_to_inactive
BRAF_6xlo_3psb,train,BRAF,3psb,6xlo,264,258,in,out,in,in,6xlo,3psb,inactive,active,inactive_to_active
BRAF_6xlo_3psb,train,BRAF,3psb,6xlo,264,258,in,out,in,in,3psb,6xlo,active,inactive,active_to_inactive
BRAF_3ii5_4yht,train,BRAF,4yht,3ii5,258,257,in,out,in,in,3ii5,4yht,inactive,active,inactive_to_active
BRAF_3ii5_4yht,train,BRAF,4yht,3ii5,258,257,in,out,in,in,4yht,3ii5,active,inactive,active_to_inactive
BRAF_4xv2_3d4q,train,BRAF,3d4q,4xv2,264,249,in,in,in,out,4xv2,3d4q,inactive,active,inactive_to_active
BRAF_4xv2_3d4q,train,BRAF,3d4q,4xv2,264,249,in,in,in,out,3d4q,4xv2,active,inactive,active_to_inactive
BRAF_3tv6_6q0t,train,BRAF,6q0t,3tv6,280,276,in,in,in,out,3tv6,6q0t,inactive,active,inactive_to_active
BRAF_3tv6_6q0t,train,BRAF,6q0t,3tv6,280,276,in,in,in,out,6q0t,3tv6,active,inactive,active_to_inactive
BRAF_6nyb_4mne,train,BRAF,4mne,6nyb,258,350,in,in,in,out,6nyb,4mne,inactive,active,inactive_to_active
BRAF_6nyb_4mne,train,BRAF,4mne,6nyb,258,350,in,in,in,out,4mne,6nyb,active,inactive,active_to_inactive
BRAF_6cad_2fb8,train,BRAF,2fb8,6cad,259,248,in,out,in,in,6cad,2fb8,inactive,active,inactive_to_active
BRAF_6cad_2fb8,train,BRAF,2fb8,6cad,259,248,in,out,in,in,2fb8,6cad,active,inactive,active_to_inactive
BRAF_6p3d_7shv,train,BRAF,7shv,6p3d,261,264,in,out,in,in,6p3d,7shv,inactive,active,inactive_to_active
BRAF_6p3d_7shv,train,BRAF,7shv,6p3d,261,264,in,out,in,in,7shv,6p3d,active,inactive,active_to_inactive
BRAF_7m0y_6u2h,train,BRAF,6u2h,7m0y,283,275,in,in,in,out,7m0y,6u2h,inactive,active,inactive_to_active
BRAF_7m0y_6u2h,train,BRAF,6u2h,7m0y,283,275,in,in,in,out,6u2h,7m0y,active,inactive,active_to_inactive
BRAF_8dgt_6q0k,train,BRAF,6q0k,8dgt,281,431,in,in,in,out,8dgt,6q0k,inactive,active,inactive_to_active
BRAF_8dgt_6q0k,train,BRAF,6q0k,8dgt,281,431,in,in,in,out,6q0k,8dgt,active,inactive,active_to_inactive
BRAF_5fd2_6xag,train,BRAF,6xag,5fd2,276,264,in,in,in,out,5fd2,6xag,inactive,active,inactive_to_active
BRAF_5fd2_6xag,train,BRAF,6xag,5fd2,276,264,in,in,in,out,6xag,5fd2,active,inactive,active_to_inactive
BRAF_4r5y_6q0j,train,BRAF,6q0j,4r5y,281,253,in,out,in,in,4r5y,6q0j,inactive,active,inactive_to_active
BRAF_4r5y_6q0j,train,BRAF,6q0j,4r5y,281,253,in,out,in,in,6q0j,4r5y,active,inactive,active_to_inactive
BRAF_5vam_4mnf,train,BRAF,4mnf,5vam,257,269,in,out,in,in,5vam,4mnf,inactive,active,inactive_to_active
BRAF_5vam_4mnf,train,BRAF,4mnf,5vam,257,269,in,out,in,in,4mnf,5vam,active,inactive,active_to_inactive
BRAF_6n0q_3ppk,train,BRAF,3ppk,6n0q,264,257,in,out,in,in,6n0q,3ppk,inactive,active,inactive_to_active
BRAF_6n0q_3ppk,train,BRAF,3ppk,6n0q,264,257,in,out,in,in,3ppk,6n0q,active,inactive,active_to_inactive
BRAF_3tv4_3psd,train,BRAF,3psd,3tv4,262,276,in,in,in,out,3tv4,3psd,inactive,active,inactive_to_active
BRAF_3tv4_3psd,train,BRAF,3psd,3tv4,262,276,in,in,in,out,3psd,3tv4,active,inactive,active_to_inactive
BRAF_7m0t_3prf,train,BRAF,3prf,7m0t,262,274,in,in,in,out,7m0t,3prf,inactive,active,inactive_to_active
BRAF_7m0t_3prf,train,BRAF,3prf,7m0t,262,274,in,in,in,out,3prf,7m0t,active,inactive,active_to_inactive
BRAF_6xfp_4e26,train,BRAF,4e26,6xfp,270,272,in,out,in,in,6xfp,4e26,inactive,active,inactive_to_active
BRAF_6xfp_4e26,train,BRAF,4e26,6xfp,270,272,in,out,in,in,4e26,6xfp,active,inactive,active_to_inactive
BRAF_4ksq_3q4c,train,BRAF,3q4c,4ksq,264,258,in,out,in,in,4ksq,3q4c,inactive,active,inactive_to_active
BRAF_4ksq_3q4c,train,BRAF,3q4c,4ksq,264,258,in,out,in,in,3q4c,4ksq,active,inactive,active_to_inactive
BRAF_5c9c_3ppj,train,BRAF,3ppj,5c9c,262,251,in,out,in,in,5c9c,3ppj,inactive,active,inactive_to_active
BRAF_5c9c_3ppj,train,BRAF,3ppj,5c9c,262,251,in,out,in,in,3ppj,5c9c,active,inactive,active_to_inactive
BRAF_3q96_3pri,train,BRAF,3pri,3q96,264,262,in,out,in,in,3q96,3pri,inactive,active,inactive_to_active
BRAF_3q96_3pri,train,BRAF,3pri,3q96,264,262,in,out,in,in,3pri,3q96,active,inactive,active_to_inactive
BRAF_6p7g_3psb,train,BRAF,3psb,6p7g,264,254,in,out,in,in,6p7g,3psb,inactive,active,inactive_to_active
BRAF_6p7g_3psb,train,BRAF,3psb,6p7g,264,254,in,out,in,in,3psb,6p7g,active,inactive,active_to_inactive
BRAF_3c4c_4yht,train,BRAF,4yht,3c4c,258,258,in,out-like,in,in,3c4c,4yht,inactive,active,inactive_to_active
BRAF_3c4c_4yht,train,BRAF,4yht,3c4c,258,258,in,out-like,in,in,4yht,3c4c,active,inactive,active_to_inactive
BRAF_8f7o_3d4q,train,BRAF,3d4q,8f7o,264,263,in,out,in,in,8f7o,3d4q,inactive,active,inactive_to_active
BRAF_8f7o_3d4q,train,BRAF,3d4q,8f7o,264,263,in,out,in,in,3d4q,8f7o,active,inactive,active_to_inactive
BRAF_7mfd_6q0t,train,BRAF,6q0t,7mfd,280,410,in,in,in,out,7mfd,6q0t,inactive,active,inactive_to_active
BRAF_7mfd_6q0t,train,BRAF,6q0t,7mfd,280,410,in,in,in,out,6q0t,7mfd,active,inactive,active_to_inactive
BRAF_6v2y_4mne,train,BRAF,4mne,6v2y,258,275,in,in,in,out,6v2y,4mne,inactive,active,inactive_to_active
BRAF_6v2y_4mne,train,BRAF,4mne,6v2y,258,275,in,in,in,out,4mne,6v2y,active,inactive,active_to_inactive
BRAF_9bfb_2fb8,train,BRAF,2fb8,9bfb,259,272,in,in,in,out,9bfb,2fb8,inactive,active,inactive_to_active
BRAF_9bfb_2fb8,train,BRAF,2fb8,9bfb,259,272,in,in,in,out,2fb8,9bfb,active,inactive,active_to_inactive
BRAF_5jsm_7shv,train,BRAF,7shv,5jsm,261,265,in,in,in,out,5jsm,7shv,inactive,active,inactive_to_active
BRAF_5jsm_7shv,train,BRAF,7shv,5jsm,261,265,in,in,in,out,7shv,5jsm,active,inactive,active_to_inactive
BRAF_5ita_6u2h,train,BRAF,6u2h,5ita,283,252,in,in,in,out,5ita,6u2h,inactive,active,inactive_to_active
BRAF_5ita_6u2h,train,BRAF,6u2h,5ita,283,252,in,in,in,out,6u2h,5ita,active,inactive,active_to_inactive
BRAF_4mbj_6q0k,train,BRAF,6q0k,4mbj,281,269,in,in,in,out,4mbj,6q0k,inactive,active,inactive_to_active
BRAF_4mbj_6q0k,train,BRAF,6q0k,4mbj,281,269,in,in,in,out,6q0k,4mbj,active,inactive,active_to_inactive
BRAF_5jt2_6xag,train,BRAF,6xag,5jt2,276,234,in,in,in,out,5jt2,6xag,inactive,active,inactive_to_active
BRAF_5jt2_6xag,train,BRAF,6xag,5jt2,276,234,in,in,in,out,6xag,5jt2,active,inactive,active_to_inactive
BRAF_5hid_6q0j,train,BRAF,6q0j,5hid,281,257,in,out,in,in,5hid,6q0j,inactive,active,inactive_to_active
BRAF_5hid_6q0j,train,BRAF,6q0j,5hid,281,257,in,out,in,in,6q0j,5hid,active,inactive,active_to_inactive
BRAF_5jrq_4mnf,train,BRAF,4mnf,5jrq,257,258,in,in,in,out,5jrq,4mnf,inactive,active,inactive_to_active
BRAF_5jrq_4mnf,train,BRAF,4mnf,5jrq,257,258,in,in,in,out,4mnf,5jrq,active,inactive,active_to_inactive
BRAF_4ehg_3ppk,train,BRAF,3ppk,4ehg,264,260,in,in,in,out,4ehg,3ppk,inactive,active,inactive_to_active
BRAF_4ehg_3ppk,train,BRAF,3ppk,4ehg,264,260,in,in,in,out,3ppk,4ehg,active,inactive,active_to_inactive
BRAF_7k0v_3psd,train,BRAF,3psd,7k0v,262,262,in,out,in,in,7k0v,3psd,inactive,active,inactive_to_active
BRAF_7k0v_3psd,train,BRAF,3psd,7k0v,262,262,in,out,in,in,3psd,7k0v,active,inactive,active_to_inactive
BRAF_7m0z_3prf,train,BRAF,3prf,7m0z,262,273,in,in,in,out,7m0z,3prf,inactive,active,inactive_to_active
BRAF_7m0z_3prf,train,BRAF,3prf,7m0z,262,273,in,in,in,out,3prf,7m0z,active,inactive,active_to_inactive
BRAF_7p3v_4e26,train,BRAF,4e26,7p3v,270,258,in,in,in,out,7p3v,4e26,inactive,active,inactive_to_active
BRAF_7p3v_4e26,train,BRAF,4e26,7p3v,270,258,in,in,in,out,4e26,7p3v,active,inactive,active_to_inactive
BRAF_8c7x_3q4c,train,BRAF,3q4c,8c7x,264,274,in,out,in,out,8c7x,3q4c,inactive,active,inactive_to_active
BRAF_8c7x_3q4c,train,BRAF,3q4c,8c7x,264,274,in,out,in,out,3q4c,8c7x,active,inactive,active_to_inactive
BRAF_6b8u_3ppj,train,BRAF,3ppj,6b8u,262,253,in,out,in,out,6b8u,3ppj,inactive,active,inactive_to_active
BRAF_6b8u_3ppj,train,BRAF,3ppj,6b8u,262,253,in,out,in,out,3ppj,6b8u,active,inactive,active_to_inactive
BRAF_8dgs_3pri,train,BRAF,3pri,8dgs,264,427,in,in,in,out,8dgs,3pri,inactive,active,inactive_to_active
BRAF_8dgs_3pri,train,BRAF,3pri,8dgs,264,427,in,in,in,out,3pri,8dgs,active,inactive,active_to_inactive
BRAF_6nsq_3psb,train,BRAF,3psb,6nsq,264,253,in,out,in,in,6nsq,3psb,inactive,active,inactive_to_active
BRAF_6nsq_3psb,train,BRAF,3psb,6nsq,264,253,in,out,in,in,3psb,6nsq,active,inactive,active_to_inactive
BRAF_6n0p_4yht,train,BRAF,4yht,6n0p,258,268,in,out,in,in,6n0p,4yht,inactive,active,inactive_to_active
BRAF_6n0p_4yht,train,BRAF,4yht,6n0p,258,268,in,out,in,in,4yht,6n0p,active,inactive,active_to_inactive
BRAF_6v34_3d4q,train,BRAF,3d4q,6v34,264,247,in,out,in,in,6v34,3d4q,inactive,active,inactive_to_active
BRAF_6v34_3d4q,train,BRAF,3d4q,6v34,264,247,in,out,in,in,3d4q,6v34,active,inactive,active_to_inactive
BRAF_4ksp_6q0t,train,BRAF,6q0t,4ksp,280,256,in,out,in,in,4ksp,6q0t,inactive,active,inactive_to_active
BRAF_4ksp_6q0t,train,BRAF,6q0t,4ksp,280,256,in,out,in,in,6q0t,4ksp,active,inactive,active_to_inactive
BRAF_5csw_4mne,train,BRAF,4mne,5csw,258,254,in,in,in,out,5csw,4mne,inactive,active,inactive_to_active
BRAF_5csw_4mne,train,BRAF,4mne,5csw,258,254,in,in,in,out,4mne,5csw,active,inactive,active_to_inactive
BRAF_6uuo_2fb8,train,BRAF,2fb8,6uuo,259,254,in,in,in,out,6uuo,2fb8,inactive,active,inactive_to_active
BRAF_6uuo_2fb8,train,BRAF,2fb8,6uuo,259,254,in,in,in,out,2fb8,6uuo,active,inactive,active_to_inactive
BRAF_6pp9_7shv,train,BRAF,7shv,6pp9,261,276,in,in,in,out,6pp9,7shv,inactive,active,inactive_to_active
BRAF_6pp9_7shv,train,BRAF,7shv,6pp9,261,276,in,in,in,out,7shv,6pp9,active,inactive,active_to_inactive
BRAF_4g9r_6u2h,train,BRAF,6u2h,4g9r,283,262,in,out,in,in,4g9r,6u2h,inactive,active,inactive_to_active
BRAF_4g9r_6u2h,train,BRAF,6u2h,4g9r,283,262,in,out,in,in,6u2h,4g9r,active,inactive,active_to_inactive
BRAF_6v30_6q0k,train,BRAF,6q0k,6v30,281,274,in,in,in,out,6v30,6q0k,inactive,active,inactive_to_active
BRAF_6v30_6q0k,train,BRAF,6q0k,6v30,281,274,in,in,in,out,6q0k,6v30,active,inactive,active_to_inactive
BRAF_1uwh_6xag,train,BRAF,6xag,1uwh,276,264,in,out,in,in,1uwh,6xag,inactive,active,inactive_to_active
BRAF_1uwh_6xag,train,BRAF,6xag,1uwh,276,264,in,out,in,in,6xag,1uwh,active,inactive,active_to_inactive
BRAF_4rzw_6q0j,train,BRAF,6q0j,4rzw,281,252,in,out,in,out,4rzw,6q0j,inactive,active,inactive_to_active
BRAF_4rzw_6q0j,train,BRAF,6q0j,4rzw,281,252,in,out,in,out,6q0j,4rzw,active,inactive,active_to_inactive
BRAF_4dbn_4mnf,train,BRAF,4mnf,4dbn,257,263,in,out,in,in,4dbn,4mnf,inactive,active,inactive_to_active
BRAF_4dbn_4mnf,train,BRAF,4mnf,4dbn,257,263,in,out,in,in,4mnf,4dbn,active,inactive,active_to_inactive
BRAF_8qqg_3ppk,train,BRAF,3ppk,8qqg,264,269,in,out,in,in,8qqg,3ppk,inactive,active,inactive_to_active
BRAF_8qqg_3ppk,train,BRAF,3ppk,8qqg,264,269,in,out,in,in,3ppk,8qqg,active,inactive,active_to_inactive
BRAF_4wo5_3psd,train,BRAF,3psd,4wo5,262,257,in,in,in,out,4wo5,3psd,inactive,active,inactive_to_active
BRAF_4wo5_3psd,train,BRAF,3psd,4wo5,262,257,in,in,in,out,3psd,4wo5,active,inactive,active_to_inactive
BRAF_6v2v_3prf,train,BRAF,3prf,6v2v,262,276,in,in,in,out,6v2v,3prf,inactive,active,inactive_to_active
BRAF_6v2v_3prf,train,BRAF,3prf,6v2v,262,276,in,in,in,out,3prf,6v2v,active,inactive,active_to_inactive
BRAF_4xv9_4e26,train,BRAF,4e26,4xv9,270,261,in,out,in,out,4xv9,4e26,inactive,active,inactive_to_active
BRAF_4xv9_4e26,train,BRAF,4e26,4xv9,270,261,in,out,in,out,4e26,4xv9,active,inactive,active_to_inactive
BRAF_6v31_3q4c,train,BRAF,3q4c,6v31,264,273,in,in,in,out,6v31,3q4c,inactive,active,inactive_to_active
BRAF_6v31_3q4c,train,BRAF,3q4c,6v31,264,273,in,in,in,out,3q4c,6v31,active,inactive,active_to_inactive
BRAF_6v32_3ppj,train,BRAF,3ppj,6v32,262,274,in,in,in,out,6v32,3ppj,inactive,active,inactive_to_active
BRAF_6v32_3ppj,train,BRAF,3ppj,6v32,262,274,in,in,in,out,3ppj,6v32,active,inactive,active_to_inactive
BRAF_6uan_3pri,train,BRAF,3pri,6uan,264,285,in,in,in,out,6uan,3pri,inactive,active,inactive_to_active
BRAF_6uan_3pri,train,BRAF,3pri,6uan,264,285,in,in,in,out,3pri,6uan,active,inactive,active_to_inactive
BRAF_4pp7_3psb,train,BRAF,3psb,4pp7,264,267,in,in,in,out,4pp7,3psb,inactive,active,inactive_to_active
BRAF_4pp7_3psb,train,BRAF,3psb,4pp7,264,267,in,in,in,out,3psb,4pp7,active,inactive,active_to_inactive
BRAF_5csx_4yht,train,BRAF,4yht,5csx,258,261,in,out,in,out,5csx,4yht,inactive,active,inactive_to_active
BRAF_5csx_4yht,train,BRAF,4yht,5csx,258,261,in,out,in,out,4yht,5csx,active,inactive,active_to_inactive
BRAF_4e4x_3d4q,train,BRAF,3d4q,4e4x,264,274,in,in,in,out,4e4x,3d4q,inactive,active,inactive_to_active
BRAF_4e4x_3d4q,train,BRAF,3d4q,4e4x,264,274,in,in,in,out,3d4q,4e4x,active,inactive,active_to_inactive
BRAF_1uwj_6q0t,train,BRAF,6q0t,1uwj,280,263,in,out,in,in,1uwj,6q0t,inactive,active,inactive_to_active
BRAF_1uwj_6q0t,train,BRAF,6q0t,1uwj,280,263,in,out,in,in,6q0t,1uwj,active,inactive,active_to_inactive
BRAF_7m0v_4mne,train,BRAF,4mne,7m0v,258,274,in,in,in,out,7m0v,4mne,inactive,active,inactive_to_active
BRAF_7m0v_4mne,train,BRAF,4mne,7m0v,258,274,in,in,in,out,4mne,7m0v,active,inactive,active_to_inactive
BRAF_3skc_2fb8,train,BRAF,2fb8,3skc,259,276,in,in,in,out,3skc,2fb8,inactive,active,inactive_to_active
BRAF_3skc_2fb8,train,BRAF,2fb8,3skc,259,276,in,in,in,out,2fb8,3skc,active,inactive,active_to_inactive
BRAF_4ehe_7shv,train,BRAF,7shv,4ehe,261,266,in,in,in,out,4ehe,7shv,inactive,active,inactive_to_active
BRAF_4ehe_7shv,train,BRAF,7shv,4ehe,261,266,in,in,in,out,7shv,4ehe,active,inactive,active_to_inactive
BRAF_7m0w_6u2h,train,BRAF,6u2h,7m0w,283,274,in,in,in,out,7m0w,6u2h,inactive,active,inactive_to_active
BRAF_7m0w_6u2h,train,BRAF,6u2h,7m0w,283,274,in,in,in,out,6u2h,7m0w,active,inactive,active_to_inactive
BRAF_6v2w_6q0k,train,BRAF,6q0k,6v2w,281,275,in,in,in,out,6v2w,6q0k,inactive,active,inactive_to_active
BRAF_6v2w_6q0k,train,BRAF,6q0k,6v2w,281,275,in,in,in,out,6q0k,6v2w,active,inactive,active_to_inactive
BRAF_4cqe_6xag,train,BRAF,6xag,4cqe,276,248,in,in,in,out,4cqe,6xag,inactive,active,inactive_to_active
BRAF_4cqe_6xag,train,BRAF,6xag,4cqe,276,248,in,in,in,out,6xag,4cqe,active,inactive,active_to_inactive
BRAF_5ct7_6q0j,train,BRAF,6q0j,5ct7,281,254,in,out,in,in,5ct7,6q0j,inactive,active,inactive_to_active
BRAF_5ct7_6q0j,train,BRAF,6q0j,5ct7,281,254,in,out,in,in,6q0j,5ct7,active,inactive,active_to_inactive
BRAF_6v2z_4mnf,train,BRAF,4mnf,6v2z,257,274,in,in,in,out,6v2z,4mnf,inactive,active,inactive_to_active
BRAF_6v2z_4mnf,train,BRAF,4mnf,6v2z,257,274,in,in,in,out,4mnf,6v2z,active,inactive,active_to_inactive
BRAF_4rzv_3ppk,train,BRAF,3ppk,4rzv,264,261,in,in,in,out,4rzv,3ppk,inactive,active,inactive_to_active
BRAF_4rzv_3ppk,train,BRAF,3ppk,4rzv,264,261,in,in,in,out,3ppk,4rzv,active,inactive,active_to_inactive
BRAF_6v2u_3psd,train,BRAF,3psd,6v2u,262,255,in,in,in,out,6v2u,3psd,inactive,active,inactive_to_active
BRAF_6v2u_3psd,train,BRAF,3psd,6v2u,262,255,in,in,in,out,3psd,6v2u,active,inactive,active_to_inactive
BRAF_4jvg_3prf,train,BRAF,3prf,4jvg,262,259,in,out,in,in,4jvg,3prf,inactive,active,inactive_to_active
BRAF_4jvg_3prf,train,BRAF,3prf,4jvg,262,259,in,out,in,in,3prf,4jvg,active,inactive,active_to_inactive
BRAF_6v2x_4e26,train,BRAF,4e26,6v2x,270,274,in,in,in,out,6v2x,4e26,inactive,active,inactive_to_active
BRAF_6v2x_4e26,train,BRAF,4e26,6v2x,270,274,in,in,in,out,4e26,6v2x,active,inactive,active_to_inactive
BRAF_7m0u_3q4c,train,BRAF,3q4c,7m0u,264,274,in,in,in,out,7m0u,3q4c,inactive,active,inactive_to_active
BRAF_7m0u_3q4c,train,BRAF,3q4c,7m0u,264,274,in,in,in,out,3q4c,7m0u,active,inactive,active_to_inactive
BRAF_7mfe_3ppj,train,BRAF,3ppj,7mfe,262,409,in,in,in,out,7mfe,3ppj,inactive,active,inactive_to_active
BRAF_7mfe_3ppj,train,BRAF,3ppj,7mfe,262,409,in,in,in,out,3ppj,7mfe,active,inactive,active_to_inactive
BRAF_5val_3pri,train,BRAF,3pri,5val,264,254,in,out,in,in,5val,3pri,inactive,active,inactive_to_active
BRAF_5val_3pri,train,BRAF,3pri,5val,264,254,in,out,in,in,3pri,5val,active,inactive,active_to_inactive
BRAF_8f7p_3psb,train,BRAF,3psb,8f7p,264,255,in,out,in,in,8f7p,3psb,inactive,active,inactive_to_active
BRAF_8f7p_3psb,train,BRAF,3psb,8f7p,264,255,in,out,in,in,3psb,8f7p,active,inactive,active_to_inactive
BRAF_6u2g_4yht,train,BRAF,4yht,6u2g,258,264,in,in,in,out,6u2g,4yht,inactive,active,inactive_to_active
BRAF_6u2g_4yht,train,BRAF,4yht,6u2g,258,264,in,in,in,out,4yht,6u2g,active,inactive,active_to_inactive
CDK4_6p8f_7sj3,train,CDK4,7sj3,6p8f,274,262,in,in,in,out,6p8f,7sj3,inactive,active,inactive_to_active
CDK4_6p8f_7sj3,train,CDK4,7sj3,6p8f,274,262,in,in,in,out,7sj3,6p8f,active,inactive,active_to_inactive
CDK4_2w9f_5fwp,train,CDK4,5fwp,2w9f,209,261,in,in,na,out,2w9f,5fwp,inactive,active,inactive_to_active
CDK4_2w9f_5fwp,train,CDK4,5fwp,2w9f,209,261,in,in,na,out,5fwp,2w9f,active,inactive,active_to_inactive
CDK4_5fwm_5fwk,train,CDK4,5fwk,5fwm,209,291,in,out-like,na,out,5fwm,5fwk,inactive,active,inactive_to_active
CDK4_5fwm_5fwk,train,CDK4,5fwk,5fwm,209,291,in,out-like,na,out,5fwk,5fwm,active,inactive,active_to_inactive
CDK4_6p8g_7sj3,train,CDK4,7sj3,6p8g,274,259,in,in,in,out,6p8g,7sj3,inactive,active,inactive_to_active
CDK4_6p8g_7sj3,train,CDK4,7sj3,6p8g,274,259,in,in,in,out,7sj3,6p8g,active,inactive,active_to_inactive
CDK4_3g33_5fwp,train,CDK4,5fwp,3g33,209,291,in,in,na,out,3g33,5fwp,inactive,active,inactive_to_active
CDK4_3g33_5fwp,train,CDK4,5fwp,3g33,209,291,in,in,na,out,5fwp,3g33,active,inactive,active_to_inactive
CDK4_2w9z_5fwk,train,CDK4,5fwk,2w9z,209,287,in,in,na,out,2w9z,5fwk,inactive,active,inactive_to_active
CDK4_2w9z_5fwk,train,CDK4,5fwk,2w9z,209,287,in,in,na,out,5fwk,2w9z,active,inactive,active_to_inactive
CDK4_2w99_7sj3,train,CDK4,7sj3,2w99,274,291,in,in,in,out,2w99,7sj3,inactive,active,inactive_to_active
CDK4_2w99_7sj3,train,CDK4,7sj3,2w99,274,291,in,in,in,out,7sj3,2w99,active,inactive,active_to_inactive
CDK4_5fwl_5fwp,train,CDK4,5fwp,5fwl,209,291,in,in,na,out,5fwl,5fwp,inactive,active,inactive_to_active
CDK4_5fwl_5fwp,train,CDK4,5fwp,5fwl,209,291,in,in,na,out,5fwp,5fwl,active,inactive,active_to_inactive
CDK4_6p8e_5fwk,train,CDK4,5fwk,6p8e,209,260,in,in,na,out,6p8e,5fwk,inactive,active,inactive_to_active
CDK4_6p8e_5fwk,train,CDK4,5fwk,6p8e,209,260,in,in,na,out,5fwk,6p8e,active,inactive,active_to_inactive
CDK4_2w9f_7sj3,train,CDK4,7sj3,2w9f,274,261,in,in,in,out,2w9f,7sj3,inactive,active,inactive_to_active
CDK4_2w9f_7sj3,train,CDK4,7sj3,2w9f,274,261,in,in,in,out,7sj3,2w9f,active,inactive,active_to_inactive
CDK4_5fwm_5fwp,train,CDK4,5fwp,5fwm,209,291,in,out-like,na,out,5fwm,5fwp,inactive,active,inactive_to_active
CDK4_5fwm_5fwp,train,CDK4,5fwp,5fwm,209,291,in,out-like,na,out,5fwp,5fwm,active,inactive,active_to_inactive
CDK6_6oqo_2f2c,train,CDK6,2f2c,6oqo,280,269,in,in,in,out,6oqo,2f2c,inactive,active,inactive_to_active
CDK6_6oqo_2f2c,train,CDK6,2f2c,6oqo,280,269,in,in,in,out,2f2c,6oqo,active,inactive,active_to_inactive
CDK6_8i0m_1xo2,train,CDK6,1xo2,8i0m,289,260,in,in,in,out,8i0m,1xo2,inactive,active,inactive_to_active
CDK6_8i0m_1xo2,train,CDK6,1xo2,8i0m,289,260,in,in,in,out,1xo2,8i0m,active,inactive,active_to_inactive
CDK6_5l2s_1jow,train,CDK6,1jow,5l2s,277,263,in,in,in,out,5l2s,1jow,inactive,active,inactive_to_active
CDK6_5l2s_1jow,train,CDK6,1jow,5l2s,277,263,in,in,in,out,1jow,5l2s,active,inactive,active_to_inactive
CDK6_1bi7_2euf,train,CDK6,2euf,1bi7,282,269,in,out,in,na,1bi7,2euf,inactive,active,inactive_to_active
CDK6_1bi7_2euf,train,CDK6,2euf,1bi7,282,269,in,out,in,na,2euf,1bi7,active,inactive,active_to_inactive
CDK6_4aua_4tth,train,CDK6,4tth,4aua,256,256,in,in,in,out,4aua,4tth,inactive,active,inactive_to_active
CDK6_4aua_4tth,train,CDK6,4tth,4aua,256,256,in,in,in,out,4tth,4aua,active,inactive,active_to_inactive
CDK6_5l2i_2f2c,train,CDK6,2f2c,5l2i,280,260,in,in,in,out,5l2i,2f2c,inactive,active,inactive_to_active
CDK6_5l2i_2f2c,train,CDK6,2f2c,5l2i,280,260,in,in,in,out,2f2c,5l2i,active,inactive,active_to_inactive
CDK6_5l2t_1xo2,train,CDK6,1xo2,5l2t,289,261,in,in,in,out,5l2t,1xo2,inactive,active,inactive_to_active
CDK6_5l2t_1xo2,train,CDK6,1xo2,5l2t,289,261,in,in,in,out,1xo2,5l2t,active,inactive,active_to_inactive
CDK6_4ez5_1jow,train,CDK6,1jow,4ez5,277,258,in,in,in,out,4ez5,1jow,inactive,active,inactive_to_active
CDK6_4ez5_1jow,train,CDK6,1jow,4ez5,277,258,in,in,in,out,1jow,4ez5,active,inactive,active_to_inactive
CDK6_1blx_2euf,train,CDK6,2euf,1blx,282,306,in,in,in,out,1blx,2euf,inactive,active,inactive_to_active
CDK6_1blx_2euf,train,CDK6,2euf,1blx,282,306,in,in,in,out,2euf,1blx,active,inactive,active_to_inactive
CDK6_3nup_4tth,train,CDK6,4tth,3nup,256,252,in,in,in,out,3nup,4tth,inactive,active,inactive_to_active
CDK6_3nup_4tth,train,CDK6,4tth,3nup,256,252,in,in,in,out,4tth,3nup,active,inactive,active_to_inactive
CDK6_1g3n_2f2c,train,CDK6,2f2c,1g3n,280,293,in,out,in,out,1g3n,2f2c,inactive,active,inactive_to_active
CDK6_1g3n_2f2c,train,CDK6,2f2c,1g3n,280,293,in,out,in,out,2f2c,1g3n,active,inactive,active_to_inactive
CDK6_1bi8_1xo2,train,CDK6,1xo2,1bi8,289,264,in,out,in,na,1bi8,1xo2,inactive,active,inactive_to_active
CDK6_1bi8_1xo2,train,CDK6,1xo2,1bi8,289,264,in,out,in,na,1xo2,1bi8,active,inactive,active_to_inactive
CDK6_6oqo_1jow,train,CDK6,1jow,6oqo,277,269,in,in,in,out,6oqo,1jow,inactive,active,inactive_to_active
CDK6_6oqo_1jow,train,CDK6,1jow,6oqo,277,269,in,in,in,out,1jow,6oqo,active,inactive,active_to_inactive
CDK6_8i0m_2euf,train,CDK6,2euf,8i0m,282,260,in,in,in,out,8i0m,2euf,inactive,active,inactive_to_active
CDK6_8i0m_2euf,train,CDK6,2euf,8i0m,282,260,in,in,in,out,2euf,8i0m,active,inactive,active_to_inactive
EGFR_6tfw_5gnk,train,EGFR,5gnk,6tfw,277,266,in,in,in,out,6tfw,5gnk,inactive,active,inactive_to_active
EGFR_6tfw_5gnk,train,EGFR,5gnk,6tfw,277,266,in,in,in,out,5gnk,6tfw,active,inactive,active_to_inactive
EGFR_6tg1_1m17,train,EGFR,1m17,6tg1,312,268,in,in,in,out,6tg1,1m17,inactive,active,inactive_to_active
EGFR_6tg1_1m17,train,EGFR,1m17,6tg1,312,268,in,in,in,out,1m17,6tg1,active,inactive,active_to_inactive
EGFR_8fv3_6vh4,train,EGFR,6vh4,8fv3,295,299,in,in,in,out,8fv3,6vh4,inactive,active,inactive_to_active
EGFR_8fv3_6vh4,train,EGFR,6vh4,8fv3,295,299,in,in,in,out,6vh4,8fv3,active,inactive,active_to_inactive
EGFR_7jxw_5xdk,train,EGFR,5xdk,7jxw,307,288,in,in,in,out,7jxw,5xdk,inactive,active,inactive_to_active
EGFR_7jxw_5xdk,train,EGFR,5xdk,7jxw,307,288,in,in,in,out,5xdk,7jxw,active,inactive,active_to_inactive
EGFR_5x2a_5x28,train,EGFR,5x28,5x2a,310,322,in,in,in,out,5x2a,5x28,inactive,active,inactive_to_active
EGFR_5x2a_5x28,train,EGFR,5x28,5x2a,310,322,in,in,in,out,5x28,5x2a,active,inactive,active_to_inactive
EGFR_3w2r_5hcx,train,EGFR,5hcx,3w2r,298,297,in,in,in,out,3w2r,5hcx,inactive,active,inactive_to_active
EGFR_3w2r_5hcx,train,EGFR,5hcx,3w2r,298,297,in,in,in,out,5hcx,3w2r,active,inactive,active_to_inactive
EGFR_4zjv_7lgs,train,EGFR,7lgs,4zjv,283,282,in,out,in,in,4zjv,7lgs,inactive,active,inactive_to_active
EGFR_4zjv_7lgs,train,EGFR,7lgs,4zjv,283,282,in,out,in,in,7lgs,4zjv,active,inactive,active_to_inactive
EGFR_6p1l_2ity,train,EGFR,2ity,6p1l,300,288,in,in,in,out,6p1l,2ity,inactive,active,inactive_to_active
EGFR_6p1l_2ity,train,EGFR,2ity,6p1l,300,288,in,in,in,out,2ity,6p1l,active,inactive,active_to_inactive
EGFR_4zse_7kxz,train,EGFR,7kxz,4zse,299,297,in,in,in,out,4zse,7kxz,inactive,active,inactive_to_active
EGFR_4zse_7kxz,train,EGFR,7kxz,4zse,299,297,in,in,in,out,7kxz,4zse,active,inactive,active_to_inactive
EGFR_4i1z_6jz0,train,EGFR,6jz0,4i1z,311,287,in,out-like,in,in,4i1z,6jz0,inactive,active,inactive_to_active
EGFR_4i1z_6jz0,train,EGFR,6jz0,4i1z,311,287,in,out-like,in,in,6jz0,4i1z,active,inactive,active_to_inactive
EGFR_2gs7_7zyn,train,EGFR,7zyn,2gs7,317,281,in,in,in,out,2gs7,7zyn,inactive,active,inactive_to_active
EGFR_2gs7_7zyn,train,EGFR,7zyn,2gs7,317,281,in,in,in,out,7zyn,2gs7,active,inactive,active_to_inactive
EGFR_4i21_5j9y,train,EGFR,5j9y,4i21,300,302,in,out-like,in,in,4i21,5j9y,inactive,active,inactive_to_active
EGFR_4i21_5j9y,train,EGFR,5j9y,4i21,300,302,in,out-like,in,in,5j9y,4i21,active,inactive,active_to_inactive
EGFR_3w2s_5czh,train,EGFR,5czh,3w2s,311,307,in,in,in,out,3w2s,5czh,inactive,active,inactive_to_active
EGFR_3w2s_5czh,train,EGFR,5czh,3w2s,311,307,in,in,in,out,5czh,3w2s,active,inactive,active_to_inactive
EGFR_7jxp_5hib,train,EGFR,5hib,7jxp,314,308,in,in,in,out,7jxp,5hib,inactive,active,inactive_to_active
EGFR_7jxp_5hib,train,EGFR,5hib,7jxp,314,308,in,in,in,out,5hib,7jxp,active,inactive,active_to_inactive
EGFR_2rfd_5gtz,train,EGFR,5gtz,2rfd,317,286,in,in,in,out,2rfd,5gtz,inactive,active,inactive_to_active
EGFR_2rfd_5gtz,train,EGFR,5gtz,2rfd,317,286,in,in,in,out,5gtz,2rfd,active,inactive,active_to_inactive
EGFR_7zyq_8hv6,train,EGFR,8hv6,7zyq,307,270,in,in,in,out,7zyq,8hv6,inactive,active,inactive_to_active
EGFR_7zyq_8hv6,train,EGFR,8hv6,7zyq,307,270,in,in,in,out,8hv6,7zyq,active,inactive,active_to_inactive
EGFR_6wxn_5cav,train,EGFR,5cav,6wxn,306,298,in,in,in,out,6wxn,5cav,inactive,active,inactive_to_active
EGFR_6wxn_5cav,train,EGFR,5cav,6wxn,306,298,in,in,in,out,5cav,6wxn,active,inactive,active_to_inactive
EGFR_2jiv_5x2k,train,EGFR,5x2k,2jiv,314,270,in,in,in,out,2jiv,5x2k,inactive,active,inactive_to_active
EGFR_2jiv_5x2k,train,EGFR,5x2k,2jiv,314,270,in,in,in,out,5x2k,2jiv,active,inactive,active_to_inactive
EGFR_7sz5_2j5e,train,EGFR,2j5e,7sz5,310,614,in,in,in,out,7sz5,2j5e,inactive,active,inactive_to_active
EGFR_7sz5_2j5e,train,EGFR,2j5e,7sz5,310,614,in,in,in,out,2j5e,7sz5,active,inactive,active_to_inactive
EGFR_7ky0_6lub,train,EGFR,6lub,7ky0,301,288,in,in,in,out,7ky0,6lub,inactive,active,inactive_to_active
EGFR_7ky0_6lub,train,EGFR,6lub,7ky0,301,288,in,in,in,out,6lub,7ky0,active,inactive,active_to_inactive
EGFR_5ug9_5em5,train,EGFR,5em5,5ug9,298,280,in,out,in,out,5ug9,5em5,inactive,active,inactive_to_active
EGFR_5ug9_5em5,train,EGFR,5em5,5ug9,298,280,in,out,in,out,5em5,5ug9,active,inactive,active_to_inactive
EGFR_7k1h_2itt,train,EGFR,2itt,7k1h,302,291,in,in,in,out,7k1h,2itt,inactive,active,inactive_to_active
EGFR_7k1h_2itt,train,EGFR,2itt,7k1h,302,291,in,in,in,out,2itt,7k1h,active,inactive,active_to_inactive
EGFR_7a6k_5ugb,train,EGFR,5ugb,7a6k,307,266,in,in,in,out,7a6k,5ugb,inactive,active,inactive_to_active
EGFR_7a6k_5ugb,train,EGFR,5ugb,7a6k,307,266,in,in,in,out,5ugb,7a6k,active,inactive,active_to_inactive
EGFR_4hjo_6jrj,train,EGFR,6jrj,4hjo,288,278,in,in,in,out,4hjo,6jrj,inactive,active,inactive_to_active
EGFR_4hjo_6jrj,train,EGFR,6jrj,4hjo,288,278,in,in,in,out,6jrj,4hjo,active,inactive,active_to_inactive
EGFR_5x2f_7zym,train,EGFR,7zym,5x2f,321,312,in,in,in,out,5x2f,7zym,inactive,active,inactive_to_active
EGFR_5x2f_7zym,train,EGFR,7zym,5x2f,321,312,in,in,in,out,7zym,5x2f,active,inactive,active_to_inactive
EGFR_5uwd_7zyp,train,EGFR,7zyp,5uwd,305,271,in,out-like,in,out,5uwd,7zyp,inactive,active,inactive_to_active
EGFR_5uwd_7zyp,train,EGFR,7zyp,5uwd,305,271,in,out-like,in,out,7zyp,5uwd,active,inactive,active_to_inactive
EGFR_5d41_2itq,train,EGFR,2itq,5d41,300,300,in,in,in,out,5d41,2itq,inactive,active,inactive_to_active
EGFR_5d41_2itq,train,EGFR,2itq,5d41,300,300,in,in,in,out,2itq,5d41,active,inactive,active_to_inactive
EGFR_6duk_7tvd,train,EGFR,7tvd,6duk,292,296,in,in,in,out,6duk,7tvd,inactive,active,inactive_to_active
EGFR_6duk_7tvd,train,EGFR,7tvd,6duk,292,296,in,in,in,out,7tvd,6duk,active,inactive,active_to_inactive
EGFR_7a6j_8h7x,train,EGFR,8h7x,7a6j,299,270,in,in,in,out,7a6j,8h7x,inactive,active,inactive_to_active
EGFR_7a6j_8h7x,train,EGFR,8h7x,7a6j,299,270,in,in,in,out,8h7x,7a6j,active,inactive,active_to_inactive
EGFR_6wak_5caq,train,EGFR,5caq,6wak,301,297,in,in,in,out,6wak,5caq,inactive,active,inactive_to_active
EGFR_6wak_5caq,train,EGFR,5caq,6wak,301,297,in,in,in,out,5caq,6wak,active,inactive,active_to_inactive
EGFR_6z4b_7si1,train,EGFR,7si1,6z4b,280,271,in,in,in,out,6z4b,7si1,inactive,active,inactive_to_active
EGFR_6z4b_7si1,train,EGFR,7si1,6z4b,280,271,in,in,in,out,7si1,6z4b,active,inactive,active_to_inactive
EGFR_7sye_5edq,train,EGFR,5edq,7sye,298,614,in,in,in,out,7sye,5edq,inactive,active,inactive_to_active
EGFR_7sye_5edq,train,EGFR,5edq,7sye,298,614,in,in,in,out,5edq,7sye,active,inactive,active_to_inactive
EGFR_7u98_3ug2,train,EGFR,3ug2,7u98,299,287,in,in,in,out,7u98,3ug2,inactive,active,inactive_to_active
EGFR_7u98_3ug2,train,EGFR,3ug2,7u98,299,287,in,in,in,out,3ug2,7u98,active,inactive,active_to_inactive
EGFR_8a2d_5j9z,train,EGFR,5j9z,8a2d,291,281,in,in,in,out,8a2d,5j9z,inactive,active,inactive_to_active
EGFR_8a2d_5j9z,train,EGFR,5j9z,8a2d,291,281,in,in,in,out,5j9z,8a2d,active,inactive,active_to_inactive
EGFR_6tfz_4riw,train,EGFR,4riw,6tfz,293,264,in,in,in,out,6tfz,4riw,inactive,active,inactive_to_active
EGFR_6tfz_4riw,train,EGFR,4riw,6tfz,293,264,in,in,in,out,4riw,6tfz,active,inactive,active_to_inactive
EGFR_5u8l_8hva,train,EGFR,8hva,5u8l,301,289,in,out,in,out,5u8l,8hva,inactive,active,inactive_to_active
EGFR_5u8l_8hva,train,EGFR,8hva,5u8l,301,289,in,out,in,out,8hva,5u8l,active,inactive,active_to_inactive
EGFR_8gk5_4rj4,train,EGFR,4rj4,8gk5,299,294,in,in,in,out,8gk5,4rj4,inactive,active,inactive_to_active
EGFR_8gk5_4rj4,train,EGFR,4rj4,8gk5,299,294,in,in,in,out,4rj4,8gk5,active,inactive,active_to_inactive
EGFR_4i22_5x27,train,EGFR,5x27,4i22,302,297,in,in,in,out,4i22,5x27,inactive,active,inactive_to_active
EGFR_4i22_5x27,train,EGFR,5x27,4i22,302,297,in,in,in,out,5x27,4i22,active,inactive,active_to_inactive
EGFR_6p1d_8d73,train,EGFR,8d73,6p1d,309,300,in,in,in,out,6p1d,8d73,inactive,active,inactive_to_active
EGFR_6p1d_8d73,train,EGFR,8d73,6p1d,309,300,in,in,in,out,8d73,6p1d,active,inactive,active_to_inactive
EGFR_7jxi_8dsw,train,EGFR,8dsw,7jxi,307,290,in,in,in,out,7jxi,8dsw,inactive,active,inactive_to_active
EGFR_7jxi_8dsw,train,EGFR,8dsw,7jxi,307,290,in,in,in,out,8dsw,7jxi,active,inactive,active_to_inactive
EGFR_8gb4_4wkq,train,EGFR,4wkq,8gb4,297,292,in,in,in,out,8gb4,4wkq,inactive,active,inactive_to_active
EGFR_8gb4_4wkq,train,EGFR,4wkq,8gb4,297,292,in,in,in,out,4wkq,8gb4,active,inactive,active_to_inactive
EGFR_3gop_5cao,train,EGFR,5cao,3gop,300,300,in,out-like,in,out,3gop,5cao,inactive,active,inactive_to_active
EGFR_3gop_5cao,train,EGFR,5cao,3gop,300,300,in,out-like,in,out,5cao,3gop,active,inactive,active_to_inactive
EGFR_6p8q_5hcz,train,EGFR,5hcz,6p8q,300,309,in,in,in,out,6p8q,5hcz,inactive,active,inactive_to_active
EGFR_6p8q_5hcz,train,EGFR,5hcz,6p8q,300,309,in,in,in,out,5hcz,6p8q,active,inactive,active_to_inactive
EGFR_3bel_2itv,train,EGFR,2itv,3bel,303,280,in,in,in,out,3bel,2itv,inactive,active,inactive_to_active
EGFR_3bel_2itv,train,EGFR,2itv,3bel,303,280,in,in,in,out,2itv,3bel,active,inactive,active_to_inactive
EGFR_3w33_4lrm,train,EGFR,4lrm,3w33,293,297,in,in,in,out,3w33,4lrm,inactive,active,inactive_to_active
EGFR_3w33_4lrm,train,EGFR,4lrm,3w33,293,297,in,in,in,out,4lrm,3w33,active,inactive,active_to_inactive
EGFR_5uga_7oxb,train,EGFR,7oxb,5uga,305,283,in,out,in,out,5uga,7oxb,inactive,active,inactive_to_active
EGFR_5uga_7oxb,train,EGFR,7oxb,5uga,305,283,in,out,in,out,7oxb,5uga,active,inactive,active_to_inactive
EGFR_8to4_2ito,train,EGFR,2ito,8to4,303,300,in,in,in,out,8to4,2ito,inactive,active,inactive_to_active
EGFR_8to4_2ito,train,EGFR,2ito,8to4,303,300,in,in,in,out,2ito,8to4,active,inactive,active_to_inactive
EGFR_5hg7_4jrv,train,EGFR,4jrv,5hg7,301,280,in,out,in,out,5hg7,4jrv,inactive,active,inactive_to_active
EGFR_5hg7_4jrv,train,EGFR,4jrv,5hg7,301,280,in,out,in,out,4jrv,5hg7,active,inactive,active_to_inactive
EGFR_5ug8_7er2,train,EGFR,7er2,5ug8,292,280,in,out,in,out,5ug8,7er2,inactive,active,inactive_to_active
EGFR_5ug8_7er2,train,EGFR,7er2,5ug8,292,280,in,out,in,out,7er2,5ug8,active,inactive,active_to_inactive
EGFR_7jxl_5c8n,train,EGFR,5c8n,7jxl,300,294,in,in,in,out,7jxl,5c8n,inactive,active,inactive_to_active
EGFR_7jxl_5c8n,train,EGFR,5c8n,7jxl,300,294,in,in,in,out,5c8n,7jxl,active,inactive,active_to_inactive
EGFR_7ltx_7vre,train,EGFR,7vre,7ltx,312,292,in,in,in,out,7ltx,7vre,inactive,active,inactive_to_active
EGFR_7ltx_7vre,train,EGFR,7vre,7ltx,312,292,in,in,in,out,7vre,7ltx,active,inactive,active_to_inactive
EGFR_3w32_4wrg,train,EGFR,4wrg,3w32,290,317,in,in,in,out,3w32,4wrg,inactive,active,inactive_to_active
EGFR_3w32_4wrg,train,EGFR,4wrg,3w32,290,317,in,in,in,out,4wrg,3w32,active,inactive,active_to_inactive
EGFR_8a2b_7a6i,train,EGFR,7a6i,8a2b,282,272,in,in,in,out,8a2b,7a6i,inactive,active,inactive_to_active
EGFR_8a2b_7a6i,train,EGFR,7a6i,8a2b,282,272,in,in,in,out,7a6i,8a2b,active,inactive,active_to_inactive
EGFR_8eme_5xgm,train,EGFR,5xgm,8eme,288,267,in,in,in,out,8eme,5xgm,inactive,active,inactive_to_active
EGFR_8eme_5xgm,train,EGFR,5xgm,8eme,288,267,in,in,in,out,5xgm,8eme,active,inactive,active_to_inactive
EGFR_2rgp_8hy7,train,EGFR,8hy7,2rgp,299,284,in,in,in,out,2rgp,8hy7,inactive,active,inactive_to_active
EGFR_2rgp_8hy7,train,EGFR,8hy7,2rgp,299,284,in,in,in,out,8hy7,2rgp,active,inactive,active_to_inactive
EGFR_7a2a_7u99,train,EGFR,7u99,7a2a,305,266,in,in,in,out,7a2a,7u99,inactive,active,inactive_to_active
EGFR_7a2a_7u99,train,EGFR,7u99,7a2a,305,266,in,in,in,out,7u99,7a2a,active,inactive,active_to_inactive
EGFR_6v5n_2itn,train,EGFR,2itn,6v5n,304,294,in,in,in,out,6v5n,2itn,inactive,active,inactive_to_active
EGFR_6v5n_2itn,train,EGFR,2itn,6v5n,304,294,in,in,in,out,2itn,6v5n,active,inactive,active_to_inactive
EGFR_6tfu_7vra,train,EGFR,7vra,6tfu,289,260,in,in,in,out,6tfu,7vra,inactive,active,inactive_to_active
EGFR_6tfu_7vra,train,EGFR,7vra,6tfu,289,260,in,in,in,out,7vra,6tfu,active,inactive,active_to_inactive
EGFR_6v66_5cau,train,EGFR,5cau,6v66,297,314,in,in,in,out,6v66,5cau,inactive,active,inactive_to_active
EGFR_6v66_5cau,train,EGFR,5cau,6v66,297,314,in,in,in,out,5cau,6v66,active,inactive,active_to_inactive
EGFR_1xkk_4r3p,train,EGFR,4r3p,1xkk,310,289,in,in,in,out,1xkk,4r3p,inactive,active,inactive_to_active
EGFR_1xkk_4r3p,train,EGFR,4r3p,1xkk,310,289,in,in,in,out,4r3p,1xkk,active,inactive,active_to_inactive
EGFR_6jxt_8f1h,train,EGFR,8f1h,6jxt,307,283,in,in,in,out,6jxt,8f1h,inactive,active,inactive_to_active
EGFR_6jxt_8f1h,train,EGFR,8f1h,6jxt,307,283,in,in,in,out,8f1h,6jxt,active,inactive,active_to_inactive
EGFR_8fv4_7b85,train,EGFR,7b85,8fv4,312,298,in,in,in,out,8fv4,7b85,inactive,active,inactive_to_active
EGFR_8fv4_7b85,train,EGFR,7b85,8fv4,312,298,in,in,in,out,7b85,8fv4,active,inactive,active_to_inactive
EGFR_7jxk_5can,train,EGFR,5can,7jxk,301,293,in,in,in,out,7jxk,5can,inactive,active,inactive_to_active
EGFR_7jxk_5can,train,EGFR,5can,7jxk,301,293,in,in,in,out,5can,7jxk,active,inactive,active_to_inactive
EGFR_7jxm_2itx,train,EGFR,2itx,7jxm,307,287,in,in,in,out,7jxm,2itx,inactive,active,inactive_to_active
EGFR_7jxm_2itx,train,EGFR,2itx,7jxm,307,287,in,in,in,out,2itx,7jxm,active,inactive,active_to_inactive
EGFR_6tfy_5gmp,train,EGFR,5gmp,6tfy,305,264,in,in,in,out,6tfy,5gmp,inactive,active,inactive_to_active
EGFR_6tfy_5gmp,train,EGFR,5gmp,6tfy,305,264,in,in,in,out,5gmp,6tfy,active,inactive,active_to_inactive
EGFR_6xl4_8hv7,train,EGFR,8hv7,6xl4,301,293,in,in,in,out,6xl4,8hv7,inactive,active,inactive_to_active
EGFR_6xl4_8hv7,train,EGFR,8hv7,6xl4,301,293,in,in,in,out,8hv7,6xl4,active,inactive,active_to_inactive
EGFR_6tfv_5fee,train,EGFR,5fee,6tfv,287,268,in,in,in,out,6tfv,5fee,inactive,active,inactive_to_active
EGFR_6tfv_5fee,train,EGFR,5fee,6tfv,287,268,in,in,in,out,5fee,6tfv,active,inactive,active_to_inactive
EGFR_5cnn_5edp,train,EGFR,5edp,5cnn,295,300,in,in,in,out,5cnn,5edp,inactive,active,inactive_to_active
EGFR_5cnn_5edp,train,EGFR,5edp,5cnn,295,300,in,in,in,out,5edp,5cnn,active,inactive,active_to_inactive
EGFR_6tg0_6vhp,train,EGFR,6vhp,6tg0,308,267,in,in,in,out,6tg0,6vhp,inactive,active,inactive_to_active
EGFR_6tg0_6vhp,train,EGFR,6vhp,6tg0,308,267,in,in,in,out,6vhp,6tg0,active,inactive,active_to_inactive
EGFR_6v6k_6jx4,train,EGFR,6jx4,6v6k,315,301,in,in,in,out,6v6k,6jx4,inactive,active,inactive_to_active
EGFR_6v6k_6jx4,train,EGFR,6jx4,6v6k,315,301,in,in,in,out,6jx4,6v6k,active,inactive,active_to_inactive
EGFR_3gt8_2itp,train,EGFR,2itp,3gt8,305,296,in,in,in,out,3gt8,2itp,inactive,active,inactive_to_active
EGFR_3gt8_2itp,train,EGFR,2itp,3gt8,305,296,in,in,in,out,2itp,3gt8,active,inactive,active_to_inactive
EGFR_8a27_4lqm,train,EGFR,4lqm,8a27,305,269,in,in,in,out,8a27,4lqm,inactive,active,inactive_to_active
EGFR_8a27_4lqm,train,EGFR,4lqm,8a27,305,269,in,in,in,out,4lqm,8a27,active,inactive,active_to_inactive
EGFR_5hg9_5xdl,train,EGFR,5xdl,5hg9,292,280,in,out,in,out,5hg9,5xdl,inactive,active,inactive_to_active
EGFR_5hg9_5xdl,train,EGFR,5xdl,5hg9,292,280,in,out,in,out,5xdl,5hg9,active,inactive,active_to_inactive
EGFR_2rfe_4zau,train,EGFR,4zau,2rfe,283,262,in,in,in,out,2rfe,4zau,inactive,active,inactive_to_active
EGFR_2rfe_4zau,train,EGFR,4zau,2rfe,283,262,in,in,in,out,4zau,2rfe,active,inactive,active_to_inactive
EGFR_2rf9_3w2o,train,EGFR,3w2o,2rf9,305,280,in,out,in,in,2rf9,3w2o,inactive,active,inactive_to_active
EGFR_2rf9_3w2o,train,EGFR,3w2o,2rf9,305,280,in,out,in,in,3w2o,2rf9,active,inactive,active_to_inactive
EGFR_4i20_5y25,train,EGFR,5y25,4i20,292,287,in,out,in,in,4i20,5y25,inactive,active,inactive_to_active
EGFR_4i20_5y25,train,EGFR,5y25,4i20,292,287,in,out,in,in,5y25,4i20,active,inactive,active_to_inactive
EGFR_5cno_5hic,train,EGFR,5hic,5cno,302,300,in,in,in,out,5cno,5hic,inactive,active,inactive_to_active
EGFR_5cno_5hic,train,EGFR,5hic,5cno,302,300,in,in,in,out,5hic,5cno,active,inactive,active_to_inactive
EGFR_5hg5_8kfq,train,EGFR,8kfq,5hg5,301,302,in,out,in,out,5hg5,8kfq,inactive,active,inactive_to_active
EGFR_5hg5_8kfq,train,EGFR,8kfq,5hg5,301,302,in,out,in,out,8kfq,5hg5,active,inactive,active_to_inactive
EGFR_5x2c_7aei,train,EGFR,7aei,5x2c,315,304,in,in,in,out,5x2c,7aei,inactive,active,inactive_to_active
EGFR_5x2c_7aei,train,EGFR,7aei,5x2c,315,304,in,in,in,out,7aei,5x2c,active,inactive,active_to_inactive
EGFR_5hg8_4rj5,train,EGFR,4rj5,5hg8,296,300,in,out,in,out,5hg8,4rj5,inactive,active,inactive_to_active
EGFR_5hg8_4rj5,train,EGFR,4rj5,5hg8,296,300,in,out,in,out,4rj5,5hg8,active,inactive,active_to_inactive
EGFR_3poz_5cap,train,EGFR,5cap,3poz,303,293,in,in,in,out,3poz,5cap,inactive,active,inactive_to_active
EGFR_3poz_5cap,train,EGFR,5cap,3poz,303,293,in,in,in,out,5cap,3poz,active,inactive,active_to_inactive
EGFR_5zwj_3w2p,train,EGFR,3w2p,5zwj,308,267,in,in,in,out,5zwj,3w2p,inactive,active,inactive_to_active
EGFR_5zwj_3w2p,train,EGFR,3w2p,5zwj,308,267,in,in,in,out,3w2p,5zwj,active,inactive,active_to_inactive
EGFR_7lg8_8hv2,train,EGFR,8hv2,7lg8,299,280,in,in,in,out,7lg8,8hv2,inactive,active,inactive_to_active
EGFR_7lg8_8hv2,train,EGFR,8hv2,7lg8,299,280,in,in,in,out,8hv2,7lg8,active,inactive,active_to_inactive
EGFR_7syd_5cas,train,EGFR,5cas,7syd,299,614,in,in,in,out,7syd,5cas,inactive,active,inactive_to_active
EGFR_7syd_5cas,train,EGFR,5cas,7syd,299,614,in,in,in,out,5cas,7syd,active,inactive,active_to_inactive
EGFR_7ukw_8hv1,train,EGFR,8hv1,7ukw,309,306,in,in,in,out,7ukw,8hv1,inactive,active,inactive_to_active
EGFR_7ukw_8hv1,train,EGFR,8hv1,7ukw,309,306,in,in,in,out,8hv1,7ukw,active,inactive,active_to_inactive
EGFR_8a2a_4tks,train,EGFR,4tks,8a2a,307,306,in,in,in,out,8a2a,4tks,inactive,active,inactive_to_active
EGFR_8a2a_4tks,train,EGFR,4tks,8a2a,307,306,in,in,in,out,4tks,8a2a,active,inactive,active_to_inactive
EGFR_5ugc_7t4i,train,EGFR,7t4i,5ugc,309,280,in,out,in,out,5ugc,7t4i,inactive,active,inactive_to_active
EGFR_5ugc_7t4i,train,EGFR,7t4i,5ugc,309,280,in,out,in,out,7t4i,5ugc,active,inactive,active_to_inactive
EGFR_3lzb_6d8e,train,EGFR,6d8e,3lzb,304,261,in,in,in,out,3lzb,6d8e,inactive,active,inactive_to_active
EGFR_3lzb_6d8e,train,EGFR,6d8e,3lzb,304,261,in,in,in,out,6d8e,3lzb,active,inactive,active_to_inactive
EGFR_7sz1_8tjl,train,EGFR,8tjl,7sz1,306,614,in,in,in,out,7sz1,8tjl,inactive,active,inactive_to_active
EGFR_7sz1_8tjl,train,EGFR,8tjl,7sz1,306,614,in,in,in,out,8tjl,7sz1,active,inactive,active_to_inactive
EGFR_4i24_8f1y,train,EGFR,8f1y,4i24,293,304,in,in,in,out,4i24,8f1y,inactive,active,inactive_to_active
EGFR_4i24_8f1y,train,EGFR,8f1y,4i24,293,304,in,in,in,out,8f1y,4i24,active,inactive,active_to_inactive
EGFR_6wa2_6s89,train,EGFR,6s89,6wa2,310,314,in,in,in,out,6wa2,6s89,inactive,active,inactive_to_active
EGFR_6wa2_6s89,train,EGFR,6s89,6wa2,310,314,in,in,in,out,6s89,6wa2,active,inactive,active_to_inactive
EGFR_6z4d_6jrx,train,EGFR,6jrx,6z4d,300,269,in,in,in,out,6z4d,6jrx,inactive,active,inactive_to_active
EGFR_6z4d_6jrx,train,EGFR,6jrx,6z4d,300,269,in,in,in,out,6jrx,6z4d,active,inactive,active_to_inactive
EGFR_5gty_4riy,train,EGFR,4riy,5gty,297,297,in,in,in,out,5gty,4riy,inactive,active,inactive_to_active
EGFR_5gty_4riy,train,EGFR,4riy,5gty,297,297,in,in,in,out,4riy,5gty,active,inactive,active_to_inactive
EGFR_7sz7_5zto,train,EGFR,5zto,7sz7,294,614,in,in,in,out,7sz7,5zto,inactive,active,inactive_to_active
EGFR_7sz7_5zto,train,EGFR,5zto,7sz7,294,614,in,in,in,out,5zto,7sz7,active,inactive,active_to_inactive
EGFR_8f1w_2eb3,train,EGFR,2eb3,8f1w,294,303,in,in,in,out,8f1w,2eb3,inactive,active,inactive_to_active
EGFR_8f1w_2eb3,train,EGFR,2eb3,8f1w,294,303,in,in,in,out,2eb3,8f1w,active,inactive,active_to_inactive
EGFR_6v5p_6jx0,train,EGFR,6jx0,6v5p,289,308,in,in,in,out,6v5p,6jx0,inactive,active,inactive_to_active
EGFR_6v5p_6jx0,train,EGFR,6jx0,6v5p,289,308,in,in,in,out,6jx0,6v5p,active,inactive,active_to_inactive
EGFR_6v6o_3vjn,train,EGFR,3vjn,6v6o,297,297,in,in,in,out,6v6o,3vjn,inactive,active,inactive_to_active
EGFR_6v6o_3vjn,train,EGFR,3vjn,6v6o,297,297,in,in,in,out,3vjn,6v6o,active,inactive,active_to_inactive
EGFR_5yu9_3ug1,train,EGFR,3ug1,5yu9,296,300,in,in,in,out,5yu9,3ug1,inactive,active,inactive_to_active
EGFR_5yu9_3ug1,train,EGFR,3ug1,5yu9,296,300,in,in,in,out,3ug1,5yu9,active,inactive,active_to_inactive
EGFR_7sz0_4jq8,train,EGFR,4jq8,7sz0,304,614,in,in,in,out,7sz0,4jq8,inactive,active,inactive_to_active
EGFR_7sz0_4jq8,train,EGFR,4jq8,7sz0,304,614,in,in,in,out,4jq8,7sz0,active,inactive,active_to_inactive
EGFR_7k1i_7u9a,train,EGFR,7u9a,7k1i,296,288,in,in,in,out,7k1i,7u9a,inactive,active,inactive_to_active
EGFR_7k1i_7u9a,train,EGFR,7u9a,7k1i,296,288,in,in,in,out,7u9a,7k1i,active,inactive,active_to_inactive
EGFR_7jxq_5y9t,train,EGFR,5y9t,7jxq,300,296,in,in,in,out,7jxq,5y9t,inactive,active,inactive_to_active
EGFR_7jxq_5y9t,train,EGFR,5y9t,7jxq,300,296,in,in,in,out,5y9t,7jxq,active,inactive,active_to_inactive
EGFR_8to3_5hcy,train,EGFR,5hcy,8to3,302,291,in,in,in,out,8to3,5hcy,inactive,active,inactive_to_active
EGFR_8to3_5hcy,train,EGFR,5hcy,8to3,302,291,in,in,in,out,5hcy,8to3,active,inactive,active_to_inactive
EGFR_6tfw_8hv4,train,EGFR,8hv4,6tfw,304,266,in,in,in,out,6tfw,8hv4,inactive,active,inactive_to_active
EGFR_6tfw_8hv4,train,EGFR,8hv4,6tfw,304,266,in,in,in,out,8hv4,6tfw,active,inactive,active_to_inactive
EGFR_6tg1_5em8,train,EGFR,5em8,6tg1,303,268,in,in,in,out,6tg1,5em8,inactive,active,inactive_to_active
EGFR_6tg1_5em8,train,EGFR,5em8,6tg1,303,268,in,in,in,out,5em8,6tg1,active,inactive,active_to_inactive
EGFR_8fv3_6jrk,train,EGFR,6jrk,8fv3,283,299,in,in,in,out,8fv3,6jrk,inactive,active,inactive_to_active
EGFR_8fv3_6jrk,train,EGFR,6jrk,8fv3,283,299,in,in,in,out,6jrk,8fv3,active,inactive,active_to_inactive
EGFR_7jxw_6s9d,train,EGFR,6s9d,7jxw,300,288,in,in,in,out,7jxw,6s9d,inactive,active,inactive_to_active
EGFR_7jxw_6s9d,train,EGFR,6s9d,7jxw,300,288,in,in,in,out,6s9d,7jxw,active,inactive,active_to_inactive
EGFR_5x2a_8g63,train,EGFR,8g63,5x2a,280,322,in,in,in,out,5x2a,8g63,inactive,active,inactive_to_active
EGFR_5x2a_8g63,train,EGFR,8g63,5x2a,280,322,in,in,in,out,8g63,5x2a,active,inactive,active_to_inactive
EGFR_3w2r_8d76,train,EGFR,8d76,3w2r,312,297,in,in,in,out,3w2r,8d76,inactive,active,inactive_to_active
EGFR_3w2r_8d76,train,EGFR,8d76,3w2r,312,297,in,in,in,out,8d76,3w2r,active,inactive,active_to_inactive
EGFR_4zjv_4jr3,train,EGFR,4jr3,4zjv,304,282,in,out,in,in,4zjv,4jr3,inactive,active,inactive_to_active
EGFR_4zjv_4jr3,train,EGFR,4jr3,4zjv,304,282,in,out,in,in,4jr3,4zjv,active,inactive,active_to_inactive
EGFR_6p1l_8hv5,train,EGFR,8hv5,6p1l,306,288,in,in,in,out,6p1l,8hv5,inactive,active,inactive_to_active
EGFR_6p1l_8hv5,train,EGFR,8hv5,6p1l,306,288,in,in,in,out,8hv5,6p1l,active,inactive,active_to_inactive
EGFR_4zse_8wd4,train,EGFR,8wd4,4zse,299,297,in,in,in,out,4zse,8wd4,inactive,active,inactive_to_active
EGFR_4zse_8wd4,train,EGFR,8wd4,4zse,299,297,in,in,in,out,8wd4,4zse,active,inactive,active_to_inactive
EGFR_4i1z_4rj6,train,EGFR,4rj6,4i1z,297,287,in,out-like,in,in,4i1z,4rj6,inactive,active,inactive_to_active
EGFR_4i1z_4rj6,train,EGFR,4rj6,4i1z,297,287,in,out-like,in,in,4rj6,4i1z,active,inactive,active_to_inactive
EGFR_2gs7_7aem,train,EGFR,7aem,2gs7,312,281,in,in,in,out,2gs7,7aem,inactive,active,inactive_to_active
EGFR_2gs7_7aem,train,EGFR,7aem,2gs7,312,281,in,in,in,out,7aem,2gs7,active,inactive,active_to_inactive
EGFR_4i21_6s9c,train,EGFR,6s9c,4i21,301,302,in,out-like,in,in,4i21,6s9c,inactive,active,inactive_to_active
EGFR_4i21_6s9c,train,EGFR,6s9c,4i21,301,302,in,out-like,in,in,6s9c,4i21,active,inactive,active_to_inactive
EGFR_3w2s_6jwl,train,EGFR,6jwl,3w2s,319,307,in,in,in,out,3w2s,6jwl,inactive,active,inactive_to_active
EGFR_3w2s_6jwl,train,EGFR,6jwl,3w2s,319,307,in,in,in,out,6jwl,3w2s,active,inactive,active_to_inactive
EGFR_7jxp_4rj7,train,EGFR,4rj7,7jxp,295,308,in,in,in,out,7jxp,4rj7,inactive,active,inactive_to_active
EGFR_7jxp_4rj7,train,EGFR,4rj7,7jxp,295,308,in,in,in,out,4rj7,7jxp,active,inactive,active_to_inactive
EGFR_2rfd_8hv9,train,EGFR,8hv9,2rfd,306,286,in,in,in,out,2rfd,8hv9,inactive,active,inactive_to_active
EGFR_2rfd_8hv9,train,EGFR,8hv9,2rfd,306,286,in,in,in,out,8hv9,2rfd,active,inactive,active_to_inactive
EGFR_7zyq_2gs6,train,EGFR,2gs6,7zyq,311,270,in,in,in,out,7zyq,2gs6,inactive,active,inactive_to_active
EGFR_7zyq_2gs6,train,EGFR,2gs6,7zyq,311,270,in,in,in,out,2gs6,7zyq,active,inactive,active_to_inactive
EGFR_6wxn_2itz,train,EGFR,2itz,6wxn,302,298,in,in,in,out,6wxn,2itz,inactive,active,inactive_to_active
EGFR_6wxn_2itz,train,EGFR,2itz,6wxn,302,298,in,in,in,out,2itz,6wxn,active,inactive,active_to_inactive
EGFR_2jiv_5cal,train,EGFR,5cal,2jiv,300,270,in,in,in,out,2jiv,5cal,inactive,active,inactive_to_active
EGFR_2jiv_5cal,train,EGFR,5cal,2jiv,300,270,in,in,in,out,5cal,2jiv,active,inactive,active_to_inactive
EGFR_7sz5_2j5f,train,EGFR,2j5f,7sz5,308,614,in,in,in,out,7sz5,2j5f,inactive,active,inactive_to_active
EGFR_7sz5_2j5f,train,EGFR,2j5f,7sz5,308,614,in,in,in,out,2j5f,7sz5,active,inactive,active_to_inactive
EGFR_7ky0_8f1x,train,EGFR,8f1x,7ky0,317,288,in,in,in,out,7ky0,8f1x,inactive,active,inactive_to_active
EGFR_7ky0_8f1x,train,EGFR,8f1x,7ky0,317,288,in,in,in,out,8f1x,7ky0,active,inactive,active_to_inactive
EGFR_5ug9_5feq,train,EGFR,5feq,5ug9,290,280,in,out,in,out,5ug9,5feq,inactive,active,inactive_to_active
EGFR_5ug9_5feq,train,EGFR,5feq,5ug9,290,280,in,out,in,out,5feq,5ug9,active,inactive,active_to_inactive
EGFR_7k1h_4rj8,train,EGFR,4rj8,7k1h,298,291,in,in,in,out,7k1h,4rj8,inactive,active,inactive_to_active
EGFR_7k1h_4rj8,train,EGFR,4rj8,7k1h,298,291,in,in,in,out,4rj8,7k1h,active,inactive,active_to_inactive
EGFR_7a6k_6lud,train,EGFR,6lud,7a6k,310,266,in,in,in,out,7a6k,6lud,inactive,active,inactive_to_active
EGFR_7a6k_6lud,train,EGFR,6lud,7a6k,310,266,in,in,in,out,6lud,7a6k,active,inactive,active_to_inactive
EGFR_4hjo_2gs2,train,EGFR,2gs2,4hjo,305,278,in,in,in,out,4hjo,2gs2,inactive,active,inactive_to_active
EGFR_4hjo_2gs2,train,EGFR,2gs2,4hjo,305,278,in,in,in,out,2gs2,4hjo,active,inactive,active_to_inactive
EGFR_5x2f_8hv8,train,EGFR,8hv8,5x2f,305,312,in,in,in,out,5x2f,8hv8,inactive,active,inactive_to_active
EGFR_5x2f_8hv8,train,EGFR,8hv8,5x2f,305,312,in,in,in,out,8hv8,5x2f,active,inactive,active_to_inactive
EGFR_5uwd_4r3r,train,EGFR,4r3r,5uwd,309,271,in,out-like,in,out,5uwd,4r3r,inactive,active,inactive_to_active
EGFR_5uwd_4r3r,train,EGFR,4r3r,5uwd,309,271,in,out-like,in,out,4r3r,5uwd,active,inactive,active_to_inactive
EGFR_5d41_2j6m,train,EGFR,2j6m,5d41,306,300,in,in,in,out,5d41,2j6m,inactive,active,inactive_to_active
EGFR_5d41_2j6m,train,EGFR,2j6m,5d41,306,300,in,in,in,out,2j6m,5d41,active,inactive,active_to_inactive
EGFR_6duk_4i23,train,EGFR,4i23,6duk,304,296,in,in,in,out,6duk,4i23,inactive,active,inactive_to_active
EGFR_6duk_4i23,train,EGFR,4i23,6duk,304,296,in,in,in,out,4i23,6duk,active,inactive,active_to_inactive
EGFR_7a6j_2eb2,train,EGFR,2eb2,7a6j,305,270,in,in,in,out,7a6j,2eb2,inactive,active,inactive_to_active
EGFR_7a6j_2eb2,train,EGFR,2eb2,7a6j,305,270,in,in,in,out,2eb2,7a6j,active,inactive,active_to_inactive
EGFR_6wak_6s9b,train,EGFR,6s9b,6wak,291,297,in,in,in,out,6wak,6s9b,inactive,active,inactive_to_active
EGFR_6wak_6s9b,train,EGFR,6s9b,6wak,291,297,in,in,in,out,6s9b,6wak,active,inactive,active_to_inactive
EGFR_6z4b_6vhn,train,EGFR,6vhn,6z4b,286,271,in,in,in,out,6z4b,6vhn,inactive,active,inactive_to_active
EGFR_6z4b_6vhn,train,EGFR,6vhn,6z4b,286,271,in,in,in,out,6vhn,6z4b,active,inactive,active_to_inactive
EGFR_7sye_4rix,train,EGFR,4rix,7sye,297,614,in,in,in,out,7sye,4rix,inactive,active,inactive_to_active
EGFR_7sye_4rix,train,EGFR,4rix,7sye,297,614,in,in,in,out,4rix,7sye,active,inactive,active_to_inactive
EGFR_7u98_8hv3,train,EGFR,8hv3,7u98,307,287,in,in,in,out,7u98,8hv3,inactive,active,inactive_to_active
EGFR_7u98_8hv3,train,EGFR,8hv3,7u98,307,287,in,in,in,out,8hv3,7u98,active,inactive,active_to_inactive
EGFR_8a2d_4li5,train,EGFR,4li5,8a2d,306,281,in,in,in,out,8a2d,4li5,inactive,active,inactive_to_active
EGFR_8a2d_4li5,train,EGFR,4li5,8a2d,306,281,in,in,in,out,4li5,8a2d,active,inactive,active_to_inactive
EGFR_6tfz_5jeb,train,EGFR,5jeb,6tfz,299,264,in,in,in,out,6tfz,5jeb,inactive,active,inactive_to_active
EGFR_6tfz_5jeb,train,EGFR,5jeb,6tfz,299,264,in,in,in,out,5jeb,6tfz,active,inactive,active_to_inactive
EGFR_5u8l_1m14,train,EGFR,1m14,5u8l,307,289,in,out,in,out,5u8l,1m14,inactive,active,inactive_to_active
EGFR_5u8l_1m14,train,EGFR,1m14,5u8l,307,289,in,out,in,out,1m14,5u8l,active,inactive,active_to_inactive
EGFR_8gk5_2itu,train,EGFR,2itu,8gk5,304,294,in,in,in,out,8gk5,2itu,inactive,active,inactive_to_active
EGFR_8gk5_2itu,train,EGFR,2itu,8gk5,304,294,in,in,in,out,2itu,8gk5,active,inactive,active_to_inactive
EGFR_4i22_5em7,train,EGFR,5em7,4i22,300,297,in,in,in,out,4i22,5em7,inactive,active,inactive_to_active
EGFR_4i22_5em7,train,EGFR,5em7,4i22,300,297,in,in,in,out,5em7,4i22,active,inactive,active_to_inactive
EGFR_6p1d_6s8a,train,EGFR,6s8a,6p1d,313,300,in,in,in,out,6p1d,6s8a,inactive,active,inactive_to_active
EGFR_6p1d_6s8a,train,EGFR,6s8a,6p1d,313,300,in,in,in,out,6s8a,6p1d,active,inactive,active_to_inactive
EGFR_7jxi_3vjo,train,EGFR,3vjo,7jxi,298,290,in,in,in,out,7jxi,3vjo,inactive,active,inactive_to_active
EGFR_7jxi_3vjo,train,EGFR,3vjo,7jxi,298,290,in,in,in,out,3vjo,7jxi,active,inactive,active_to_inactive
EGFR_8gb4_2itw,train,EGFR,2itw,8gb4,300,292,in,in,in,out,8gb4,2itw,inactive,active,inactive_to_active
EGFR_8gb4_2itw,train,EGFR,2itw,8gb4,300,292,in,in,in,out,2itw,8gb4,active,inactive,active_to_inactive
EGFR_3gop_5czi,train,EGFR,5czi,3gop,310,300,in,out-like,in,out,3gop,5czi,inactive,active,inactive_to_active
EGFR_3gop_5czi,train,EGFR,5czi,3gop,310,300,in,out-like,in,out,5czi,3gop,active,inactive,active_to_inactive
EGFR_6p8q_7t4j,train,EGFR,7t4j,6p8q,279,309,in,in,in,out,6p8q,7t4j,inactive,active,inactive_to_active
EGFR_6p8q_7t4j,train,EGFR,7t4j,6p8q,279,309,in,in,in,out,7t4j,6p8q,active,inactive,active_to_inactive
EGFR_3bel_7ukv,train,EGFR,7ukv,3bel,290,280,in,in,in,out,3bel,7ukv,inactive,active,inactive_to_active
EGFR_3bel_7ukv,train,EGFR,7ukv,3bel,290,280,in,in,in,out,7ukv,3bel,active,inactive,active_to_inactive
EGFR_3w33_8sc7,train,EGFR,8sc7,3w33,320,297,in,in,in,out,3w33,8sc7,inactive,active,inactive_to_active
EGFR_3w33_8sc7,train,EGFR,8sc7,3w33,320,297,in,in,in,out,8sc7,3w33,active,inactive,active_to_inactive
EGFR_5uga_5c8k,train,EGFR,5c8k,5uga,300,283,in,out,in,out,5uga,5c8k,inactive,active,inactive_to_active
EGFR_5uga_5c8k,train,EGFR,5c8k,5uga,300,283,in,out,in,out,5c8k,5uga,active,inactive,active_to_inactive
EGFR_8to4_5x26,train,EGFR,5x26,8to4,302,300,in,in,in,out,8to4,5x26,inactive,active,inactive_to_active
EGFR_8to4_5x26,train,EGFR,5x26,8to4,302,300,in,in,in,out,5x26,8to4,active,inactive,active_to_inactive
EGFR_5hg7_5c8m,train,EGFR,5c8m,5hg7,302,280,in,out,in,out,5hg7,5c8m,inactive,active,inactive_to_active
EGFR_5hg7_5c8m,train,EGFR,5c8m,5hg7,302,280,in,out,in,out,5c8m,5hg7,active,inactive,active_to_inactive
EGFR_5ug8_5fed,train,EGFR,5fed,5ug8,288,280,in,out,in,out,5ug8,5fed,inactive,active,inactive_to_active
EGFR_5ug8_5fed,train,EGFR,5fed,5ug8,288,280,in,out,in,out,5fed,5ug8,active,inactive,active_to_inactive
EGFR_7jxl_5em6,train,EGFR,5em6,7jxl,301,294,in,in,in,out,7jxl,5em6,inactive,active,inactive_to_active
EGFR_7jxl_5em6,train,EGFR,5em6,7jxl,301,294,in,in,in,out,5em6,7jxl,active,inactive,active_to_inactive
EGFR_7ltx_4r5s,train,EGFR,4r5s,7ltx,299,292,in,in,in,out,7ltx,4r5s,inactive,active,inactive_to_active
EGFR_7ltx_4r5s,train,EGFR,4r5s,7ltx,299,292,in,in,in,out,4r5s,7ltx,active,inactive,active_to_inactive
EGFR_3w32_8f1z,train,EGFR,8f1z,3w32,310,317,in,in,in,out,3w32,8f1z,inactive,active,inactive_to_active
EGFR_3w32_8f1z,train,EGFR,8f1z,3w32,310,317,in,in,in,out,8f1z,3w32,active,inactive,active_to_inactive
EGFR_8a2b_4g5j,train,EGFR,4g5j,8a2b,307,272,in,in,in,out,8a2b,4g5j,inactive,active,inactive_to_active
EGFR_8a2b_4g5j,train,EGFR,4g5j,8a2b,307,272,in,in,in,out,4g5j,8a2b,active,inactive,active_to_inactive
EGFR_8eme_4jq7,train,EGFR,4jq7,8eme,304,267,in,in,in,out,8eme,4jq7,inactive,active,inactive_to_active
EGFR_8eme_4jq7,train,EGFR,4jq7,8eme,304,267,in,in,in,out,4jq7,8eme,active,inactive,active_to_inactive
EGFR_2rgp_5edr,train,EGFR,5edr,2rgp,299,284,in,in,in,out,2rgp,5edr,inactive,active,inactive_to_active
EGFR_2rgp_5edr,train,EGFR,5edr,2rgp,299,284,in,in,in,out,5edr,2rgp,active,inactive,active_to_inactive
EGFR_7a2a_4ll0,train,EGFR,4ll0,7a2a,291,266,in,in,in,out,7a2a,4ll0,inactive,active,inactive_to_active
EGFR_7a2a_4ll0,train,EGFR,4ll0,7a2a,291,266,in,in,in,out,4ll0,7a2a,active,inactive,active_to_inactive
EGFR_6v5n_3w2q,train,EGFR,3w2q,6v5n,307,294,in,in,in,out,6v5n,3w2q,inactive,active,inactive_to_active
EGFR_6v5n_3w2q,train,EGFR,3w2q,6v5n,307,294,in,in,in,out,3w2q,6v5n,active,inactive,active_to_inactive
ERBB2_7jxh_3pp0,train,ERBB2,3pp0,7jxh,286,272,in,in,in,out,7jxh,3pp0,inactive,active,inactive_to_active
ERBB2_7jxh_3pp0,train,ERBB2,3pp0,7jxh,286,272,in,in,in,out,3pp0,7jxh,active,inactive,active_to_inactive
ERBB2_8u8x_7pcd,train,ERBB2,7pcd,8u8x,272,308,in,out-like,in,out,8u8x,7pcd,inactive,active,inactive_to_active
ERBB2_8u8x_7pcd,train,ERBB2,7pcd,8u8x,272,308,in,out-like,in,out,7pcd,8u8x,active,inactive,active_to_inactive
FGFR1_4v01_3kxx,train,FGFR1,3kxx,4v01,286,275,in,out,in,in,4v01,3kxx,inactive,active,inactive_to_active
FGFR1_4v01_3kxx,train,FGFR1,3kxx,4v01,286,275,in,out,in,in,3kxx,4v01,active,inactive,active_to_inactive
FGFR1_4v01_5zv2,train,FGFR1,5zv2,4v01,284,275,in,out,in,in,4v01,5zv2,inactive,active,inactive_to_active
FGFR1_4v01_5zv2,train,FGFR1,5zv2,4v01,284,275,in,out,in,in,5zv2,4v01,active,inactive,active_to_inactive
FGFR1_4v01_7ozb,train,FGFR1,7ozb,4v01,288,275,in,out,in,in,4v01,7ozb,inactive,active,inactive_to_active
FGFR1_4v01_7ozb,train,FGFR1,7ozb,4v01,288,275,in,out,in,in,7ozb,4v01,active,inactive,active_to_inactive
FGFR1_4v01_4nk9,train,FGFR1,4nk9,4v01,282,275,in,out,in,in,4v01,4nk9,inactive,active,inactive_to_active
FGFR1_4v01_4nk9,train,FGFR1,4nk9,4v01,282,275,in,out,in,in,4nk9,4v01,active,inactive,active_to_inactive
FGFR1_4v01_5ur1,train,FGFR1,5ur1,4v01,278,275,in,out,in,in,4v01,5ur1,inactive,active,inactive_to_active
FGFR1_4v01_5ur1,train,FGFR1,5ur1,4v01,278,275,in,out,in,in,5ur1,4v01,active,inactive,active_to_inactive
FGFR1_4v01_3ky2,train,FGFR1,3ky2,4v01,280,275,in,out,in,in,4v01,3ky2,inactive,active,inactive_to_active
FGFR1_4v01_3ky2,train,FGFR1,3ky2,4v01,280,275,in,out,in,in,3ky2,4v01,active,inactive,active_to_inactive
FGFR1_4v01_7ozd,train,FGFR1,7ozd,4v01,282,275,in,out,in,in,4v01,7ozd,inactive,active,inactive_to_active
FGFR1_4v01_7ozd,train,FGFR1,7ozd,4v01,282,275,in,out,in,in,7ozd,4v01,active,inactive,active_to_inactive
FGFR1_4v01_4rwj,train,FGFR1,4rwj,4v01,307,275,in,out,in,in,4v01,4rwj,inactive,active,inactive_to_active
FGFR1_4v01_4rwj,train,FGFR1,4rwj,4v01,307,275,in,out,in,in,4rwj,4v01,active,inactive,active_to_inactive
FGFR1_4v01_4f65,train,FGFR1,4f65,4v01,279,275,in,out,in,in,4v01,4f65,inactive,active,inactive_to_active
FGFR1_4v01_4f65,train,FGFR1,4f65,4v01,279,275,in,out,in,in,4f65,4v01,active,inactive,active_to_inactive
FGFR1_4v01_3tt0,train,FGFR1,3tt0,4v01,272,275,in,out,in,in,4v01,3tt0,inactive,active,inactive_to_active
FGFR1_4v01_3tt0,train,FGFR1,3tt0,4v01,272,275,in,out,in,in,3tt0,4v01,active,inactive,active_to_inactive
FGFR1_4v01_3js2,train,FGFR1,3js2,4v01,295,275,in,out,in,in,4v01,3js2,inactive,active,inactive_to_active
FGFR1_4v01_3js2,train,FGFR1,3js2,4v01,295,275,in,out,in,in,3js2,4v01,active,inactive,active_to_inactive
FGFR1_4v01_1fgk,train,FGFR1,1fgk,4v01,278,275,in,out,in,in,4v01,1fgk,inactive,active,inactive_to_active
FGFR1_4v01_1fgk,train,FGFR1,1fgk,4v01,278,275,in,out,in,in,1fgk,4v01,active,inactive,active_to_inactive
FGFR1_4v01_3gql,train,FGFR1,3gql,4v01,275,275,in,out,in,in,4v01,3gql,inactive,active,inactive_to_active
FGFR1_4v01_3gql,train,FGFR1,3gql,4v01,275,275,in,out,in,in,3gql,4v01,active,inactive,active_to_inactive
FGFR1_4v01_4zsa,train,FGFR1,4zsa,4v01,282,275,in,out,in,in,4v01,4zsa,inactive,active,inactive_to_active
FGFR1_4v01_4zsa,train,FGFR1,4zsa,4v01,282,275,in,out,in,in,4zsa,4v01,active,inactive,active_to_inactive
FGFR1_4v01_6c1o,train,FGFR1,6c1o,4v01,280,275,in,out,in,in,4v01,6c1o,inactive,active,inactive_to_active
FGFR1_4v01_6c1o,train,FGFR1,6c1o,4v01,280,275,in,out,in,in,6c1o,4v01,active,inactive,active_to_inactive
FGFR1_4v01_4nks,train,FGFR1,4nks,4v01,271,275,in,out,in,in,4v01,4nks,inactive,active,inactive_to_active
FGFR1_4v01_4nks,train,FGFR1,4nks,4v01,271,275,in,out,in,in,4nks,4v01,active,inactive,active_to_inactive
FGFR1_4v01_5vnd,train,FGFR1,5vnd,4v01,302,275,in,out,in,in,4v01,5vnd,inactive,active,inactive_to_active
FGFR1_4v01_5vnd,train,FGFR1,5vnd,4v01,302,275,in,out,in,in,5vnd,4v01,active,inactive,active_to_inactive
FGFR1_4v01_6itj,train,FGFR1,6itj,4v01,293,275,in,out,in,in,4v01,6itj,inactive,active,inactive_to_active
FGFR1_4v01_6itj,train,FGFR1,6itj,4v01,293,275,in,out,in,in,6itj,4v01,active,inactive,active_to_inactive
FGFR1_4v01_5b7v,train,FGFR1,5b7v,4v01,282,275,in,out,in,in,4v01,5b7v,inactive,active,inactive_to_active
FGFR1_4v01_5b7v,train,FGFR1,5b7v,4v01,282,275,in,out,in,in,5b7v,4v01,active,inactive,active_to_inactive
FGFR1_4v01_5z0s,train,FGFR1,5z0s,4v01,285,275,in,out,in,in,4v01,5z0s,inactive,active,inactive_to_active
FGFR1_4v01_5z0s,train,FGFR1,5z0s,4v01,285,275,in,out,in,in,5z0s,4v01,active,inactive,active_to_inactive
FGFR1_4v01_3c4f,train,FGFR1,3c4f,4v01,290,275,in,out,in,in,4v01,3c4f,inactive,active,inactive_to_active
FGFR1_4v01_3c4f,train,FGFR1,3c4f,4v01,290,275,in,out,in,in,3c4f,4v01,active,inactive,active_to_inactive
FGFR1_4v01_6mzw,train,FGFR1,6mzw,4v01,258,275,in,out,in,in,4v01,6mzw,inactive,active,inactive_to_active
FGFR1_4v01_6mzw,train,FGFR1,6mzw,4v01,258,275,in,out,in,in,6mzw,4v01,active,inactive,active_to_inactive
FGFR1_4v01_3gqi,train,FGFR1,3gqi,4v01,307,275,in,out,in,in,4v01,3gqi,inactive,active,inactive_to_active
FGFR1_4v01_3gqi,train,FGFR1,3gqi,4v01,307,275,in,out,in,in,3gqi,4v01,active,inactive,active_to_inactive
FGFR1_4v01_4uwb,train,FGFR1,4uwb,4v01,299,275,in,out,in,in,4v01,4uwb,inactive,active,inactive_to_active
FGFR1_4v01_4uwb,train,FGFR1,4uwb,4v01,299,275,in,out,in,in,4uwb,4v01,active,inactive,active_to_inactive
FGFR1_4v01_7wcl,train,FGFR1,7wcl,4v01,306,275,in,out,in,in,4v01,7wcl,inactive,active,inactive_to_active
FGFR1_4v01_7wcl,train,FGFR1,7wcl,4v01,306,275,in,out,in,in,7wcl,4v01,active,inactive,active_to_inactive
FGFR1_4v01_4uwy,train,FGFR1,4uwy,4v01,273,275,in,out,in,in,4v01,4uwy,inactive,active,inactive_to_active
FGFR1_4v01_4uwy,train,FGFR1,4uwy,4v01,273,275,in,out,in,in,4uwy,4v01,active,inactive,active_to_inactive
FGFR1_4v01_5am7,train,FGFR1,5am7,4v01,287,275,in,out,in,in,4v01,5am7,inactive,active,inactive_to_active
FGFR1_4v01_5am7,train,FGFR1,5am7,4v01,287,275,in,out,in,in,5am7,4v01,active,inactive,active_to_inactive
FGFR1_4v01_4rwk,train,FGFR1,4rwk,4v01,282,275,in,out,in,in,4v01,4rwk,inactive,active,inactive_to_active
FGFR1_4v01_4rwk,train,FGFR1,4rwk,4v01,282,275,in,out,in,in,4rwk,4v01,active,inactive,active_to_inactive
FGFR1_4v01_3rhx,train,FGFR1,3rhx,4v01,275,275,in,out,in,in,4v01,3rhx,inactive,active,inactive_to_active
FGFR1_4v01_3rhx,train,FGFR1,3rhx,4v01,275,275,in,out,in,in,3rhx,4v01,active,inactive,active_to_inactive
FGFR1_4v01_3wj6,train,FGFR1,3wj6,4v01,277,275,in,out,in,in,4v01,3wj6,inactive,active,inactive_to_active
FGFR1_4v01_3wj6,train,FGFR1,3wj6,4v01,277,275,in,out,in,in,3wj6,4v01,active,inactive,active_to_inactive
FGFR1_4v01_6c18,train,FGFR1,6c18,4v01,255,275,in,out,in,in,4v01,6c18,inactive,active,inactive_to_active
FGFR1_4v01_6c18,train,FGFR1,6c18,4v01,255,275,in,out,in,in,6c18,4v01,active,inactive,active_to_inactive
FGFR1_4v01_5flf,train,FGFR1,5flf,4v01,292,275,in,out,in,in,4v01,5flf,inactive,active,inactive_to_active
FGFR1_4v01_5flf,train,FGFR1,5flf,4v01,292,275,in,out,in,in,5flf,4v01,active,inactive,active_to_inactive
FGFR1_4v01_4wun,train,FGFR1,4wun,4v01,282,275,in,out,in,in,4v01,4wun,inactive,active,inactive_to_active
FGFR1_4v01_4wun,train,FGFR1,4wun,4v01,282,275,in,out,in,in,4wun,4v01,active,inactive,active_to_inactive
FGFR1_4v01_4nka,train,FGFR1,4nka,4v01,287,275,in,out,in,in,4v01,4nka,inactive,active,inactive_to_active
FGFR1_4v01_4nka,train,FGFR1,4nka,4v01,287,275,in,out,in,in,4nka,4v01,active,inactive,active_to_inactive
FGFR1_4v01_6c1c,train,FGFR1,6c1c,4v01,276,275,in,out,in,in,4v01,6c1c,inactive,active,inactive_to_active
FGFR1_4v01_6c1c,train,FGFR1,6c1c,4v01,276,275,in,out,in,in,6c1c,4v01,active,inactive,active_to_inactive
FGFR1_4v01_5am6,train,FGFR1,5am6,4v01,280,275,in,out,in,in,4v01,5am6,inactive,active,inactive_to_active
FGFR1_4v01_5am6,train,FGFR1,5am6,4v01,280,275,in,out,in,in,5am6,4v01,active,inactive,active_to_inactive
FGFR1_4v01_4f64,train,FGFR1,4f64,4v01,278,275,in,out,in,in,4v01,4f64,inactive,active,inactive_to_active
FGFR1_4v01_4f64,train,FGFR1,4f64,4v01,278,275,in,out,in,in,4f64,4v01,active,inactive,active_to_inactive
FGFR1_4v01_5uq0,train,FGFR1,5uq0,4v01,256,275,in,out,in,in,4v01,5uq0,inactive,active,inactive_to_active
FGFR1_4v01_5uq0,train,FGFR1,5uq0,4v01,256,275,in,out,in,in,5uq0,4v01,active,inactive,active_to_inactive
FGFR1_4v01_8jmz,train,FGFR1,8jmz,4v01,306,275,in,out,in,in,4v01,8jmz,inactive,active,inactive_to_active
FGFR1_4v01_8jmz,train,FGFR1,8jmz,4v01,306,275,in,out,in,in,8jmz,4v01,active,inactive,active_to_inactive
FGFR1_4v01_6p68,train,FGFR1,6p68,4v01,287,275,in,out,in,in,4v01,6p68,inactive,active,inactive_to_active
FGFR1_4v01_6p68,train,FGFR1,6p68,4v01,287,275,in,out,in,in,6p68,4v01,active,inactive,active_to_inactive
FGFR1_4v01_6c1b,train,FGFR1,6c1b,4v01,265,275,in,out,in,in,4v01,6c1b,inactive,active,inactive_to_active
FGFR1_4v01_6c1b,train,FGFR1,6c1b,4v01,265,275,in,out,in,in,6c1b,4v01,active,inactive,active_to_inactive
FGFR1_4v01_4rwi,train,FGFR1,4rwi,4v01,280,275,in,out,in,in,4v01,4rwi,inactive,active,inactive_to_active
FGFR1_4v01_4rwi,train,FGFR1,4rwi,4v01,280,275,in,out,in,in,4rwi,4v01,active,inactive,active_to_inactive
FGFR1_4v01_4rwl,train,FGFR1,4rwl,4v01,282,275,in,out,in,in,4v01,4rwl,inactive,active,inactive_to_active
FGFR1_4v01_4rwl,train,FGFR1,4rwl,4v01,282,275,in,out,in,in,4rwl,4v01,active,inactive,active_to_inactive
FGFR1_4v01_1agw,train,FGFR1,1agw,4v01,272,275,in,out,in,in,4v01,1agw,inactive,active,inactive_to_active
FGFR1_4v01_1agw,train,FGFR1,1agw,4v01,272,275,in,out,in,in,1agw,4v01,active,inactive,active_to_inactive
FGFR1_4v01_5a4c,train,FGFR1,5a4c,4v01,286,275,in,out,in,in,4v01,5a4c,inactive,active,inactive_to_active
FGFR1_4v01_5a4c,train,FGFR1,5a4c,4v01,286,275,in,out,in,in,5a4c,4v01,active,inactive,active_to_inactive
FGFR1_4v01_6nvl,train,FGFR1,6nvl,4v01,265,275,in,out,in,in,4v01,6nvl,inactive,active,inactive_to_active
FGFR1_4v01_6nvl,train,FGFR1,6nvl,4v01,265,275,in,out,in,in,6nvl,4v01,active,inactive,active_to_inactive
FGFR1_4v01_5o49,train,FGFR1,5o49,4v01,286,275,in,out,in,in,4v01,5o49,inactive,active,inactive_to_active
FGFR1_4v01_5o49,train,FGFR1,5o49,4v01,286,275,in,out,in,in,5o49,4v01,active,inactive,active_to_inactive
FGFR1_4v01_1fgi,train,FGFR1,1fgi,4v01,272,275,in,out,in,in,4v01,1fgi,inactive,active,inactive_to_active
FGFR1_4v01_1fgi,train,FGFR1,1fgi,4v01,272,275,in,out,in,in,1fgi,4v01,active,inactive,active_to_inactive
FGFR1_4v01_6c19,train,FGFR1,6c19,4v01,276,275,in,out,in,in,4v01,6c19,inactive,active,inactive_to_active
FGFR1_4v01_6c19,train,FGFR1,6c19,4v01,276,275,in,out,in,in,6c19,4v01,active,inactive,active_to_inactive
FGFR1_4v01_5o4a,train,FGFR1,5o4a,4v01,291,275,in,out,in,in,4v01,5o4a,inactive,active,inactive_to_active
FGFR1_4v01_5o4a,train,FGFR1,5o4a,4v01,291,275,in,out,in,in,5o4a,4v01,active,inactive,active_to_inactive
FGFR1_4v01_6mzq,train,FGFR1,6mzq,4v01,260,275,in,out,in,in,4v01,6mzq,inactive,active,inactive_to_active
FGFR1_4v01_6mzq,train,FGFR1,6mzq,4v01,260,275,in,out,in,in,6mzq,4v01,active,inactive,active_to_inactive
FGFR1_4v01_4uwc,train,FGFR1,4uwc,4v01,301,275,in,out,in,in,4v01,4uwc,inactive,active,inactive_to_active
FGFR1_4v01_4uwc,train,FGFR1,4uwc,4v01,301,275,in,out,in,in,4uwc,4v01,active,inactive,active_to_inactive
FGFR1_4v01_7ozf,train,FGFR1,7ozf,4v01,288,275,in,out,in,in,4v01,7ozf,inactive,active,inactive_to_active
FGFR1_4v01_7ozf,train,FGFR1,7ozf,4v01,288,275,in,out,in,in,7ozf,4v01,active,inactive,active_to_inactive
FGFR1_4v01_6p69,train,FGFR1,6p69,4v01,286,275,in,out,in,in,4v01,6p69,inactive,active,inactive_to_active
FGFR1_4v01_6p69,train,FGFR1,6p69,4v01,286,275,in,out,in,in,6p69,4v01,active,inactive,active_to_inactive
FGFR1_4v01_4f63,train,FGFR1,4f63,4v01,271,275,in,out,in,in,4v01,4f63,inactive,active,inactive_to_active
FGFR1_4v01_4f63,train,FGFR1,4f63,4v01,271,275,in,out,in,in,4f63,4v01,active,inactive,active_to_inactive
FGFR1_4v01_2fgi,train,FGFR1,2fgi,4v01,274,275,in,out,in,in,4v01,2fgi,inactive,active,inactive_to_active
FGFR1_4v01_2fgi,train,FGFR1,2fgi,4v01,274,275,in,out,in,in,2fgi,4v01,active,inactive,active_to_inactive
FGFR1_4v01_4v05,train,FGFR1,4v05,4v01,287,275,in,out,in,in,4v01,4v05,inactive,active,inactive_to_active
FGFR1_4v01_4v05,train,FGFR1,4v05,4v01,287,275,in,out,in,in,4v05,4v01,active,inactive,active_to_inactive
FGFR1_4v01_5a46,train,FGFR1,5a46,4v01,297,275,in,out,in,in,4v01,5a46,inactive,active,inactive_to_active
FGFR1_4v01_5a46,train,FGFR1,5a46,4v01,297,275,in,out,in,in,5a46,4v01,active,inactive,active_to_inactive
FGFR1_4v01_5ew8,train,FGFR1,5ew8,4v01,290,275,in,out,in,in,4v01,5ew8,inactive,active,inactive_to_active
FGFR1_4v01_5ew8,train,FGFR1,5ew8,4v01,290,275,in,out,in,in,5ew8,4v01,active,inactive,active_to_inactive
KIT_6gql_7khj,val,KIT,7khj,6gql,288,298,in,out,in,in,6gql,7khj,inactive,active,inactive_to_active
KIT_6gql_7khj,val,KIT,7khj,6gql,288,298,in,out,in,in,7khj,6gql,active,inactive,active_to_inactive
KIT_6xv9_8pqf,val,KIT,8pqf,6xv9,294,292,in,out,in,in,6xv9,8pqf,inactive,active,inactive_to_active
KIT_6xv9_8pqf,val,KIT,8pqf,6xv9,294,292,in,out,in,in,8pqf,6xv9,active,inactive,active_to_inactive
KIT_4hvs_8pqd,val,KIT,8pqd,4hvs,297,326,in,out,in,in,4hvs,8pqd,inactive,active,inactive_to_active
KIT_4hvs_8pqd,val,KIT,8pqd,4hvs,297,326,in,out,in,in,8pqd,4hvs,active,inactive,active_to_inactive
KIT_6mob_8pqb,val,KIT,8pqb,6mob,280,306,in,out,in,in,6mob,8pqb,inactive,active,inactive_to_active
KIT_6mob_8pqb,val,KIT,8pqb,6mob,280,306,in,out,in,in,8pqb,6mob,active,inactive,active_to_inactive
KIT_6xva_8pq9,val,KIT,8pq9,6xva,296,288,in,out,in,in,6xva,8pq9,inactive,active,inactive_to_active
KIT_6xva_8pq9,val,KIT,8pq9,6xva,296,288,in,out,in,in,8pq9,6xva,active,inactive,active_to_inactive
KIT_8pqe_1pkg,val,KIT,1pkg,8pqe,279,277,in,na,in,in,8pqe,1pkg,inactive,active,inactive_to_active
KIT_8pqe_1pkg,val,KIT,1pkg,8pqe,279,277,in,na,in,in,1pkg,8pqe,active,inactive,active_to_inactive
KIT_4u0i_7khk,val,KIT,7khk,4u0i,291,297,in,out,in,in,4u0i,7khk,inactive,active,inactive_to_active
KIT_4u0i_7khk,val,KIT,7khk,4u0i,291,297,in,out,in,in,7khk,4u0i,active,inactive,active_to_inactive
KIT_6hh1_8pqg,val,KIT,8pqg,6hh1,292,303,in,out,in,in,6hh1,8pqg,inactive,active,inactive_to_active
KIT_6hh1_8pqg,val,KIT,8pqg,6hh1,292,303,in,out,in,in,8pqg,6hh1,active,inactive,active_to_inactive
KIT_6itv_8pqa,val,KIT,8pqa,6itv,293,298,in,out,in,in,6itv,8pqa,inactive,active,inactive_to_active
KIT_6itv_8pqa,val,KIT,8pqa,6itv,293,298,in,out,in,in,8pqa,6itv,active,inactive,active_to_inactive
KIT_7zw8_8pqc,val,KIT,8pqc,7zw8,297,301,in,out,in,in,7zw8,8pqc,inactive,active,inactive_to_active
KIT_7zw8_8pqc,val,KIT,8pqc,7zw8,297,301,in,out,in,in,8pqc,7zw8,active,inactive,active_to_inactive
KIT_6kla_7khj,val,KIT,7khj,6kla,288,309,in,out,in,in,6kla,7khj,inactive,active,inactive_to_active
KIT_6kla_7khj,val,KIT,7khj,6kla,288,309,in,out,in,in,7khj,6kla,active,inactive,active_to_inactive
KIT_3g0f_8pqf,val,KIT,8pqf,3g0f,294,291,in,out,in,in,3g0f,8pqf,inactive,active,inactive_to_active
KIT_3g0f_8pqf,val,KIT,8pqf,3g0f,294,291,in,out,in,in,8pqf,3g0f,active,inactive,active_to_inactive
KIT_8dfm_8pqd,val,KIT,8pqd,8dfm,297,441,in,out-like,in,out,8dfm,8pqd,inactive,active,inactive_to_active
KIT_8dfm_8pqd,val,KIT,8pqd,8dfm,297,441,in,out-like,in,out,8pqd,8dfm,active,inactive,active_to_inactive
KIT_6gqm_8pqb,val,KIT,8pqb,6gqm,280,288,in,out,in,in,6gqm,8pqb,inactive,active,inactive_to_active
KIT_6gqm_8pqb,val,KIT,8pqb,6gqm,280,288,in,out,in,in,8pqb,6gqm,active,inactive,active_to_inactive
KIT_7khg_8pq9,val,KIT,8pq9,7khg,296,327,in,out,in,in,7khg,8pq9,inactive,active,inactive_to_active
KIT_7khg_8pq9,val,KIT,8pq9,7khg,296,327,in,out,in,in,8pq9,7khg,active,inactive,active_to_inactive
KIT_6gqj_1pkg,val,KIT,1pkg,6gqj,279,298,in,out,in,in,6gqj,1pkg,inactive,active,inactive_to_active
KIT_6gqj_1pkg,val,KIT,1pkg,6gqj,279,298,in,out,in,in,1pkg,6gqj,active,inactive,active_to_inactive
KIT_8dfq_7khk,val,KIT,7khk,8dfq,291,438,in,out-like,in,out,8dfq,7khk,inactive,active,inactive_to_active
KIT_8dfq_7khk,val,KIT,7khk,8dfq,291,438,in,out-like,in,out,7khk,8dfq,active,inactive,active_to_inactive
KIT_1t45_8pqg,val,KIT,8pqg,1t45,292,331,in,out,in,in,1t45,8pqg,inactive,active,inactive_to_active
KIT_1t45_8pqg,val,KIT,8pqg,1t45,292,331,in,out,in,in,8pqg,1t45,active,inactive,active_to_inactive
KIT_1t46_8pqa,val,KIT,8pqa,1t46,293,297,in,out,in,in,1t46,8pqa,inactive,active,inactive_to_active
KIT_1t46_8pqa,val,KIT,8pqa,1t46,293,297,in,out,in,in,8pqa,1t46,active,inactive,active_to_inactive
KIT_8dfp_8pqc,val,KIT,8pqc,8dfp,297,438,in,out,in,out,8dfp,8pqc,inactive,active,inactive_to_active
KIT_8dfp_8pqc,val,KIT,8pqc,8dfp,297,438,in,out,in,out,8pqc,8dfp,active,inactive,active_to_inactive
KIT_7zy6_7khj,val,KIT,7khj,7zy6,288,293,in,out,in,in,7zy6,7khj,inactive,active,inactive_to_active
KIT_7zy6_7khj,val,KIT,7khj,7zy6,288,293,in,out,in,in,7khj,7zy6,active,inactive,active_to_inactive
KIT_6gqk_8pqf,val,KIT,8pqf,6gqk,294,293,in,out,in,in,6gqk,8pqf,inactive,active,inactive_to_active
KIT_6gqk_8pqf,val,KIT,8pqf,6gqk,294,293,in,out,in,in,8pqf,6gqk,active,inactive,active_to_inactive
KIT_6itt_8pqd,val,KIT,8pqd,6itt,297,297,in,out,in,in,6itt,8pqd,inactive,active,inactive_to_active
KIT_6itt_8pqd,val,KIT,8pqd,6itt,297,297,in,out,in,in,8pqd,6itt,active,inactive,active_to_inactive
KIT_6gql_8pqb,val,KIT,8pqb,6gql,280,298,in,out,in,in,6gql,8pqb,inactive,active,inactive_to_active
KIT_6gql_8pqb,val,KIT,8pqb,6gql,280,298,in,out,in,in,8pqb,6gql,active,inactive,active_to_inactive
KIT_6xv9_8pq9,val,KIT,8pq9,6xv9,296,292,in,out,in,in,6xv9,8pq9,inactive,active,inactive_to_active
KIT_6xv9_8pq9,val,KIT,8pq9,6xv9,296,292,in,out,in,in,8pq9,6xv9,active,inactive,active_to_inactive
MET_2rfs_7b3w,val,MET,7b3w,2rfs,259,264,in,in,na,out,2rfs,7b3w,inactive,active,inactive_to_active
MET_2rfs_7b3w,val,MET,7b3w,2rfs,259,264,in,in,na,out,7b3w,2rfs,active,inactive,active_to_inactive
MET_5uab_3r7o,val,MET,3r7o,5uab,301,288,in,in,in,out,5uab,3r7o,inactive,active,inactive_to_active
MET_5uab_3r7o,val,MET,3r7o,5uab,301,288,in,in,in,out,3r7o,5uab,active,inactive,active_to_inactive
MET_4r1y_4iwd,val,MET,4iwd,4r1y,302,265,in,in,in,out,4r1y,4iwd,inactive,active,inactive_to_active
MET_4r1y_4iwd,val,MET,4iwd,4r1y,302,265,in,in,in,out,4iwd,4r1y,active,inactive,active_to_inactive
MET_6sd9_3efk,val,MET,3efk,6sd9,276,265,in,out,in,in,6sd9,3efk,inactive,active,inactive_to_active
MET_6sd9_3efk,val,MET,3efk,6sd9,276,265,in,out,in,in,3efk,6sd9,active,inactive,active_to_inactive
MET_4gg5_3q6w,val,MET,3q6w,4gg5,299,274,in,in,in,out,4gg5,3q6w,inactive,active,inactive_to_active
MET_4gg5_3q6w,val,MET,3q6w,4gg5,299,274,in,in,in,out,3q6w,4gg5,active,inactive,active_to_inactive
MET_3efj_3q6u,val,MET,3q6u,3efj,288,276,in,na,in,out,3efj,3q6u,inactive,active,inactive_to_active
MET_3efj_3q6u,val,MET,3q6u,3efj,288,276,in,na,in,out,3q6u,3efj,active,inactive,active_to_inactive
MET_8ans_7b3w,val,MET,7b3w,8ans,259,277,in,out,na,in,8ans,7b3w,inactive,active,inactive_to_active
MET_8ans_7b3w,val,MET,7b3w,8ans,259,277,in,out,na,in,7b3w,8ans,active,inactive,active_to_inactive
MET_8ouu_3r7o,val,MET,3r7o,8ouu,301,284,in,out,in,out,8ouu,3r7o,inactive,active,inactive_to_active
MET_8ouu_3r7o,val,MET,3r7o,8ouu,301,284,in,out,in,out,3r7o,8ouu,active,inactive,active_to_inactive
MET_5hor_4iwd,val,MET,4iwd,5hor,302,247,in,in,in,out,5hor,4iwd,inactive,active,inactive_to_active
MET_5hor_4iwd,val,MET,4iwd,5hor,302,247,in,in,in,out,4iwd,5hor,active,inactive,active_to_inactive
MET_8au3_3efk,val,MET,3efk,8au3,276,285,in,in,in,out,8au3,3efk,inactive,active,inactive_to_active
MET_8au3_3efk,val,MET,3efk,8au3,276,285,in,in,in,out,3efk,8au3,active,inactive,active_to_inactive
MET_7b3v_3q6w,val,MET,3q6w,7b3v,299,274,in,in,in,out,7b3v,3q6w,inactive,active,inactive_to_active
MET_7b3v_3q6w,val,MET,3q6w,7b3v,299,274,in,in,in,out,3q6w,7b3v,active,inactive,active_to_inactive
MET_2rfn_3q6u,val,MET,3q6u,2rfn,288,268,in,na,in,out,2rfn,3q6u,inactive,active,inactive_to_active
MET_2rfn_3q6u,val,MET,3q6u,2rfn,288,268,in,na,in,out,3q6u,2rfn,active,inactive,active_to_inactive
MET_3lq8_7b3w,val,MET,7b3w,3lq8,259,278,in,out,na,in,3lq8,7b3w,inactive,active,inactive_to_active
MET_3lq8_7b3w,val,MET,7b3w,3lq8,259,278,in,out,na,in,7b3w,3lq8,active,inactive,active_to_inactive
MET_4knb_3r7o,val,MET,3r7o,4knb,301,275,in,in,in,out,4knb,3r7o,inactive,active,inactive_to_active
MET_4knb_3r7o,val,MET,3r7o,4knb,301,275,in,in,in,out,3r7o,4knb,active,inactive,active_to_inactive
MET_3zxz_4iwd,val,MET,4iwd,3zxz,302,289,in,in,in,out,3zxz,4iwd,inactive,active,inactive_to_active
MET_3zxz_4iwd,val,MET,4iwd,3zxz,302,289,in,in,in,out,4iwd,3zxz,active,inactive,active_to_inactive
MET_2wkm_3efk,val,MET,3efk,2wkm,276,286,in,in,in,out,2wkm,3efk,inactive,active,inactive_to_active
MET_2wkm_3efk,val,MET,3efk,2wkm,276,286,in,in,in,out,3efk,2wkm,active,inactive,active_to_inactive
MET_2g15_3q6w,val,MET,3q6w,2g15,299,301,in,in,in,out,2g15,3q6w,inactive,active,inactive_to_active
MET_2g15_3q6w,val,MET,3q6w,2g15,299,301,in,in,in,out,3q6w,2g15,active,inactive,active_to_inactive
MET_2wgj_3q6u,val,MET,3q6u,2wgj,288,289,in,in,in,out,2wgj,3q6u,inactive,active,inactive_to_active
MET_2wgj_3q6u,val,MET,3q6u,2wgj,288,289,in,in,in,out,3q6u,2wgj,active,inactive,active_to_inactive
MET_1r0p_7b3w,val,MET,7b3w,1r0p,259,301,in,in,na,out,1r0p,7b3w,inactive,active,inactive_to_active
MET_1r0p_7b3w,val,MET,7b3w,1r0p,259,301,in,in,na,out,7b3w,1r0p,active,inactive,active_to_inactive
MET_7v3s_3r7o,val,MET,3r7o,7v3s,301,284,in,out,in,in,7v3s,3r7o,inactive,active,inactive_to_active
MET_7v3s_3r7o,val,MET,3r7o,7v3s,301,284,in,out,in,in,3r7o,7v3s,active,inactive,active_to_inactive
MET_3u6h_4iwd,val,MET,4iwd,3u6h,302,280,in,in,in,out,3u6h,4iwd,inactive,active,inactive_to_active
MET_3u6h_4iwd,val,MET,4iwd,3u6h,302,280,in,in,in,out,4iwd,3u6h,active,inactive,active_to_inactive
MET_3l8v_3efk,val,MET,3efk,3l8v,276,293,in,out,in,in,3l8v,3efk,inactive,active,inactive_to_active
MET_3l8v_3efk,val,MET,3efk,3l8v,276,293,in,out,in,in,3efk,3l8v,active,inactive,active_to_inactive
MET_8owg_3q6w,val,MET,3q6w,8owg,299,244,in,out,in,out,8owg,3q6w,inactive,active,inactive_to_active
MET_8owg_3q6w,val,MET,3q6w,8owg,299,244,in,out,in,out,3q6w,8owg,active,inactive,active_to_inactive
MET_8ow3_3q6u,val,MET,3q6u,8ow3,288,258,in,out,in,out,8ow3,3q6u,inactive,active,inactive_to_active
MET_8ow3_3q6u,val,MET,3q6u,8ow3,288,258,in,out,in,out,3q6u,8ow3,active,inactive,active_to_inactive
MET_7b42_7b3w,val,MET,7b3w,7b42,259,279,in,in,na,out,7b42,7b3w,inactive,active,inactive_to_active
MET_7b42_7b3w,val,MET,7b3w,7b42,259,279,in,in,na,out,7b3w,7b42,active,inactive,active_to_inactive
MET_8ouv_3r7o,val,MET,3r7o,8ouv,301,294,in,out,in,out,8ouv,3r7o,inactive,active,inactive_to_active
MET_8ouv_3r7o,val,MET,3r7o,8ouv,301,294,in,out,in,out,3r7o,8ouv,active,inactive,active_to_inactive
MET_5uad_4iwd,val,MET,4iwd,5uad,302,291,in,in,in,out,5uad,4iwd,inactive,active,inactive_to_active
MET_5uad_4iwd,val,MET,4iwd,5uad,302,291,in,in,in,out,4iwd,5uad,active,inactive,active_to_inactive
MET_7v3r_3efk,val,MET,3efk,7v3r,276,285,in,out,in,in,7v3r,3efk,inactive,active,inactive_to_active
MET_7v3r_3efk,val,MET,3efk,7v3r,276,285,in,out,in,in,3efk,7v3r,active,inactive,active_to_inactive
MET_4ap7_3q6w,val,MET,3q6w,4ap7,299,289,in,in,in,out,4ap7,3q6w,inactive,active,inactive_to_active
MET_4ap7_3q6w,val,MET,3q6w,4ap7,299,289,in,in,in,out,3q6w,4ap7,active,inactive,active_to_inactive
MET_7b3t_3q6u,val,MET,3q6u,7b3t,288,261,in,in,in,out,7b3t,3q6u,inactive,active,inactive_to_active
MET_7b3t_3q6u,val,MET,3q6u,7b3t,288,261,in,in,in,out,3q6u,7b3t,active,inactive,active_to_inactive
MET_8aw1_7b3w,val,MET,7b3w,8aw1,259,263,in,in,na,out,8aw1,7b3w,inactive,active,inactive_to_active
MET_8aw1_7b3w,val,MET,7b3w,8aw1,259,263,in,in,na,out,7b3w,8aw1,active,inactive,active_to_inactive
MET_7b3z_3r7o,val,MET,3r7o,7b3z,301,277,in,in,in,out,7b3z,3r7o,inactive,active,inactive_to_active
MET_7b3z_3r7o,val,MET,3r7o,7b3z,301,277,in,in,in,out,3r7o,7b3z,active,inactive,active_to_inactive
MET_3i5n_4iwd,val,MET,4iwd,3i5n,302,280,in,in,in,out,3i5n,4iwd,inactive,active,inactive_to_active
MET_3i5n_4iwd,val,MET,4iwd,3i5n,302,280,in,in,in,out,4iwd,3i5n,active,inactive,active_to_inactive
MET_3qti_3efk,val,MET,3efk,3qti,276,292,in,in,in,out,3qti,3efk,inactive,active,inactive_to_active
MET_3qti_3efk,val,MET,3efk,3qti,276,292,in,in,in,out,3efk,3qti,active,inactive,active_to_inactive
MET_5hti_3q6w,val,MET,3q6w,5hti,299,290,in,out,in,in,5hti,3q6w,inactive,active,inactive_to_active
MET_5hti_3q6w,val,MET,3q6w,5hti,299,290,in,out,in,in,3q6w,5hti,active,inactive,active_to_inactive
MET_4deg_3q6u,val,MET,3q6u,4deg,288,286,in,in,in,out,4deg,3q6u,inactive,active,inactive_to_active
MET_4deg_3q6u,val,MET,3q6u,4deg,288,286,in,in,in,out,3q6u,4deg,active,inactive,active_to_inactive
MET_8ov7_7b3w,val,MET,7b3w,8ov7,259,289,in,out,na,in,8ov7,7b3w,inactive,active,inactive_to_active
MET_8ov7_7b3w,val,MET,7b3w,8ov7,259,289,in,out,na,in,7b3w,8ov7,active,inactive,active_to_inactive
MET_3vw8_3r7o,val,MET,3r7o,3vw8,301,303,in,out,in,in,3vw8,3r7o,inactive,active,inactive_to_active
MET_3vw8_3r7o,val,MET,3r7o,3vw8,301,303,in,out,in,in,3r7o,3vw8,active,inactive,active_to_inactive
MET_8ovz_4iwd,val,MET,4iwd,8ovz,302,286,in,out,in,out,8ovz,4iwd,inactive,active,inactive_to_active
MET_8ovz_4iwd,val,MET,4iwd,8ovz,302,286,in,out,in,out,4iwd,8ovz,active,inactive,active_to_inactive
MET_7y4t_3efk,val,MET,3efk,7y4t,276,281,in,in,in,out,7y4t,3efk,inactive,active,inactive_to_active
MET_7y4t_3efk,val,MET,3efk,7y4t,276,281,in,in,in,out,3efk,7y4t,active,inactive,active_to_inactive
MET_8an8_3q6w,val,MET,3q6w,8an8,299,244,in,out,in,in,8an8,3q6w,inactive,active,inactive_to_active
MET_8an8_3q6w,val,MET,3q6w,8an8,299,244,in,out,in,in,3q6w,8an8,active,inactive,active_to_inactive
MET_3f82_3q6u,val,MET,3q6u,3f82,288,278,in,out,in,in,3f82,3q6u,inactive,active,inactive_to_active
MET_3f82_3q6u,val,MET,3q6u,3f82,288,278,in,out,in,in,3q6u,3f82,active,inactive,active_to_inactive
MET_4deh_7b3w,val,MET,7b3w,4deh,259,286,in,in,na,out,4deh,7b3w,inactive,active,inactive_to_active
MET_4deh_7b3w,val,MET,7b3w,4deh,259,286,in,in,na,out,7b3w,4deh,active,inactive,active_to_inactive
MET_5uaf_3r7o,val,MET,3r7o,5uaf,301,291,in,in,in,out,5uaf,3r7o,inactive,active,inactive_to_active
MET_5uaf_3r7o,val,MET,3r7o,5uaf,301,291,in,in,in,out,3r7o,5uaf,active,inactive,active_to_inactive
MET_3u6i_4iwd,val,MET,4iwd,3u6i,302,281,in,in,in,out,3u6i,4iwd,inactive,active,inactive_to_active
MET_3u6i_4iwd,val,MET,4iwd,3u6i,302,281,in,in,in,out,4iwd,3u6i,active,inactive,active_to_inactive
MET_3zbx_3efk,val,MET,3efk,3zbx,276,282,in,in,in,out,3zbx,3efk,inactive,active,inactive_to_active
MET_3zbx_3efk,val,MET,3efk,3zbx,276,282,in,in,in,out,3efk,3zbx,active,inactive,active_to_inactive
MET_3zc5_3q6w,val,MET,3q6w,3zc5,299,289,in,in,in,out,3zc5,3q6w,inactive,active,inactive_to_active
MET_3zc5_3q6w,val,MET,3q6w,3zc5,299,289,in,in,in,out,3q6w,3zc5,active,inactive,active_to_inactive
MET_5eob_3q6u,val,MET,3q6u,5eob,288,288,in,in,in,out,5eob,3q6u,inactive,active,inactive_to_active
MET_5eob_3q6u,val,MET,3q6u,5eob,288,288,in,in,in,out,3q6u,5eob,active,inactive,active_to_inactive
MET_5eyd_7b3w,val,MET,7b3w,5eyd,259,289,in,in,na,out,5eyd,7b3w,inactive,active,inactive_to_active
MET_5eyd_7b3w,val,MET,7b3w,5eyd,259,289,in,in,na,out,7b3w,5eyd,active,inactive,active_to_inactive
MET_9c1r_3r7o,val,MET,3r7o,9c1r,301,285,in,out,in,in,9c1r,3r7o,inactive,active,inactive_to_active
MET_9c1r_3r7o,val,MET,3r7o,9c1r,301,285,in,out,in,in,3r7o,9c1r,active,inactive,active_to_inactive
MET_3dkg_4iwd,val,MET,4iwd,3dkg,302,281,in,in,in,out,3dkg,4iwd,inactive,active,inactive_to_active
MET_3dkg_4iwd,val,MET,4iwd,3dkg,302,281,in,in,in,out,4iwd,3dkg,active,inactive,active_to_inactive
MET_4gg7_3efk,val,MET,3efk,4gg7,276,278,in,in,in,out,4gg7,3efk,inactive,active,inactive_to_active
MET_4gg7_3efk,val,MET,3efk,4gg7,276,278,in,in,in,out,3efk,4gg7,active,inactive,active_to_inactive
MET_3zze_3q6w,val,MET,3q6w,3zze,299,286,in,in,in,out,3zze,3q6w,inactive,active,inactive_to_active
MET_3zze_3q6w,val,MET,3q6w,3zze,299,286,in,in,in,out,3q6w,3zze,active,inactive,active_to_inactive
MET_6sde_3q6u,val,MET,3q6u,6sde,288,268,in,in,in,out,6sde,3q6u,inactive,active,inactive_to_active
MET_6sde_3q6u,val,MET,3q6u,6sde,288,268,in,in,in,out,3q6u,6sde,active,inactive,active_to_inactive
MET_6ubw_7b3w,val,MET,7b3w,6ubw,259,296,in,in,na,out,6ubw,7b3w,inactive,active,inactive_to_active
MET_6ubw_7b3w,val,MET,7b3w,6ubw,259,296,in,in,na,out,7b3w,6ubw,active,inactive,active_to_inactive
MET_3f66_3r7o,val,MET,3r7o,3f66,301,271,in,in,in,out,3f66,3r7o,inactive,active,inactive_to_active
MET_3f66_3r7o,val,MET,3r7o,3f66,301,271,in,in,in,out,3r7o,3f66,active,inactive,active_to_inactive
MET_5t3q_4iwd,val,MET,4iwd,5t3q,302,278,in,na,in,out,5t3q,4iwd,inactive,active,inactive_to_active
MET_5t3q_4iwd,val,MET,4iwd,5t3q,302,278,in,na,in,out,4iwd,5t3q,active,inactive,active_to_inactive
MET_4xmo_3efk,val,MET,3efk,4xmo,276,289,in,in,in,out,4xmo,3efk,inactive,active,inactive_to_active
MET_4xmo_3efk,val,MET,3efk,4xmo,276,289,in,in,in,out,3efk,4xmo,active,inactive,active_to_inactive
MET_5hoa_3q6w,val,MET,3q6w,5hoa,299,225,in,in,in,out,5hoa,3q6w,inactive,active,inactive_to_active
MET_5hoa_3q6w,val,MET,3q6w,5hoa,299,225,in,in,in,out,3q6w,5hoa,active,inactive,active_to_inactive
MET_8au5_3q6u,val,MET,3q6u,8au5,288,265,in,in,in,out,8au5,3q6u,inactive,active,inactive_to_active
MET_8au5_3q6u,val,MET,3q6u,8au5,288,265,in,in,in,out,3q6u,8au5,active,inactive,active_to_inactive
MET_5hni_7b3w,val,MET,7b3w,5hni,259,245,in,in,na,out,5hni,7b3w,inactive,active,inactive_to_active
MET_5hni_7b3w,val,MET,7b3w,5hni,259,245,in,in,na,out,7b3w,5hni,active,inactive,active_to_inactive
MET_1r1w_3r7o,val,MET,3r7o,1r1w,301,287,in,in,in,out,1r1w,3r7o,inactive,active,inactive_to_active
MET_1r1w_3r7o,val,MET,3r7o,1r1w,301,287,in,in,in,out,3r7o,1r1w,active,inactive,active_to_inactive
MET_4mxc_4iwd,val,MET,4iwd,4mxc,302,290,in,out,in,in,4mxc,4iwd,inactive,active,inactive_to_active
MET_4mxc_4iwd,val,MET,4iwd,4mxc,302,290,in,out,in,in,4iwd,4mxc,active,inactive,active_to_inactive
MET_6sdc_3efk,val,MET,3efk,6sdc,276,286,in,out,in,in,6sdc,3efk,inactive,active,inactive_to_active
MET_6sdc_3efk,val,MET,3efk,6sdc,276,286,in,out,in,in,3efk,6sdc,active,inactive,active_to_inactive
MET_3a4p_3q6w,val,MET,3q6w,3a4p,299,285,in,in,in,out,3a4p,3q6w,inactive,active,inactive_to_active
MET_3a4p_3q6w,val,MET,3q6w,3a4p,299,285,in,in,in,out,3q6w,3a4p,active,inactive,active_to_inactive
MET_4xyf_3q6u,val,MET,3q6u,4xyf,288,290,in,in,in,out,4xyf,3q6u,inactive,active,inactive_to_active
MET_4xyf_3q6u,val,MET,3q6u,4xyf,288,290,in,in,in,out,3q6u,4xyf,active,inactive,active_to_inactive
MET_7b3q_7b3w,val,MET,7b3w,7b3q,259,283,in,in,na,out,7b3q,7b3w,inactive,active,inactive_to_active
MET_7b3q_7b3w,val,MET,7b3w,7b3q,259,283,in,in,na,out,7b3w,7b3q,active,inactive,active_to_inactive
MET_4r1v_3r7o,val,MET,3r7o,4r1v,301,292,in,in,in,out,4r1v,3r7o,inactive,active,inactive_to_active
MET_4r1v_3r7o,val,MET,3r7o,4r1v,301,292,in,in,in,out,3r7o,4r1v,active,inactive,active_to_inactive
MET_2wd1_4iwd,val,MET,4iwd,2wd1,302,291,in,in,in,out,2wd1,4iwd,inactive,active,inactive_to_active
MET_2wd1_4iwd,val,MET,4iwd,2wd1,302,291,in,in,in,out,4iwd,2wd1,active,inactive,active_to_inactive
MET_7b40_3efk,val,MET,3efk,7b40,276,279,in,in,in,out,7b40,3efk,inactive,active,inactive_to_active
MET_7b40_3efk,val,MET,3efk,7b40,276,279,in,in,in,out,3efk,7b40,active,inactive,active_to_inactive
MET_3dkc_3q6w,val,MET,3q6w,3dkc,299,312,in,in,in,out,3dkc,3q6w,inactive,active,inactive_to_active
MET_3dkc_3q6w,val,MET,3q6w,3dkc,299,312,in,in,in,out,3q6w,3dkc,active,inactive,active_to_inactive
MET_7b44_3q6u,val,MET,3q6u,7b44,288,282,in,in,in,out,7b44,3q6u,inactive,active,inactive_to_active
MET_7b44_3q6u,val,MET,3q6u,7b44,288,282,in,in,in,out,3q6u,7b44,active,inactive,active_to_inactive
MET_3cth_7b3w,val,MET,7b3w,3cth,259,295,in,out,na,in,3cth,7b3w,inactive,active,inactive_to_active
MET_3cth_7b3w,val,MET,7b3w,3cth,259,295,in,out,na,in,7b3w,3cth,active,inactive,active_to_inactive
MET_3zcl_3r7o,val,MET,3r7o,3zcl,301,289,in,in,in,out,3zcl,3r7o,inactive,active,inactive_to_active
MET_3zcl_3r7o,val,MET,3r7o,3zcl,301,289,in,in,in,out,3r7o,3zcl,active,inactive,active_to_inactive
MET_7y4u_4iwd,val,MET,4iwd,7y4u,302,281,in,in,in,out,7y4u,4iwd,inactive,active,inactive_to_active
MET_7y4u_4iwd,val,MET,4iwd,7y4u,302,281,in,in,in,out,4iwd,7y4u,active,inactive,active_to_inactive
MET_7b43_3efk,val,MET,3efk,7b43,276,277,in,in,in,out,7b43,3efk,inactive,active,inactive_to_active
MET_7b43_3efk,val,MET,3efk,7b43,276,277,in,in,in,out,3efk,7b43,active,inactive,active_to_inactive
MET_3c1x_3q6w,val,MET,3q6w,3c1x,299,290,in,out,in,in,3c1x,3q6w,inactive,active,inactive_to_active
MET_3c1x_3q6w,val,MET,3q6w,3c1x,299,290,in,out,in,in,3q6w,3c1x,active,inactive,active_to_inactive
MET_3rhk_3q6u,val,MET,3q6u,3rhk,288,298,in,out,in,out,3rhk,3q6u,inactive,active,inactive_to_active
MET_3rhk_3q6u,val,MET,3q6u,3rhk,288,298,in,out,in,out,3q6u,3rhk,active,inactive,active_to_inactive
MET_5dg5_7b3w,val,MET,7b3w,5dg5,259,297,in,out,na,in,5dg5,7b3w,inactive,active,inactive_to_active
MET_5dg5_7b3w,val,MET,7b3w,5dg5,259,297,in,out,na,in,7b3w,5dg5,active,inactive,active_to_inactive
MET_8gvj_3r7o,val,MET,3r7o,8gvj,301,285,in,in,in,out,8gvj,3r7o,inactive,active,inactive_to_active
MET_8gvj_3r7o,val,MET,3r7o,8gvj,301,285,in,in,in,out,3r7o,8gvj,active,inactive,active_to_inactive
MET_7b41_4iwd,val,MET,4iwd,7b41,302,281,in,in,in,out,7b41,4iwd,inactive,active,inactive_to_active
MET_7b41_4iwd,val,MET,4iwd,7b41,302,281,in,in,in,out,4iwd,7b41,active,inactive,active_to_inactive
MET_4eev_3efk,val,MET,3efk,4eev,276,283,in,out,in,in,4eev,3efk,inactive,active,inactive_to_active
MET_4eev_3efk,val,MET,3efk,4eev,276,283,in,out,in,in,3efk,4eev,active,inactive,active_to_inactive
MET_2rfs_3q6w,val,MET,3q6w,2rfs,299,264,in,in,in,out,2rfs,3q6w,inactive,active,inactive_to_active
MET_2rfs_3q6w,val,MET,3q6w,2rfs,299,264,in,in,in,out,3q6w,2rfs,active,inactive,active_to_inactive
MET_5uab_3q6u,val,MET,3q6u,5uab,288,288,in,in,in,out,5uab,3q6u,inactive,active,inactive_to_active
MET_5uab_3q6u,val,MET,3q6u,5uab,288,288,in,in,in,out,3q6u,5uab,active,inactive,active_to_inactive
MET_6sd9_7b3w,val,MET,7b3w,6sd9,259,265,in,out,na,in,6sd9,7b3w,inactive,active,inactive_to_active
MET_6sd9_7b3w,val,MET,7b3w,6sd9,259,265,in,out,na,in,7b3w,6sd9,active,inactive,active_to_inactive
MET_4gg5_3r7o,val,MET,3r7o,4gg5,301,274,in,in,in,out,4gg5,3r7o,inactive,active,inactive_to_active
MET_4gg5_3r7o,val,MET,3r7o,4gg5,301,274,in,in,in,out,3r7o,4gg5,active,inactive,active_to_inactive
MET_3efj_4iwd,val,MET,4iwd,3efj,302,276,in,na,in,out,3efj,4iwd,inactive,active,inactive_to_active
MET_3efj_4iwd,val,MET,4iwd,3efj,302,276,in,na,in,out,4iwd,3efj,active,inactive,active_to_inactive
MET_3ctj_3efk,val,MET,3efk,3ctj,276,289,in,out,in,in,3ctj,3efk,inactive,active,inactive_to_active
MET_3ctj_3efk,val,MET,3efk,3ctj,276,289,in,out,in,in,3efk,3ctj,active,inactive,active_to_inactive
MET_8ans_3q6w,val,MET,3q6w,8ans,299,277,in,out,in,in,8ans,3q6w,inactive,active,inactive_to_active
MET_8ans_3q6w,val,MET,3q6w,8ans,299,277,in,out,in,in,3q6w,8ans,active,inactive,active_to_inactive
MET_8ouu_3q6u,val,MET,3q6u,8ouu,288,284,in,out,in,out,8ouu,3q6u,inactive,active,inactive_to_active
MET_8ouu_3q6u,val,MET,3q6u,8ouu,288,284,in,out,in,out,3q6u,8ouu,active,inactive,active_to_inactive
MET_8au3_7b3w,val,MET,7b3w,8au3,259,285,in,in,na,out,8au3,7b3w,inactive,active,inactive_to_active
MET_8au3_7b3w,val,MET,7b3w,8au3,259,285,in,in,na,out,7b3w,8au3,active,inactive,active_to_inactive
MET_7b3v_3r7o,val,MET,3r7o,7b3v,301,274,in,in,in,out,7b3v,3r7o,inactive,active,inactive_to_active
MET_7b3v_3r7o,val,MET,3r7o,7b3v,301,274,in,in,in,out,3r7o,7b3v,active,inactive,active_to_inactive
MET_2rfn_4iwd,val,MET,4iwd,2rfn,302,268,in,na,in,out,2rfn,4iwd,inactive,active,inactive_to_active
MET_2rfn_4iwd,val,MET,4iwd,2rfn,302,268,in,na,in,out,4iwd,2rfn,active,inactive,active_to_inactive
MET_3ce3_3efk,val,MET,3efk,3ce3,276,293,in,out,in,in,3ce3,3efk,inactive,active,inactive_to_active
MET_3ce3_3efk,val,MET,3efk,3ce3,276,293,in,out,in,in,3efk,3ce3,active,inactive,active_to_inactive
MET_3lq8_3q6w,val,MET,3q6w,3lq8,299,278,in,out,in,in,3lq8,3q6w,inactive,active,inactive_to_active
MET_3lq8_3q6w,val,MET,3q6w,3lq8,299,278,in,out,in,in,3q6w,3lq8,active,inactive,active_to_inactive
