epoch,train_loss,train_denoising_loss,train_local_transition_loss,train_global_preservation_loss,train_distance_matrix_loss,train_bond_validity_loss,train_smoothness_loss,train_geometry_penalty,validation_loss,validation_denoising_loss,validation_local_transition_loss,validation_global_preservation_loss,validation_distance_matrix_loss,validation_bond_validity_loss,validation_smoothness_loss,validation_geometry_penalty,validation_rmsd_source_generated,validation_rmsd_generated_target,validation_dfg_progress,validation_alphac_progress,validation_activation_loop_progress,validation_plausibility,learning_rate
1,0.051798709819459506,0.022226904176621355,0.050114029994568765,0.0008630926419063432,0.027919747532369234,0.006002836329384874,0.016793357904873088,0.00019711403007784253,0.08195427297323477,0.03373657792205146,0.09665672946721315,0.00014000922552289316,0.03083950047342417,0.00011989212858528238,0.00033181954586325446,2.476532888569712e-05,1.2535054665058851,4.834012955116729,0.003740753076878415,-0.00014885985820001224,-0.0004887909211295968,0.4836915439615647,0.0002
2,0.03331590878466765,0.015370901538711837,0.02997966316074897,0.00021069983874137202,0.021917892643847525,0.002421187719481432,0.007646505677133289,4.871390681603996e-05,0.07508636019580688,0.0307117025416422,0.08812345490635683,0.0003226960401055597,0.029689950606552884,0.00033379005102081766,0.001022731210468919,0.0001348404893709206,,,,,,,0.0001999980260856137
3,0.028526462845376924,0.013364686630666256,0.024522079648370415,0.00025641273345965415,0.020486739145703297,0.0020431755657872967,0.006873540042971189,0.0001225848980103699,0.04651666129939258,0.01925905572231083,0.05184194809407927,0.0003169374695062288,0.023208755112136714,0.000702798951654889,0.002011491565402442,0.00033904286313675885,,,,,,,0.00019999210442038165
4,0.022375885237995375,0.010774176707093278,0.017203582319407128,0.0002922374621067499,0.018451818141640507,0.001962722796532843,0.007331001886731794,0.00017085405386005266,0.03720513945639444,0.01546885524779403,0.04020753181733502,0.0005630705324316901,0.01972000958630815,0.0007706185260758502,0.003926279108175852,0.0003183135643780588,,,,,,,0.00019998223523808094
5,0.01983837964825141,0.009781396517959924,0.014471957314775413,0.00029286490126441303,0.01706965707051448,0.0017147401972618112,0.006645538722777851,0.00014468792487138836,0.035725164033162095,0.0149966371342695,0.03839313303372668,0.0002739920187195821,0.019582832132679567,0.0006272605695206342,0.0031046284802869195,0.00038781643464365817,1.5422633616253734,4.198705838682751,0.021500569672146714,-0.008289544878001228,0.026607403939124197,0.44433395287746363,0.00019996841892833004
6,0.017881429965138182,0.008926475388754128,0.012347131239202542,0.00031475050310936605,0.01616418018188869,0.0016109796801112338,0.006685405283067853,0.00015110014461771422,0.039551671468264736,0.016512047843813587,0.04325572443485726,0.0002431107034226443,0.02092443695437396,0.0006147299874707338,0.0025041484471633644,0.0002644777047748903,,,,,,,0.00019995065603657322
7,0.017442164198360127,0.008721384034754757,0.01196275002315131,0.00033800511493578425,0.015729179852602318,0.001583208591163827,0.006697157931187724,0.00016233239336395497,0.03264335700077936,0.013618147723415555,0.03489352782101681,0.0005271014427610984,0.017603270816228662,0.0007011523442391384,0.004277722036931664,0.00028035008614324397,,,,,,,0.00019992894726405898
8,0.01573453416140416,0.007992723608453177,0.010268262348687038,0.0003710859776678511,0.014363800139667897,0.001505989848007249,0.006613501365511463,0.00016612464277674226,0.03635884290755106,0.015225786080312295,0.03952890831472663,0.00031248883836572833,0.018901118077337742,0.0006770287369969689,0.002874985850212397,0.00033819572724998653,,,,,,,0.00019990329346781255
9,0.01604667582557115,0.008089838402234336,0.010569038653634807,0.00045053655589865043,0.014607224888048874,0.0015111754232476282,0.006798185366325271,0.00018956935345446473,0.033517971906500556,0.013902481000210779,0.03582188204745762,0.0005276003542652082,0.018789674611374114,0.0008037321661807558,0.00371587319871954,0.00040597790454436716,,,,,,,0.00019987369566060184
10,0.015236492248841075,0.007676289910370978,0.00985716164120051,0.0004931111744421924,0.013899707991597999,0.0015391142044861156,0.006949345026021967,0.0001854644101163453,0.030758624692680314,0.012930988237106552,0.03250308173786228,0.0004949751685974965,0.01681589908063567,0.0008627371723074854,0.004080890839153047,0.00020902713901923184,2.7177818038811288,4.257064515414338,-0.004367668666721632,-0.00560870124475817,-0.0012239174587496866,0.3939309063005365,0.00019984015501089758
11,0.013404222201301247,0.006823175085278658,0.008171501645070111,0.0006301923764175059,0.011520818767384587,0.0015513216350307195,0.007071578831403938,0.0007380010922219314,0.03164514375384897,0.013278935293783434,0.03366811581266423,0.0005305644869319318,0.017056790107744746,0.0008250171219212158,0.0037062608001482054,0.0002424289588134343,,,,,,,0.00019980267284282723
12,0.013468946624770124,0.006829923619794794,0.008028431688077174,0.000641527695259931,0.012859214909183674,0.0015088457830099023,0.00723863831267525,0.00016018774654068507,0.027813273462622117,0.011633757094386965,0.028852474584709853,0.0006167309052216297,0.016022006010947127,0.0008823583490690604,0.004250841346220113,0.000606959066961584,,,,,,,0.00019976125063612257
13,0.012754713917453574,0.006412646396913462,0.007599904385005307,0.0007838337311797783,0.011582097217727166,0.0015482429741348466,0.007386917574729165,0.0003269590329998606,0.027654912681706872,0.011551163583741678,0.02867331769084558,0.0007934983186714817,0.015589132672175765,0.0010215451990613171,0.004474349788021452,0.0004138665761814764,,,,,,,0.00019971589002606144
14,0.012431360562292174,0.006143526816899832,0.007310836558015301,0.0009455129894244875,0.011497153924443783,0.0015946006771519335,0.007766669894703942,0.0003298439155009368,0.029713761842382762,0.012493492523693325,0.03086118977322864,0.0013708426395169226,0.015561721149424557,0.0010404778574108302,0.004442215334468831,0.0001583350366445302,,,,,,,0.00019966659280340303
15,0.012175470399550902,0.006104611417549288,0.007244524585767689,0.0009547401067619729,0.010331780251720522,0.0015555039420325914,0.007334532590312326,0.0005118030686179947,0.023316615600682173,0.009869588975561783,0.02322115398904619,0.0011201814286323497,0.012982200554688461,0.0010113026134301133,0.006044084882887546,0.0001889055189820965,3.626118783528606,4.550261747092009,-0.04456059109846441,-0.015832909671492718,-0.006639443958799045,0.3684795267440171,0.0001996133609143173
16,0.010629429466003535,0.005158912442210648,0.005970204069923896,0.0013109133168398284,0.008764011777427971,0.0016259745252915681,0.00795371459526384,0.0007637160301200288,0.025174258611514233,0.010489249080516553,0.025856431617285125,0.0012093344621462165,0.013455913263896946,0.0010089495038603975,0.0053752692717049895,0.00024410900986282513,,,,,,,0.00019955619646030805
17,0.010019312791812878,0.004789897630739416,0.005496754416495434,0.001461707391630874,0.008026589221583728,0.0016458679988590253,0.00805244335713677,0.0009333728258076381,0.025969512537509825,0.010711848483576128,0.02710682379741532,0.0010057995399013937,0.014148172985490723,0.0009158582615782507,0.005054223838669714,0.00032078857977542913,,,,,,,0.00019949510169813006
18,0.01136908752238776,0.0054630666362264985,0.006557661518613752,0.0013633294843941226,0.010306920026405117,0.0015787284897887108,0.007780425976882251,0.00041237746306725393,0.024136776288893696,0.00989244917339723,0.02479034610829937,0.0009490054962952854,0.013924169975022474,0.0010237578086768433,0.005548347384319641,0.00044483747575441157,,,,,,,0.00019943007903969992
19,0.009994297001797419,0.004682263055951613,0.00545310731837924,0.0016701482589611323,0.008792292987370593,0.0015891842717209305,0.008201812204912815,0.0004284360537016426,0.024083215971283305,0.009946259294035068,0.02452379174064845,0.0014001522195030702,0.013276755707920529,0.0010002053289402586,0.005763095643487759,0.00019068596052799572,,,,,,,0.00019936113105200088
20,0.010420908064891895,0.004906244610802421,0.005845742019562003,0.0016315513478022898,0.009131838792425573,0.0016149829448256483,0.007854222200619869,0.000490026562232758,0.024029006017372012,0.00995510690214966,0.02487709030780631,0.0006866008635976565,0.013531347261353707,0.0008788743392263617,0.005115985820642284,0.00038981704210527823,2.228777347753445,4.381346232257783,-0.028411291309263714,-0.011445610486892596,0.011362719674555896,0.4261369773109133,0.0001992882604569814
21,0.009751085030774657,0.004498677442654267,0.005351898738015921,0.0017566961633304183,0.008117011803974453,0.0016374623350218001,0.008105836283320036,0.0008235541418122385,0.019041746922691043,0.007840676356863696,0.018440473523999874,0.0012857313101145944,0.011249784676086469,0.0009434827679797309,0.007119300263487578,0.00047619941854766995,,,,,,,0.00019921147013144782
22,0.010117326592469318,0.0047299607953406935,0.005585229405377092,0.001673409394406451,0.008976727095233578,0.0016072691551560902,0.008147663560210384,0.0003480920320912563,0.02233483225184803,0.009002254465788914,0.02303545897787747,0.001257605661218501,0.012127381152822636,0.0010273703337588813,0.0066224554999886704,0.000233077336417864,,,,,,,0.00019913076310695068
23,0.009129640033357164,0.004118488409007207,0.004798046955998,0.0020258439663483198,0.00789284818352033,0.0016080286367756561,0.008498714277600376,0.00039231476383174286,0.025530850475964446,0.010311352229715945,0.026995733942991745,0.00111354148399793,0.013139989037881605,0.0009551051346837388,0.006697577996722733,0.00026353151595988794,,,,,,,0.00019904614256966512
24,0.010061880219409354,0.004612798709024349,0.005694245260893407,0.0017689138045932492,0.008530418450235683,0.0016144991928958294,0.007865839671646046,0.0008284488967624812,0.025789830639647942,0.010435923926706892,0.027454617782495916,0.0007898965579139864,0.01411378833775719,0.000905048723022143,0.0051658136532447925,0.0003401163908970754,,,,,,,0.0001989576118602651
25,0.009413332757977849,0.004265687589605267,0.005078496570643197,0.001997582111447954,0.008354337724785391,0.0014928157842304143,0.00811268869214333,0.00041545518063833145,0.023649501041897263,0.009551019337474523,0.024880539645285655,0.0011811931435659062,0.012378794398197593,0.0009058226830044683,0.005835793577716686,0.00028689252794341275,2.411703383550048,4.571759678112964,-0.02875486859314454,-0.009077884680057954,0.006648159687756561,0.41115791906809646,0.0001988651744737914
26,0.00876917197313319,0.0038462453939689277,0.004838317003833433,0.002166424513521851,0.006643999700283266,0.0015205947327045484,0.007939779275280034,0.0010657023832621227,0.021899317022568237,0.00888693918386707,0.02267577876530898,0.0012317397655958,0.011664581635462431,0.0008262607752840267,0.006094262343443309,0.0002418341049785037,,,,,,,0.0001987688340595138
27,0.0092235605021477,0.004059921911794246,0.005023202116593209,0.002176484175157757,0.00824152829292684,0.001497641469960889,0.008386896499313222,0.0002902875415194515,0.020006529511495803,0.007997772855257304,0.02025303751967537,0.0015960531257708983,0.010885232113651,0.0008778440733294701,0.007033597881672904,0.0003002165094017073,,,,,,,0.00019866859442078683
28,0.007702788881336649,0.00326678384310351,0.0038900570068349186,0.002522927464650641,0.005681834508004224,0.0014681778017343937,0.008356475844406165,0.0007611487689378281,0.0214367319373802,0.00857534198924744,0.022230845808129136,0.0012376703850047004,0.011880442218777413,0.0008815646057579821,0.00607761372521054,0.00027746678733819863,,,,,,,0.00019856445951489985
29,0.010301867742728218,0.004656000064813301,0.005114975582378415,0.002274853987798381,0.01081681137598064,0.0014773126458749175,0.008257155418077596,0.000554106273000829,0.01871524171050017,0.007369372055109125,0.019113907173353557,0.0014918646083970089,0.009953757995390333,0.0007851081033246979,0.007790268862057322,0.00015830235948518143,,,,,,,0.0001984564334529206
30,0.010406527994598588,0.004699697200622823,0.006200816267384932,0.0019175200882312069,0.008726844317319557,0.0016485904084725513,0.008020791947507324,0.0004053295154016789,0.01802267395153952,0.007055838606902398,0.017961426885449328,0.00184584178411266,0.009777377189796729,0.000848597937268399,0.008251531728698561,0.00022661594507174718,3.571061885294815,4.553274133553107,-0.058808440691791475,-0.018850275971393177,-0.0374008632497862,0.37119132576562053,0.00019834452049953302
31,0.00823975966956753,0.0035766978135221023,0.004355725505922595,0.002333534663566985,0.006319343884531249,0.0014805360244483584,0.008035793016927365,0.0007736852940769705,0.021582033834420145,0.008412269732313385,0.02226816792002258,0.0014935678439845408,0.012637998297577724,0.0007943636113244187,0.007145478542952333,0.0004987173525326701,,,,,,,0.00019822872507286893
32,0.0076665160799414935,0.003212262310175241,0.0039273111883980725,0.002527511497048072,0.005812363720968621,0.0014420934240373536,0.00833559601018444,0.0006772619985545484,0.01898739080449256,0.0072204565318922205,0.01941791038067701,0.001973908388511821,0.010440900839360742,0.001055243121906339,0.00780394347384572,0.00023468559340737252,,,,,,,0.00019810905174433345
33,0.00781939185073233,0.0032472060077911257,0.004131542354559478,0.002620636195473723,0.005914275775241674,0.001419916664922817,0.008183856757405477,0.0006731176164634173,0.017868636505833518,0.0069644367225312935,0.017882281293471653,0.001892528261426681,0.009874750447731154,0.0009014997497918861,0.007388302399097786,0.0002455885585845863,,,,,,,0.00019798550523842474
34,0.00715648097336356,0.0029242549133367646,0.0035324986938498597,0.0026841779626531797,0.004944699008463539,0.0013742838074795457,0.008063600784661168,0.0011713233987424418,0.01790247595636174,0.006997224874794483,0.01820526131875037,0.0016258866074470764,0.00971274460607674,0.0008215318606138075,0.007204567230170748,0.0001835630820702742,,,,,,,0.00019785809043254728
35,0.007518163697125438,0.0030602197775728684,0.003796889285485332,0.002733138721718843,0.005860352534482367,0.0014205821048524072,0.00845311921185408,0.0005998884784291562,0.016999354881894153,0.006564273688127287,0.016973361004299175,0.002100157968319157,0.009139961150746482,0.0007910939142069159,0.007699283955541129,0.00014577249106650925,3.723113104701042,4.2149036368355155,-0.05130512669954138,-0.004643125851847192,-0.009640121958606565,0.36337068256559885,0.00019772681235681944
36,0.007640735093010669,0.0030958725987241054,0.004102326307692525,0.0027378592958562393,0.005201584426686168,0.0014567309303973347,0.0084642383397326,0.0008582335386820025,0.01891788703505881,0.0072520779916279325,0.019627713176305406,0.0018022565409410163,0.010005788955216607,0.0007893306186209278,0.007509379999343461,0.00022117643546456142,,,,,,,0.00019759167619387482
37,0.0065135840091726975,0.0025355664492807644,0.0029919912678420418,0.0029586643785532787,0.004317505675184931,0.001394366740515758,0.008433781281654906,0.0009521363846056957,0.019143083462646853,0.007397256631520577,0.01995081903684574,0.0017146100990430568,0.009813257037118698,0.00080569472387045,0.007389717213906503,0.0001951389852668702,,,,,,,0.0001974526872786578
38,0.008947024762662303,0.003723311833997504,0.00489667852799225,0.0024423912696393095,0.007338776914840643,0.0014786692107351036,0.008318509482659208,0.0015030617970708583,0.015733351863066975,0.006412416405510157,0.015126585489876257,0.0012464446740523272,0.009068666404346004,0.0006922508261292629,0.007507101300385936,0.00027146822367285495,,,,,,,0.00019730985109821272
39,0.008403287812446555,0.0036178993242275384,0.004468178277055168,0.0023612321029082895,0.006889484034707913,0.0014924687402060207,0.008374399288645031,0.00042980210404742596,0.015113200516983246,0.005561466537377176,0.0148510980749658,0.002407530168966332,0.008025863755998822,0.0007855517851567129,0.009314858228511488,0.0002686810368004444,,,,,,,0.00019716317329146745
40,0.008611548544727584,0.0038005349631262068,0.004480508471536649,0.0021393294336720025,0.007448358065249701,0.0014073086278632474,0.007832623644071257,0.000851071004418318,0.015065145834038654,0.0057833253692175885,0.014383354064193554,0.0021717106992582558,0.0087376296602694,0.0008894819808726121,0.007846906967946174,0.0002766985341698576,3.654424838411311,3.9710529229293265,-0.07091834464517888,0.001132434493532249,0.011979990876473797,0.3650661661910514,0.00019701265964901062
41,0.0075738710235868,0.0031012162112463745,0.0038959613790273922,0.002700755431348633,0.00605895737798996,0.0013316677292235768,0.008228576756042674,0.0005052150723076143,0.019380820245714858,0.00756728567648679,0.019936140000936575,0.0015191897609838634,0.010970793960344357,0.0008833436671314606,0.0066433914374404894,0.00021837222880568183,,,,,,,0.00019685831611286313
42,0.006884835622647506,0.002767447840410452,0.0033340173699837336,0.0028101983848306485,0.005010865945130205,0.0012673759284731734,0.008141189357902631,0.0007841348288999671,0.016692604035294305,0.0063804308908099,0.016852137705427594,0.0018810387458264206,0.008941711610532366,0.000779670504925889,0.007996879311879942,0.00018305681858995135,,,,,,,0.00019670014877624353
43,0.0068752695607323935,0.0027734273875482445,0.0033520100365639622,0.0028230838047770355,0.004661759946686335,0.001311575405848905,0.00805830967047403,0.0009351248227253992,0.017542057976243086,0.006763109066620625,0.017800068967820454,0.0017200347823139357,0.009621094475733116,0.0008116462522593793,0.007591032643783062,0.0002675455343800574,,,,,,,0.0001965381638833274
44,0.007777509074578555,0.0032930824334502346,0.00398703314200776,0.0025489525804813537,0.006185525391473729,0.0012986860019115047,0.007892266055171052,0.0007108575845115846,0.016711469914298505,0.006411785131300955,0.016841345864425723,0.0017822155547643586,0.009245376975741237,0.0007552302716552125,0.0077173947235375335,0.00020780355830159655,,,,,,,0.000196372367829001
45,0.007335889115372402,0.003074930528075331,0.0034133669956085775,0.002613314912001738,0.006221048651326798,0.0013376319413789762,0.008167053389753032,0.0005793401472061289,0.016624615154190298,0.00640925074791691,0.016806010229629464,0.0018245180878390481,0.008775839652419867,0.0007994737795039933,0.007547986361411556,0.00016796518367338345,2.747999671536187,4.0401564228038,-0.03184470784617588,-0.003672704999189591,0.005595622255592995,0.3951655926777878,0.00019620276715860861
46,0.00694885880797783,0.00273741248390104,0.0035320536962821763,0.0029348221271195346,0.004606628637267356,0.0012948877341312985,0.008112893766190251,0.0009504810106424192,0.01935146611261492,0.007577449888534223,0.02014218276599422,0.0015006626632991054,0.010158141437083637,0.0007696302491240203,0.006926430141902529,0.00018715930572928605,,,,,,,0.00019602936856769434
47,0.006924659139118516,0.0027558996325207506,0.0034987076870205565,0.0028372731967232167,0.004749223687407426,0.0012719212154634935,0.007701898497155207,0.001068262556985316,0.017375133868578512,0.006780025130865397,0.01750463602365926,0.0016303218390021357,0.00979975012402671,0.0007683991480007535,0.007094785859711313,0.00025133906566073466,,,,,,,0.00019585217890173763
48,0.007453009830469377,0.003097045850247527,0.003763675461841636,0.00264988133074859,0.005862962096356428,0.0013198666175047301,0.007944315031139005,0.0005892182871476453,0.017570689737719174,0.006692365206011648,0.017881238377109792,0.0020382258862809977,0.009431471124116797,0.0007417259287952523,0.007944973285096543,0.00014423772093626516,,,,,,,0.0001956712051558831
49,0.00675729503775509,0.002753525785803317,0.003084686931031637,0.0027353492407247615,0.005228860872901148,0.001267786256165013,0.00822556679113171,0.0006608238827461291,0.019268709409516305,0.007617046569066588,0.02000572669688457,0.0013058109851347883,0.01037351447303081,0.000883499489039726,0.006280832834211954,0.00014766186407655368,,,,,,,0.00019548645447466434
50,0.006651927760810169,0.0026802003028420494,0.00309093455131301,0.0028170428102493733,0.004713198251656106,0.0012671701494668028,0.008044473918425476,0.0008781490058524476,0.015674883004976436,0.005816243115987163,0.015815234403513994,0.002296384738353178,0.007966872639372014,0.0008290989311111238,0.008326771244658934,0.0001725104242495945,4.080588597804308,4.078050419067343,-0.04468338542210404,-0.004071955456917446,-0.01720021719908497,0.35641003521676695,0.00019529793415172192
51,0.006901940225392708,0.002725864401381686,0.0034592684734469424,0.0029152256320230663,0.004938512502246114,0.001257145256212013,0.008005232924324835,0.0007480849732780922,0.014498712834514057,0.0056751025331323035,0.013947341542613382,0.0016711367998141213,0.007987820198953463,0.0008228804375297235,0.008348231943576442,0.00010238766958300023,,,,,,,0.0001951056516295154
52,0.00706081787068556,0.002870193558235645,0.0034558439675049903,0.0027866094063720708,0.005100074646055189,0.0012806570401184389,0.007717220482822412,0.001073275607548287,0.01690417897286049,0.006540136387532887,0.016847969173492554,0.001875757590066011,0.009587509055563714,0.0008323218899022322,0.007495991575221221,0.00010306093760921915,,,,,,,0.0001949096144990295
53,0.006770646504054849,0.0026904314823058616,0.003307503893867963,0.0029177866516929343,0.0045786924893036485,0.0012524309558157101,0.007903404106011884,0.0009795994252722927,0.014527530574317401,0.005352015478517084,0.014267459827048393,0.002303759985807119,0.007940255401384396,0.0008130382963524122,0.008547548340478292,0.00017720426485349586,,,,,,,0.00019470983049947442
54,0.006551686555951133,0.0025497551850226317,0.0030839320965724178,0.0030335028318521115,0.004465754741890372,0.0012726338162847087,0.008146724609944683,0.0008532208562316679,0.013457432010909542,0.005014440755379231,0.012868833509855904,0.002306990932690193,0.007093387968780007,0.0007138836972444551,0.009005438985089617,0.00021799234824489608,,,,,,,0.00019450630751798048
55,0.00741751242078777,0.0029843860110825198,0.0037520154932529754,0.0028741879062329093,0.006059127977181576,0.0012234946947672174,0.007885470275934309,0.0006537150845368657,0.020118304314867903,0.007798114815765682,0.02093639883484381,0.0016442909533604204,0.010999573302494051,0.0008297881850012345,0.006941940271644853,0.00022849394410210758,2.7988558618041375,4.338706164310376,-0.05063750256522326,0.0012495286773628322,-0.00860119713373327,0.39704758188842487,0.00019429905358928646
56,0.007197588473224105,0.002958561920135035,0.00369781852624196,0.0027147086259349785,0.005448648475237891,0.0011738677918075179,0.00762935231328329,0.0006545111126929714,0.013375917347730137,0.004954184810533964,0.012637273306609131,0.0024256109375831634,0.006954475553357042,0.0007612196410870334,0.009773698839126155,0.00019976783638261017,,,,,,,0.00019408807689542257
57,0.006755871620650093,0.002722329086958407,0.003196838466076451,0.002840326681561991,0.004817965327021785,0.0012072874282876777,0.007853579339292696,0.0010028564150270228,0.01699775839127445,0.006543980174077054,0.017220558254242253,0.0017344899685364605,0.009321819590695668,0.0008496835459178934,0.0071703592645159615,0.0002822796781269214,,,,,,,0.00019387338576538744
58,0.0065221571578429295,0.002590125785348539,0.0030503583063061037,0.0028520094720312418,0.004671467241281882,0.0012724911704516183,0.008107159595188295,0.0006665082271819045,0.01623459594460049,0.006149699681069857,0.01645264488373262,0.002071276585411397,0.008538886046153493,0.0008280695201392518,0.007472344654767464,0.00010392595545264764,,,,,,,0.00019365498867481926
59,0.006723296153956117,0.002672965511476669,0.003145535677496312,0.0029114790869733463,0.00489478894115354,0.0012075732791454045,0.00784891289181243,0.0010516653934230732,0.015707585543471698,0.0061280826582030086,0.015490923930580417,0.001714617198255534,0.008695305405126419,0.0007777478555605436,0.007502628757113901,0.0002276436759416356,,,,,,,0.00019343289424566122
60,0.007306436311580941,0.0029587962373127984,0.0035995386180698746,0.0027383462462224,0.006102232647558244,0.0013437403304279488,0.00819037986608843,0.0004468698685414916,0.014769222170192128,0.005586964636070964,0.014503935977700166,0.002177626201652553,0.007435188172773148,0.0007295164838675797,0.009063741796126124,0.00010611842575751022,3.3671247493475676,4.506872984891136,-0.09169881262338701,-0.004536965204655037,-0.01780962693010224,0.3775045146079113,0.00019320711124582108
61,0.006245200770994664,0.0023910114083948554,0.002815230165480867,0.0029882147712195213,0.004348585338323799,0.001210975822391641,0.007881007433876906,0.001106051101565272,0.015761631162604317,0.005972418281695961,0.01571336262471353,0.002056008481152579,0.008420381971518509,0.0007455157137883361,0.00829251456646792,0.00017223731466250078,,,,,,,0.00019297764858882514
62,0.006773687103110501,0.002689383129000218,0.003313165892345401,0.002900472433708258,0.004900412820080598,0.0012113089413525392,0.008030365069961956,0.0006898977850126271,0.0160393478727201,0.006185688781746042,0.015999732102500275,0.0017895294243620203,0.008318065702042077,0.000829232652298136,0.008557998359416766,0.00012483006222770618,,,,,,,0.00019274451533346612
63,0.006084198353047936,0.0022629709196929685,0.0028198720164931356,0.003176745314859491,0.0038242201285006907,0.0011504362227840938,0.007852993081682004,0.0011153443764257652,0.01315996269598448,0.005058405198118028,0.012485914393134104,0.0019926829345422448,0.0070773314946563914,0.0006519968956126831,0.008344393542453568,0.00017027114728307424,,,,,,,0.00019250772068344577
64,0.006695521062112644,0.0025668975904098367,0.003392597117150823,0.0031295444584515295,0.004423352791211353,0.0011659006458313132,0.008022535301776778,0.0008307038416462139,0.015282757953779461,0.005942077654860138,0.015109605985344388,0.0018373166085439152,0.008034083034241727,0.0007840883705891125,0.007544357553949037,0.00016455941875174554,,,,,,,0.00019226727398701147
65,0.006398493045956915,0.0025222648022712297,0.0029067001942322296,0.002935155976412452,0.004806414507249864,0.0011527544563102862,0.007914478323446253,0.0006866334468711109,0.013717822070854405,0.005020704411435872,0.013344295837062722,0.002472684425811167,0.0067359751895613345,0.0009758683645486599,0.009016231495479587,0.00015673845878438897,4.759613813832402,4.2890846049413085,-0.0815672394358747,-0.015995240913374193,-0.008927655624574982,0.34023239453219706,0.00019202318473658702
66,0.0059513641087513445,0.0021816362048754008,0.0027220808402396357,0.003246492396793368,0.0036498036356961243,0.0011503026334660398,0.00786043331027031,0.0010965204441101036,0.016681744862580672,0.006386965338606387,0.017101583439701546,0.0018382230585605914,0.00828978294157423,0.0007241140574478777,0.007918648225313518,0.00017212192591387065,,,,,,,0.0001917754625683981
67,0.006480427693702981,0.0025053751678803028,0.003105842156144671,0.0030506362623145054,0.004368089443932359,0.0012169564739824869,0.007962934881783066,0.0008439539574632923,0.013298383690804863,0.004810606857063249,0.012714551485260017,0.002565504273661645,0.0068882645476454245,0.0007518167585658375,0.009998792651458643,8.714070952938376e-05,,,,,,,0.00019152411726209174
68,0.006025534805754184,0.0022673032144044773,0.0027333881495058793,0.003123922562564954,0.0038274478746387055,0.0011467287487561344,0.00786413866867367,0.0010562409849634194,0.014814726751258908,0.005555802117063043,0.014741460443474352,0.0022915557735056304,0.007537029368298438,0.0007989031825369844,0.0077714540748274885,0.00017166205501932078,,,,,,,0.00019126915874035028
69,0.005865718892767516,0.0021571484916747953,0.0026064404350124365,0.0032787257865166818,0.0037111260522252475,0.0010911811471013273,0.007858805254929595,0.0009896328682903275,0.01453276768249149,0.0055483652104157954,0.014297554410101535,0.001967525995193379,0.00760954073969818,0.0008059455006635593,0.008004070274182595,0.00011533053866941145,,,,,,,0.00019101059706849957
70,0.005982197566419585,0.0022589312000677753,0.0025648593501601783,0.003135377254126132,0.00411127688578115,0.0011735405194827826,0.008063345375415096,0.0008799945893785747,0.014220626326277852,0.0053770054679868435,0.014033423009095713,0.001997547766829181,0.007304431463126093,0.0007438296646190187,0.008304187424073461,0.000137003410543457,3.506935261810819,4.247676100116223,-0.036871309098690595,-0.008035660524910782,-0.014085587274166755,0.3740519926133048,0.0001907484424541117
71,0.008842396026509058,0.003841707304828506,0.00480362700107388,0.0023913202438161224,0.008088702574754372,0.0012440658288880482,0.007608097024723632,0.00033929443698148563,0.015094430035484644,0.005425363124231808,0.014624632487539202,0.0034274415653878045,0.007860299500559146,0.000751554601265525,0.008850240944108615,0.0001491664374005571,,,,,,,0.00019048270524660196
72,0.008392844187955443,0.0035896993254144224,0.00452489198014363,0.0024530614903355893,0.007304402409543275,0.0012595916871363537,0.007617170514507044,0.0004938170615600822,0.015048521730932407,0.005536058004508959,0.014762058262325203,0.0027541967701836256,0.00806267973530339,0.0007085081779223401,0.008435618243917512,0.00011550385445010154,,,,,,,0.00019021339593682028
73,0.006274588342405792,0.0024780815021477193,0.002782097041535263,0.00291232867902702,0.004390874777076782,0.001192409731248696,0.00786348587522904,0.0009644834019407147,0.014410228400568789,0.005186446309380699,0.01402422813892675,0.003030110565305222,0.007341862981168863,0.0007125233337319514,0.00929641188364864,0.00010899708511639498,,,,,,,0.0001899405251566371
74,0.0064806962509154,0.0024840011133048204,0.003131288726631011,0.003090815488786365,0.004433249828851439,0.0011965630938693022,0.007921428728100454,0.0008157075148135022,0.012856485501591427,0.00476176608450866,0.012306162820702108,0.0023899406113135533,0.006543632019505215,0.0007840025797728837,0.008450170316791628,0.00017070061589189814,,,,,,,0.0001896641036785236
75,0.006639842300190248,0.002600344608868194,0.003275020882829578,0.002995815018637695,0.004380875760609778,0.0012001043820403453,0.007841788325856766,0.0009499901183532615,0.014412056101718917,0.00542386899420914,0.013935824021852264,0.002293099924524237,0.00776917495871506,0.0007234173199321958,0.00863401769917497,0.00018903634243846076,2.9051143721056483,3.9375600282413266,-0.03750700352854134,-0.004218647158268141,0.02793404063171086,0.39307653120098013,0.00018938414241512636
76,0.006184068510436222,0.002382392621933459,0.0028409015528587066,0.003084414658478947,0.004074612847314431,0.0011301428832324683,0.007820886378693912,0.0009003625621742561,0.012008038140872182,0.00441044575078801,0.011073829286033288,0.0025248712715134993,0.006395610607190368,0.0007205582714959746,0.009058017155136136,0.00019209042013320263,,,,,,,0.00018910065241883677
77,0.005815774584427858,0.002154377601049745,0.0025400250063588223,0.0031742246569787017,0.003844784535905426,0.0011284684684748452,0.007849510353154097,0.0009049739713727598,0.013637838089683404,0.005093062354717404,0.013147814815359501,0.0023683924758491535,0.00715594929594469,0.0007463092103231853,0.008411645273251148,0.00014770569330835315,,,,,,,0.00018881364488135445
78,0.005971713421436457,0.0022647475568044325,0.002584125943139641,0.0031130987858304228,0.004094747646361526,0.0011347039437526439,0.007988452276565198,0.0008663359505558958,0.014532964826988367,0.0053991843487892766,0.014218658509586627,0.002606131764878228,0.0075611862557707354,0.0007055773409471536,0.008245894697514208,0.00012386524825558354,,,,,,,0.00018852313113324552
79,0.006086111673687259,0.0022750980500330846,0.0028141902134809485,0.0032138732335585942,0.0038119634189523566,0.0011530124117683969,0.007752317847668106,0.00105255775790874,0.014868539680416385,0.005709427188169987,0.014735763591791814,0.0018909944143767159,0.007899558632440554,0.0007158893871140511,0.007660859194099127,0.00013160261534987208,,,,,,,0.00018822912264349534
80,0.005950929370159522,0.0022361873276929697,0.002688445203587349,0.003118995647990885,0.00393927387562859,0.0011226113885143597,0.00789059821365035,0.0008172121294755458,0.015596226599882357,0.00603350629171473,0.01553108483494725,0.0019226139176377426,0.008213199864258058,0.0007193331524225263,0.007449062581144972,0.00016784258462128795,2.2098430149878063,4.218368199964364,-0.027546818020709907,-0.0027668371076288167,0.009174437781136172,0.4170945983431819,0.00018793163101905563
81,0.006329507857529271,0.002461232698192167,0.002860435755310469,0.0030189279390252237,0.004776006494847755,0.001125604824688381,0.007739290467694274,0.0007649032855453666,0.0136497944574027,0.005129575066045315,0.013182619479872907,0.0022374482678060303,0.007051234921770326,0.0006456307006980447,0.00890190459419197,0.00011894933931936673,,,,,,,0.00018763066800438636
82,0.006036641121977287,0.0022978285241983514,0.0026929006701868633,0.0031188194387250096,0.004062242716407547,0.0011234695112241162,0.007782076290434497,0.0008984331326891517,0.01439515304324838,0.005353598079333703,0.014166641587507911,0.0022887229191231504,0.0073966708514490165,0.0007099617481192885,0.008851890304261664,0.00013536949465257445,,,,,,,0.000187326245480992
83,0.006326038501838334,0.002430247850357913,0.002985750697652658,0.003094441366370003,0.004361263998688605,0.0011151694199149935,0.007571113598333974,0.0009397189549682115,0.01359047291528744,0.00503402511094464,0.012868200273563465,0.0027177404469208946,0.006850777009579663,0.0007420919343227675,0.009491245723135458,0.00010067261663948557,,,,,,,0.00018701837546695256
84,0.005675023433585198,0.0021097335619175346,0.00235763863256424,0.0032028433235967136,0.003800027794801654,0.0011086257786040283,0.007826287138204161,0.0008377806030717366,0.013068844607914798,0.004623905057087541,0.012371600547339767,0.002989129177573583,0.006619114904121186,0.0008064934857732927,0.010126495731431836,0.00011130013518823034,,,,,,,0.00018670707011644898
85,0.00618427206411894,0.002412254375835451,0.0027101107835212452,0.0029685736298521296,0.004408691774926379,0.0011833734192455618,0.007851371093868064,0.0009053839135826548,0.01201985202593884,0.004391820555611048,0.01110557809685512,0.0025049812596383467,0.006303229141243112,0.0007776869218408441,0.009445054686996931,0.0001493400522463162,4.507831348727147,4.595984168040256,-0.014433788420622781,-0.05923814334407022,-0.09128318282697971,0.349456875365124,0.0001863923417192835
86,0.008943367848952865,0.0037195427496479745,0.0052353221610682,0.002487820779116681,0.007254093900346794,0.0014552173560931005,0.007642660303932861,0.0008734226429134231,0.01583627754977594,0.005909258051057502,0.015152663904397437,0.0030762748210690916,0.008149735964252613,0.0008559724010410719,0.009474130213978546,0.0002256888662562536,,,,,,,0.00018607420270039436
87,0.0076148478039659755,0.0032513204774954636,0.003736432029817922,0.0025836652155734724,0.0061221507200812045,0.0013508642381892945,0.007826624060065573,0.0006160532477970731,0.014345116108112657,0.0051980186108266935,0.014070833780958006,0.0027749028740799986,0.007292177438406118,0.0007729619474048377,0.008867125250011062,0.00016641740666045735,,,,,,,0.00018575266561936523
88,0.0065185332662847815,0.0026233738753944635,0.0029429311298916484,0.002883714104855322,0.0047642135690165385,0.0012309996134593573,0.007791246522345349,0.000810630152558681,0.014412781044181125,0.005325408390490338,0.014093333845570063,0.0026913768188023823,0.007161539855587762,0.0007290243696237061,0.008633237672862984,0.00018176304458468925,,,,,,,0.0001854277431699295
89,0.00580594542189541,0.0022106734885531678,0.00244041475513154,0.003055069609505371,0.003912943611359303,0.0011623694537044305,0.0078363504467739,0.0008949394614630255,0.01264882015918071,0.004528077764310486,0.012071497102927728,0.0027927590875454675,0.006410211244656239,0.0007063178036332829,0.009160217187551703,0.00010085678419121298,,,,,,,0.0001850994481794692
90,0.006031705771023646,0.002280980101826354,0.002740015812082869,0.003134469758882386,0.004167553303070748,0.0010986899542642168,0.00784560017940453,0.00069905724538128,0.012477659671276342,0.004447784901761527,0.011679498684922388,0.0028400179968836405,0.006461011842475273,0.0008354921722760386,0.009488818690442713,0.0001782627206618296,3.7001191011319556,4.379651750748356,-0.022246635788178537,-0.03296235977904871,-0.0470667897631453,0.35424871125724167,0.0001847677936085083
91,0.005904920823060167,0.002198335988761491,0.0026019684662923026,0.0032069962193122786,0.003884665945616479,0.001110819329579289,0.00781792524851795,0.0009553492238612509,0.013290845083247405,0.004840269683578906,0.012724970249109901,0.0025788519478737726,0.0071084800802054815,0.0007718632671943245,0.008860551024554297,0.00014129658399989845,,,,,,,0.00018443279255020146
92,0.007631590363020316,0.0030417685843725554,0.003911877230096322,0.002957199692216694,0.006402092865413517,0.0012198758406592454,0.007738793999131801,0.0007928302886253562,0.011024960321568264,0.0039003920974209905,0.009499475631552437,0.0032139945954744085,0.005872112126477684,0.000771010247869223,0.01019691419545173,0.0002322255345082643,,,,,,,0.00018409445822981687
93,0.006442798452817986,0.0025381259630139694,0.00296304211504041,0.0029632767212664723,0.004883677275795649,0.0011531543476670247,0.0077919857835190166,0.0006385274095647087,0.013883608301208975,0.0053403846541186795,0.013354477225220762,0.0020853478366310205,0.007403954169906986,0.0007619237397496666,0.007800222893517154,0.00014072560245755503,,,,,,,0.00018375280400421414
94,0.005791832167559709,0.0022028397627445497,0.0024403912138639605,0.0031106057004708573,0.003821192984867236,0.0011165277384675276,0.007814849139804132,0.0009064144893879226,0.01251844287617132,0.004481576179387048,0.011806427379876064,0.0027954650492271562,0.006160260575901096,0.000819442272283292,0.009761827134449655,0.00010974179421433898,,,,,,,0.00018340784336131708
95,0.006717723448020525,0.002626732908662918,0.00313222409836932,0.002871116023295774,0.005229822949020781,0.0012245131872940618,0.007746865968896538,0.0011401967575621658,0.0141506051052905,0.005210560632500953,0.013781941995451538,0.002537255688366713,0.007503839127214936,0.0008529410958241593,0.008140009941901857,0.00019752790219248104,3.7445863938579955,4.371749707497656,-0.061948359386102915,-0.032277822518760026,-0.03758158200071193,0.3514335209167459,0.00018305958991958124
96,0.007402513777184435,0.003112604714727077,0.003530919923980394,0.0026609959149470506,0.006930009027123133,0.0011040346217381521,0.007501664895834958,0.0002816985866630626,0.012755118679100027,0.004766399128129706,0.01198853760433849,0.0023566368590763886,0.006773128244579614,0.0007142189424484968,0.008875327878437625,0.00012031651643458947,,,,,,,0.00018270805742745614
97,0.007660586313288818,0.00318521078930706,0.003918020326333742,0.0026823715252093333,0.0066686950417028535,0.0011443424577880492,0.007609425622046503,0.00046418642402034716,0.01530369724787306,0.00571849483094411,0.015330028977283897,0.0021043230146157534,0.007868546604489287,0.0006881586004965357,0.008922456419289423,0.00015788304666367972,,,,,,,0.0001823532597628427
98,0.006148771776889379,0.0024322400324277454,0.002740582678084954,0.0028869911016394887,0.004309690604185383,0.0011613511002292205,0.007659215951720491,0.0008380740052696358,0.014244574466526197,0.005224976484896615,0.014013655173281828,0.0024933703170972876,0.007132423139410093,0.0008097339584007083,0.00882948074528637,0.0001818230294550934,,,,,,,0.0001819952109325452
99,0.006552496779725974,0.002555600306293808,0.0030842081804831442,0.003109493024714896,0.004532691955956447,0.0011471762524869961,0.007718579182958501,0.0009955296687606194,0.012767134966755597,0.004995401774067432,0.011364971704703445,0.0020795207095337296,0.006799235719275505,0.0009443031009747452,0.009832545553460173,0.0002552676950623815,,,,,,,0.00018163392507171837
100,0.006844386898188127,0.0028830745812648763,0.0031727589154417,0.002621836091678303,0.005748273419717757,0.0011095932901749371,0.007422500475047109,0.00046040132091213745,0.013960962591227144,0.005332929503007715,0.01351594592172963,0.002037566793963682,0.007576014790780998,0.0007520958867341202,0.007744683753116988,0.00018794257421935376,2.605449808140596,3.8957312513763704,-0.025140398446334682,-0.010775696812440097,-0.025340472343183745,0.3945387677522376,0.00018126941644330935
101,0.006728058629151847,0.002694320802290279,0.0030707008489925,0.0028962659063494294,0.005452746724407388,0.0011682583782304493,0.007918207987776807,0.0006534827271103014,0.011775645975527974,0.0042303375909493,0.010680004328605719,0.0028274508022150258,0.0062162404889628915,0.000788883355805107,0.00972408636395509,0.00015287659103554083,,,,,,,0.0001809016994374947
102,0.005705322025534816,0.0021291165871338714,0.0023639900057624355,0.0031697554966538316,0.0037810663517532693,0.0011140347568369987,0.007791983093031579,0.0009877178449680954,0.012603871087776497,0.004518854819859068,0.011964242046815343,0.0027298139490691633,0.006328696433532362,0.0007345504503367314,0.009492481576065378,0.000177000217869742,,,,,,,0.00018053078857111214
103,0.005568333198992997,0.0020938087433863143,0.002216631482936378,0.003136941200693369,0.003764062041305324,0.0010712106304708868,0.00776901570124886,0.000903901382458633,0.013363675815829387,0.004905205908774708,0.01300142880063504,0.002447645610118343,0.006725728422073492,0.0007102429681253852,0.008712059973428646,0.00017107106378944081,,,,,,,0.00018015669848708761
104,0.007177073034879743,0.002955120412581083,0.00344273285755219,0.002724096057120647,0.006182688595846486,0.001148899398250585,0.007679346134949826,0.0005597544408001107,0.014936464557346577,0.00554843363109588,0.014659052428517802,0.0023722158912278246,0.00817111145685582,0.0008066373578306715,0.008358028157090303,0.00016104027201890858,,,,,,,0.00017977944395385705
105,0.0064404956622319855,0.0024767700104146367,0.003046522740350288,0.0030778279522051797,0.004865949968488999,0.0011087377064634496,0.007827829909869112,0.0006105042022029058,0.014455325125406185,0.005332753571565263,0.013343938281953646,0.0033102495605514073,0.007907695233977089,0.0008424510233453475,0.009258917952441456,0.00019577742663538325,4.219428065232933,4.971752647310495,-0.07039846334979909,-0.05526054883512188,-0.05420769640962438,0.3242354307116734,0.00017939903986478347
106,0.006460621268448667,0.0026063798900900614,0.002896238661184111,0.0028865275144354147,0.004793281379378695,0.0011596001951326418,0.007609864692880303,0.000835161663930287,0.01687970694426137,0.006492525776896703,0.017118217945001863,0.0018347850565684591,0.008912196974658096,0.0007754297503197449,0.007733410767590006,0.00015306156403482873,,,,,,,0.00017901550123756898
107,0.006552176565950752,0.00264511158855027,0.0030132746662244075,0.002871181066128083,0.004798401140162133,0.0010841221284443657,0.007620645155652593,0.0009566720413297447,0.012548126236652024,0.00464575006966091,0.011794093520923829,0.0023324356337373806,0.006733008689479902,0.0007041553414334581,0.009063827990758,0.0001294323003927881,,,,,,,0.00017862884321366183
108,0.005673574954350917,0.0021061835562786423,0.0023883235845794408,0.0032501118461617357,0.003764848363124089,0.0010517922431055424,0.007815192821714232,0.0007820742107741485,0.011802819402267536,0.004347916812548647,0.01088945496303495,0.002418624701325219,0.006281989367077283,0.0007552402275905479,0.008950386864550334,0.00013122107508441636,,,,,,,0.00017823908105765875
109,0.005465355767414738,0.001949314731491618,0.0022569032774991398,0.0033647240752465706,0.003339580061714141,0.0010699654676111685,0.007827398468716404,0.0009993021403093953,0.012380469973625926,0.0046170663748246925,0.011647763885169601,0.002279110022148719,0.006531563393461208,0.0007455294829317912,0.008631986400966222,0.00012518471487510396,,,,,,,0.00017784623015670232
110,0.005899264632413785,0.002245580320819639,0.00259562361981465,0.0031170611668768157,0.003952394229654445,0.0010736146476617258,0.007689559673014869,0.0008519229111573848,0.0131846920606525,0.004696049394018094,0.012497325990504274,0.0028252990975185335,0.006690930592109605,0.000896575039102269,0.010161123958823737,0.00014274543577149265,4.056559038038055,4.4065874650453525,-0.06489744267795079,-0.0219066639765515,-0.034046333968338637,0.3442889958645942,0.00017745030601987337
111,0.005308124686503767,0.0018680871864303183,0.002125484918136723,0.003418963803495798,0.0031714430675865747,0.001013923618488778,0.007853512240287203,0.0010073197573521814,0.01222079453873448,0.004422347233533704,0.011435606254963204,0.0025083847788967737,0.0062483724517126875,0.0008321266256340701,0.009703774034278467,0.00013284005801021218,,,,,,,0.0001770513242775789
112,0.005740083656552383,0.002123103099457251,0.0024714782086805976,0.0032264128691540696,0.003875063000939404,0.0010476128305666721,0.007702547951370605,0.0008660375987945481,0.01140847117252027,0.003975204153296848,0.01035443316019761,0.00279317404874746,0.005564505365327932,0.000847476310809725,0.011280065130752822,0.0001949584280396266,,,,,,,0.00017664930068093498
113,0.005481522157191275,0.0019616289340401404,0.0023071915657522203,0.003368963688436864,0.003363455152218668,0.0010290071116979274,0.007638212436666856,0.0009972747341549606,0.012325731712432267,0.0043873203940165695,0.011641150299207462,0.0027284597457158575,0.006106560887322606,0.0007998204055184033,0.009805089425450811,0.00014000269682886332,,,,,,,0.0001762442511011448
114,0.005337086151966937,0.0018873949556086117,0.002220919463210381,0.003393480016921575,0.003194195723845663,0.0009871253676107551,0.007550534905674748,0.0010109077591659713,0.013129285721030707,0.004793420172063634,0.012658452081571644,0.002429432729210627,0.006606676339288242,0.000801634622500084,0.009162727401417214,0.00017590598745679623,,,,,,,0.0001758361915288722
115,0.005178804764062421,0.0017850642330331616,0.002034176184803757,0.0034412890588108483,0.0030328644594798484,0.0010231141111431404,0.007749768575000712,0.0011096037764467387,0.010547168834212547,0.0036239847880400098,0.009454208629904315,0.0030209151694483203,0.00512133273393071,0.0008192808618332492,0.010130787879461423,0.00013331015108046054,4.909604992407064,4.443983037956059,-0.05552604309559683,-0.036499673517634314,-0.10636621555507493,0.3264734575706017,0.0001754251380736104
116,0.005153739515445235,0.0017973344544700992,0.00200472451830044,0.0034135739860307966,0.003175871930300043,0.000996631702247004,0.0077429112230037525,0.0009004452680621911,0.011996976604374746,0.0042494446121660685,0.011210337159961151,0.0027194999244481246,0.006105627107899636,0.0008323444629544005,0.009802728052212236,0.0001366615482159735,,,,,,,0.00017501110696304596
117,0.005970991121079677,0.0022172600933366544,0.0026922295841141646,0.003234304351141103,0.004047886815726057,0.0010867006624014014,0.007752246627361219,0.0008482231260287281,0.014836263573670294,0.005399385235553685,0.014715856678473452,0.0026920926735935304,0.007163834610158422,0.0008346179141274964,0.009278658755647484,0.0001554896653033211,,,,,,,0.00017459411454241822
118,0.005434824955753154,0.0019587486306738714,0.002219265871621573,0.0032840685274165412,0.0033845839182185568,0.0010585805906667414,0.007730107547508346,0.0010291583285468996,0.013899511191993952,0.005084565193101298,0.013706579038019603,0.002469353607314891,0.00663690463018914,0.000752167893248649,0.009266905399272218,0.00012571683373844658,,,,,,,0.00017417417727387391
119,0.007037222132675796,0.002809483035065584,0.0034066719280627486,0.002999609352177025,0.0059598773313909136,0.0010441779902774012,0.007730165828799463,0.0004908229484110642,0.015743993639868375,0.005829359145233563,0.014924584068163918,0.00333747653530736,0.007658320493646897,0.0009500151869967036,0.01049161289120093,0.00012832323595072617,,,,,,,0.00017375131173581737
120,0.006309843928608884,0.0025087503410883756,0.0028974657338988194,0.002962435083762289,0.004345487041048642,0.0010819820708069855,0.0075217470303814635,0.0009236283478504703,0.010817272147202553,0.0038957196168970163,0.009645839512813836,0.0026526609265905185,0.005339217723909921,0.0007108600378463356,0.010218660696409643,0.00016386061368696878,4.004665228227775,3.8411111974467835,-0.03572297161250996,-0.008988414678242407,-0.02172525390536369,0.35493852006685406,0.000173325534622256
121,0.006305205621796413,0.0024139307893048492,0.002799350761860195,0.0031601844602224664,0.005000209644771157,0.0010553037913906204,0.0077207310913273925,0.0006984068188849518,0.012295556662138551,0.0046833668917921996,0.01155026234240116,0.0020140615212464277,0.006467480367670457,0.000703143174177967,0.008537572359879656,0.00011064545298940705,,,,,,,0.00017289686274214115
122,0.006091382129627288,0.0022968940967176524,0.002761415528774293,0.00315602144284142,0.0045534436527289385,0.0010378363322860633,0.0075953266738603515,0.0007122310337133688,0.025152766136064503,0.00905371109790091,0.020738868489085387,0.009295402081382539,0.01598614720084394,0.0017304448992945254,0.012791809832075765,0.0014039173073191098,,,,,,,0.00017246531301870466
123,0.006512786026916698,0.0026401167210095967,0.002934792164601704,0.0029098578533714907,0.00472174792821145,0.001139516328783849,0.0075044821824432695,0.0009502092336457965,0.012242079993787533,0.004489021815970773,0.01148519698229696,0.00248012791871588,0.0063327834371496765,0.0007661839999855147,0.008907063927229805,0.0001664126983011253,,,,,,,0.00017203090248879067
124,0.005370358505652437,0.001913419457522627,0.002199052713122856,0.003320564816503897,0.0034283090235554,0.0010334192282663514,0.007661610909411286,0.0009155788226892652,0.009928086685249582,0.0034375189231165373,0.00857576317988181,0.0030720709458667748,0.004707757349630508,0.0007180245496177425,0.010477814420786066,0.00014572861230514414,,,,,,,0.00017159364830218312
125,0.005549218720541551,0.001993542450030422,0.0023518949040633617,0.003337533141557987,0.0034633584551385837,0.0010269664481190694,0.007688350440201978,0.001040656309350718,0.011838151108046683,0.004089314814336831,0.01113464641578806,0.003113849448709516,0.005348945526444974,0.0007901878476938388,0.010302279445265109,0.0001301925545457531,4.477739917735259,4.120441482091944,-0.11200018830034726,-0.037636568678863114,0.013806475471938029,0.328758078497938,0.00017115356772092854
126,0.0052515278375333445,0.0018603949913054577,0.002091092695322875,0.003354514523660048,0.0032024577729658694,0.0010269924144571025,0.007752219597116495,0.0009189465177676026,0.011887780948503254,0.004092048623230464,0.010967841934567938,0.0032648033226602515,0.005781847377268908,0.0008854166505140407,0.010215928768351054,0.0001275191898173489,,,,,,,0.00017071067811865476
127,0.005431968728717194,0.0019289788279610758,0.002265321305240544,0.0033430320864471677,0.003294555169856574,0.001033054434387889,0.007740442716699635,0.0010710406083964123,0.00949336313836587,0.0030188689840239626,0.00806665366932672,0.0037513117379906666,0.00425569698321245,0.0007338979412452318,0.011381260774214752,0.00015647641589566774,,,,,,,0.00017026499697988496
128,0.0054858863795510466,0.001961790701836093,0.0023228460077084918,0.003386413107892801,0.0034507059016559496,0.0010169935721155796,0.007576937840964932,0.0009048757849832794,0.011554967175470665,0.0041096485110756475,0.010556173782485226,0.0027705116205349136,0.005622567207562194,0.0008439290210541609,0.010384555680502672,0.00013967871994206385,,,,,,,0.0001698165418993473
129,0.005444237168352955,0.001923501892035238,0.00232262462656149,0.0033990423638835293,0.00329640512374572,0.0010454654661265926,0.007578445540772926,0.0009734127696412123,0.011338491215913868,0.003995809769548941,0.010512475778038302,0.0027988050151179777,0.005432396251611256,0.0007434447804068137,0.009898987618119767,0.00011305645656041936,,,,,,,0.00016936533058128052
130,0.0052290203728370815,0.0017918619109839043,0.002090003550386964,0.0034855380952835847,0.0030489527833305746,0.001026258408390463,0.007656907477678779,0.0011723210679605487,0.011026752496642681,0.003747473641851684,0.010051322829288742,0.0032241621377882743,0.005401575202995446,0.000768163089863568,0.010069059596086541,0.00013027556970257592,4.509027259734769,4.1402717878421145,-0.08410897228168324,-0.03164438264017614,-0.024296880466863513,0.3353554217222457,0.00016891138083873487
131,0.005788146424640575,0.002172654548870861,0.002511107502107182,0.0031680286631612983,0.003937775763667101,0.001072079963876635,0.00766436606605784,0.0007790213417332484,0.010769111065504452,0.003638069333343689,0.00940893376537133,0.0035504440875229193,0.0052669283298503915,0.0008064139838097617,0.010708236346545164,0.00015938365643819452,,,,,,,0.0001684547105928689
132,0.0053589024549175026,0.0018793887187105913,0.002168795878453674,0.0034779072903359355,0.0031245303585026893,0.0010055441490939667,0.007798590997838949,0.0011100510579655017,0.010813409952485623,0.003864974127888369,0.009639602746271217,0.002821738580678357,0.005572590712593713,0.0007329088172506696,0.009437067092221696,0.00017771524060587277,,,,,,,0.00016799533787224192
133,0.004976841929551755,0.001676890935896076,0.0018903442467443454,0.0035256833946491536,0.0029583675587852285,0.0009826698094709879,0.0075485259334309995,0.0009827988085653954,0.010946375759279666,0.003881467765798637,0.010018634595326148,0.0026903710455978094,0.005344206799539582,0.0006797808346163947,0.009890656651502164,0.0001371421601940407,,,,,,,0.00016753328081210245
134,0.005263146659773257,0.0019025690062568546,0.0020053106092481725,0.0032387795483964123,0.003756349257583547,0.000993160471224632,0.007709434323617791,0.0007180986361388807,0.011080369067106707,0.0038227267929566247,0.010221021024335641,0.002934053160364177,0.005172816582974822,0.0007419538181541915,0.010426780575168474,0.00013007563184904333,,,,,,,0.00016706855765367203
135,0.00561524632299303,0.0020304936985286255,0.0023295427090488374,0.0033381983377119033,0.003716355198636078,0.001014131867340726,0.007621124832548647,0.0011001948659034877,0.0115543858022041,0.004090455518356369,0.010756600167951547,0.002694505944418779,0.00574482273805188,0.0008553440184186911,0.009497383927130917,0.00015017105014673385,3.8728680427496633,3.734704090592762,-0.027395045889231067,-0.02723310076726193,0.008042658286285587,0.3562563381468256,0.00016660118674342517
136,0.0052381260818045615,0.0018029913294296234,0.0021295865194704863,0.0034773425018995935,0.003119010682233697,0.0010081659323380638,0.007701830019075901,0.0009865789401195268,0.01181302209928011,0.004308575269533321,0.01105121778770505,0.002402329450584754,0.006178272614003315,0.0007593151998056177,0.008830208653913965,0.00017119545041547704,,,,,,,0.00016613118653236518
137,0.004981731353168432,0.0016707568598560926,0.001912050366572813,0.0035143900686540664,0.0028614257243422107,0.000961618963877758,0.007830627366072603,0.0009883130593447993,0.012667556113835113,0.004453652321293096,0.012187263904100595,0.0029329541430342942,0.005833126337771925,0.0008452312279890369,0.009794514737829255,0.0001478177470914943,,,,,,,0.00016565857557529563
138,0.005092295063818749,0.0017004941334414622,0.0020743446085307524,0.0035587629849592652,0.002928952807878964,0.0009512596521884776,0.007636488156600131,0.0010013535756753166,0.012092983049418157,0.00432924707638449,0.01151716477033915,0.002637350965111788,0.005790909267185877,0.000719115342387037,0.009531168601824902,9.902416659694306e-05,,,,,,,0.00016518337253008787
139,0.005511715210194134,0.0020098902178633735,0.002148335063770318,0.003340763859769218,0.0038832983780158763,0.001013526781541733,0.007552101221094783,0.0009565115725876178,0.010921024714965219,0.003889443449831257,0.009969956590794027,0.0026245598252595905,0.005662115396262379,0.0007012696314632194,0.00931687701086048,0.00015207774952349004,,,,,,,0.00016470559615694444
140,0.005315770194109561,0.001907683815409103,0.002126015854589482,0.003309381464555955,0.0032592480360434796,0.0010456978539940224,0.007746107997691147,0.0009389955659695945,0.013693916031722134,0.004890002977845143,0.013469401722735105,0.002680308597822053,0.006735654582977683,0.000769853498544156,0.009450753095734399,0.00012140250726133672,3.7953158651168146,4.012984975551565,-0.04605436408322324,-0.024722050489799585,-0.022806194281050313,0.3557556543835542,0.00016422526531765843
141,0.0059236305343926465,0.0022989609751364803,0.0024876545355496053,0.0029867260043238662,0.0042539826060971645,0.001103929857401034,0.007659236641807688,0.0009172324683347072,0.01177952736422109,0.004367047962053523,0.010542685558903031,0.002641698126050566,0.00587209466417941,0.0009133007982503235,0.009833362108717362,0.00017078945021845962,,,,,,,0.00016374239897486896
142,0.008025418358066907,0.0035006258065581448,0.004054879445809489,0.002499350907308901,0.007145580950065747,0.0010759145335859468,0.0072818519507781565,0.0005381558871665461,0.013771161878442703,0.004907814140703219,0.013396619047853164,0.0029977760608138246,0.006623921302283027,0.0007406044560411829,0.009687232456296139,0.00012565886779232946,,,,,,,0.00016325701619131244
143,0.006578784617077973,0.0026494657593922545,0.0028764141358347596,0.002834998906001003,0.005675532082971345,0.0011481427770151764,0.00795587069259431,0.0004466981942649497,0.012052979994526444,0.004185910409432836,0.011294559638675613,0.003173726040283024,0.005774324325708828,0.0007308820762167064,0.010001756287238095,0.00013289770787613028,,,,,,,0.00016276913612907004
144,0.005575062368765601,0.0020733898198112654,0.0021774751297397236,0.00315222072834945,0.003943458798492693,0.001118028991901451,0.007754183501705655,0.0009378878978914611,0.011150376269749055,0.003979653659674416,0.01027545343094971,0.0026624021265888587,0.005565384131235381,0.0007383693628071342,0.009274877760617528,0.00015717551927233822,,,,,,,0.00016227877804881124
145,0.00543372679907733,0.001974696901917426,0.002192527046785332,0.0032866736953584556,0.0037232156918567214,0.001025048195748614,0.007725099240963021,0.0006992710886206467,0.010760664309297377,0.0037529116173876296,0.009670112827734556,0.0029852544660874023,0.005239551287862317,0.0007725959925058609,0.009917614527997406,0.00017843103221556097,4.248435722043117,4.2767750499770045,-0.033054958351082554,-0.033380474296185035,-0.020273742726809967,0.34232818697475725,0.00016178596130903342
146,0.005127632984509453,0.001775097040236633,0.001993689392782891,0.0034112231109418674,0.003061108188663856,0.0010102571082265617,0.007663752796112472,0.0010512725508174028,0.01090697352871454,0.003627058523610079,0.009844536000552276,0.003441586838865381,0.0052476623095571995,0.000855104586056162,0.010530799717040887,0.00011175803335087646,,,,,,,0.00016129070536529766
147,0.005091759745373876,0.001745434191613259,0.001970001805322961,0.003458233469595703,0.0030224686747209895,0.0010112854301368292,0.007715665432823519,0.0009964938641894702,0.012175630870236395,0.004296803393420608,0.011416310754915079,0.0028937199182716236,0.00602076875657076,0.0008475468487934753,0.009775968983982844,0.00012446245168954798,,,,,,,0.00016079302976946055
148,0.004870648143621974,0.0016230147483193467,0.0018090313354220528,0.0035168659429535526,0.0028019218355353572,0.00098505506837247,0.007621254746077789,0.0010100652124313836,0.01227799418362944,0.004312602482968941,0.011789605259158028,0.0028498861138359644,0.0056263711376232095,0.0007553514697065111,0.009872814647678751,0.00013501802294276408,,,,,,,0.00016029295416890248
149,0.004896509029273676,0.0016131687379028234,0.001801457827210299,0.003585990705392045,0.0027829510912012597,0.0009940400956950795,0.007836629427635135,0.001024706754056114,0.010805485985959725,0.0037707386303130383,0.009718392822833266,0.0029023044253335684,0.005405667685408844,0.0008496394578590601,0.009824093567052236,0.00016049316932509328,,,,,,,0.0001597904983057519
150,0.005132017139759328,0.0017506859084177348,0.002047382775718012,0.0035251378615060425,0.0030619030685012792,0.0009745680157425535,0.007558571190660835,0.0009572184018720575,0.012047375532953689,0.004130246617326823,0.011094130323423693,0.0033455321802951707,0.005978307218659514,0.0008423085843484538,0.010251802074587127,0.00023839121278494227,4.361806578623752,4.079884114054342,-0.030556941050842095,-0.03484457098602434,0.0150997012873025,0.3306739209090463,0.00015928568201610595
151,0.0067169806207570005,0.002651086308929719,0.0031913137113134195,0.003016080222247789,0.005419419108269115,0.001070108179611942,0.00747473462500697,0.0006671055394908141,0.013611404385301284,0.005023769607457022,0.01303620329417754,0.002506373695420431,0.006943173255422153,0.000844467303371251,0.009039703974849544,0.00023923356074343852,,,,,,,0.00015877852522924735
152,0.006499783524001638,0.0025773203989459025,0.0030291559538827874,0.002942998965199177,0.00489377067822358,0.0011337616846052946,0.007641111709511815,0.0006955759050998674,0.011667908877522374,0.004296888033422874,0.010699797455648271,0.002418249582660792,0.006067731121826607,0.0007364527324777251,0.009401588407248104,0.00014039988740914092,,,,,,,0.00015826904796685764
153,0.0061173885702513735,0.0024118868835095284,0.0026455001729445006,0.002978664676611049,0.004534062863781284,0.001106044799178982,0.007625830930888525,0.0007336154241131273,0.012025969175738283,0.004449309948540758,0.011077751531653727,0.0024117193094449854,0.006103757453577903,0.0009205281906664217,0.009367766799793268,0.00012709632672643542,,,,,,,0.00015775727034222678
154,0.005975750780417624,0.002323109917760564,0.0024856719627188374,0.0029773759107407914,0.004384702080502533,0.0011468402495106252,0.007634710614036163,0.0009535032501512083,0.01224214190733619,0.004480408962990623,0.011399859533412382,0.0023683636474440086,0.006426618085242808,0.0008964533002047877,0.009355451322335284,0.00019711754284420144,,,,,,,0.0001572432125594591
155,0.005596474901589955,0.0021451266684457976,0.002157161911774395,0.003075061705755468,0.004187137976042035,0.0010528664863827582,0.0077018446117862426,0.0006887682894736446,0.01239040368818678,0.004457308138322939,0.011548388715406569,0.002584652719027266,0.006475048799378176,0.0009026299261070866,0.00974828032728207,0.00019519380477580248,4.168483764864504,4.099089855949084,-0.06114661008117158,-0.05117977617677146,-0.03400852019937398,0.3410648284868027,0.0001567268949126757
156,0.005161222022695419,0.0018050891942241127,0.0020198515814362876,0.0034082024736313992,0.00304536419447002,0.000986532811135149,0.007665004055851545,0.0010495151561613018,0.0115303509082878,0.00410324132584113,0.01061105722328648,0.0027135224854646367,0.005768858114606701,0.0008438251910168523,0.009761929090018384,0.00015352747847903933,,,,,,,0.0001562083377852131
157,0.005119945318637113,0.001782710393333537,0.001992735095346012,0.003442354191842879,0.0030919822703044,0.0009742204704855243,0.0075448044141929625,0.0009704802425683459,0.011312146302467832,0.004034947887703311,0.010342356894398108,0.0026006517091445858,0.00583051214440881,0.0008336021267799273,0.009789120090620903,0.00012343665919919053,,,,,,,0.00015568756164881885
158,0.005040893130179526,0.0017487059191116092,0.001883812843220961,0.0034555409921524236,0.0031536122023836416,0.0009823652998241794,0.007583137760814439,0.0008776209869654103,0.01232478246189809,0.004483948073660334,0.011499546924217915,0.0025088912704328927,0.006458979197001706,0.0008459133138482381,0.009434662652590001,0.0001371225677644361,,,,,,,0.00015516458706284306
159,0.004899282834261783,0.0016295287676521728,0.0018382318070134483,0.003542063535394099,0.002822164169504729,0.0009843576296519202,0.007557138424509993,0.001034422928818007,0.010290625810739584,0.003693903204596912,0.009178934914719624,0.002453648526473747,0.005403198117467885,0.0007590773924069557,0.009331326213820526,0.00014204020273685577,,,,,,,0.00015463943467342693
160,0.005883571954491811,0.0022258486516144858,0.0024818139798485506,0.0031699915869264966,0.004487657090688809,0.0010464692714178346,0.007568386313704471,0.0006799745375542248,0.011061841631696248,0.003950039819756057,0.009827726375078782,0.002840846185790724,0.0056878426257753745,0.0007877196882570084,0.010158696454406405,9.103244960328993e-05,3.594955367036164,3.9613419411083064,-0.01852380073008438,-0.003366504184062554,0.024900948473562796,0.36835542663983584,0.00015411212521268758
161,0.006981537490287143,0.0028076062991848998,0.003377127413375255,0.002876345705515586,0.005763965121542032,0.0011160651766137881,0.007421381182522856,0.0007320124759255713,0.01113292097094624,0.003914859563034649,0.009809850176679902,0.0031778667792726387,0.005611244889829929,0.0007397467243208666,0.010552764681051485,0.00010941063665844315,,,,,,,0.00015358267949789966
162,0.007616128161565488,0.00310513726535102,0.0037665952959209364,0.0028249749418300316,0.006869311687242017,0.001204731476166819,0.007733410069098075,0.0005234309683690564,0.012644940017101666,0.004581054677449477,0.011507894261740148,0.002823368748674208,0.006876062693966863,0.0007764585388940759,0.01035878666152712,0.00015278799075228258,,,,,,,0.0001530511184306734
163,0.005436144558251159,0.001977345428099203,0.0021976749586840915,0.003313052829187841,0.0034021618059621407,0.00104646139845857,0.007634929397230984,0.0009701241712959888,0.011850510103007158,0.004332334135445611,0.010779273659863975,0.002631968394780415,0.006413179418207922,0.0007021857281870325,0.009407638479994299,0.0001525815082269825,,,,,,,0.0001525174629961296
164,0.00530091508761303,0.0018821162013456416,0.0021385398945118436,0.0033942828075283677,0.0033075356643057913,0.0010076008740072257,0.007580870961467935,0.0008936722543406868,0.010050807024526875,0.0035948336796233584,0.008663359306713877,0.002730272765196181,0.005334122135536745,0.0006795537395494952,0.009737981429983241,0.00015541524995417907,,,,,,,0.00015198173426207097
165,0.0052013165440856135,0.0018298069033055352,0.0020698495612193188,0.0033844797742656535,0.003168230314150007,0.0009585116633202117,0.00749315479849903,0.00105562740333344,0.010666281416585358,0.0036874192567969053,0.009224683351931162,0.003313209439511411,0.005575613174490475,0.0007724232533898127,0.010229957915726118,0.0001637916906626439,3.947920262503127,4.0870996459076805,-0.05856228160943525,-0.05580762321505972,-0.01663070729167278,0.34004944826786715,0.0001514439533781507
166,0.005387204866378735,0.0019561866179912584,0.002104064114849505,0.003301127525205668,0.003602257871037174,0.0010341843776703358,0.0077672151004911484,0.0008353221417362673,0.012027558846360384,0.004305033286073012,0.011132969625274805,0.0026651630499448706,0.006777004594672083,0.0007843941099660393,0.008891523650769765,0.0001892576357628665,,,,,,,0.00015090414157503717
167,0.004929299655362454,0.0016501717728116892,0.0018513402132950246,0.003546768771066593,0.002873578805846568,0.0009772218079763886,0.007655104799355324,0.0009540303567791075,0.010314958257367834,0.0036307330192357767,0.009067223378224298,0.0028124763199836402,0.005372831008571666,0.0007420065509601651,0.009829395222671641,0.00013036157918122626,,,,,,,0.0001503623201635761
168,0.005022100346067395,0.0017566791443058695,0.001830030598331434,0.0033709430931788734,0.00308626664416371,0.0009994233881807926,0.00757989722988608,0.0010760536205584956,0.010456146381329745,0.0036186961272809035,0.00925326869764831,0.0030081618072775504,0.005176032876382426,0.0007388968218341082,0.010295573112671264,0.00015467248113054666,,,,,,,0.0001498185105339491
169,0.004934284517652968,0.0016905698016321717,0.0017860093284358517,0.0034473114900696925,0.003052184948275805,0.000997530372811354,0.007810617158284936,0.0008242257984179598,0.009653581728343852,0.0033606590041017625,0.008324019038506473,0.0028114832133117793,0.005031372820667457,0.0007375738099047643,0.009789808941908026,0.00012175874792319519,,,,,,,0.00014927273415482918
170,0.004822326053936894,0.001582517746824007,0.0017672538524493575,0.0035995323828851376,0.0026997737815348893,0.000954963548684047,0.0075879442370218085,0.0010779333657006242,0.010701108622015454,0.003674602300937598,0.009663202581577934,0.003029915974669469,0.005349831318502159,0.0007829886247539738,0.00992506608357265,0.00010675145931789605,3.9734692750498652,4.0265800862883525,-0.04976313150352022,-0.03602487714063803,-0.02749831624290285,0.34557133140818524,0.00014872501257253326
171,0.005281498598961685,0.0018979493761435151,0.0020380373790454217,0.003287373512633081,0.0036132413268081336,0.0010086341336186435,0.007556649742839046,0.0008798353938046548,0.011019344640468868,0.003821660742687527,0.010003119641623925,0.0029736853769766944,0.0055708226427668706,0.0007838295920616171,0.009898079338502916,0.00013292477835117703,,,,,,,0.00014817536741017155
172,0.005377499679199014,0.0019411612764741175,0.0020791273698425638,0.0033263533543317746,0.003823760305889524,0.0009769119917311603,0.007659125436320264,0.000807657040590689,0.01126816171745304,0.00394004698197629,0.01040297118985715,0.0028110144388241074,0.005751895524250965,0.0007551202858545972,0.009614316960020611,0.00013679709193562908,,,,,,,0.00014762382036679394
173,0.0048258881020940775,0.0016249678009110065,0.0017200849684647834,0.0035122094166457145,0.002828981683581558,0.0009558035780150348,0.007595841233562837,0.0010002925293488998,0.011044150640373118,0.0037641467606590595,0.010172016596091757,0.003010699559429971,0.005295387330988888,0.0007773973575240234,0.01035054401048304,0.00014370313670042378,,,,,,,0.0001470703932165333
174,0.004713212516015539,0.0015139094136981692,0.0017136597780025222,0.0036219966997846197,0.002649048950252497,0.0009126874685892437,0.007589468989186944,0.0010300320702346,0.009857792494585738,0.003373900481771367,0.008616164115665015,0.0029641315777553245,0.004813030958757736,0.000728365951848294,0.010401513573015109,0.00011753243605028274,,,,,,,0.0001465151078077459
175,0.004857940803297883,0.0016089222009858896,0.0018124715121598262,0.0035615394053121027,0.002855538778627912,0.0009362818824990978,0.007525304153275032,0.000982220670258769,0.011250732097929964,0.0039744580584131954,0.010445075793541037,0.002690756393955477,0.005658938282673868,0.0007200955769803841,0.009460366425628308,0.00012715811105105482,3.4122956367209554,4.040042231480281,-0.032805896485418394,-0.036961279934378886,-0.026547140259935986,0.36283772086931604,0.00014595798606214884
176,0.0049790807295208555,0.001651374959987867,0.0019224224309635977,0.0035452110738628823,0.0028539985034248642,0.0009599169624201221,0.007674800025092231,0.0010999012925107013,0.012225668979226612,0.004444340875731238,0.011455763451522216,0.0025590228818449154,0.006523425113603783,0.000851448901812546,0.008590917136947004,0.00014967130842554374,,,,,,,0.0001453990499739547
177,0.004862313194630237,0.0015981942280912055,0.001828401698730886,0.00360089271930325,0.002915703387071307,0.0009418627942223739,0.007559070413390922,0.0008707776312523772,0.009949365034117363,0.0034060995021718554,0.008684844574114928,0.0028974298508425513,0.005115069359211096,0.0008502863808341014,0.010039356488656873,0.00016926906456167975,,,,,,,0.0001448383216090033
178,0.004639784618416148,0.0014776840535366638,0.0016355070322314198,0.0036273343323403573,0.002578580139590921,0.0009394454770785175,0.007668671500670095,0.0009983480990468573,0.01062619673757581,0.003654575599891056,0.009542081109733166,0.003007601098943269,0.005458825745639236,0.000753227004679502,0.009806350659346208,0.0001428465108877693,,,,,,,0.0001442758231038902
179,0.004703753359185962,0.0015188131877420167,0.0016756483416359585,0.0036184628261253238,0.0026112460863625263,0.0009379150332488979,0.007549903405288982,0.0010806489687179897,0.009962167799434004,0.0034599093147941553,0.008762050662577773,0.0028558085047431328,0.0050346798889222555,0.0007703890581372738,0.009667811435065232,0.00013259079264571483,,,,,,,0.00014371157666509332
180,0.004740692975604509,0.0015312894978799308,0.001726787462711143,0.00363666299256918,0.0026637166275833854,0.0009395806937235702,0.0075028592513667215,0.0010243184542637637,0.011698368446862636,0.00408405017030115,0.010943276797964549,0.0028654621595099647,0.005792636113862197,0.0007335152101101509,0.009980583352444228,0.00010773322545295135,3.870743178141614,4.075718882493675,-0.06153999742916009,-0.02690162846435366,-0.015172812326151567,0.3562757207546383,0.00014314560456809593
181,0.004769658484758857,0.0015644647174069069,0.0017193937574664496,0.003601833919270171,0.0026643161192281633,0.0009388159450569437,0.007608560628345252,0.0010321396778783668,0.009903141207663188,0.0033922968796105124,0.008677176386603,0.0029077308220924656,0.004801809353618107,0.0007739888217959864,0.010464984574355185,0.00014351828651607926,,,,,,,0.00014257792915650728
182,0.0048270705235628495,0.0015723044236795579,0.0018204954630918163,0.0036280622067025457,0.002712029257279813,0.0009144430133836487,0.007545208339539603,0.001025431937122425,0.01170502022432629,0.004026701574427231,0.010862466064281762,0.003038467476471851,0.005790239153914929,0.0007856880608111775,0.010413157969499784,0.00013295073540575686,,,,,,,0.00014200857284118063
183,0.004716165997605357,0.0015056745127305135,0.0017355144870642605,0.003650508281719099,0.002591726635821546,0.0009132934556119781,0.007549979089178208,0.001059609910603635,0.010561888508770304,0.003682366036324917,0.0095298168695687,0.0028540229113787063,0.005230220667726826,0.0007280609482525809,0.0098427435780953,0.00011555413637627983,,,,,,,0.00014143755809932842
184,0.005035339625807017,0.0018092819074622523,0.0017989012089350985,0.0032890487709042863,0.0034109755736600575,0.0009702183654468156,0.007620938205852723,0.0007631496720979414,0.01138003209780436,0.004044949171657208,0.010429279665307453,0.0026525912532330644,0.006005976135687281,0.0008122330855258042,0.00952433715671456,0.00013893280367938132,,,,,,,0.0001408649074736349
185,0.00469011237892585,0.0015109911290869021,0.0016673464023579771,0.003628590961611774,0.0025854781827228702,0.0009359239494133518,0.007513009676407291,0.0010946051569644469,0.009629275591578335,0.0033433792195864953,0.008377405436476693,0.002731736506575544,0.004829742661968339,0.0007963679605988242,0.009844501815678086,0.00016831959524665763,3.785921456913153,3.871957359214624,-0.052448811266610086,-0.03785125127312009,-0.01496802850306267,0.35518888300026047,0.00014029064357136626
186,0.0048000408798201475,0.0015753705368444929,0.0017765092028655175,0.0035795928814854375,0.0028473629002284226,0.0009003998895780717,0.007508097781648493,0.0009568732881063593,0.01037452333548572,0.0035745302314656633,0.009297535187215544,0.0028953991165205175,0.005126436279776196,0.0007310189788161855,0.01014508496155031,0.00013804297285939052,,,,,,,0.00013971478906347806
187,0.004947870060339825,0.0016998393629263672,0.001751213839962187,0.0034599465260314,0.0031904577681571883,0.0009583845049536859,0.007505027605141075,0.0010090180194077757,0.012084583009709604,0.004261054434512819,0.011392037095599031,0.002754971962228107,0.006115893804235384,0.0008189110267267097,0.009600077564149009,0.0001429866772847769,,,,,,,0.00013913736668372023
188,0.006885357931431415,0.0026396015222665942,0.003428164773529125,0.003209995455108583,0.0056254390669930885,0.0010369841544689913,0.007408976469300369,0.0006410196354751013,0.013606609538934814,0.005072137821116485,0.012928275503024148,0.0026588351493046503,0.00717918517087431,0.0007154999578536566,0.00850610708585009,0.0001242064458134943,,,,,,,0.00013855839922773962
189,0.006266113251256637,0.002428159664950182,0.0027684246888384223,0.0030956291703061545,0.005210356092335194,0.0009772008579447228,0.0074489775758523205,0.0006037463634782351,0.012391880605719052,0.004457878627969573,0.011661975285581624,0.0027729485109375673,0.006079150608760149,0.0007778717372275423,0.009616591206092076,0.00011636241481483012,,,,,,,0.0001379779095521801
190,0.004972915837748183,0.0016572376221625342,0.0019130275264366441,0.0035660911498702746,0.0029270563361187205,0.000947791648706278,0.007578010545470393,0.0010008720718725917,0.011971290543442592,0.004295441212889273,0.011326949126669206,0.0025954923109262986,0.0062059492483967915,0.0007552291250855584,0.008704433845802365,0.00014521234523575308,3.6122917532920837,3.937813464862605,-0.045400992576711964,-0.02979537454181506,-0.04477051572030177,0.3562297602313467,0.00013739592057378003
191,0.0047184819888928505,0.0015334179410989531,0.001684650424051966,0.0035858544029502403,0.0027537231729564886,0.0009549570565398496,0.0076075810461472245,0.0009237243383310677,0.010287364614972224,0.003651570608781185,0.00926454708436116,0.0026090537397370404,0.00518612008211979,0.0007272571165231057,0.00924292298926351,0.00014152312242761886,,,,,,,0.00013681245526846777
192,0.006715457386966063,0.0026430833978283927,0.0031139713793626837,0.003067483722518843,0.0057315396087275995,0.0010402816378622928,0.0076416729408133235,0.000478136874949281,0.010868402702423433,0.003917836610829302,0.009708782701636665,0.0027239710243520676,0.005441598477773368,0.0007763126674641777,0.009581383322559608,0.00017606498048886957,,,,,,,0.00013622753667045457
193,0.00511842259627759,0.0017501189100802836,0.0020067830476511875,0.003411063815976501,0.0031279660343455197,0.0009713249659647321,0.007588133267644379,0.001142810465827431,0.011379436463660872,0.00406560325185031,0.010312982354662381,0.0028423585141960452,0.00560244813823374,0.0008605328075645957,0.0098006696352968,0.00015837539789724056,,,,,,,0.00013564118787132506
194,0.005255570097898061,0.0018539424591626113,0.002137029861422399,0.0033604506767378785,0.0034800151544105676,0.0009890687286268729,0.007522790593246364,0.0007345975082611186,0.011366601247573271,0.003981752570931955,0.010401733801700175,0.002808567058915893,0.005949610601722573,0.0008347642342414474,0.009689894681893444,0.00017941510183542655,,,,,,,0.0001350534320191259
195,0.004816925405866952,0.0015590163808451313,0.0018194146403589118,0.003624496484000204,0.002649290922483923,0.0009175309380038809,0.007566485868400743,0.0011040319729164545,0.01215291308471933,0.004301489461795427,0.011530643658867726,0.002637616810716281,0.00632648932999776,0.0007723589490827484,0.009288658717802415,0.00016540847169229286,4.219458362398048,4.207462624025841,-0.09810539753622531,-0.022220634575205622,0.012925469918021312,0.34404997958336025,0.00013446429231745173
196,0.005295896926560463,0.0018716507808217763,0.0022056813925926564,0.003382525839604055,0.003428200907054015,0.0009493069461065257,0.007453929481661728,0.0007768388727410452,0.012768415525594415,0.004639717430109158,0.012209982698550448,0.0024896766499296064,0.006349069830321241,0.000860249278654616,0.009173998858993096,0.00019315133577417024,,,,,,,0.00013387379202452917
197,0.0050944443871704945,0.0017511190112250356,0.0019522885922302739,0.0034534899004472373,0.003380556764980603,0.0009463401286192159,0.007579073365618531,0.0008404739124267104,0.011354529963379415,0.004001138638462483,0.010570219659712166,0.0027359512520585363,0.005559925785443435,0.0007821804201739724,0.009598741882655304,0.00011788612611477826,,,,,,,0.00013328195445229868
198,0.004953875496951688,0.0016373675629998057,0.0018825447808704379,0.0035963901826061117,0.0029474171868557287,0.0009853764169483294,0.0077036351431161165,0.0008997805304179798,0.01135695623815991,0.004284062125710382,0.010429374480736442,0.0019939830223544655,0.00588402540597599,0.0008615028045824147,0.008811811412063738,0.00014420799736096038,,,,,,,0.00013268880296549428
199,0.004931368437221545,0.0017007493999046392,0.0018012435717754958,0.0034285389786411044,0.0031134014427821096,0.0009249445263885407,0.007560740095666713,0.0008975955300610443,0.010242736980823489,0.0035751254047985035,0.009087608482028978,0.002736852764731642,0.005315705556616497,0.0008038211617531488,0.009707708113031307,0.00014930142037883343,,,,,,,0.00013209436098072095
200,0.0047357111819024775,0.0015090164040915796,0.0017319097826416548,0.003670312636372689,0.00265652018163401,0.0009246138909545082,0.007506867192096562,0.0010819423341128377,0.011079923036353042,0.0039025647395950123,0.010129701913683675,0.0027830877270389465,0.005674004913695778,0.0008152875010030888,0.009409313381183892,0.00011441964193181775,3.9893097657089434,3.9913508159418902,-0.054884459697253384,-0.03728511770168552,0.024726059775275644,0.351797259787822,0.0001314986519655305
201,0.004618874884361767,0.0014499372262388277,0.0016207220062661248,0.003730104730711279,0.0025580617033032715,0.0008934067527894886,0.0075742214615655765,0.0010150200689059005,0.010724489560137348,0.003719183324089196,0.009742901808446428,0.0027903198867231063,0.005480164572266706,0.0008185860187950311,0.009708031080663204,0.00014346822293494674,,,,,,,0.00013090169943749476
202,0.005509024072024558,0.002044805743966379,0.002165854095111195,0.0032860066584494505,0.004006311437712075,0.0009506981684050212,0.007558264021371675,0.000720229725559945,0.012650263505444551,0.004540935697150417,0.011871771052634964,0.002732402249724449,0.0065388776614175486,0.000840609331135056,0.009701340796406535,0.00014833113020055558,,,,,,,0.0001303035269632774
203,0.004788563131060229,0.001572572423192935,0.0017012063385003335,0.0036025880318548945,0.0026499854737064904,0.0009612462567424194,0.007543875710465587,0.0011760954987241551,0.011667639371201707,0.004231032049574424,0.010829499165993184,0.0024083931369508114,0.006137190381802308,0.0007996600318923205,0.009239094741739487,0.0001411781792436765,,,,,,,0.0001297041581577035
204,0.004838020721864369,0.0016180583610175513,0.0017440313031562627,0.0035454907193859546,0.002865828840364503,0.0009533834775997342,0.007567783662428458,0.0009701822095965513,0.011754039350004556,0.004236769182170974,0.011051547694175193,0.002415153609642099,0.006142701349745039,0.0007840159930007454,0.008985044754808769,0.00015010627631302972,,,,,,,0.0001291036166828272
205,0.004817802425171448,0.0016010156474434412,0.0017270718742973912,0.0036001567068135636,0.0028208700549971853,0.0009253584094739591,0.007690399970747849,0.0009074880793059104,0.01208052650326863,0.004247817766251198,0.011470020287864221,0.0026364238510723226,0.006305906475366403,0.0008822034221035816,0.009187690608086996,0.00015287127261368974,3.931878109152118,3.7577773121496043,-0.05539018329727696,-0.04122757599786079,-0.013989120176120196,0.35225948599529344,0.00012850192624699763
206,0.00465866360359658,0.0015023964368658634,0.0016304214303899142,0.0036305352984768394,0.002614063597841459,0.0009016020693139642,0.007547102607866256,0.0010481250180115846,0.010957451512998281,0.003801200321807604,0.01011008976396018,0.002808123665393699,0.005393386384336433,0.0007219838189485017,0.009870011405534266,0.00014178790881184492,,,,,,,0.00012789911060392297
207,0.004509245242493657,0.00141408382770685,0.0015267891111349862,0.003677406835839407,0.002475048097459456,0.0008870435977637226,0.007591502249447836,0.0009926541230932842,0.011357903354413187,0.003995325287784605,0.010507227343623526,0.0026902956460617133,0.00575741617649328,0.0008025456584922116,0.009804892867881184,0.0001248267198453353,,,,,,,0.00012729519355173256
208,0.004757564658155808,0.0015343393658837064,0.0017579426266587316,0.0036554557562837554,0.0026300991999789374,0.0008984872286255734,0.007525211092657768,0.001061900756399271,0.010501321836879166,0.0036337709170766175,0.009443356502742972,0.002796407835376158,0.0050781248282874,0.0008052891747259613,0.010480504199222196,0.00011934203560789076,,,,,,,0.0001266901989320376
209,0.004647403012196987,0.00152333395040204,0.0015484949944015497,0.0035725029237154457,0.00279665974010594,0.0009234210687219842,0.00767064316628071,0.0009177386790857144,0.01183825513968865,0.004187897498923121,0.01106234617085041,0.002734522190015317,0.0058655582591503235,0.0007571259993710555,0.010003482331133759,0.0001360503066128634,,,,,,,0.00012608415062898972
210,0.004827960171442256,0.0015865650886677715,0.0018107917833412623,0.003595360717935185,0.002771092479268455,0.0009265780646919122,0.007505681855269732,0.0009766433750051393,0.010392926201651184,0.003674577710626181,0.009285975427095158,0.0025587715908841346,0.005280431714102936,0.0008119067691344147,0.00993371693524144,0.000152564479189247,3.3598763132467866,4.086168724422653,-0.050370361209691815,-0.037754598774578575,0.02030642427174219,0.3656092503030474,0.00012547707256833828
211,0.004827643032225533,0.001535509571703708,0.0018462075052870454,0.0037238605765219875,0.0025577379667208106,0.0009135154850032722,0.007607835541980771,0.001127941767772116,0.011716038507681029,0.004215736953483429,0.010917495179455727,0.002575625018835126,0.005863818698950733,0.0008587481825088616,0.009242456561575333,0.00016014832395209547,,,,,,,0.0001248689887164855
212,0.004720803220859832,0.0016015871670733914,0.0015828453007345207,0.0034470864040299486,0.0029839692641304345,0.0009311698543795376,0.007604071946066414,0.0008710307392747436,0.010475959953813193,0.0036179649165812102,0.00950879624724621,0.0028025722018962065,0.005270881583176863,0.0007792139707210785,0.009618550083056713,0.0001487075908812585,,,,,,,0.0001242599230795408
213,0.005157709684875659,0.0017844209652473656,0.001990487187121732,0.003490977239512448,0.0033529516086619124,0.0009361539823580214,0.007584196230810549,0.0008891136321913537,0.011965409202578789,0.0042906527875553975,0.01128735394255879,0.0025011825146066258,0.006354696728521958,0.0008622301617530562,0.008632632627268322,0.00019220940295857267,,,,,,,0.00012364989970237253
214,0.005648832618951416,0.002035166730439593,0.0023712217952045174,0.0034026631699381475,0.004291044145177763,0.0009060681555778361,0.007502302535387696,0.00067175006858408,0.01033987054931155,0.0036988796042957497,0.009087273666712766,0.0025435709922021488,0.0055417628270030645,0.0007295299158916654,0.009824086795561016,0.00017032845723482146,,,,,,,0.0001230389426676591
215,0.0053822704765977515,0.0017734034368509634,0.002193256243506176,0.0035163295255281413,0.0034851534958753702,0.0010648104374627303,0.007683061865261859,0.0014441523332537215,0.012304230433073826,0.004337476207486664,0.01153514947994457,0.0027417853110212795,0.006264470786845777,0.0008801802208229977,0.010097947168105748,0.0001990601020906979,6.412441213615239,5.410835526883602,-0.38735522101827274,-0.07811313534330111,-0.163669673493132,0.31423633764239234,0.00012242707609493817
216,0.005732371169341425,0.0022681366272159238,0.0022700208509898083,0.0029116253931728057,0.004535549120284999,0.0010403301529526615,0.0074055552538325135,0.0005892978506070103,0.01142402269761078,0.004022216013254365,0.010678654747607652,0.002769407470623264,0.005802200761536369,0.0006895943624840584,0.009234662453915613,0.00012378551188400402,,,,,,,0.00012181432413965432
217,0.005198059561781776,0.0018812782921167647,0.0019173602897944485,0.003304061607226857,0.0036376869598499094,0.0009939077583392365,0.007710978173865722,0.0006762517988936763,0.011279838387660371,0.0038988263598488024,0.01035468490833106,0.002887753404744823,0.005747210430854466,0.0008381328952964395,0.010081127880160542,0.00012586305918678894,,,,,,,0.00012120071099220553
218,0.004906182147514744,0.001697496194133742,0.0018023690343118058,0.003385122847528412,0.003011076200184309,0.0009345260444276321,0.007509363259976873,0.0009517820322005905,0.012183255283161998,0.0043104335794244735,0.011590235672580699,0.0026323284103758247,0.006279578049240324,0.0008667885452571985,0.009086998426937498,0.00016841898955514503,,,,,,,0.00012058626087698818
219,0.004942950435404657,0.0017083328805314617,0.001805683596429821,0.003460202615859353,0.0030310573688166966,0.0009304000821927737,0.007481612143719681,0.0009648769086290998,0.010930037972381493,0.0037958812463330105,0.009969141421606764,0.0028023327446741555,0.005475926094125801,0.0007509409691313825,0.010176650115075367,0.00014422876160817091,,,,,,,0.00011997099805144076
220,0.004754835218350347,0.0015541749676036784,0.0017209259980222862,0.003608749723698721,0.0027500278720409316,0.0009221935258684759,0.007551766539979567,0.0009502293005969742,0.010692134710552637,0.0038113357216692143,0.009666100610047579,0.00255617130248235,0.005579052969551412,0.000764441526371229,0.00935258729441557,0.0001749946187222425,3.086536278948188,4.018583913333714,-0.012831308493332472,-0.023153339177648984,0.007808802661505372,0.37984574557695955,0.00011935494680508607
221,0.0051766418191230195,0.0018137962244944568,0.002024353860427713,0.003411948814208054,0.0034079406515925997,0.0009472113693208616,0.007506503817092022,0.0008476530411771975,0.012167337411180293,0.004268684053386096,0.011645487650336387,0.0026706207451449395,0.006113861132083305,0.0008426711553208103,0.009321194074194258,0.00017125980777639901,,,,,,,0.0001187381314585725
222,0.004606287813005157,0.0014646476871954899,0.0016201336462146197,0.003662559468474271,0.0024920109237552197,0.0008956740717761791,0.007541508748172185,0.0010503666862937708,0.011085275279280419,0.0038525007560868594,0.010212073570680028,0.002822288140426584,0.005609671095347342,0.000778016628222152,0.009625210053248642,0.00015722837150633495,,,,,,,0.00011812057636271378
223,0.004703348168195822,0.0014995043852533668,0.0017296729020328603,0.003653481140987486,0.0027312685304687508,0.0009261112561664329,0.007628474123855559,0.0008283742378504636,0.013213651977518262,0.004674061708404527,0.012718099494425891,0.0027600219555097283,0.006706034696738546,0.000891350005986169,0.009777530266243653,0.00014707489935972262,,,,,,,0.00011750230589752766
224,0.004785569350864006,0.001556782224553868,0.0017571919766835805,0.0036094372566693868,0.0026886436474334416,0.000929975125224242,0.007458822642508735,0.00112814764227543,0.0120058881342023,0.004232455161400139,0.011236825928790495,0.00279411199092768,0.0062357243077713065,0.0007916626600490417,0.009562321477763666,0.00013300500067240742,,,,,,,0.00011688334447127342
225,0.004544564061121553,0.0014589888209867107,0.0014809665482085294,0.00363241747702257,0.002736376548727226,0.000896486972605921,0.007609565169192278,0.000872639526200628,0.01044566135290855,0.003614937475504121,0.009474947257937552,0.002725074186552471,0.005299853852193337,0.0008058809374536698,0.009615398640259324,0.00016059436815870262,3.6928337576488652,3.817037219181657,-0.015600595424378602,-0.03536763522667267,0.012464224285698341,0.36126148241520345,0.0001162637165194884
226,0.004608024206235368,0.0014647684591368604,0.0016008888823517526,0.003678691364490451,0.0026073949122960623,0.000906856443770787,0.0075391298398757595,0.000957582500678911,0.010871985461562872,0.003832633805965694,0.009845839008145655,0.0027024593015691303,0.005603672342355519,0.0008308871122911418,0.009552731135045178,0.00018026486056517874,,,,,,,0.00011564344650402313
227,0.005658808655829893,0.0019943423053790997,0.0024022433407302215,0.0035300406888047727,0.004040007558094067,0.000949788223215753,0.007541116462367722,0.0008346442170718508,0.010225981769811673,0.003512935863303331,0.009183202171698213,0.002861410851134375,0.005083175776235294,0.000771169032304897,0.009800995719463875,0.0001426124764520864,,,,,,,0.00011502255891207574
228,0.0051115228352733915,0.0018320399626062657,0.0018631750692884063,0.0033207151941302368,0.003659645829282096,0.0009397325129845204,0.007590424279387818,0.0006714146926634952,0.011454896671542278,0.004017821898742113,0.010594504007409947,0.0027693864270380195,0.00576790564324862,0.0007911998084940327,0.009920486894164545,0.00014444891890737685,,,,,,,0.00011440107825522526
229,0.0046816758361732606,0.0015251752910498753,0.0016021286371227703,0.0036178609907515664,0.002792216930936417,0.0008984913837570602,0.007659448828134272,0.0009259836962074689,0.009313697296117121,0.003146548163689052,0.008042854375768608,0.002910524057673077,0.004494822804796665,0.0007843393065437946,0.010257722909348862,0.00015332177389382196,,,,,,,0.00011377902906846385
230,0.004669162466660397,0.0014708556795023128,0.0016547230897674288,0.003705253204704923,0.002600284477866963,0.000906330895755424,0.007624370511621237,0.0010723127177807016,0.011746178604274368,0.004009069370416303,0.01104667454152756,0.0029624943187324484,0.005872094957643033,0.0008969048176368233,0.009905445481611727,0.0001648449305472847,3.9270203799630203,3.9175623022019863,-0.05039686966726246,-0.04544215444669438,0.03019261083197004,0.34242847717056674,0.00011315643590922828
231,0.004700440696528197,0.001484206835858715,0.0017318116221377929,0.003721475915617158,0.002528424742910215,0.0008891275029183708,0.007587127266133316,0.001042776110582178,0.011665533553847732,0.004041743182218245,0.011055751584838921,0.002757779737597351,0.005915932980618284,0.0007820751410084389,0.009442348998466818,0.00014783496110718866,,,,,,,0.00011253332335643045
232,0.004622003056594513,0.0014712107206125641,0.0016584647386573637,0.003660398047381582,0.0025603629645700446,0.0008713544943891306,0.007477300715210856,0.0009990289350737755,0.0109503207107385,0.0037473986146020857,0.010065737772189701,0.002889076563709144,0.00548090114898514,0.0008688801972311921,0.009797053954874476,0.0001796108112254539,,,,,,,0.000111909716009487
233,0.004408170205429515,0.0013328169909819292,0.0014675389353432653,0.0037720009563172348,0.0023303405619544797,0.0008711670550247097,0.007547960147006899,0.0010382605619930923,0.0110957137561248,0.003934200428678499,0.010278085377649404,0.0025225250971440496,0.005675943818156763,0.000822643912518591,0.009137658249528613,0.0002178970370512919,,,,,,,0.00011128563848734817
234,0.004566699328123886,0.0014270216074342339,0.0016067475115315209,0.003697343294023194,0.002436950870960728,0.0008871166165380811,0.00758263077507289,0.0010524126906742682,0.01113854496118923,0.003773493915408229,0.010222028851179251,0.0030720909514153996,0.00554018774467598,0.0009113472078752238,0.010054081399478795,0.0001725790514607676,,,,,,,0.00011066111542752601
235,0.004541782763762734,0.0014894026432098805,0.0014727228511678071,0.0035200805829153354,0.0027022463623752706,0.0009048688195598049,0.007589977188831848,0.0009341450650881753,0.010195989811715359,0.0035099300354583343,0.009125362371075122,0.002740024227326406,0.0052688642317662016,0.0008826699195196852,0.00954696941334987,0.00018012196397876323,3.8123669869576893,3.7939934755365052,-0.025544079763979727,-0.03397254738229094,0.016248295646316063,0.35324118083291167,0.0001100361714851215
236,0.004650673446938014,0.0014821063726145425,0.001657215032615086,0.0036816825019593677,0.0026564487886941456,0.0008792613145923163,0.007537862015330893,0.000939780058351427,0.011431409070307078,0.003937237474019639,0.010585265132249333,0.002907907410796421,0.005912068074394483,0.0008601257116727842,0.009624853182079582,0.00019737638342576247,,,,,,,0.00010941083133185145
237,0.00452730514936977,0.0014131381663963453,0.0015363832676990165,0.0037391848362679793,0.0024437002502342,0.0008690134593799042,0.007530705473966833,0.001054832172586531,0.010518909577513114,0.0035269304062239826,0.009572344749661474,0.0030504767679910096,0.005051944700729412,0.0008445778688231561,0.010258336015491901,0.00014604673917043934,,,,,,,0.00010878511965507435
238,0.004560409064014626,0.0014658886541286085,0.0015297684521000418,0.0036003722741594934,0.0027093119943180145,0.0008898473349220764,0.0075637556226430544,0.0009103080010857248,0.010735147351321453,0.0036865162668012394,0.009898299181562228,0.002776836758433395,0.005466860663242794,0.0007873031117924256,0.009470432577169655,0.00017480730014085566,,,,,,,0.00010815906115681578
239,0.0045566070669641094,0.0014253230238110465,0.001576551047161731,0.00372264914923053,0.0024762621097680596,0.0008827857168204286,0.007504257715792738,0.0010446949095200822,0.011245518932507062,0.0038502417082781903,0.010476355254165052,0.002901150238661406,0.005524870087053084,0.0008004818464542041,0.010016269040837264,0.0001362944308406592,,,,,,,0.00010753268055279329
240,0.004480209303064606,0.0013858658738203475,0.0015001416919776835,0.00372649279411118,0.0024137892397160395,0.0009078674523844423,0.007513067408456889,0.0010442967524842317,0.011473068627916897,0.004044446239277022,0.01073232605025017,0.002654783444995701,0.0057257760915187346,0.0007705603190212665,0.00953104781122723,0.00018119014172649864,3.550691823785504,3.8266974606861672,-0.022594110368421145,-0.025439558645302895,0.018315811420810253,0.36263939739567125,0.00010690600257144061
241,0.00436964995550135,0.0013036797296765267,0.0014468096793653108,0.003810999776698394,0.0022898624336713143,0.0008603589232159285,0.0075244237231011065,0.001027338791145589,0.010247868645819835,0.0035302884886429333,0.009110874413939504,0.002852282821550034,0.005158052190381568,0.0007975906464707805,0.010015615111721369,0.0001835115493804551,,,,,,,0.00010627905195293135
242,0.004369316351974112,0.001319787099869906,0.0014360608283279098,0.00374958134140883,0.002295255512257831,0.0008693509013790032,0.007487470327884468,0.0010751419849372886,0.01171745864849072,0.0039971735010719085,0.011121838751326626,0.0029516321113381614,0.005729501329672833,0.000802637479864643,0.009804464993067086,0.0001710563441292834,,,,,,,0.00010565185344820244
243,0.0045095394230169105,0.0013650567932492201,0.0015634622083554983,0.003884561576295453,0.002376703491721016,0.0008662814417710671,0.007454408567526147,0.000996277520119518,0.010568852230790071,0.003601845310186036,0.009696085350393938,0.0028921841403644066,0.005205476937893157,0.000771707567764679,0.009695839985700635,0.000168552549477378,,,,,,,0.00010502443181797695
244,0.004536050366850682,0.0014033419175598866,0.0015944153484370974,0.00375604309175466,0.002451647114323086,0.0008647236933247147,0.0074683684660679,0.0010016487025355813,0.01156658299441915,0.004007348396650438,0.010896438446555598,0.002741087793462308,0.0058024786922032945,0.0008467387742712162,0.009619056346612828,0.00016177935206466523,,,,,,,0.00010439681183178647
245,0.004790467630005163,0.001608016929573292,0.0017208265728699283,0.0034401364625495276,0.003006580714076662,0.0009238786117818493,0.00753621407585521,0.0009158519709532042,0.012767793600990748,0.004569537154263041,0.01220752225102236,0.002716114024830555,0.006570151895478678,0.0008112696201957684,0.008969936587770158,0.00016443877234451065,3.6902836924418807,3.8753147842362523,-0.057170543435859145,-0.039565507478224994,-0.004292888435884379,0.35650317835259354,0.00010376901826699343
246,0.005551412206095381,0.0019810221284333393,0.0022197814054317516,0.0033622385026552738,0.00473362403179511,0.000893876766716329,0.007531191262169781,0.00047668478489665885,0.013376046510529704,0.004788650756381685,0.011512976712159192,0.00409234432966817,0.007011633361495721,0.001123719977234335,0.011036184482994335,0.00012979508335320133,,,,,,,0.00010314107590781281
247,0.0058324210421365295,0.002240567268111194,0.0024305559191295607,0.0032302468978306358,0.00398643820399307,0.0009718492155015054,0.007278734372339697,0.0010293012362833703,0.010821828638048222,0.003960621729978205,0.00976940501035036,0.0023461232570601473,0.005755235091783106,0.0008087611737816284,0.008903575071599334,0.00015876073915421784,,,,,,,0.00010251300954433373
248,0.004832903788878749,0.0016336489601148309,0.001680392687384071,0.0035125020345171485,0.00311299217128569,0.0009317177399579021,0.0076041049025475215,0.0008513780039798322,0.011750859892345034,0.0041526219514101586,0.011051162827546554,0.002710840179436976,0.005716111232080341,0.000846139093482634,0.009553149129108837,0.00014044197113586657,,,,,,,0.00010188484397154081
249,0.004707474398832672,0.0015289842456571248,0.0016363403965364823,0.0035896611461638766,0.0027392810254365713,0.0009407969853347247,0.007526332534387963,0.0010938697810510907,0.01177032403938938,0.004149245509931158,0.01111833609562988,0.002649402810372218,0.005966486888307069,0.000773365445638774,0.009349963770849476,0.00016908835944680808,,,,,,,0.00010125660398833525
250,0.005192829148732444,0.0018119000014849007,0.001995782484797936,0.0034244901298656743,0.0036802473368568933,0.0009530606375147516,0.007707615217798923,0.0006414770128514615,0.01126349987074112,0.003927569545339793,0.010489630078761062,0.0028333105152948215,0.00559857404975143,0.0008176642531907419,0.00927089046066006,0.00013742233286014502,3.6376091853405037,3.7600972056388855,-0.032667386140019516,-0.02203749138425337,0.025822042424503405,0.35735004463802195,0.00010062831439655588
251,0.004519839752186886,0.001389872607611852,0.0014776656962334155,0.0037823372379215993,0.0023952353527793326,0.0008856983838949162,0.007552567742064468,0.0012645734878189506,0.011091673741854416,0.0039146129814374335,0.010201882430313466,0.002752890748979553,0.005526950507677005,0.0007566795020466088,0.009496306551833792,0.00013508979687533915,,,,,,,9.999999999999998e-05
252,0.004617576407762165,0.0014715317199424577,0.0016366936849493883,0.0036447535838103956,0.0026596259399372926,0.000913956297091885,0.007455615533722771,0.0009194803020503828,0.011857231006918786,0.004137930220167618,0.011005812014142672,0.0029831189179579574,0.0059535009422688745,0.0007616392855804103,0.010105026444459023,0.00011996491472624864,,,,,,,9.937168560344409e-05
253,0.00456932975918564,0.0014184407350551495,0.0015954206340436817,0.003753649662885592,0.0023979214801150574,0.0008804282125256733,0.007520284820109224,0.0011297213505425826,0.01088870330810702,0.003769131868466502,0.010002715842953572,0.002891939381697739,0.005471949527418474,0.0007768487290983709,0.00937162688690781,0.00016583591612591894,,,,,,,9.874339601166472e-05
254,0.004500293746017492,0.001394908138924939,0.001489734727367918,0.0037763039491927396,0.002532922009575284,0.0008683705410888244,0.007598015650883954,0.0009377342881230612,0.01040574734118612,0.003543567429005634,0.009338558525390303,0.002941662151594452,0.005069381867845853,0.0008666854106801717,0.010202026702851677,0.00018282272681820663,,,,,,,9.811515602845916e-05
255,0.004626811914838469,0.0015092266762816212,0.0015539249980376444,0.0035922577764846892,0.002829843792769835,0.0008794263609223323,0.007506095298812685,0.0009319476895399977,0.012443825750475904,0.004375848458342564,0.012060481921556251,0.0027765807914571874,0.005941949887831773,0.0006901112792547792,0.009486064276037117,0.00013057583432403894,3.4502449426800013,3.849922023092707,-0.04825920645938216,-0.025859552421934495,0.0184168018871181,0.3639944327037988,9.748699045566625e-05
256,0.004539802539138458,0.001423334615289146,0.0015562418967676468,0.003706846370274185,0.002493946880209618,0.0008671297333561457,0.007532467168126987,0.0010265985845016518,0.009095819642728506,0.003092655195359839,0.007769182775518857,0.00283201219917828,0.004677069290967968,0.0007502928456233349,0.009756543508653218,0.00016857436617101484,,,,,,,9.685892409218717e-05
257,0.004725819662547646,0.0015767807599642656,0.001611420466329775,0.0034932608220678493,0.0029639892815413256,0.0009140847280669289,0.0074748020264933,0.001003479501665642,0.009762432110922722,0.003358355036956103,0.008576232753208993,0.00286899457811766,0.004927730289637111,0.0008009032517293235,0.009563014452093435,0.00013128443411384674,,,,,,,9.623098173300654e-05
258,0.004609106289636757,0.0015281851962606749,0.0014894854597763247,0.0035645776730763097,0.0030901246558890766,0.0008704571240446252,0.007526211834584291,0.0006771481125141667,0.010800549653746808,0.0037324766744859517,0.009931884099690555,0.002793797679563189,0.0053486747468317235,0.000775094761896374,0.009747228529401278,0.0001565830598716881,,,,,,,9.560318816821354e-05
259,0.00440928786714426,0.0013264136778938975,0.0014703204933928056,0.0037885987534163855,0.002295288358293633,0.0008681126326445936,0.00752405256120504,0.0010987353951303447,0.011780272077885456,0.004188649993011495,0.011245792319338458,0.002502285026215153,0.0059461597944997875,0.0007570138210818792,0.00892908839402177,0.00015117608542899083,,,,,,,9.497556818202307e-05
260,0.004361177949855725,0.001293207694374375,0.0014540650230100076,0.0038243529255478047,0.00225114958653322,0.0008506804356912676,0.0074510484014470605,0.0010829510545311049,0.010250455653779985,0.003528779726669503,0.00923666588641936,0.0027667247286444763,0.005166542912775185,0.0008227403780741346,0.009661795396823436,0.0001512390678802452,3.7661706476161876,3.7191379219293594,-0.04390921005688142,-0.03468864530805149,0.018717566888274934,0.3622824721193562,9.434814655179757e-05
261,0.004313601980893276,0.0012969663908951876,0.0013882749428889023,0.0037773901608605417,0.0023153106046195785,0.0008398730819746375,0.00743686125223708,0.0009898310205462,0.011197574123798404,0.003922958168307862,0.010383062857727055,0.0027602155296335695,0.005486605215992313,0.000810159355144909,0.009576745927915908,0.0001534042368499892,,,,,,,9.37209480470687e-05
262,0.004277304025828583,0.0012744861750955032,0.0013584410164775883,0.0038009599004434342,0.0022212792930201204,0.0008205120888554578,0.007434041086090808,0.0010614250842260464,0.010810278021381237,0.0037212140038415478,0.010026499216716426,0.002790672220119935,0.0053228528874266585,0.0007690529394797826,0.009581378047490338,0.00014125861484141447,,,,,,,9.309399742855945e-05
263,0.004431046525605469,0.001373684138724278,0.0014404591160993546,0.0036988493530716524,0.0026437768052952984,0.0008662562691964782,0.007549342034687089,0.0008382384058700737,0.011552633344156979,0.004063647271929464,0.010938665781092519,0.0026745160794234835,0.00562157000725468,0.0008064197700150544,0.009255344795140749,0.0001285652281997803,,,,,,,9.246731944720673e-05
264,0.0045603146123835165,0.001391215186713375,0.0016351808559022143,0.0037967117610745705,0.002379904806605962,0.0008658617951322156,0.00752876521860305,0.0010786345087853211,0.010380127328971867,0.0036224792323385677,0.009447077553583464,0.00265424370081746,0.00522213545627892,0.0007785732141201152,0.00936942639721868,0.00014400851491321495,,,,,,,9.184093884318425e-05
265,0.004325792592408883,0.001287790906862316,0.001441165825758034,0.003798559148851623,0.002251542133028404,0.0008506215621247633,0.0073383946198587995,0.001033213707634211,0.010359376409420898,0.0035069147209772686,0.009425206713785883,0.003033294412186175,0.004897926606645342,0.0007513383440406566,0.00995098527831336,0.00013396630885154082,4.004743362156053,3.925055792244772,-0.08093220565994368,-0.04189996730565326,0.011182683051932448,0.34393805358558893,9.12148803449257e-05
266,0.004564480912776139,0.001484374137611216,0.0015114323682804457,0.0035469565773382783,0.002822338494981647,0.0008834890166046814,0.007489439241317475,0.0009111431209643125,0.010896278824172137,0.003792937619436998,0.010195330981029352,0.002663196193073721,0.005292128137322531,0.0007080050927470438,0.00946932092726153,0.00015678400760066324,,,,,,,9.058916866814859e-05
267,0.004514743227702685,0.0013923350553442207,0.0015885257037778378,0.0037514680865196846,0.0024250781966540483,0.0008477361223055448,0.007357022750915753,0.0010684024075136478,0.010940405285509769,0.003791224152034071,0.01007765885151457,0.002872674986065249,0.005413592996774241,0.0007117005622300591,0.009662604502712687,0.00016696522144836004,,,,,,,8.996382851487854e-05
268,0.00429178446602936,0.0012654872714645332,0.0013788647290008764,0.003824540201980525,0.0022302905627940264,0.0008491366348203479,0.007503428697410939,0.001025338540676186,0.010592052072752267,0.0036836781861590375,0.009728143258447139,0.0027028250233342987,0.005256025414079583,0.0007521790618435867,0.009441745023650583,0.00017121861920562273,,,,,,,8.933888457247402e-05
269,0.004241967961813013,0.0012473795358011993,0.00133163463543209,0.0038060703579511526,0.002190580003015283,0.0008402006779240174,0.007521293464347593,0.0010346740656932837,0.011558815099609395,0.0040340786035812926,0.011076091502521498,0.0026630596791316443,0.005695768947286221,0.0007497887521215792,0.008909563946266038,0.00016326110215914014,,,,,,,8.871436151265184e-05
270,0.004372394135277559,0.001324914283871364,0.0014469118233626853,0.0037534544333958854,0.002317243172094608,0.0008548249564686806,0.0074559295187807744,0.0010353824286734085,0.01131904896950194,0.0039038152135617565,0.010554172506090254,0.0028699525394889256,0.00571498468828698,0.0007945784485248927,0.009581357568094973,0.00014798995183203564,3.588539161408941,4.000023469949762,-0.06037537502682729,-0.042243244105823884,0.008813682383333798,0.3534599371616625,8.809028399051305e-05
271,0.004301053877824392,0.0012703966622989084,0.001399725787023194,0.003842499515073549,0.002213178806974051,0.0008350936591458053,0.0074448863454322275,0.0010229616312470047,0.0105863801339486,0.0036338121305258633,0.009735048549676625,0.002816634298142162,0.005228621615970042,0.0007612193988582779,0.009626155869530825,0.00013450921634709326,,,,,,,8.746667664356959e-05
272,0.004512910592831416,0.0014452196000458307,0.001465591465214538,0.0035995004607093893,0.0027976376133867437,0.0008821791203585095,0.007586155498686891,0.0008356717922247804,0.01155476957016314,0.003971052197205911,0.010825920617207885,0.002950981837178309,0.005579520603835893,0.0008199744261219166,0.01010548753887027,0.00011597780329945333,,,,,,,8.684356409077176e-05
273,0.0045003378306093635,0.0014144806146550064,0.0015055025493901255,0.003700030352681493,0.002506073294645255,0.0008307704828882542,0.007572427157185271,0.0010034178317605087,0.01114352525716337,0.003906790820716803,0.010367127314869625,0.0027192024905768144,0.0054905219488622,0.0007292810939058351,0.009572564529662486,0.00013684552969076927,,,,,,,8.62209709315362e-05
274,0.0043463881433997145,0.0013494984551261251,0.0013464113073542905,0.0036563038563308045,0.002436354137961076,0.000858589306097621,0.007592541836281745,0.000996927288289378,0.012348067248240113,0.004352287607616745,0.011943168268771842,0.002614487484909963,0.0060170711755442126,0.0007913041329932943,0.009416573988952829,0.00015240298046137468,,,,,,,8.559892174477477e-05
275,0.004360122245967261,0.001305473599738131,0.0014442002304240616,0.003803318410188469,0.002299317257761414,0.0008583461194653383,0.007429064193772327,0.0010191405799093607,0.011617418223371109,0.0040387443465685164,0.011037694833551845,0.002800566456547434,0.005631985574533853,0.0007494296605727868,0.009455447034270037,0.0001361448388953098,3.6654440965503454,4.00403272267431,-0.07088296495445927,-0.026319041364331497,0.01251321662372599,0.35814731343028444,8.497744108792428e-05
276,0.004495181827845736,0.001394397425903087,0.001553868448548815,0.0037334990024996493,0.002464255021037295,0.0008388069606561245,0.007508559693765436,0.000956062971096651,0.01235313511278946,0.004457633082589989,0.011811397116010388,0.002442364536364039,0.00627247949159937,0.0008159829097470114,0.00901777885883348,0.00014782190610655258,,,,,,,8.43565534959769e-05
277,0.004446891703619025,0.001374423278010108,0.0014771145895823964,0.0037225281588860555,0.002482585257723227,0.0008664378907798161,0.007445742002027666,0.0009978241997821461,0.010959993785945699,0.0037788475601701066,0.010276749327507181,0.0028317821970631485,0.005247285354319804,0.0007661511366071257,0.009316615588128721,0.00014281428521674874,,,,,,,8.373628348051163e-05
278,0.00428285597401679,0.0012740291506808219,0.0013395097782302042,0.0038323243920747032,0.0022075134797149105,0.0008296309331030004,0.0075871926139339674,0.0010154764811762332,0.01104866158372412,0.003881080156133976,0.010217071134926906,0.0026850929516513133,0.005459632285540768,0.0008332524072708717,0.00943421533156652,0.00016026169932577736,,,,,,,8.31166555287266e-05
279,0.004363638124006809,0.001296485570492223,0.0014806130530838019,0.003820015145883633,0.0022508313354009236,0.0008295974796180192,0.007424321881312336,0.001049214360206791,0.011545156817495203,0.003935093392404572,0.010824944746370116,0.0029991048610706153,0.00565584981328963,0.0008491397802572465,0.009962945807880411,0.0001591051442536203,,,,,,,8.24976941024724e-05
280,0.00422431285190595,0.0012524373661209312,0.0012981945526404067,0.0037954973025072333,0.0021887663483189847,0.0008308516492426364,0.007503845018501847,0.0010283055193694886,0.011125886177372498,0.003910344748267865,0.010333972725978432,0.00270703076830614,0.005510501883691177,0.000734441742679337,0.00949859329072448,0.00013195696688702205,3.5358506652216115,3.8246172669654093,-0.03619393186212013,-0.028235313710562576,0.012063598366997516,0.36503909398905104,8.187942363728627e-05
281,0.004286577033563557,0.0012791806037943715,0.0013967248582297093,0.0037933076357739605,0.0022284323260044823,0.0008027252719267948,0.007380595534212059,0.0010374691478046638,0.010472417222141909,0.003550777386408299,0.009594639394587526,0.0028878600878670113,0.0049806943400957,0.0007785066997409255,0.010161696416616905,0.00014635099809841753,,,,,,,8.126186854142753e-05
282,0.004354786848187702,0.001311749696251976,0.001421796627348671,0.0037937573292571255,0.0022691141955283843,0.0008388187738262818,0.007503708249403752,0.0010444925269089604,0.010250524093862623,0.0035774815405602567,0.00919450460060034,0.002716736023709624,0.00527978788765419,0.0007632903949949347,0.009384906125584772,0.00016717335231912026,,,,,,,8.0645053194914e-05
283,0.00435972021610086,0.00131601095572711,0.0014564859124624894,0.003781100671388145,0.002302619990789228,0.0008251889495370098,0.007441088931364382,0.0009882831870146398,0.011410421216472363,0.003962417716441753,0.01074253141268855,0.0027696350622742707,0.005571683793580935,0.0007849817035700349,0.00960592366027413,0.00014500730505536316,,,,,,,8.00290019485593e-05
284,0.004991588829499152,0.0017446462471937586,0.0017424263353618737,0.003563180829012273,0.0032423188507907158,0.0008848746887778338,0.007412856991967967,0.000916967209020038,0.012086209011613391,0.004397816430961636,0.011257334573504826,0.0025970323204091983,0.00608297465078067,0.0008147469719309205,0.009300897057983093,0.00016009950532710113,,,,,,,7.941373912301184e-05
285,0.004603393793774721,0.0014972597530756432,0.001576948515438021,0.0036267880698602297,0.0026741204395269356,0.0008702586334334033,0.0075024122901611095,0.000887386446491167,0.011396454821806401,0.004044017019623425,0.01055477436845346,0.00271165950774351,0.0057588964579432895,0.0007517179025550528,0.009400793157207469,0.00015366580161450352,3.8072675795604787,4.077070611529052,-0.019531048911934096,-0.025131123164707486,0.021368293491832446,0.35383738481646615,7.879928900779453e-05
286,0.004888699415864216,0.0017486521785155449,0.0016501386342450785,0.0033315139659481426,0.00332403048260026,0.0009197553400344287,0.007498163877166489,0.0007708125013179488,0.01119533583308415,0.003994095123440881,0.010427610791036082,0.002476342884923118,0.005667648456437746,0.0008408349937478002,0.009006819581069673,0.00018035485150373157,,,,,,,7.818567586034574e-05
287,0.004394294865206521,0.0013383474199968972,0.0014232411148806668,0.003787886804073221,0.002308155023930674,0.0008353330968564743,0.007424226759049373,0.0011459656976808025,0.010628902916020403,0.003741292455136621,0.009652252740731152,0.0026638548536842186,0.005490061839130552,0.000794720421860499,0.009142144231494361,0.00020743521059785053,,,,,,,7.757292390506187e-05
288,0.004800084803221572,0.0015940023021489922,0.0016990214898191297,0.0035247742705859053,0.0030857297968971105,0.0009250895607257341,0.00746302058100382,0.0009278096645214405,0.010609662870895894,0.003783856882364489,0.009729129621215785,0.002484829074698306,0.005397322307544528,0.0007941565242314633,0.008892948581584884,0.0001492238808774952,,,,,,,7.696105733234095e-05
289,0.0044408768980612615,0.001401021861188655,0.001464954151525202,0.0036985756805500924,0.002507834650006973,0.0008342629437868157,0.007414695363030093,0.0008989969654564455,0.009666221080503115,0.003300041043985402,0.008524498368691033,0.0028248586313566193,0.004814810005579299,0.0008115945456665941,0.009663494456617627,0.00016718821736579534,,,,,,,7.635010029762753e-05
290,0.004347753102103105,0.0013165675450920358,0.0014031696626836928,0.0037572873949320014,0.00233118887940963,0.0008545497568666489,0.007504030250203915,0.0010110816076945397,0.011052708912757225,0.0038922693044393477,0.010211316388449632,0.0027192613988518133,0.005545326176312908,0.00079719815524489,0.009216977986701144,0.00013981332254312898,3.517329601881405,3.758326780361434,-0.023342322378690977,-0.023756727637191943,0.011146985532832332,0.35931355414342964,7.574007692045925e-05
291,0.004286622847470208,0.0012892589851632777,0.0013301244968723538,0.0038048367575208982,0.0022449717139546624,0.0008058181815108077,0.007579959942919449,0.0010203372118208541,0.010095406076288782,0.0034858005140752843,0.009027183480308546,0.00283295218347727,0.004966571262533155,0.0007671203820791561,0.009696594230869474,0.0001556676297127524,,,,,,,7.513101128351454e-05
292,0.004402070226641293,0.0013311342589963132,0.0014555639672912976,0.0037945085463838447,0.0024285218071463145,0.0008532878441306261,0.007555454567425016,0.0009213824322746677,0.012976318221869102,0.0047121031626981376,0.012413141557772178,0.002508659607883601,0.00665870252729898,0.0008681844113501332,0.009114288610968893,0.00016078829128218786,,,,,,,7.45229274316618e-05
293,0.004352102825282794,0.0013211144768219027,0.0014275383427102342,0.0037502966444087652,0.0023087909217310958,0.0008359142341830123,0.007435655310893288,0.0010343544351684628,0.010075596687480962,0.0034055587614905867,0.008949405098974239,0.0030915842013807073,0.005036261032122032,0.0008171788019050533,0.009674400302174035,0.0001500229583939472,,,,,,,7.39158493710103e-05
294,0.00453397608262638,0.0013105832249260484,0.0014189199020122935,0.004159662025805531,0.0022894846744095096,0.0008400117453092184,0.0074861808321796935,0.0015110717323941027,0.01163682072122659,0.00405998136557173,0.01095843381335726,0.0028179240604610336,0.005793697069748305,0.0007724562559208911,0.009359297847064832,0.0001858484675002122,,,,,,,7.330980106796246e-05
295,0.004367732580225819,0.0013213825226029078,0.0014342839817683666,0.0037949432571155904,0.0023572294152954705,0.0008289881165509518,0.007478739942909561,0.0009650530961137434,0.010439796606078744,0.0036298174660866303,0.009469082991320951,0.0027293509171310384,0.005291914824435177,0.0007973748949249663,0.009354642354689227,0.00018968476399550127,3.4991511072342596,3.8286478531857333,-0.025949037447086692,-0.031638894046409405,0.0032683858735254034,0.357716843770403,7.270480644826746e-05
296,0.0042266276402351186,0.0012240547554479896,0.0013161976080443552,0.0038474563700266373,0.002115684832072156,0.0008500734417257496,0.007494279255087559,0.0011275815538058064,0.010375464092552042,0.0035684880652600746,0.009393584987265058,0.0028907530067954212,0.005189301671634894,0.0007686233942270823,0.009433539334471183,0.00017222569257550427,,,,,,,7.210088939607705e-05
297,0.004284493594318947,0.0012751252884960645,0.001363014532193446,0.003847606098040556,0.0022071294972084016,0.0008100009255676379,0.007413237202419047,0.0010373425290716612,0.01151298291127508,0.003974456718424335,0.010888430309326699,0.002799021807125731,0.005685857276451618,0.0008284373276789362,0.00941301483544521,0.0001827924002858102,,,,,,,7.149807375300237e-05
298,0.004196656562395903,0.0012210312475545858,0.001296451552840682,0.0038474900846998407,0.002149199058488807,0.0008258997481594929,0.007507435446127485,0.000998802961818063,0.011518119300793236,0.004076742222726655,0.010809000794931004,0.002624992875098542,0.0058177417813567445,0.0007800907199756087,0.009197245749722546,0.00016913127683437779,,,,,,,7.089638331717281e-05
299,0.004400516332835596,0.0013960730587928277,0.001368711182139177,0.003596859136357521,0.002713154326790036,0.0008729423573399838,0.007559109532919068,0.0008211672687830909,0.010282974069317182,0.0034972204787967107,0.009328360497117197,0.00292700702084403,0.005068003672931809,0.0007945439483592054,0.009593558196987336,0.00015530257572512104,,,,,,,7.029584184229649e-05
300,0.0044192727476071855,0.0013664116462071736,0.0013874832458165276,0.003735213352438922,0.002447853617581069,0.0008646684465432365,0.007561629928616632,0.0010859161738907513,0.009937700488080736,0.0033976983152873195,0.008797298389254138,0.0029447640366318715,0.004903799323074054,0.000802578422735678,0.009708384420567503,0.00016688221306064102,3.86415783315897,3.8188566494112215,-0.030692832748172805,-0.03338040453612242,0.035291308808761336,0.3441248380566119,6.96964730367226e-05
301,0.0042804975408869675,0.0012866336002579739,0.00134335200722194,0.0037634845417088424,0.002338918689618476,0.0008463179821976357,0.007533386274057831,0.0009169193518052772,0.011882256347841272,0.004226463342395921,0.011173692842324575,0.002688587931212775,0.006038788854008696,0.0007871102152421372,0.009152426481402168,0.0001708022327306935,,,,,,,6.909830056250524e-05
302,0.004229319395306401,0.0012509319314366987,0.0013197581328523273,0.003809228351411338,0.0022037163437503334,0.0008341529330489441,0.007428452420311096,0.0010004235094588033,0.010111358176800422,0.003447866610561808,0.009139509502953539,0.0028259292269770717,0.005085289657775623,0.0008234078068198869,0.009397455209788555,0.00015774752993517419,,,,,,,6.85013480344695e-05
303,0.004421826499776962,0.0013446325292456576,0.0015301482359436937,0.003761102098167643,0.0023250166962568005,0.0008280691924568616,0.007453746630006239,0.0009975366840904811,0.011249344647997836,0.003909132962386745,0.01061827286806268,0.0027576320241375165,0.005557280232703003,0.0007949533507295806,0.009002213140774984,0.00014626346998625195,,,,,,,6.790563901927904e-05
304,0.004081218361130191,0.0011480319269924846,0.0012152911712113035,0.0039022994450588003,0.002020911568811593,0.0007871268264865741,0.007448302832647012,0.0010612614216183713,0.010405444282999573,0.003625061860172233,0.009508668052149005,0.0026794640189109487,0.005141566415356162,0.0007220842447471417,0.009473825426539406,0.00016056427875810186,,,,,,,6.731119703450574e-05
305,0.005104777984257437,0.001712586785443764,0.0019467727198567975,0.0036365216066583227,0.0035604236530076363,0.0008505553449404577,0.007516477971425296,0.0007979605360692675,0.010459095894475468,0.003577650284569245,0.009525219230757406,0.002825715602739365,0.00531216979046197,0.0008515694171364885,0.009438964021683205,0.00016750614848130377,3.8301009678592286,3.713766311916212,-0.02106562452293777,-0.038505530064867344,0.01644336300038655,0.3470201161302005,6.671804554770132e-05
306,0.004337632669430449,0.001294847640992962,0.0014311939241109877,0.0037982455040845606,0.0022868951180607527,0.000837668330502163,0.007512194677614248,0.0009848704999330172,0.012269064973224886,0.004286646343340787,0.011728379293344915,0.0028583871562659624,0.006029347282795546,0.0008074850108338675,0.009461887433038404,0.0001618771416360687,,,,,,,6.612620797547084e-05
307,0.004324304557835253,0.0013118913888724314,0.001352910238962907,0.0037617527274812898,0.002282738536854999,0.0008518293186023226,0.00757297352513569,0.0010430880973481724,0.010783061465190258,0.003623837960428015,0.009944659405543158,0.003129357480247563,0.005164068735515078,0.0007892349167377688,0.009796897485405983,0.00019406967813514106,,,,,,,6.553570768254827e-05
308,0.00417222330868085,0.0012181355042331335,0.0012632798911947915,0.003828350023732672,0.002176952801553262,0.000811701799935908,0.007517099392433197,0.0009790370405915803,0.010906187788350508,0.0037390583092928864,0.010080736387559833,0.002919288740182916,0.005395160527162564,0.0008518809378680695,0.009421167039060189,0.00014445213340271343,,,,,,,6.494656798087407e-05
309,0.004268123260818613,0.0013011886074573884,0.0013274560338204615,0.00372194136496888,0.0022965023457271676,0.0008264891855502262,0.007463394242346796,0.0009743482458548103,0.011101526193669997,0.003759570716889963,0.010443090761934096,0.0030010054342710646,0.005304711194185074,0.0008496779882989358,0.009402980974603755,0.00016254901580244527,,,,,,,6.435881212867492e-05
310,0.004195660727822946,0.0012162657423267285,0.0013085190986848285,0.003859492246674485,0.0021378481850171317,0.0008060515419934264,0.007443357330675309,0.001035717252540426,0.010489733729627915,0.0036148330315578883,0.009543867088117016,0.00283910498850067,0.005197758497767306,0.0007843114084001476,0.009616563940653577,0.00015051968000534544,3.5638669819260635,3.782169921013216,-0.016799685668956954,-0.032059768861775716,0.014010297653536933,0.35222048572419834,6.377246332954542e-05
311,0.004500655606627846,0.0014041189778930484,0.0015349219335266985,0.003714036900932208,0.0025670189444278167,0.0008556785708209738,0.007541853703685805,0.0008804916556559135,0.012010004342300817,0.004098922974662855,0.011489504038763698,0.0029967062079473785,0.0057535896824750426,0.0008422306776386298,0.009862740967946593,0.00014192687882541577,,,,,,,6.31875447315322e-05
312,0.00430634996901529,0.0012917130450224583,0.0013652610275138202,0.0037792265727622514,0.0022498129003354884,0.000832885948037649,0.007407807997770161,0.001132184550333788,0.011432495952855485,0.00396793986025538,0.010806229685840663,0.0028032885848006117,0.005531959708605427,0.000784357841136322,0.00937965109187644,0.00015819069357310886,,,,,,,6.260407942621995e-05
313,0.004375632604560218,0.0013564767867712798,0.0013941523880681866,0.0037285349307916104,0.0025402384031062517,0.0008369134928091851,0.007483234163373709,0.0008409966972417001,0.010523407642419139,0.0035887204200359215,0.009591526989728058,0.002950635687132793,0.005260187184224681,0.0007956782919791294,0.00955475025208822,0.00013843676346899278,,,,,,,6.202209044781988e-05
314,0.004242854899304927,0.001264912927021774,0.0012932413083035499,0.003774835639056137,0.002314800280146301,0.0008121932613957896,0.007448581331926916,0.0010532497904995012,0.01268411303559939,0.004365707935600464,0.012307767712627538,0.002916467003766835,0.006263124455775444,0.000834480551930028,0.009630343898606952,0.00018784922705587329,,,,,,,6.144160077226033e-05
315,0.0042725266673817085,0.0012991958448034513,0.0012941078206277492,0.0037184197830760646,0.002607398569926174,0.0008174493402923242,0.007525784001311558,0.0007919596007410198,0.010579085207912916,0.003607994245006315,0.00971306214099362,0.0029503194403635766,0.005141820419036473,0.0007856288587693901,0.009513941006540941,0.00017068712655069854,3.6174753655989966,3.7562735977893076,-0.021547501247065764,-0.026993969741549034,0.025211195410520304,0.3510075182485808,6.086263331627976e-05
316,0.004184520168580178,0.0011945087741264421,0.0012979463686068088,0.003907547150260936,0.0020832796416914044,0.0008146833134894697,0.007399027317396214,0.001108803685235768,0.012149168503431914,0.0042231436527799815,0.011619107948111681,0.002799628105700928,0.006090774974533512,0.0008897929953188092,0.009255777001574947,0.00017000609856647012,,,,,,,6.02852109365219e-05
317,0.004193900984863185,0.001225729499054022,0.0013097749165315023,0.0038288492882528747,0.0021421842338740188,0.0008109069220884902,0.007444429483949247,0.0010070306140663049,0.010662767759640701,0.0036156902048484576,0.009772316108865198,0.003025778429825247,0.005133970262249932,0.0007668051124104144,0.009927918331716986,0.00016074565924858084,,,,,,,5.9709356428633706e-05
318,0.004222399956132803,0.0012541236380775834,0.0012796443860189845,0.0037972045302168173,0.00225877879649146,0.0008318459748939221,0.007440151306442344,0.0010191785074553043,0.010509991084594125,0.003600954809371615,0.009632201072236057,0.0027638645390955694,0.005149461678229272,0.0008047023129620356,0.009841057183317995,0.0001649491993494697,,,,,,,5.913509252636508e-05
319,0.004179090492299989,0.0012120599408224067,0.00128264616155981,0.0038611921357412813,0.002134491949198911,0.000809632254163456,0.007466084198453105,0.0010139680416789186,0.0105342885023371,0.0036213039905608944,0.009585982292871146,0.002923087579802086,0.005217428687804689,0.0007772476631847288,0.009508374753446939,0.000157549978894167,,,,,,,5.856244190067156e-05
320,0.004304889057221639,0.0012649249324762127,0.001441204443307291,0.0038487440876614973,0.0021657574057189,0.0008084752791437806,0.007407751656734409,0.0010508005214852835,0.012108116660480542,0.0043056391962939715,0.01158458112331573,0.002533479205946302,0.006296373782485413,0.0007844173596822657,0.008771560511377174,0.0001753866012374298,3.0437002293765545,3.8971115251382193,-0.02219467007671483,-0.022990783887811023,-0.003001113122688063,0.37433218318296385,5.7991427158819344e-05
321,0.0041955766222304385,0.001240470795892179,0.001304195743575533,0.0038200275053103003,0.002152261899338446,0.000789727782084344,0.007336916123381537,0.0010298089210920853,0.010590755640199253,0.0035930133126385044,0.009562514511344489,0.0030523976723391875,0.005233025867103909,0.0007996626724586046,0.010056195644817004,0.00019672952063842786,,,,,,,5.742207084349271e-05
322,0.004194905722720755,0.0012403212300637085,0.0012265128455658117,0.0038321096973461853,0.0022223665384957804,0.0008270707862992954,0.007582487108615728,0.0009843510707803508,0.01227748669043649,0.004234660947986413,0.01169595132523682,0.0029730478606021884,0.006207175206024355,0.0009118278509655889,0.009367753365950193,0.00016580758178482333,,,,,,,5.68543954319041e-05
323,0.0041809901615015715,0.0012240996999709874,0.0012906185106541484,0.0038268789857960283,0.002160824515407061,0.0008000022819779145,0.007420332469523718,0.0010019848327945697,0.012007229262962937,0.00410634973498721,0.01140129291646493,0.003015661627311298,0.005897627304269311,0.0009268605323692706,0.00961824670957867,0.00017415552023673322,,,,,,,5.628842333490671e-05
324,0.004283160186157777,0.0012723158181318615,0.00135597061071322,0.003793553755674352,0.0022850731725040344,0.0008356568899053412,0.007543685085848611,0.0009946948234782558,0.011418992347898893,0.0039331127287975205,0.010763051022271005,0.002837356023822698,0.00557529968500603,0.0008502524633513531,0.00951822958207534,0.0001566392696948545,,,,,,,5.5724176896109845e-05
325,0.004253322368041955,0.0012349715241445946,0.001377103903478123,0.0038730395494156284,0.002148524966512799,0.0008137350458936351,0.007449046067861665,0.00103861833556746,0.01058341328947184,0.0036120279582974035,0.009684931363153737,0.0029120844201315776,0.005227455192652997,0.0008059072545923603,0.009572150998186165,0.00018979431087018384,3.415997258077065,3.8111020124827824,-0.021910811330599245,-0.032771029489595094,0.011793505924288183,0.35455354609681916,5.5161678390996775e-05
326,0.0041814994874895895,0.0012027965893403778,0.0012986274206270583,0.0038692188861135105,0.002090740464846643,0.0008308610298798189,0.00747299650644199,0.0010395455613970393,0.011110133008817987,0.0038218161741194003,0.010485009632247966,0.002794714598773377,0.005393763235285102,0.0007608861506014364,0.009317249610224584,0.0001668438561637231,,,,,,,5.4600950026045305e-05
327,0.004278250922186253,0.0012556016467547475,0.0013897634145174909,0.0038674435121580386,0.0021620440519709364,0.000784669139344866,0.00744758165664334,0.0010665044894391715,0.011722429839816565,0.0040835804951105574,0.01113108903033814,0.0027847461287819897,0.005709739935506756,0.0008223475397244329,0.00937761976577652,0.00015530078555533086,,,,,,,5.40420139378512e-05
328,0.004049876229200735,0.0011467834756486756,0.0011763845691775791,0.0038609618488221597,0.0020507059465998258,0.0007941477492244707,0.00749027955895051,0.000998488567604046,0.01108005146185557,0.0037671494646929204,0.01026722575140108,0.0029688861901983423,0.005480824016558472,0.0008477558215721123,0.009792696153454017,0.00017929493619324907,,,,,,,5.348489219225414e-05
329,0.0041966629940936835,0.0012148360111830262,0.0013238520609736284,0.003860605128396016,0.002104560909772881,0.0008196610090239212,0.007411213340954139,0.0010359907300803142,0.012237646345359584,0.00424651338471449,0.011816229045507498,0.0027981826697214274,0.005967205196308593,0.0008044235740574853,0.009406020949730495,0.00017285371586694964,,,,,,,5.2929606783466755e-05
330,0.004238317538506518,0.0012583576081097764,0.001324576450089932,0.003803050024116523,0.00217878821795472,0.0008113088310620565,0.007492683300525587,0.0010299388522358858,0.010861825163980635,0.003729621860353897,0.010032750375103205,0.002851981334364003,0.005293582279894811,0.0007758287241207048,0.00984624728638058,0.00016645666613612775,3.837804545648396,3.9075459598874054,-0.03998188196176974,-0.03358974842982813,0.038409951497063353,0.34653390489984304,5.237617963320606e-05
331,0.004354517773573852,0.0013402553805564013,0.0013974605809248444,0.003732958021494122,0.0023787851648357436,0.0008337688599971847,0.007477826868685393,0.0009581334786947307,0.009706317126983777,0.0033346625071620415,0.008527126560996598,0.0028503948272676403,0.004896843291741486,0.0007678467554796953,0.009570844507834408,0.00017043929263612276,,,,,,,5.1824632589828485e-05
332,0.004300489464504087,0.0012821045556925556,0.0013510702283849989,0.0038577032018787204,0.0022197496832515565,0.000819973751074738,0.007486233963336573,0.001048242612901399,0.01143352355575189,0.003857376523228595,0.010651369336604452,0.00319371357121175,0.005516606198701386,0.0008412735126815581,0.010064137932204176,0.00016026737793595203,,,,,,,5.1274987427466775e-05
333,0.004219294346582431,0.0012706047034440322,0.0012860039070459544,0.00375716761749588,0.0022841867290309863,0.0007938779863174686,0.007438070311919492,0.0009759222044934169,0.010719539241108578,0.0035370128692496414,0.009890386354527436,0.003249849604192908,0.005118132728966884,0.0008239912434267657,0.010010333144843267,0.0001570186714919449,,,,,,,5.0727265845170805e-05
334,0.004112709879787623,0.0011840487062198739,0.0012280362034833424,0.0038623031344201066,0.0020566848867859403,0.0007747143514963806,0.007450500266371757,0.0010524552966454106,0.012137766277495151,0.004221276223688619,0.01161517018529897,0.0028625716716608927,0.005868407948582899,0.0008180923020214929,0.00955725583480671,0.0001495444618816085,,,,,,,5.018148946605091e-05
335,0.004131226876002346,0.0011873718248640434,0.0012378197055883133,0.003873675343238263,0.0020530815440245992,0.000803927537232924,0.007490490668684117,0.0010449771857682394,0.011735372589707064,0.004051492799286886,0.011147559409437235,0.002860669712693683,0.005785697273192151,0.0008700725641877701,0.009284066257047622,0.00016455228101600974,3.597361556875209,3.8537255562841892,-0.02814654533722205,-0.03276061612632475,0.008604025652554506,0.348921073290209,4.9637679836423904e-05
336,0.004172431014510047,0.001211149994140634,0.0012687115241478905,0.003863729487778221,0.0021132762975688293,0.000804885409714686,0.007458291145869427,0.001044067623717218,0.012148339810664766,0.0042973080671799835,0.011609243777153702,0.0026650215292344606,0.006097150554220813,0.0008054559960631499,0.009079038286775662,0.00016919199051320297,,,,,,,4.909585842496285e-05
337,0.004268210647930192,0.0012630966340756824,0.0013782967729732776,0.0038081959216322145,0.002220301975448353,0.0007920393767034332,0.007409420537037982,0.0010547654701829152,0.011533262761076912,0.003918682239600457,0.010960624378640205,0.0029262484322316595,0.005512939998880029,0.0008607801143322528,0.009764694257076675,0.00016101601450676148,,,,,,,4.8556046621849326e-05
338,0.0041454159276575865,0.0011751871948074708,0.0013065996791761464,0.0038883663678111937,0.002042098539487387,0.0007916486102681702,0.0074321262112571895,0.0010435622464908978,0.011269309599204766,0.0038848406584293116,0.01051753827293093,0.0029031967921279525,0.005591605627463044,0.0008093583601294085,0.009449959912065728,0.00016005610225041286,,,,,,,4.801826573792906e-05
339,0.004073262098245323,0.0011541388081147885,0.001195234692064472,0.0039142403258090345,0.0020251086660318524,0.000775716732441185,0.007425933692238143,0.001026741269450788,0.011064245321904309,0.003827347965852823,0.010243172243159885,0.0029032519981531855,0.005405767667980399,0.0007701531964509437,0.009527161511262724,0.00019617123001580694,,,,,,,4.74825370038704e-05
340,0.004168519053735539,0.0012347126189563582,0.0012098454395667291,0.0037839576665662294,0.002327346055406249,0.0008294626915704013,0.00749551597584644,0.0009303528921506775,0.010443500888262255,0.003521469357413783,0.009555369586450979,0.0029346779410843737,0.0050714811877696775,0.0008639178825736357,0.00975729583054393,0.00018415075651508536,3.9527947828173637,3.7758795339614153,-0.02682546317858699,-0.03991544030213845,0.029518563142725423,0.34233450850782293,4.69488815693266e-05
341,0.0040729109368995466,0.0011664510987655253,0.0011986918062365686,0.0038585083302444755,0.0020170044084278564,0.0007875698656400936,0.00738412148764946,0.0010580108661772225,0.011101119525847025,0.0038197816611500457,0.01023735879183126,0.0028780698418510533,0.005568171519068225,0.0008484850277454825,0.009745564918072583,0.0001769166742633388,,,,,,,4.6417320502100336e-05
342,0.004214632608450185,0.0012652666865684825,0.0012638171553675435,0.003754559726231437,0.0023268643367645512,0.0008120540483221889,0.007505430712595454,0.0009493687958195388,0.009990111003086591,0.0033448612169498424,0.00896397886875396,0.0029902553921298627,0.004834595648086785,0.0008004332485143095,0.010050839482573792,0.0001669303909655658,,,,,,,4.58878747873124e-05
343,0.004148244775202857,0.0012154345172775798,0.00123032736323344,0.0038057510063458136,0.002215800568079337,0.0008193608258978233,0.007477033787812942,0.0009535513468613822,0.01136361187430642,0.003946189676450255,0.010614856917527504,0.0027600234522348424,0.0056462129032297526,0.0008651269957529925,0.009557216668326873,0.0001879680756928792,,,,,,,4.536056532657308e-05
344,0.004180963236727139,0.0012213335055101695,0.001277126919112017,0.0038636282343083085,0.002125507017645316,0.0007741529818894899,0.007396012783432618,0.001069976621685285,0.010970181038525576,0.003752716106343238,0.01030638951973136,0.0027638554189858646,0.005237328436730119,0.0008307688882875178,0.00960646753810579,0.00020108479770897247,,,,,,,4.483541293715696e-05
345,0.004217800286272143,0.0012610206178003429,0.0012729970228850332,0.003775210029238628,0.002231639389020319,0.0008452846785573463,0.007465667445531003,0.001002078320516764,0.010469926409617377,0.003648502596964439,0.009544979266744727,0.0026694315599039933,0.00530881572922226,0.0008296830759112103,0.009225830923242029,0.00016685562091349007,3.5831046930203834,3.8357803855712214,-0.019259117943875026,-0.03879695332276848,0.01088898479914254,0.3497948914041949,4.431243835118118e-05
346,0.004212241986981378,0.0012695168798717742,0.0012377810427664309,0.003751852646127789,0.0024088279186931048,0.0008220028810792117,0.007525781070033454,0.0008825370790189357,0.010512969442061149,0.0035513461698428728,0.009648919447499793,0.002905821429825058,0.005040099587252674,0.000818535461803549,0.009995960841479246,0.000189761925203887,,,,,,,4.3791662214786914e-05
347,0.004092252782434544,0.0011680927784301532,0.0011918874562948814,0.0039060002388870423,0.002009682237910919,0.0007897240891316348,0.0074589970266908156,0.0010659573595343023,0.011381199428190788,0.003936686897456336,0.010657565522706136,0.002805945659929421,0.005563345698950191,0.0008311275378218852,0.009719716387432223,0.00019013122035479077,,,,,,,4.327310508732436e-05
348,0.004121411975839326,0.0011611840738437306,0.0012574581507470014,0.0039001303191623115,0.0020274707577867894,0.0007900037495797484,0.007539933475737388,0.0010601103485507928,0.012314172553791044,0.004326817744489138,0.011908933610053888,0.0026387219068055856,0.006073357767794126,0.0008642267293907935,0.009084543395147193,0.00017403780033949565,,,,,,,4.275678744054089e-05
349,0.004156071349429205,0.001218383064151256,0.0012319037351462767,0.003821845397225812,0.002186430930100286,0.0008095441237848221,0.007547104086440343,0.0009542413934732939,0.011128598504001275,0.0037740462454773174,0.010459600651908355,0.0029351332692992096,0.0053065713024504175,0.0008130978864452724,0.009777636565559078,0.00017583918627413672,,,,,,,4.224272965777325e-05
350,0.004100429539918963,0.0011791057171276174,0.0012109053264467572,0.0038565734842131473,0.0020624020104057705,0.0007989698798101173,0.007459992401572501,0.0010232711220019583,0.0112095058526999,0.003878211813571397,0.010381488420534879,0.002827721422969868,0.00567031352208384,0.0008513324046361959,0.00951780351654937,0.00019380095894424207,3.470555163299044,3.925056414368252,-0.02335540368706764,-0.037560704458883265,0.002856527552163849,0.34815352262618643,4.1730952033142386e-05
351,0.004136962443988165,0.0011821979274734473,0.0012545096066095827,0.003904659906004229,0.002051198698827026,0.0008203667480574172,0.0073884600976434275,0.0010400481137950034,0.011497258519132933,0.003951692348588646,0.010852491182352727,0.0028959095643585897,0.005467357875507635,0.0008382107450112622,0.009737800896497598,0.0001760162823150798,,,,,,,4.1221474770752684e-05
352,0.004104956231302876,0.0011902781686960505,0.001227706401861615,0.0038192483206462655,0.0020894697189737014,0.0007838623893733781,0.00742394397727763,0.0010155147327899083,0.012171994157445928,0.004200712860135051,0.011747128116743019,0.002844236448254378,0.005742334195626124,0.0008332577848098784,0.009697029202167565,0.00018692553259332575,,,,,,,4.071431798389406e-05
353,0.004049853379957569,0.001144561012629738,0.001192389954574024,0.003894136020611239,0.001978951204333327,0.0007585113005947449,0.0074297794694096865,0.001050324863996123,0.011017931234770609,0.00375925700670147,0.010249285788934989,0.00286725393228456,0.005324208791231892,0.0008308457078480084,0.009915593931509648,0.00018847681261983476,,,,,,,4.020950169424814e-05
354,0.004050538233385827,0.0011593287747998077,0.001173178624544834,0.0038423965273138424,0.0020250372840370187,0.0007735526497161383,0.007442025324473014,0.001044879349106679,0.009306052585695094,0.0031261929264777186,0.008173932049733898,0.0028738636143922727,0.0045155929134731805,0.0007546259336474274,0.009812660721460512,0.00017436204867256797,,,,,,,3.970704583109751e-05
355,0.004150592671253552,0.0012039753899941396,0.001253976940842043,0.00384387113333035,0.0021132452415429754,0.0007993035696538435,0.0075133161054144046,0.0010083565863775827,0.010640970484625237,0.003645984067892035,0.00980542184455165,0.0028242045888570524,0.0052056587737752125,0.0008208002163883066,0.009559150984083923,0.00017029495184791207,3.741509798914194,3.944355891086161,-0.031934412887494545,-0.04863085441138537,0.01744439988033264,0.3424702576335727,3.920697023053944e-05
356,0.004082668712959649,0.0011553087940391821,0.0011875895851960357,0.0039003600638049343,0.002004381088623538,0.0008004409346618077,0.007552504995201006,0.0010526054882528768,0.010881752580947554,0.0037194674720619028,0.01000850370231395,0.0029472519193708044,0.005362213492238273,0.0008513895112021904,0.00968436002828336,0.00016616259663730185,,,,,,,3.870929463470237e-05
357,0.004020872932826925,0.0011171403591736006,0.0011626396616264128,0.00392237722597077,0.0019419490987570304,0.000782522574886998,0.007455010448670031,0.0010642250807803874,0.011430174791409323,0.0038839290815910013,0.010845914643141441,0.002952394300943221,0.005402161521487869,0.0008463031135761412,0.00968690092364947,0.000168860081762053,,,,,,,3.821403869096654e-05
358,0.0041506857527658725,0.0012141763377918773,0.00125550579938353,0.003806713829215011,0.0021285853516827854,0.0008233253703289466,0.007450476828086962,0.0009968438577906897,0.010750241970526986,0.0036125389112082,0.009874862516880967,0.0030875274581679455,0.00525424923398532,0.0008495772441771502,0.009756793619696206,0.00019440220868697602,,,,,,,3.772122195118876e-05
359,0.0040714678237151,0.0011581800296966336,0.001213575917809533,0.003885931196089229,0.002025476013087373,0.0007661457957588455,0.007337807198094889,0.001048827155337233,0.011679457287148884,0.003988843947202743,0.011105167298713544,0.002969803524138115,0.005601020709339839,0.0008083218096241277,0.00966766066752219,0.0001807779612666612,,,,,,,3.7230863870929944e-05
360,0.004146044053989025,0.0012029502831865102,0.0012481106163110011,0.003834865576364737,0.0021155107588284356,0.0008029529386305481,0.007478915065383682,0.0010316924351491642,0.011982899755821563,0.004126462753144248,0.011423773411176322,0.0029197300579350363,0.005811495771922637,0.0008347665243491065,0.009679577405525682,0.00017850824620306108,3.822795035627981,3.9261542359987893,-0.026464278884911135,-0.04875726483063166,0.013871420082674982,0.3398800798588329,3.6742983808687546e-05
361,0.004046461122054766,0.0011366482472851172,0.0011833478655849192,0.003923153234088522,0.0019465755635442643,0.0007755730570289983,0.007433857673253768,0.001057005260288581,0.011410559901075127,0.003949563831459575,0.010742640472017229,0.0027704758552620965,0.005614143088071917,0.0008232924258967008,0.009507572988998922,0.00018852948990873605,,,,,,,3.625760102513102e-05
362,0.0048814834280608175,0.0015759563964540856,0.0017453710507287078,0.003716147169430987,0.0036530101330528976,0.0007867771593861792,0.007480624744780043,0.0006767259744506152,0.013008057561819442,0.004719095242762705,0.012001433307887055,0.003101972787590057,0.006721161987419085,0.0009529696205087627,0.009189076416078024,0.0001588740862719836,,,,,,,3.577473468234159e-05
363,0.004283305356064095,0.0012853741004036213,0.0013322148299935218,0.003807971317671303,0.002205682880121769,0.0008317521672783436,0.007487603226421863,0.001065546613544861,0.011975822426999608,0.004174766758903085,0.011245065101926835,0.002933649881015299,0.005810575550034021,0.000863756438169124,0.009875893270267019,0.0001751490131690995,,,,,,,3.529440384305555e-05
364,0.004214269039420108,0.0012496153388220149,0.0013105685038603523,0.0038058359283380783,0.0021923770725082318,0.0008095072579379074,0.007442315887166266,0.0009800253292813331,0.012293160456465557,0.004305300197302131,0.011668620553488532,0.002883182901314285,0.005983555980492383,0.0008415320583784099,0.009727455476725785,0.00018660075848705068,,,,,,,3.48166274699121e-05
365,0.004221562262322022,0.001274344848884811,0.0012709631673637459,0.0037386352862987635,0.002340924265420335,0.0008389911244714903,0.007448923439742663,0.0009256176177804552,0.01112991338353216,0.0038299983583177286,0.010275316790891035,0.0029513088535774537,0.0053958702919771895,0.0008494888667579895,0.00980426202780412,0.00018007089984924582,3.98603572572271,4.0212513251851005,-0.01559484209671306,-0.04662938436073697,0.015525686616456369,0.3309980208028315,3.434142442470436e-05
366,0.004158197912093029,0.0011993723281691026,0.0013033343836243271,0.0038674915046232124,0.0020348161864930238,0.0007621749191302169,0.007457766431168868,0.0010519925205978954,0.011796424344841702,0.004017808747448726,0.011194720912802344,0.0030151184746500803,0.005749106567236595,0.0008986694574559806,0.00956490002135979,0.0001944256092087926,,,,,,,3.386881346763479e-05
367,0.0040144239637889285,0.0011175967935516506,0.0011457734398989596,0.003932429087531363,0.0019518446831955996,0.0007699407917212568,0.007429147813803492,0.0010693579212636547,0.011408697804048037,0.0039057825633790344,0.010617082012079967,0.0030285205612017307,0.005475814413027062,0.0008576921621473351,0.00992430235540572,0.00019878288645713837,,,,,,,3.3398813256574836e-05
368,0.004046793801224448,0.0011584762066929068,0.001173408302024771,0.00385131742248041,0.002023177777126463,0.0007950296010085755,0.00738629409406557,0.0010100163693010458,0.011266209146318337,0.0038114158293562164,0.010526560169334212,0.003018652828662501,0.005534867906438497,0.0008607353035282964,0.009759859948341424,0.00019386287075917608,,,,,,,3.293144234632799e-05
369,0.004191471825942843,0.0012484129215292155,0.0012054966283070608,0.0037871785442002565,0.002243552914657431,0.0008274200596273518,0.007570285799825548,0.0010452800564745015,0.012497523697675206,0.004376232171731924,0.012033283414590793,0.0028334904712513285,0.006039908262512957,0.0008188988643572278,0.009484655417812368,0.00018485617811355345,,,,,,,3.2466719187897546e-05
370,0.004452610424218269,0.001406527106435253,0.0014564547089274782,0.0036368522202022946,0.0027390505504619298,0.0008517983692905141,0.007555279799171874,0.0007598890013888684,0.011151454275629172,0.0038619547740381677,0.010288071765292747,0.0028942904518771684,0.005487422909936868,0.0008452988598340502,0.009640444104055254,0.00018780854592629717,4.046440247135858,4.038444612796108,-0.024964119923727896,-0.04252902431229207,0.018525119839371957,0.3291412381481172,3.200466212775807e-05
371,0.003958569115234746,0.0011017178371847153,0.0010915400055396315,0.0038927506514164247,0.0019849405985158416,0.000772134467569363,0.007502976030859555,0.0009695131515648885,0.012307348551985342,0.004254913229184846,0.011864136155054439,0.002913192480870445,0.005917399293442334,0.0008241421580047851,0.009500144600072721,0.00018111095411654787,,,,,,,3.154528940713116e-05
372,0.004105132043313904,0.0011625011204284194,0.0012328834024170397,0.003900160311530225,0.0020000288441068786,0.0008105220117419162,0.0074586037817037,0.0010599211858027405,0.012199589002799863,0.0042179959479350755,0.011627544062018083,0.0029495593735191505,0.006003044846390064,0.0008545223111771824,0.009556802157021593,0.00018949948679392037,,,,,,,3.108861916126514e-05
373,0.003981748698319062,0.001105912162576062,0.001118878904594761,0.0038914210720258392,0.0019288790271951794,0.000775780794947034,0.007520418060927564,0.0010586216277517497,0.012086537875196276,0.004231729230620355,0.011497715902805794,0.0028785263657482574,0.005794860912525716,0.0008072570629641026,0.009501538707506066,0.0001764980295888563,,,,,,,3.063466941871952e-05
374,0.004060106611667344,0.0011601520547519925,0.0011651192313661147,0.003854126746579209,0.0021662813189447434,0.0007832438623309772,0.007423159564869144,0.0009597939120779216,0.012759391213573204,0.004463582248718012,0.01221916979799668,0.0029060779643259593,0.006291918146113555,0.0008487517704149165,0.009828952475800179,0.00017003384978882727,,,,,,,3.018345810065275e-05
375,0.004131063866691711,0.001204111826263814,0.0012334619990040541,0.003838529714789146,0.0021313520767288203,0.0007729686823530266,0.0074457952963649975,0.0010024999524504007,0.011894178542812975,0.004144792488659732,0.011271729177678935,0.002850055652440157,0.005729483767936472,0.000839915838999635,0.009593277623935137,0.00018148996052029057,3.9233439518138766,4.004224208494027,-0.015773629182755638,-0.045598966633406235,0.018816099579756457,0.3347663529113763,2.973500302011506e-05
376,0.004071391726899733,0.0011749049346659205,0.0011792943519878432,0.0038548199525580574,0.002038178912216686,0.0007728597133830349,0.007452232122389425,0.001019206198770528,0.01164245328012233,0.004016948684390324,0.010963650396054922,0.002876525589878535,0.005694563301706997,0.000869063049928324,0.009670430687644208,0.00018181815924360004,,,,,,,2.9289321881345254e-05
377,0.004127680779729261,0.0012003577806346086,0.0012440067374159414,0.003839432438994702,0.002097323619458092,0.0007783966609097731,0.007405574952896971,0.0010197752455232514,0.010562821378698573,0.0035684700026952973,0.009646929650140615,0.002983023329761636,0.005210984474009213,0.000833772332650066,0.009744506040685033,0.00020242319784339693,,,,,,,2.8846432279071467e-05
378,0.0039935170605173735,0.0011251107384112433,0.0011272619739095243,0.0038757805093629365,0.0019810837116410844,0.0007635940806084495,0.0074481156785996296,0.0010178240000742436,0.010724339129713675,0.0037056428033489888,0.009777712381037418,0.0028552361539671742,0.005287439004556897,0.0008138318395746561,0.009731813217513263,0.00018485084486504397,,,,,,,2.8406351697816878e-05
379,0.004042916086454613,0.0011415768700301584,0.0011706140193825539,0.0038793540701994467,0.0020314911818211405,0.0007972073754689728,0.007436823292882142,0.0010109709580405266,0.01158814929658547,0.003988552319545609,0.010989016938159088,0.0028638938550405633,0.005497760093324662,0.0007902868680199996,0.009803351507192323,0.0001892122937382131,,,,,,,2.7969097511209305e-05
380,0.003950888241251183,0.001082415603952976,0.0011284698604836932,0.003921539423207187,0.0019049420524945753,0.0007441569031136604,0.007407231363826073,0.0010469876962706933,0.011817087346571498,0.004030425242187145,0.011281191720627248,0.0029729412693389654,0.005645351770605582,0.0008338988215352098,0.009714562960046655,0.00018330667905767464,3.9278529174625874,4.01966493545721,-0.011016563893160006,-0.042241719588067404,0.02832246418741609,0.33515470983305323,2.753468698129535e-05
381,0.004142277516846537,0.001213004740460529,0.001220410965824834,0.003817996209184838,0.002217281258537665,0.0008203303137929457,0.007469631482759475,0.0009364009163523678,0.012367915730768194,0.004286431632256911,0.011843120868434198,0.0028804053963540355,0.006126211323135067,0.0009113537083370223,0.009456947365833912,0.00020133342295025614,,,,,,,2.710313725785883e-05
382,0.004035279449298341,0.0011391364387236536,0.001150848168350406,0.003897131141076167,0.0019836704566095695,0.0007616519031481037,0.00745001410603778,0.0010882657929130832,0.012758402260563647,0.004454080616900076,0.012425965653771224,0.002770973522880619,0.006077863285706068,0.0008699301749099201,0.009590014167770278,0.0001898569769025471,,,,,,,2.6674465377744014e-05
383,0.0041774405260037025,0.0012525393310178104,0.0012423709499088521,0.0037763524506018204,0.0022745812580419276,0.0008091786936021004,0.007403750099942216,0.0009173703421967932,0.009824538394847574,0.0033027060259579835,0.008791557692651017,0.0029187896331374454,0.004647641520326336,0.0007484262793392796,0.010158509886726582,0.00020321535841579438,,,,,,,2.6248688264182616e-05
384,0.004239758092543891,0.0012500388473152923,0.0012900161869827912,0.003856885835974135,0.0022341540321094804,0.0008162302039683056,0.007624564895358605,0.0009587455978572296,0.012706139367461825,0.004575557914601329,0.012201516554341651,0.0024279106082758517,0.006527292741035732,0.0008925494864039744,0.009068506786813183,0.0001896113882745946,,,,,,,2.5825822726126088e-05
385,0.004209833195767341,0.0012822721676371642,0.0012470957868867833,0.0037034339740132103,0.0023733956632841155,0.0008182031175611207,0.007447125501612313,0.0009327843864590778,0.010800860351688849,0.003738563912823641,0.009940220809464032,0.0026784854380821344,0.0054111982171889395,0.0008645753138504612,0.009675885526424585,0.00017990419386630188,3.6127653190245232,3.971202381886542,-0.025973722120397724,-0.03927314607669056,0.014675233648934713,0.3466513267485425,2.5405885457581786e-05
386,0.00418000022530492,0.0012044639679360497,0.001270547837544328,0.003865010559789709,0.002132606390628836,0.0008195832351314174,0.007438599633482786,0.001102606243467819,0.011822576464813514,0.004073118412634358,0.01130749748457068,0.002800093532035438,0.0057622248302019825,0.0008385767905565444,0.00951176546853579,0.0001871064667398059,,,,,,,2.4988893036954036e-05
387,0.004117007293682705,0.0011781897163516085,0.0012530661257716198,0.003897157073335356,0.0020625372785422155,0.0007789892611655,0.007361142460304575,0.0010114720964929413,0.010945870419770168,0.003739085184254994,0.01012023281994819,0.0028453027650054232,0.005327344032896993,0.0008846808417123005,0.009933791487128474,0.0001889901654029321,,,,,,,2.4574861926389608e-05
388,0.004048987230063122,0.0011649704080584466,0.0011865139205573907,0.0038354156795554818,0.0020445385021475963,0.000759592411132195,0.0073551056054858574,0.0010163540279682223,0.011662430537398905,0.003988067974811808,0.011110279224036882,0.0028983563433939707,0.0054476037791270455,0.0008262309856945649,0.009911695577708693,0.00019938500969374218,,,,,,,2.4163808471127805e-05
389,0.0040323688374020355,0.0011276597964067936,0.0011347437861502871,0.00393420681815085,0.001961472114392867,0.0007968426089530858,0.00756283276157183,0.0010346419507823933,0.010940585071997097,0.003781083013260892,0.010036265986855142,0.0028126474568731887,0.005476801733796795,0.0008306487452500733,0.009779454992288569,0.0001958788203637596,,,,,,,2.3755748898855228e-05
390,0.004111029074376083,0.0011945159933688995,0.0012317050873246202,0.0038238560604767348,0.0022233910599930417,0.000780850132722328,0.007439693340506309,0.0008682319125793397,0.011172537507566934,0.0038906001718714833,0.010379381453579603,0.002744477105200834,0.005542036206558502,0.0008624089447645625,0.009452382480958477,0.00018596478327973878,3.7502200168867907,3.9844543831422925,-0.019191021570198547,-0.044486354782748094,0.01249298375720779,0.33847476038823116,2.3350699319065e-05
391,0.004050337297555346,0.0011651826458764223,0.0011306875353006439,0.003845490304291503,0.002035631278816324,0.000804521769293162,0.007494589488985192,0.001045879436368033,0.010766206828217642,0.0036936708808449716,0.00989744355805063,0.002788897160826309,0.005331148931873031,0.0008687724972939274,0.009759955937624909,0.00018529288890552684,,,,,,,2.294867572242108e-05
392,0.004006820616439685,0.001124305000108802,0.0011519019143222075,0.0038955927892134357,0.0020508740269419793,0.0007386479140448376,0.007416920581211646,0.00097845058457112,0.012249518156750128,0.00428319407365052,0.011755014706674652,0.0027185770735134915,0.006009785560308956,0.0008199272021253515,0.00958952828659676,0.00018919312895112247,,,,,,,2.254969398012662e-05
393,0.0040374373217137195,0.001147740908836723,0.0011540496561170802,0.0038583020602042475,0.002009177495403072,0.0007796699952823707,0.00751072203175316,0.0010314331706405596,0.011383795654789234,0.0039061308234522585,0.010690592903605042,0.0028138321795267984,0.005576707369376284,0.0008749740172788734,0.009780385584842103,0.00019211189145570037,,,,,,,2.2153769843297657e-05
394,0.004032607576372023,0.0011505449188745811,0.0011351234764636804,0.003848577106299882,0.0020397008559865574,0.0007927872605709375,0.007486068482439105,0.001021905874017065,0.012487593266996555,0.004308489689719863,0.012069262525377175,0.002897611057960603,0.006051956811764588,0.0008713184130707911,0.009630637214286253,0.0001742923948124068,,,,,,,2.176091894234118e-05
395,0.004001308015635253,0.0011336106058751417,0.0011364053372635993,0.003859334260137736,0.0020001898733620397,0.0007755727460906387,0.007410517794231319,0.0010035350298230152,0.010925669431647597,0.003696535391403207,0.010090132003824692,0.003024213428943767,0.005313485785639689,0.000849788227545408,0.009842327436975514,0.00017962648126967906,3.994233026790122,4.059346526240309,-0.017958572071317274,-0.05130445442743318,0.024131112259055953,0.3280602072546673,2.137115678633813e-05
396,0.004017957243431582,0.0011199789298857506,0.0011813707675080365,0.003913980887796826,0.0019427059774494006,0.0007452998393907761,0.00739861853643615,0.0010654122435460943,0.011500820304111889,0.003974698213520848,0.010829157145053614,0.0028130141548293373,0.005575230226289325,0.0008384200943207057,0.009684124951794123,0.00020265755752764866,,,,,,,2.0984498762430947e-05
397,0.003970137926646405,0.001097823320549682,0.0011288283654472702,0.003918050828143063,0.0019205533476490686,0.0007569876649470713,0.007382849939804302,0.0010587868756164636,0.011270775668284235,0.0038841713503643405,0.010491463991153674,0.002881882427876311,0.0054919358614521725,0.0008488618914270774,0.009736677934900703,0.00018922515907130824,,,,,,,2.0600960135216452e-05
398,0.003996174617344116,0.0011305848987769082,0.0011338115397156177,0.0038666620429676887,0.001973817373215993,0.0007550760966319686,0.007388953611047732,0.0010478118316764927,0.011258183241200944,0.0038688692826932916,0.010571518010692671,0.0027966840455822726,0.005492179989232682,0.0008416249038418755,0.009620880092067333,0.0002086883980609855,,,,,,,2.0220556046142903e-05
399,0.004177143162466649,0.0012061825707658297,0.0013125660636713011,0.003874362201597064,0.002096998855535291,0.0007983181114670717,0.0074261786400252935,0.000997929773192536,0.012148845261738947,0.004207620720990235,0.011622118911570093,0.002804055777232861,0.005968877669753662,0.0008960830346040893,0.009534458110768659,0.00021833018909471016,,,,,,,1.9843301512912317e-05
400,0.004158093741275052,0.0012057498107369766,0.0012856765252709165,0.003873448446293513,0.0020840475952618905,0.0007840537458148777,0.007349121235072231,0.0010293823950974974,0.011074587596037114,0.0037773649043325954,0.010360645940333294,0.0028503294691593815,0.005366003994519512,0.0008500632072051909,0.009714879078577118,0.00018486487662509413,3.8883072324097157,4.0283116071174545,-0.01953187343800285,-0.04982732722828587,0.017156899989155743,0.33275324234273285,1.94692114288878e-05
401,0.004209050844009552,0.0012411101194870714,0.0012204598421012012,0.003842540225611092,0.0022590184851915725,0.0008571617791337622,0.007638941377671992,0.0009638085808919874,0.011641815198042119,0.004033533950860146,0.010910743954203403,0.0028297318409992536,0.005792999480036087,0.0008882304761452057,0.009631243051747637,0.0002162092193790007,,,,,,,1.9098300562505256e-05
402,0.003986139663367763,0.0010912997636179894,0.0011521910006801288,0.003938372067820568,0.0019153137502268467,0.0007688873681303464,0.007512369334427083,0.0010185213453850236,0.012512140887944648,0.004359315847977996,0.011984594384557568,0.0028505834364599045,0.0061824547495537745,0.0008969940566506315,0.009594224422471598,0.00020185153531807978,,,,,,,1.8730583556690595e-05
403,0.004122438175906228,0.0011933426187138876,0.001228486251933739,0.003852231440962189,0.00209895859255543,0.0007971191488238226,0.007486787065465609,0.0009826448236926186,0.011004888404083127,0.0037900662246102,0.010196093853058604,0.002812842241534478,0.005394750182555678,0.0008318195693088152,0.009713104911497794,0.00020068347206840068,,,,,,,1.8366074928281597e-05
404,0.00400799847781085,0.001132024222244628,0.0011148906445218266,0.0038667565348964087,0.002052155906895701,0.0007891625289817173,0.007499114616224781,0.0009910760004342406,0.012439363500258574,0.004301318473153515,0.01205891146188757,0.0027964980035903864,0.006017465677966054,0.0008731833604542771,0.009562193741051791,0.0002023561355978624,,,,,,,1.8004789067454777e-05
405,0.004060891412126903,0.0011442735700163608,0.0012025288067376001,0.003904107317296613,0.001993680947448294,0.0007794601653710518,0.007406522488046406,0.0010452114349126897,0.011263664816700233,0.0039032411223161034,0.010456853939103894,0.002821925024666901,0.005452950237668119,0.0008358768318430521,0.009926644112662567,0.000193416397242648,3.8064549673969545,4.008597520180047,-0.027672462580085266,-0.054920458095390735,0.023142432609650616,0.3352588683677216,1.7646740237157246e-05
406,0.004011204566718995,0.0011336893874566811,0.0011357725140216767,0.003872768459921209,0.001991698636800751,0.000785811134846881,0.007422995395385302,0.0010322022444597678,0.012433421589472951,0.004293827209039591,0.011992120441088142,0.0028763865075234207,0.005992503972568859,0.0008887971113532936,0.009686142519058194,0.00019132003230500536,,,,,,,1.729194257254382e-05
407,0.004134826415863175,0.0012124838346304994,0.0011978721958545283,0.003810736331810108,0.0022870051320323832,0.000805440521500527,0.007509644823865249,0.000901124694994198,0.012271247590736797,0.004218171370060493,0.011696574416419026,0.0028740190385481887,0.005955444874416571,0.0009355087683312983,0.010223688446179343,0.00019399046206558523,,,,,,,1.6940410080418736e-05
408,0.003971061281238993,0.0011088496636754523,0.001110555967524982,0.0038977044387760325,0.0019240803950919937,0.0007716074845112829,0.00739146201696215,0.0010593305662632312,0.010951737902360037,0.003770438619540073,0.010116363468114287,0.0028040604459723304,0.005397449434288622,0.0008487663108098786,0.009716483475737428,0.00020685587109407302,,,,,,,1.6592156638682856e-05
409,0.004016013227952406,0.0011449017647542378,0.0011229266315045902,0.0038395622639685995,0.002070139568203535,0.0007886561329036744,0.007469242908315271,0.0009875610103024992,0.011460697705236575,0.003986861077767874,0.010715916258050129,0.0027716786416931427,0.005602009919433233,0.0008512434590860115,0.009748796381851813,0.00019811364287155206,,,,,,,1.6247195995785826e-05
410,0.004085879934091981,0.0011642840879961338,0.0011925117802233077,0.0039247083666726435,0.0020010337456424013,0.0007687261154970679,0.0074505040095721045,0.0010507493703139166,0.01142822996674416,0.003891370065199832,0.010739679875162741,0.0028876993607506543,0.00558486684167292,0.000885358492572171,0.009911926768836565,0.0001995897234413254,3.959632915755113,4.000169675176342,-0.026275582044036128,-0.05537682817703171,0.022538504488087103,0.3322035555287988,1.5905541770183085e-05
411,0.004021738701635319,0.0011401815886179416,0.0011570889509728767,0.0038739176532731224,0.0020085767192097427,0.0007604567155452907,0.007403683669578571,0.0010201280380205677,0.01091399631210758,0.00372877285311309,0.010105600478709675,0.002858655479637188,0.005390343472148136,0.0008850423794986758,0.00960778005537577,0.0001728272443036379,,,,,,,1.556720744979848e-05
412,0.003930303781556013,0.0010854630727563691,0.0010755870189780418,0.0039188083187621245,0.0018875235233965337,0.0007563639533184628,0.007427504397610314,0.00104388232562981,0.012393605521841286,0.004286124782083789,0.011973224478424527,0.002804451780017795,0.005987225151329767,0.0008718009297202419,0.009721408542342639,0.00018691792871550206,,,,,,,1.5232206391491665e-05
413,0.004072973554412651,0.0011776405967210825,0.001169082978551284,0.0038332354354982576,0.0020944483729445525,0.000781652953925455,0.007445863454053417,0.0010207200447105132,0.010409487401678538,0.003530643468063014,0.00939740615528232,0.003006842905354764,0.005054685432696715,0.0008305831737137245,0.009943832459005838,0.00018754962305441344,,,,,,,1.4900551820530828e-05
414,0.004021674570723031,0.0011390992009944608,0.001148656374301252,0.0038675742142268606,0.001999147388085118,0.0007715195996495775,0.007491129872381178,0.0010129418423407786,0.011500195488527728,0.00390682080736345,0.01084997488942463,0.0029226157882173234,0.005710269790142775,0.0008769611777097452,0.009642865877443304,0.0002049293881327685,,,,,,,1.4572256830070463e-05
415,0.004012623054580365,0.0011433725169179244,0.00113446547368215,0.0038464738058053656,0.0020197381153026135,0.0007663424592962663,0.007434094949569712,0.0010256140580416745,0.011126733811882636,0.003800509282882558,0.010305203157865131,0.0029474623340017083,0.00533983513256923,0.000853943618494668,0.010027797259681392,0.0002043782433626499,4.1121936884398265,4.042639030143619,-0.029525630406472676,-0.06059693526064317,0.024891335456535064,0.3241261040352078,1.424733438063478e-05
416,0.003937074257872808,0.0010904877757032712,0.001077069638746703,0.003913407131400691,0.0019090950890030297,0.000765488397441486,0.007422862355557517,0.0010306135449836724,0.011202724868780933,0.0038006644038735735,0.010564220749074593,0.0028551756956100385,0.005411475996273414,0.0008796783119275157,0.00967418665823061,0.00020010971449361628,,,,,,,1.3925797299605635e-05
417,0.00401562546642545,0.0011160177985628128,0.0011459005470228437,0.003944227953529001,0.0019454616350798397,0.0007915463854268225,0.007424013179718939,0.001044229485027882,0.011808428932757428,0.004034335378188795,0.0112478768278379,0.0028961864930655188,0.005705285007328105,0.0009035711124549076,0.009738577483706953,0.00018733232907190237,,,,,,,1.3607658280716438e-05
418,0.004065163183806098,0.001170062555774298,0.0011728109145620598,0.003840035286783758,0.00211055120642289,0.0007857730463903366,0.007407444507345302,0.0009932816050282922,0.012134315717654923,0.004218618049587046,0.0116490168729797,0.00274770498193296,0.00588453195571977,0.0008737442634204248,0.009554845213036364,0.00018341589456364696,,,,,,,1.3292929883550986e-05
419,0.004112015200707202,0.0011882422176989703,0.0012117237012841317,0.003847234386902971,0.002087056118911371,0.0007986390891556556,0.0074318153107077135,0.0010466369458999208,0.011578584434270548,0.004024332060604745,0.0108349968844171,0.0027898188551868466,0.005745336566178594,0.0008516463246148002,0.009718190502705207,0.00021315402818800067,,,,,,,1.298162453304742e-05
420,0.004076876202956415,0.0011736589307801272,0.001199443926825785,0.0038682704236215125,0.0020499046882972694,0.0007529371068812907,0.007407547036408741,0.0010153963044298212,0.01145299997976205,0.003942929579352494,0.010775671621862179,0.0028560131125535313,0.005529239041303906,0.0008226779876470877,0.00975070338123866,0.00020157903895778873,3.897124959155917,4.035534628356497,-0.02093801524218482,-0.05028740254844403,0.017878638755064458,0.33133464844690425,1.2673754519007974e-05
421,0.004070310135029702,0.001167315668346854,0.0011724097249754823,0.003853457703247157,0.002128666923003287,0.0007887287804176315,0.0074642641274815695,0.0009679051727911211,0.010900226169421027,0.0037403740886171968,0.010066427251634499,0.0028229420668139937,0.005361413879048389,0.000851015342050232,0.009725617206034562,0.00020408519092522207,,,,,,,1.2369331995613633e-05
422,0.004001507518661774,0.0011215922761008015,0.0010856994896386869,0.003941377265673353,0.0019904493282620725,0.0007857541301442931,0.007486922909211145,0.0010284347277720526,0.011249047689489089,0.0038471554192559174,0.010539980222044202,0.0028681564693518644,0.00546657555969432,0.0008557785807473314,0.009711804821563419,0.0002024515241979922,,,,,,,1.2068368980944379e-05
423,0.004023465443338849,0.0011260081813909495,0.001153142791456328,0.003918644360218866,0.0019638522903227974,0.0007700718694036173,0.007461349694774701,0.0010496630019409547,0.012236933136591688,0.004242523883779843,0.011767522681717916,0.0027677841811358426,0.006049332628511668,0.0008592301922665987,0.009480239231682694,0.0002068251355922257,,,,,,,1.1770877356504653e-05
424,0.003957831750536322,0.0010978454372220729,0.0011067391416997227,0.0038984270406186455,0.0019000142123191976,0.0007769325723210907,0.0074382327699986026,0.001046522096113867,0.011145472769082213,0.0038361864232380563,0.010260805332412323,0.002902327303066462,0.005530692918303733,0.0008809895128554975,0.009828000222720826,0.00019456086893872757,,,,,,,1.1476868866754479e-05
425,0.004111888067215744,0.0011802827218014142,0.001218795698756973,0.003870448498075239,0.0020489972945438046,0.0008048891767950999,0.007529087273133362,0.0010090552722641195,0.011268148470359543,0.0038631370565174925,0.010553284567625573,0.002856651030924695,0.005509828338593555,0.0008422857627010671,0.009659328068664763,0.00020907103048746953,3.8211325695738196,4.001600813120604,-0.02123843778341931,-0.054224201297074615,0.015687156599597074,0.33397046902165234,1.1186355118645545e-05
426,0.003949235533722318,0.0010926662053729799,0.0010974204608509874,0.0038960558445885396,0.0019319217023240705,0.0007751860196152941,0.007438882966486053,0.0010265149269557735,0.01292655615058417,0.0044919386321756365,0.012604969990206882,0.0028157124388599186,0.006242505623959005,0.0008752394805924268,0.009706167564824378,0.00019833308887958387,,,,,,,1.0899347581163214e-05
427,0.003919899559173829,0.0010682861507237435,0.0010848724398698308,0.003965093527371302,0.0018659680430045049,0.0007208466903469724,0.00741085518971404,0.0010463981803174966,0.011047443646627167,0.0037753714326148233,0.010253383234764138,0.002870485364231475,0.005399677332510085,0.0008659103944713328,0.009794720773546336,0.00020128611102639601,,,,,,,1.0615857584873616e-05
428,0.004080877922929059,0.001169889129531116,0.0011765159819271162,0.003860895349803325,0.0021007283586753993,0.0007947083268091719,0.0075075402676772615,0.000990891968689943,0.011136136124453818,0.0038133803767171535,0.010267580728395842,0.002920004684710875,0.005549880872422364,0.0008935809928516392,0.009812710891613582,0.00020085283558538927,,,,,,,1.0335896321476406e-05
429,0.003948356316456746,0.0011026316775610018,0.001089298253894871,0.0038823410739294356,0.00195973269137928,0.0007724382096959247,0.0074021020092261145,0.001001482555732523,0.011500380339081554,0.003936523550995237,0.010768120046122931,0.002893346201441697,0.005665918935847003,0.0009179068201774498,0.009849759696711166,0.00019165969793751478,,,,,,,1.0059474843362887e-05
430,0.0039939915554391015,0.0011097968545539353,0.0011545629484348127,0.0039042406854753057,0.001930182491743571,0.0007792597071418905,0.007374729957176834,0.0010534094367474795,0.011804156650517447,0.0040414786514399266,0.011179890406007567,0.0028961701597533343,0.00584055483341217,0.0008926174371784631,0.00972823721288781,0.0002000714505735838,3.839592084599038,4.0090823431188864,-0.021653158362217557,-0.056221711581504984,0.015099080999789294,0.33278189419717014,9.78660406317971e-06
431,0.003955557696624762,0.0010904070677964066,0.0010949969632475453,0.003915464327447753,0.001933220071463376,0.000779965682239789,0.007460889215461719,0.001032769050030983,0.010898178850766271,0.0037450679349907054,0.010038790072333844,0.002883398114439236,0.005299147836922202,0.0008224375415011309,0.009788116010895465,0.00018818114214506446,,,,,,,9.517294753398057e-06
432,0.003961673417351503,0.0011016857453609984,0.0011123301293183533,0.003898364753446454,0.001935470791067928,0.000765639650545871,0.007399660383916309,0.001030055149214573,0.011807580696768127,0.004059699558032055,0.011216878439881839,0.0028685034409742607,0.005774583931876502,0.0008688346776276982,0.009635512302338611,0.00019292926507811595,,,,,,,9.251557545888293e-06
433,0.004081875820142718,0.0011540280466473415,0.0012350583152495262,0.003935869420982069,0.001983595884635917,0.0007477935244882496,0.007371210266286746,0.0010301050794631508,0.011525951418055532,0.003985845069109928,0.010830151581709893,0.002801854722747521,0.005646880953766716,0.0008527664182717368,0.009738383312651422,0.000195505514341221,,,,,,,8.989402931500426e-06
434,0.003969635373642111,0.0010996207547111388,0.0011041558735195992,0.003930378248556876,0.001903449267280312,0.0007678653014292463,0.007443212028433625,0.0010632234616384508,0.012399147725470053,0.00428638601442799,0.01194938442010122,0.002844143879277302,0.0059891190539929084,0.0008881101239239797,0.009707094473318042,0.00019825390863085582,,,,,,,8.730841259649715e-06
435,0.003948940069645516,0.0010827249826457447,0.0011098093090033652,0.003949914711654887,0.001891980470560141,0.0007573170214294432,0.007378467641229558,0.0010419235972470692,0.011382051830878481,0.0038620253229358545,0.010702841342814887,0.0029175656503260448,0.005507293399811412,0.0008891285160643747,0.009944236318309171,0.00019346480516446718,3.9210664903124175,4.053400511542956,-0.023850564956471015,-0.05818680347268431,0.019044856033967033,0.329745391332027,8.475882737908238e-06
436,0.004029921403266171,0.0011597237709917638,0.001125772389370359,0.0038180367625119467,0.002138140782988511,0.0008059573689630876,0.007495976029298244,0.0009106552322172762,0.010431755387495892,0.003591265919870542,0.009416295108773435,0.0028503287512648967,0.005059134055045433,0.0008168522666286057,0.00996435781174417,0.00019112592149402494,,,,,,,8.224537431601878e-06
437,0.00394551706715272,0.0010926667580970076,0.0011054819283616913,0.0038980302708342862,0.0019205293233076541,0.0007427336146127688,0.007396514593169858,0.001050846834245892,0.012888264580396935,0.004445037307353535,0.012610883980717821,0.0029044921287398515,0.006078516967439403,0.0008737957632547477,0.009747311877921069,0.00020440185115451945,,,,,,,7.976815263412976e-06
438,0.0040653893449463145,0.0011466481540308327,0.0011902397755199135,0.003915637434046302,0.0019889962431600587,0.0007570768193079111,0.007498704981552358,0.0010585389566267233,0.013058554630940003,0.004570679639679535,0.012782496977403449,0.0027333435743154646,0.00630081874745277,0.0009041200149416303,0.0094916202845828,0.0002031470169943835,,,,,,,7.732726012988504e-06
439,0.003982284659535712,0.0010987983647889148,0.0011566209703341571,0.003910940954398014,0.001899754348445811,0.0007648752643089964,0.0074238113633110225,0.0010525428267964087,0.012009565885819029,0.00418371509052425,0.011378454551352965,0.002825165892318182,0.005861419590170651,0.0008458830210050413,0.009760621889048101,0.00019171560025673293,,,,,,,7.492279316554178e-06
440,0.004031154232569294,0.0011225298940578205,0.0011184465360994905,0.0040114312502356544,0.0019207274795979515,0.000769793008440214,0.007529101555402844,0.0010499873398471093,0.010686097501699502,0.0036312439769972116,0.009821914733038284,0.002866265088717531,0.0051960276638662135,0.0008544998199795373,0.009924272490025032,0.00020577593038713834,3.9673972887297473,4.025052747378747,-0.023623503351700492,-0.05796685440266932,0.018048167427574906,0.32732406465543645,7.255484666533867e-06
441,0.003995737134534706,0.001125820445515709,0.0010972096282256464,0.003919760562264576,0.001980413874794339,0.0007564605698268064,0.007508339473786645,0.001008151814244035,0.01232071288783724,0.004274522289051674,0.011858731003788611,0.0028220684856326748,0.00589594965276774,0.0008415524304533998,0.009769937576493248,0.00019228807588452432,,,,,,,7.022351411174848e-06
442,0.003980575867681804,0.0011096104258635582,0.001125162391989038,0.003911866993508023,0.001932143261576565,0.0007606529009838899,0.007403227038936228,0.0010458131540732351,0.011813193074582765,0.004087564038248577,0.011179287078751562,0.0028521824833660503,0.005717805965105072,0.0008168212934833718,0.009865947911748663,0.00019322792769571606,,,,,,,6.792888754178899e-06
443,0.0040133962642528815,0.001133513784644982,0.0011438209161512617,0.0038733155781037025,0.0020448028659209227,0.0007673481590727456,0.007434910939385493,0.0009879027764436302,0.010643017759624248,0.003633376172122856,0.009766142844455317,0.0028431264751513177,0.005158308713968533,0.0008289316683658399,0.009889849189979335,0.00020812526575279358,,,,,,,6.567105754338792e-06
444,0.0039219409824372865,0.0010831604446045673,0.001067531211540485,0.003903013896833882,0.0019109532422123428,0.0007626649542536555,0.00741764557802588,0.0010326643867177379,0.011251618202853328,0.003853951403774166,0.010470728254100928,0.0028739596931094034,0.005521178888254023,0.0008537043601487918,0.009917800814340202,0.00020873053896745356,,,,,,,6.345011325180765e-06
445,0.0039013851071811384,0.0010550041577547917,0.0010757090356678534,0.003948761832812785,0.0018506708672333858,0.0007527727369043945,0.0074131088391041905,0.0010431962611044147,0.01130115621102353,0.003904721363748346,0.010492253978251634,0.00284618606716928,0.005625804784358479,0.0009112488666384403,0.009555221569219915,0.0002035100940247503,3.9694658623387418,4.029321637004614,-0.020675169306438573,-0.05967088976467494,0.01623603365684782,0.3283107491830985,6.126614234612587e-06
446,0.004060898096555382,0.0011535042339167756,0.0012066760120324346,0.0038839131315103453,0.0020504749815863296,0.0007520097981477714,0.00740407432954854,0.0009927768188530395,0.012520051042277677,0.004297545405279379,0.012189952045446262,0.0028240786741662305,0.00604801272614471,0.0008830983097141143,0.009688586319195261,0.0002059679828410784,,,,,,,5.911923104577459e-06
447,0.003951963636244082,0.001063304631642472,0.0010730514144146831,0.00405728115210644,0.001857755026127347,0.000741758010435738,0.0075580229461352285,0.0010462988179941208,0.0126664239942329,0.004376335258712061,0.012289538465362662,0.002863388029860895,0.006091946934854302,0.0008910695050872164,0.00972167263777616,0.00020693522372994266,,,,,,,5.700946410713541e-06
448,0.003994256964462818,0.0011496048044556608,0.0010807811057207007,0.0038178409728356916,0.0021159106340163793,0.0007881207270229347,0.007478311399204863,0.0009311513986118278,0.012773492887693768,0.00448695310963861,0.012296324469692385,0.0027801323913081433,0.006265891633423355,0.0009237878366548102,0.009572023586467063,0.00019167512903095485,,,,,,,5.493692482019523e-06
449,0.003978120796899829,0.0011291899320343111,0.001080109932834012,0.003850728911188487,0.0020359672350275656,0.0008028857377616481,0.00741691833250543,0.0009889131411816776,0.010609027594910003,0.0035989414912667903,0.00970443814973502,0.002899154889746569,0.005178748879795118,0.0008502098141131379,0.009971699626476038,0.00019168180043038774,,,,,,,5.29016950052557e-06
450,0.003917935377973904,0.0010652866000090686,0.0011117494335242857,0.003942653829327378,0.0018458316499630038,0.0007190632372179156,0.007399156542383453,0.0010463027867491548,0.012345253790651137,0.004291009547159774,0.01189366862430082,0.0027561938319801507,0.005969484280891872,0.000893775022632326,0.009660690562062276,0.00018801698708633316,3.8965300942460694,4.017420112155378,-0.022129396204642642,-0.054766768261288234,0.01638566314553221,0.32976493269153356,5.090385500970523e-06
451,0.0038474643479586923,0.0010273001446790644,0.0010396935974554215,0.0039468386432386805,0.0018101586959261098,0.0007483269054140163,0.007356885555956481,0.00105673608081077,0.0116387500311248,0.003972290373591629,0.011061156750656664,0.0028950127519541033,0.005564133782172576,0.000861284193888423,0.009780294261872768,0.00020756523294570192,,,,,,,4.894348370484641e-06
452,0.003990674388403885,0.0011051538893873366,0.0011108650096580705,0.003957326921960737,0.0019066487031025637,0.0007684818288892444,0.0074980748821304646,0.0010592898483098082,0.011802341512520798,0.004049851396606148,0.011252613165803874,0.0028756770040369397,0.0056718309060670435,0.0008590060663967355,0.009698002807757197,0.00018463494095991942,,,,,,,4.702065848278119e-06
453,0.004065695577937887,0.0011634193044892137,0.0011684579409571348,0.00386957556872955,0.0020469884083677945,0.0008025270691201186,0.0074223311693590675,0.0010283822510898926,0.010561844154532688,0.0035925647183224405,0.009639210138023676,0.002931465449364623,0.005080449239661296,0.0008213971608104961,0.009936866563900063,0.00020599283902811294,,,,,,,4.5135455253356986e-06
454,0.003936496115504549,0.0010740488909909294,0.0010893690423705638,0.003942946372076104,0.0018810941166101168,0.0007771557656168523,0.007403333380850207,0.0010632351320684673,0.011150684586027637,0.0037773916653047004,0.0104609684785828,0.0028920751695598788,0.005357572163726824,0.0008579359097590592,0.009892963675762681,0.0002104959257280825,,,,,,,4.328794844116939e-06
455,0.00395182653879508,0.0010998809683279921,0.0010885895579619508,0.003895044593442964,0.0019347835595830956,0.000757602307623109,0.007447696985422164,0.0010400873641815567,0.012365252507152036,0.004273904305591714,0.01187397466370991,0.0028658559695031727,0.005985061754472554,0.0008701200501188092,0.009820156531835286,0.0002060477009990791,3.9964235996206603,4.067116684280336,-0.024184918947867118,-0.05944319024880921,0.017002462057765417,0.3274323671357706,4.14782109826241e-06
