structure_id,pdb_id,kinase_name,kinase_family,kinase_group,species,conformational_state,dfg_state,alphac_state,ligand_present,resolution,filepath,active_expected_from_DFG_alphaC,contradiction_active_DFG_out,contradiction_active_alphaC_out,inactive_DFG_in,inactive_alphaC_in,state_disagrees_with_joint_motif_rule
1081,4twp,ABL1,Abl,TK,Human,active,in,in,1,2.4,/Users/josefinadehan/tp_vision_avanzada/TPF_Vision_Avanzada/data/raw/pdbs/4twp.pdb,True,False,False,False,False,False
1057,3ue4,ABL1,Abl,TK,Human,inactive,out-like,in,1,2.42,/Users/josefinadehan/tp_vision_avanzada/TPF_Vision_Avanzada/data/raw/pdbs/3ue4.pdb,False,False,False,False,True,False
1046,3cs9,ABL1,Abl,TK,Human,inactive,out,in,1,2.21,/Users/josefinadehan/tp_vision_avanzada/TPF_Vision_Avanzada/data/raw/pdbs/3cs9.pdb,False,False,False,False,True,False
1058,2hz4,ABL1,Abl,TK,Human,active,in,in,1,2.8,/Users/josefinadehan/tp_vision_avanzada/TPF_Vision_Avanzada/data/raw/pdbs/2hz4.pdb,True,False,False,False,False,False
1089,2g2h,ABL1,Abl,TK,Human,inactive,out-like,in,1,2.0,/Users/josefinadehan/tp_vision_avanzada/TPF_Vision_Avanzada/data/raw/pdbs/2g2h.pdb,False,False,False,False,True,False
1071,3pyy,ABL1,Abl,TK,Human,inactive,out,in,1,1.85,/Users/josefinadehan/tp_vision_avanzada/TPF_Vision_Avanzada/data/raw/pdbs/3pyy.pdb,False,False,False,False,True,False
1047,3qri,ABL1,Abl,TK,Human,inactive,out,in,1,2.1,/Users/josefinadehan/tp_vision_avanzada/TPF_Vision_Avanzada/data/raw/pdbs/3qri.pdb,False,False,False,False,True,False
1060,2gqg,ABL1,Abl,TK,Human,active,in,in,1,2.4,/Users/josefinadehan/tp_vision_avanzada/TPF_Vision_Avanzada/data/raw/pdbs/2gqg.pdb,True,False,False,False,False,False
1061,4wa9,ABL1,Abl,TK,Human,inactive,out-like,na,1,2.2,/Users/josefinadehan/tp_vision_avanzada/TPF_Vision_Avanzada/data/raw/pdbs/4wa9.pdb,False,False,False,False,False,False
1072,2v7a,ABL1,Abl,TK,Human,active,in,in,1,2.5,/Users/josefinadehan/tp_vision_avanzada/TPF_Vision_Avanzada/data/raw/pdbs/2v7a.pdb,True,False,False,False,False,False
1048,2hyy,ABL1,Abl,TK,Human,inactive,out,in,1,2.4,/Users/josefinadehan/tp_vision_avanzada/TPF_Vision_Avanzada/data/raw/pdbs/2hyy.pdb,False,False,False,False,True,False
1109,2hz0,ABL1,Abl,TK,Human,inactive,out,in,1,2.1,/Users/josefinadehan/tp_vision_avanzada/TPF_Vision_Avanzada/data/raw/pdbs/2hz0.pdb,False,False,False,False,True,False
1082,2gqg,ABL1,Abl,TK,Human,active,in,in,1,2.4,/Users/josefinadehan/tp_vision_avanzada/TPF_Vision_Avanzada/data/raw/pdbs/2gqg.pdb,True,False,False,False,False,False
1062,3pyy,ABL1,Abl,TK,Human,inactive,out,in,1,1.85,/Users/josefinadehan/tp_vision_avanzada/TPF_Vision_Avanzada/data/raw/pdbs/3pyy.pdb,False,False,False,False,True,False
1049,3pyy,ABL1,Abl,TK,Human,inactive,out,in,1,1.85,/Users/josefinadehan/tp_vision_avanzada/TPF_Vision_Avanzada/data/raw/pdbs/3pyy.pdb,False,False,False,False,True,False
1063,4wa9,ABL1,Abl,TK,Human,inactive,out-like,in,1,2.2,/Users/josefinadehan/tp_vision_avanzada/TPF_Vision_Avanzada/data/raw/pdbs/4wa9.pdb,False,False,False,False,True,False
1073,2fo0,ABL1,Abl,TK,Human,inactive,out-like,in,1,2.27,/Users/josefinadehan/tp_vision_avanzada/TPF_Vision_Avanzada/data/raw/pdbs/2fo0.pdb,False,False,False,False,True,False
1050,3cs9,ABL1,Abl,TK,Human,inactive,out,in,1,2.21,/Users/josefinadehan/tp_vision_avanzada/TPF_Vision_Avanzada/data/raw/pdbs/3cs9.pdb,False,False,False,False,True,False
1090,2f4j,ABL1,Abl,TK,Human,active,in,in,1,1.91,/Users/josefinadehan/tp_vision_avanzada/TPF_Vision_Avanzada/data/raw/pdbs/2f4j.pdb,True,False,False,False,False,False
1074,3ue4,ABL1,Abl,TK,Human,inactive,out-like,in,1,2.42,/Users/josefinadehan/tp_vision_avanzada/TPF_Vision_Avanzada/data/raw/pdbs/3ue4.pdb,False,False,False,False,True,False
1075,2g2i,ABL1,Abl,TK,Human,active,in,in,1,3.12,/Users/josefinadehan/tp_vision_avanzada/TPF_Vision_Avanzada/data/raw/pdbs/2g2i.pdb,True,False,False,False,False,False
1065,2e2b,ABL1,Abl,TK,Human,inactive,out,in,1,2.2,/Users/josefinadehan/tp_vision_avanzada/TPF_Vision_Avanzada/data/raw/pdbs/2e2b.pdb,False,False,False,False,True,False
1051,3qri,ABL1,Abl,TK,Human,inactive,out,in,1,2.1,/Users/josefinadehan/tp_vision_avanzada/TPF_Vision_Avanzada/data/raw/pdbs/3qri.pdb,False,False,False,False,True,False
1091,4twp,ABL1,Abl,TK,Human,active,in,in,1,2.4,/Users/josefinadehan/tp_vision_avanzada/TPF_Vision_Avanzada/data/raw/pdbs/4twp.pdb,True,False,False,False,False,False
1052,2hz0,ABL1,Abl,TK,Human,inactive,out,in,1,2.1,/Users/josefinadehan/tp_vision_avanzada/TPF_Vision_Avanzada/data/raw/pdbs/2hz0.pdb,False,False,False,False,True,False
1083,2hz0,ABL1,Abl,TK,Human,inactive,out,in,1,2.1,/Users/josefinadehan/tp_vision_avanzada/TPF_Vision_Avanzada/data/raw/pdbs/2hz0.pdb,False,False,False,False,True,False
1066,3cs9,ABL1,Abl,TK,Human,inactive,out,in,1,2.21,/Users/josefinadehan/tp_vision_avanzada/TPF_Vision_Avanzada/data/raw/pdbs/3cs9.pdb,False,False,False,False,True,False
1053,2gqg,ABL1,Abl,TK,Human,active,in,in,1,2.4,/Users/josefinadehan/tp_vision_avanzada/TPF_Vision_Avanzada/data/raw/pdbs/2gqg.pdb,True,False,False,False,False,False
1076,3qri,ABL1,Abl,TK,Human,inactive,out,in,1,2.1,/Users/josefinadehan/tp_vision_avanzada/TPF_Vision_Avanzada/data/raw/pdbs/3qri.pdb,False,False,False,False,True,False
1107,3cs9,ABL1,Abl,TK,Human,inactive,out,in,1,2.21,/Users/josefinadehan/tp_vision_avanzada/TPF_Vision_Avanzada/data/raw/pdbs/3cs9.pdb,False,False,False,False,True,False
1095,2hz0,ABL1,Abl,TK,Human,inactive,out,in,1,2.1,/Users/josefinadehan/tp_vision_avanzada/TPF_Vision_Avanzada/data/raw/pdbs/2hz0.pdb,False,False,False,False,True,False
1068,2hyy,ABL1,Abl,TK,Human,inactive,out,in,1,2.4,/Users/josefinadehan/tp_vision_avanzada/TPF_Vision_Avanzada/data/raw/pdbs/2hyy.pdb,False,False,False,False,True,False
1054,2e2b,ABL1,Abl,TK,Human,inactive,out,in,1,2.2,/Users/josefinadehan/tp_vision_avanzada/TPF_Vision_Avanzada/data/raw/pdbs/2e2b.pdb,False,False,False,False,True,False
1084,2gqg,ABL1,Abl,TK,Human,active,in,in,1,2.4,/Users/josefinadehan/tp_vision_avanzada/TPF_Vision_Avanzada/data/raw/pdbs/2gqg.pdb,True,False,False,False,False,False
1055,2hzi,ABL1,Abl,TK,Human,inactive,out-like,in,1,1.7,/Users/josefinadehan/tp_vision_avanzada/TPF_Vision_Avanzada/data/raw/pdbs/2hzi.pdb,False,False,False,False,True,False
1077,3cs9,ABL1,Abl,TK,Human,inactive,out,in,1,2.21,/Users/josefinadehan/tp_vision_avanzada/TPF_Vision_Avanzada/data/raw/pdbs/3cs9.pdb,False,False,False,False,True,False
1069,2hiw,ABL1,Abl,TK,Human,inactive,out,in,1,2.2,/Users/josefinadehan/tp_vision_avanzada/TPF_Vision_Avanzada/data/raw/pdbs/2hiw.pdb,False,False,False,False,True,False
1056,3qrk,ABL1,Abl,TK,Human,inactive,out,in,1,2.3,/Users/josefinadehan/tp_vision_avanzada/TPF_Vision_Avanzada/data/raw/pdbs/3qrk.pdb,False,False,False,False,True,False
1104,1opl,ABL1,Abl,TK,Human,inactive,out-like,in,1,3.42,/Users/josefinadehan/tp_vision_avanzada/TPF_Vision_Avanzada/data/raw/pdbs/1opl.pdb,False,False,False,False,True,False
1092,2hyy,ABL1,Abl,TK,Human,inactive,out,in,1,2.4,/Users/josefinadehan/tp_vision_avanzada/TPF_Vision_Avanzada/data/raw/pdbs/2hyy.pdb,False,False,False,False,True,False
1101,3qrj,ABL1,Abl,TK,Human,inactive,out,in,1,1.82,/Users/josefinadehan/tp_vision_avanzada/TPF_Vision_Avanzada/data/raw/pdbs/3qrj.pdb,False,False,False,False,True,False
1085,3qrj,ABL1,Abl,TK,Human,inactive,out,in,1,1.82,/Users/josefinadehan/tp_vision_avanzada/TPF_Vision_Avanzada/data/raw/pdbs/3qrj.pdb,False,False,False,False,True,False
1070,3qrj,ABL1,Abl,TK,Human,inactive,out,in,1,1.82,/Users/josefinadehan/tp_vision_avanzada/TPF_Vision_Avanzada/data/raw/pdbs/3qrj.pdb,False,False,False,False,True,False
1078,2hyy,ABL1,Abl,TK,Human,inactive,out,in,1,2.4,/Users/josefinadehan/tp_vision_avanzada/TPF_Vision_Avanzada/data/raw/pdbs/2hyy.pdb,False,False,False,False,True,False
1079,2g2f,ABL1,Abl,TK,Human,inactive,out-like,in,1,2.7,/Users/josefinadehan/tp_vision_avanzada/TPF_Vision_Avanzada/data/raw/pdbs/2g2f.pdb,False,False,False,False,True,False
1086,1opl,ABL1,Abl,TK,Human,inactive,out-like,in,1,3.42,/Users/josefinadehan/tp_vision_avanzada/TPF_Vision_Avanzada/data/raw/pdbs/1opl.pdb,False,False,False,False,True,False
1098,3pyy,ABL1,Abl,TK,Human,inactive,out,in,1,1.85,/Users/josefinadehan/tp_vision_avanzada/TPF_Vision_Avanzada/data/raw/pdbs/3pyy.pdb,False,False,False,False,True,False
1080,3cs9,ABL1,Abl,TK,Human,inactive,out,in,1,2.21,/Users/josefinadehan/tp_vision_avanzada/TPF_Vision_Avanzada/data/raw/pdbs/3cs9.pdb,False,False,False,False,True,False
1087,2hzi,ABL1,Abl,TK,Human,inactive,out-like,in,1,1.7,/Users/josefinadehan/tp_vision_avanzada/TPF_Vision_Avanzada/data/raw/pdbs/2hzi.pdb,False,False,False,False,True,False
1088,2v7a,ABL1,Abl,TK,Human,active,in,in,1,2.5,/Users/josefinadehan/tp_vision_avanzada/TPF_Vision_Avanzada/data/raw/pdbs/2v7a.pdb,True,False,False,False,False,False
1093,3cs9,ABL1,Abl,TK,Human,inactive,out,in,1,2.21,/Users/josefinadehan/tp_vision_avanzada/TPF_Vision_Avanzada/data/raw/pdbs/3cs9.pdb,False,False,False,False,True,False
1102,2hzi,ABL1,Abl,TK,Human,inactive,out-like,in,1,1.7,/Users/josefinadehan/tp_vision_avanzada/TPF_Vision_Avanzada/data/raw/pdbs/2hzi.pdb,False,False,False,False,True,False
1094,4xey,ABL1,Abl,TK,Human,inactive,out-like,in,1,2.89,/Users/josefinadehan/tp_vision_avanzada/TPF_Vision_Avanzada/data/raw/pdbs/4xey.pdb,False,False,False,False,True,False
1099,3qrj,ABL1,Abl,TK,Human,inactive,out,in,1,1.82,/Users/josefinadehan/tp_vision_avanzada/TPF_Vision_Avanzada/data/raw/pdbs/3qrj.pdb,False,False,False,False,True,False
1106,2g2h,ABL1,Abl,TK,Human,inactive,out-like,in,1,2.0,/Users/josefinadehan/tp_vision_avanzada/TPF_Vision_Avanzada/data/raw/pdbs/2g2h.pdb,False,False,False,False,True,False
1108,2hzi,ABL1,Abl,TK,Human,inactive,out-like,in,1,1.7,/Users/josefinadehan/tp_vision_avanzada/TPF_Vision_Avanzada/data/raw/pdbs/2hzi.pdb,False,False,False,False,True,False
1100,4xey,ABL1,Abl,TK,Human,inactive,out-like,in,1,2.89,/Users/josefinadehan/tp_vision_avanzada/TPF_Vision_Avanzada/data/raw/pdbs/4xey.pdb,False,False,False,False,True,False
1103,3qri,ABL1,Abl,TK,Human,inactive,out,in,1,2.1,/Users/josefinadehan/tp_vision_avanzada/TPF_Vision_Avanzada/data/raw/pdbs/3qri.pdb,False,False,False,False,True,False
1110,2hiw,ABL1,Abl,TK,Human,inactive,out,in,1,2.2,/Users/josefinadehan/tp_vision_avanzada/TPF_Vision_Avanzada/data/raw/pdbs/2hiw.pdb,False,False,False,False,True,False
1111,2g2i,ABL1,Abl,TK,Human,active,in,in,1,3.12,/Users/josefinadehan/tp_vision_avanzada/TPF_Vision_Avanzada/data/raw/pdbs/2g2i.pdb,True,False,False,False,False,False
1112,3cs9,ABL1,Abl,TK,Human,inactive,out,in,1,2.21,/Users/josefinadehan/tp_vision_avanzada/TPF_Vision_Avanzada/data/raw/pdbs/3cs9.pdb,False,False,False,False,True,False
6419,4yc8,ABL1,Abl,TK,Human,inactive,out-like,in,1,2.9,/Users/josefinadehan/tp_vision_avanzada/TPF_Vision_Avanzada/data/raw/pdbs/4yc8.pdb,False,False,False,False,True,False
6420,4yc8,ABL1,Abl,TK,Human,inactive,out-like,in,1,2.9,/Users/josefinadehan/tp_vision_avanzada/TPF_Vision_Avanzada/data/raw/pdbs/4yc8.pdb,False,False,False,False,True,False
6754,5hu9,ABL1,Abl,TK,Human,inactive,out,in,1,1.53,/Users/josefinadehan/tp_vision_avanzada/TPF_Vision_Avanzada/data/raw/pdbs/5hu9.pdb,False,False,False,False,True,False
6755,5hu9,ABL1,Abl,TK,Human,inactive,out,in,1,1.53,/Users/josefinadehan/tp_vision_avanzada/TPF_Vision_Avanzada/data/raw/pdbs/5hu9.pdb,False,False,False,False,True,False
7043,4zog,ABL1,Abl,TK,Human,inactive,out-like,in,1,2.3,/Users/josefinadehan/tp_vision_avanzada/TPF_Vision_Avanzada/data/raw/pdbs/4zog.pdb,False,False,False,False,True,False
7042,4zog,ABL1,Abl,TK,Human,inactive,out-like,in,1,2.3,/Users/josefinadehan/tp_vision_avanzada/TPF_Vision_Avanzada/data/raw/pdbs/4zog.pdb,False,False,False,False,True,False
7526,5mo4,ABL1,Abl,TK,Human,inactive,out,in,1,2.17,/Users/josefinadehan/tp_vision_avanzada/TPF_Vision_Avanzada/data/raw/pdbs/5mo4.pdb,False,False,False,False,True,False
7527,5mo4,ABL1,Abl,TK,Human,inactive,out,in,1,2.17,/Users/josefinadehan/tp_vision_avanzada/TPF_Vision_Avanzada/data/raw/pdbs/5mo4.pdb,False,False,False,False,True,False
9698,6bl8,ABL1,Abl,TK,Human,inactive,out-like,in,1,2.5,/Users/josefinadehan/tp_vision_avanzada/TPF_Vision_Avanzada/data/raw/pdbs/6bl8.pdb,False,False,False,False,True,False
9699,6bl8,ABL1,Abl,TK,Human,inactive,out-like,in,1,2.5,/Users/josefinadehan/tp_vision_avanzada/TPF_Vision_Avanzada/data/raw/pdbs/6bl8.pdb,False,False,False,False,True,False
9700,6bl8,ABL1,Abl,TK,Human,inactive,out-like,in,1,2.5,/Users/josefinadehan/tp_vision_avanzada/TPF_Vision_Avanzada/data/raw/pdbs/6bl8.pdb,False,False,False,False,True,False
9701,6bl8,ABL1,Abl,TK,Human,inactive,out-like,in,1,2.5,/Users/josefinadehan/tp_vision_avanzada/TPF_Vision_Avanzada/data/raw/pdbs/6bl8.pdb,False,False,False,False,True,False
10942,6npu,ABL1,Abl,TK,Human,inactive,out,in,1,2.33,/Users/josefinadehan/tp_vision_avanzada/TPF_Vision_Avanzada/data/raw/pdbs/6npu.pdb,False,False,False,False,True,False
10943,6npe,ABL1,Abl,TK,Human,inactive,out,in,1,2.15,/Users/josefinadehan/tp_vision_avanzada/TPF_Vision_Avanzada/data/raw/pdbs/6npe.pdb,False,False,False,False,True,False
10944,6npu,ABL1,Abl,TK,Human,inactive,out,in,1,2.33,/Users/josefinadehan/tp_vision_avanzada/TPF_Vision_Avanzada/data/raw/pdbs/6npu.pdb,False,False,False,False,True,False
10945,6npe,ABL1,Abl,TK,Human,inactive,out,in,1,2.15,/Users/josefinadehan/tp_vision_avanzada/TPF_Vision_Avanzada/data/raw/pdbs/6npe.pdb,False,False,False,False,True,False
10946,6npe,ABL1,Abl,TK,Human,inactive,out,in,1,2.15,/Users/josefinadehan/tp_vision_avanzada/TPF_Vision_Avanzada/data/raw/pdbs/6npe.pdb,False,False,False,False,True,False
10947,6npe,ABL1,Abl,TK,Human,inactive,out,in,1,2.15,/Users/josefinadehan/tp_vision_avanzada/TPF_Vision_Avanzada/data/raw/pdbs/6npe.pdb,False,False,False,False,True,False
10948,6npv,ABL1,Abl,TK,Human,inactive,out,in,1,1.86,/Users/josefinadehan/tp_vision_avanzada/TPF_Vision_Avanzada/data/raw/pdbs/6npv.pdb,False,False,False,False,True,False
10949,6npv,ABL1,Abl,TK,Human,inactive,out,in,1,1.86,/Users/josefinadehan/tp_vision_avanzada/TPF_Vision_Avanzada/data/raw/pdbs/6npv.pdb,False,False,False,False,True,False
10950,6npv,ABL1,Abl,TK,Human,inactive,out,in,1,1.86,/Users/josefinadehan/tp_vision_avanzada/TPF_Vision_Avanzada/data/raw/pdbs/6npv.pdb,False,False,False,False,True,False
10951,6npv,ABL1,Abl,TK,Human,inactive,out,in,1,1.86,/Users/josefinadehan/tp_vision_avanzada/TPF_Vision_Avanzada/data/raw/pdbs/6npv.pdb,False,False,False,False,True,False
13620,7cc2,ABL1,Abl,TK,Human,inactive,out-like,in,1,2.723,/Users/josefinadehan/tp_vision_avanzada/TPF_Vision_Avanzada/data/raw/pdbs/7cc2.pdb,False,False,False,False,True,False
13621,7dt2,ABL1,Abl,TK,Human,inactive,out-like,in,1,2.3,/Users/josefinadehan/tp_vision_avanzada/TPF_Vision_Avanzada/data/raw/pdbs/7dt2.pdb,False,False,False,False,True,False
14195,7w7y,ABL1,Abl,TK,Human,inactive,out-like,in,1,2.20003,/Users/josefinadehan/tp_vision_avanzada/TPF_Vision_Avanzada/data/raw/pdbs/7w7y.pdb,False,False,False,False,True,False
14196,7w7x,ABL1,Abl,TK,Human,inactive,out-like,in,1,2.00001,/Users/josefinadehan/tp_vision_avanzada/TPF_Vision_Avanzada/data/raw/pdbs/7w7x.pdb,False,False,False,False,True,False
14197,7n9g,ABL1,Abl,TK,Human,inactive,out-like,in,1,2.2,/Users/josefinadehan/tp_vision_avanzada/TPF_Vision_Avanzada/data/raw/pdbs/7n9g.pdb,False,False,False,False,True,False
14632,8h7f,ABL1,Abl,TK,Human,inactive,out-like,in,1,2.45013,/Users/josefinadehan/tp_vision_avanzada/TPF_Vision_Avanzada/data/raw/pdbs/8h7f.pdb,False,False,False,False,True,False
14666,8h7h,ABL1,Abl,TK,Human,inactive,out-like,in,1,2.2779,/Users/josefinadehan/tp_vision_avanzada/TPF_Vision_Avanzada/data/raw/pdbs/8h7h.pdb,False,False,False,False,True,False
14878,8ssn,ABL1,Abl,TK,Human,inactive,in,out,1,2.86,/Users/josefinadehan/tp_vision_avanzada/TPF_Vision_Avanzada/data/raw/pdbs/8ssn.pdb,False,False,False,True,False,False
12859,6xr7,ABL1,Abl,TK,Human,inactive,out-like,in,0,0.0,/Users/josefinadehan/tp_vision_avanzada/TPF_Vision_Avanzada/data/raw/pdbs/6xr7.pdb,False,False,False,False,True,False
12857,6xr7,ABL1,Abl,TK,Human,inactive,out-like,in,0,0.0,/Users/josefinadehan/tp_vision_avanzada/TPF_Vision_Avanzada/data/raw/pdbs/6xr7.pdb,False,False,False,False,True,False
12904,6xrg,ABL1,Abl,TK,Human,inactive,out,in,0,0.0,/Users/josefinadehan/tp_vision_avanzada/TPF_Vision_Avanzada/data/raw/pdbs/6xrg.pdb,False,False,False,False,True,False
12883,6xr7,ABL1,Abl,TK,Human,inactive,out-like,in,0,0.0,/Users/josefinadehan/tp_vision_avanzada/TPF_Vision_Avanzada/data/raw/pdbs/6xr7.pdb,False,False,False,False,True,False
12892,6xr6,ABL1,Abl,TK,Human,active,in,in,0,0.0,/Users/josefinadehan/tp_vision_avanzada/TPF_Vision_Avanzada/data/raw/pdbs/6xr6.pdb,True,False,False,False,False,False
12861,6xr6,ABL1,Abl,TK,Human,active,in,in,0,0.0,/Users/josefinadehan/tp_vision_avanzada/TPF_Vision_Avanzada/data/raw/pdbs/6xr6.pdb,True,False,False,False,False,False
12915,6xr7,ABL1,Abl,TK,Human,inactive,out-like,in,0,0.0,/Users/josefinadehan/tp_vision_avanzada/TPF_Vision_Avanzada/data/raw/pdbs/6xr7.pdb,False,False,False,False,True,False
12882,6xrg,ABL1,Abl,TK,Human,inactive,out,in,0,0.0,/Users/josefinadehan/tp_vision_avanzada/TPF_Vision_Avanzada/data/raw/pdbs/6xrg.pdb,False,False,False,False,True,False
1105,2g1t,ABL1,Abl,TK,Human,inactive,in,out,0,1.8,/Users/josefinadehan/tp_vision_avanzada/TPF_Vision_Avanzada/data/raw/pdbs/2g1t.pdb,False,False,False,True,False,False
12885,6xr6,ABL1,Abl,TK,Human,active,in,in,0,0.0,/Users/josefinadehan/tp_vision_avanzada/TPF_Vision_Avanzada/data/raw/pdbs/6xr6.pdb,True,False,False,False,False,False
12906,6xr6,ABL1,Abl,TK,Human,active,in,in,0,0.0,/Users/josefinadehan/tp_vision_avanzada/TPF_Vision_Avanzada/data/raw/pdbs/6xr6.pdb,True,False,False,False,False,False
12879,6xr7,ABL1,Abl,TK,Human,inactive,out-like,in,0,0.0,/Users/josefinadehan/tp_vision_avanzada/TPF_Vision_Avanzada/data/raw/pdbs/6xr7.pdb,False,False,False,False,True,False
12905,6xr6,ABL1,Abl,TK,Human,active,in,in,0,0.0,/Users/josefinadehan/tp_vision_avanzada/TPF_Vision_Avanzada/data/raw/pdbs/6xr6.pdb,True,False,False,False,False,False
12913,6xr7,ABL1,Abl,TK,Human,inactive,out-like,in,0,0.0,/Users/josefinadehan/tp_vision_avanzada/TPF_Vision_Avanzada/data/raw/pdbs/6xr7.pdb,False,False,False,False,True,False
12858,6xr6,ABL1,Abl,TK,Human,active,in,in,0,0.0,/Users/josefinadehan/tp_vision_avanzada/TPF_Vision_Avanzada/data/raw/pdbs/6xr6.pdb,True,False,False,False,False,False
12868,6xrg,ABL1,Abl,TK,Human,inactive,out,in,0,0.0,/Users/josefinadehan/tp_vision_avanzada/TPF_Vision_Avanzada/data/raw/pdbs/6xrg.pdb,False,False,False,False,True,False
12886,6xrg,ABL1,Abl,TK,Human,inactive,out,in,0,0.0,/Users/josefinadehan/tp_vision_avanzada/TPF_Vision_Avanzada/data/raw/pdbs/6xrg.pdb,False,False,False,False,True,False
12864,6xrg,ABL1,Abl,TK,Human,inactive,out,in,0,0.0,/Users/josefinadehan/tp_vision_avanzada/TPF_Vision_Avanzada/data/raw/pdbs/6xrg.pdb,False,False,False,False,True,False
12895,6xrg,ABL1,Abl,TK,Human,inactive,out,out,0,0.0,/Users/josefinadehan/tp_vision_avanzada/TPF_Vision_Avanzada/data/raw/pdbs/6xrg.pdb,False,False,False,False,False,False
12903,6xr7,ABL1,Abl,TK,Human,inactive,out,in,0,0.0,/Users/josefinadehan/tp_vision_avanzada/TPF_Vision_Avanzada/data/raw/pdbs/6xr7.pdb,False,False,False,False,True,False
12862,6xr6,ABL1,Abl,TK,Human,active,in,in,0,0.0,/Users/josefinadehan/tp_vision_avanzada/TPF_Vision_Avanzada/data/raw/pdbs/6xr6.pdb,True,False,False,False,False,False
12887,6xrg,ABL1,Abl,TK,Human,inactive,out,in,0,0.0,/Users/josefinadehan/tp_vision_avanzada/TPF_Vision_Avanzada/data/raw/pdbs/6xrg.pdb,False,False,False,False,True,False
12863,6xr7,ABL1,Abl,TK,Human,inactive,out-like,in,0,0.0,/Users/josefinadehan/tp_vision_avanzada/TPF_Vision_Avanzada/data/raw/pdbs/6xr7.pdb,False,False,False,False,True,False
12897,6xr7,ABL1,Abl,TK,Human,inactive,out-like,in,0,0.0,/Users/josefinadehan/tp_vision_avanzada/TPF_Vision_Avanzada/data/raw/pdbs/6xr7.pdb,False,False,False,False,True,False
12911,6xrg,ABL1,Abl,TK,Human,inactive,out,in,0,0.0,/Users/josefinadehan/tp_vision_avanzada/TPF_Vision_Avanzada/data/raw/pdbs/6xrg.pdb,False,False,False,False,True,False
12875,6xrg,ABL1,Abl,TK,Human,inactive,out,in,0,0.0,/Users/josefinadehan/tp_vision_avanzada/TPF_Vision_Avanzada/data/raw/pdbs/6xrg.pdb,False,False,False,False,True,False
1045,2g1t,ABL1,Abl,TK,Human,inactive,in,out,0,1.8,/Users/josefinadehan/tp_vision_avanzada/TPF_Vision_Avanzada/data/raw/pdbs/2g1t.pdb,False,False,False,True,False,False
1064,2g1t,ABL1,Abl,TK,Human,inactive,in,out,0,1.8,/Users/josefinadehan/tp_vision_avanzada/TPF_Vision_Avanzada/data/raw/pdbs/2g1t.pdb,False,False,False,True,False,False
12869,6xr6,ABL1,Abl,TK,Human,active,in,in,0,0.0,/Users/josefinadehan/tp_vision_avanzada/TPF_Vision_Avanzada/data/raw/pdbs/6xr6.pdb,True,False,False,False,False,False
12899,6xrg,ABL1,Abl,TK,Human,inactive,out,in,0,0.0,/Users/josefinadehan/tp_vision_avanzada/TPF_Vision_Avanzada/data/raw/pdbs/6xrg.pdb,False,False,False,False,True,False
12884,6xrg,ABL1,Abl,TK,Human,inactive,out,in,0,0.0,/Users/josefinadehan/tp_vision_avanzada/TPF_Vision_Avanzada/data/raw/pdbs/6xrg.pdb,False,False,False,False,True,False
12890,6xrg,ABL1,Abl,TK,Human,inactive,out,in,0,0.0,/Users/josefinadehan/tp_vision_avanzada/TPF_Vision_Avanzada/data/raw/pdbs/6xrg.pdb,False,False,False,False,True,False
12893,6xrg,ABL1,Abl,TK,Human,inactive,out,in,0,0.0,/Users/josefinadehan/tp_vision_avanzada/TPF_Vision_Avanzada/data/raw/pdbs/6xrg.pdb,False,False,False,False,True,False
12900,6xr7,ABL1,Abl,TK,Human,inactive,out-like,in,0,0.0,/Users/josefinadehan/tp_vision_avanzada/TPF_Vision_Avanzada/data/raw/pdbs/6xr7.pdb,False,False,False,False,True,False
12912,6xr6,ABL1,Abl,TK,Human,active,in,in,0,0.0,/Users/josefinadehan/tp_vision_avanzada/TPF_Vision_Avanzada/data/raw/pdbs/6xr6.pdb,True,False,False,False,False,False
12881,6xr6,ABL1,Abl,TK,Human,active,in,in,0,0.0,/Users/josefinadehan/tp_vision_avanzada/TPF_Vision_Avanzada/data/raw/pdbs/6xr6.pdb,True,False,False,False,False,False
12866,6xr7,ABL1,Abl,TK,Human,active,in,in,0,0.0,/Users/josefinadehan/tp_vision_avanzada/TPF_Vision_Avanzada/data/raw/pdbs/6xr7.pdb,True,False,False,False,False,False
12877,6xrg,ABL1,Abl,TK,Human,inactive,out,in,0,0.0,/Users/josefinadehan/tp_vision_avanzada/TPF_Vision_Avanzada/data/raw/pdbs/6xrg.pdb,False,False,False,False,True,False
1096,2g1t,ABL1,Abl,TK,Human,inactive,in,out,0,1.8,/Users/josefinadehan/tp_vision_avanzada/TPF_Vision_Avanzada/data/raw/pdbs/2g1t.pdb,False,False,False,True,False,False
12876,6xrg,ABL1,Abl,TK,Human,inactive,out,in,0,0.0,/Users/josefinadehan/tp_vision_avanzada/TPF_Vision_Avanzada/data/raw/pdbs/6xrg.pdb,False,False,False,False,True,False
1067,2hz4,ABL1,Abl,TK,Human,active,in,in,1,2.8,/Users/josefinadehan/tp_vision_avanzada/TPF_Vision_Avanzada/data/raw/pdbs/2hz4.pdb,True,False,False,False,False,False
12873,6xr6,ABL1,Abl,TK,Human,active,in,in,0,0.0,/Users/josefinadehan/tp_vision_avanzada/TPF_Vision_Avanzada/data/raw/pdbs/6xr6.pdb,True,False,False,False,False,False
12894,6xr7,ABL1,Abl,TK,Human,inactive,out-like,in,0,0.0,/Users/josefinadehan/tp_vision_avanzada/TPF_Vision_Avanzada/data/raw/pdbs/6xr7.pdb,False,False,False,False,True,False
12909,6xr7,ABL1,Abl,TK,Human,inactive,out-like,in,0,0.0,/Users/josefinadehan/tp_vision_avanzada/TPF_Vision_Avanzada/data/raw/pdbs/6xr7.pdb,False,False,False,False,True,False
12914,6xr7,ABL1,Abl,TK,Human,inactive,out-like,in,0,0.0,/Users/josefinadehan/tp_vision_avanzada/TPF_Vision_Avanzada/data/raw/pdbs/6xr7.pdb,False,False,False,False,True,False
12870,6xr7,ABL1,Abl,TK,Human,inactive,out-like,in,0,0.0,/Users/josefinadehan/tp_vision_avanzada/TPF_Vision_Avanzada/data/raw/pdbs/6xr7.pdb,False,False,False,False,True,False
12898,6xr6,ABL1,Abl,TK,Human,active,in,in,0,0.0,/Users/josefinadehan/tp_vision_avanzada/TPF_Vision_Avanzada/data/raw/pdbs/6xr6.pdb,True,False,False,False,False,False
12871,6xr6,ABL1,Abl,TK,Human,active,in,in,0,0.0,/Users/josefinadehan/tp_vision_avanzada/TPF_Vision_Avanzada/data/raw/pdbs/6xr6.pdb,True,False,False,False,False,False
12867,6xr7,ABL1,Abl,TK,Human,inactive,out-like,in,0,0.0,/Users/josefinadehan/tp_vision_avanzada/TPF_Vision_Avanzada/data/raw/pdbs/6xr7.pdb,False,False,False,False,True,False
12878,6xr6,ABL1,Abl,TK,Human,active,in,in,0,0.0,/Users/josefinadehan/tp_vision_avanzada/TPF_Vision_Avanzada/data/raw/pdbs/6xr6.pdb,True,False,False,False,False,False
12889,6xrg,ABL1,Abl,TK,Human,inactive,out,in,0,0.0,/Users/josefinadehan/tp_vision_avanzada/TPF_Vision_Avanzada/data/raw/pdbs/6xrg.pdb,False,False,False,False,True,False
12916,6xrg,ABL1,Abl,TK,Human,inactive,out,in,0,0.0,/Users/josefinadehan/tp_vision_avanzada/TPF_Vision_Avanzada/data/raw/pdbs/6xrg.pdb,False,False,False,False,True,False
12872,6xr6,ABL1,Abl,TK,Human,active,in,in,0,0.0,/Users/josefinadehan/tp_vision_avanzada/TPF_Vision_Avanzada/data/raw/pdbs/6xr6.pdb,True,False,False,False,False,False
12902,6xr6,ABL1,Abl,TK,Human,active,in,in,0,0.0,/Users/josefinadehan/tp_vision_avanzada/TPF_Vision_Avanzada/data/raw/pdbs/6xr6.pdb,True,False,False,False,False,False
1097,2g2f,ABL1,Abl,TK,Human,inactive,out-like,in,0,2.7,/Users/josefinadehan/tp_vision_avanzada/TPF_Vision_Avanzada/data/raw/pdbs/2g2f.pdb,False,False,False,False,True,False
12896,6xr6,ABL1,Abl,TK,Human,active,in,in,0,0.0,/Users/josefinadehan/tp_vision_avanzada/TPF_Vision_Avanzada/data/raw/pdbs/6xr6.pdb,True,False,False,False,False,False
12860,6xr7,ABL1,Abl,TK,Human,inactive,out-like,in,0,0.0,/Users/josefinadehan/tp_vision_avanzada/TPF_Vision_Avanzada/data/raw/pdbs/6xr7.pdb,False,False,False,False,True,False
12908,6xr6,ABL1,Abl,TK,Human,active,in,in,0,0.0,/Users/josefinadehan/tp_vision_avanzada/TPF_Vision_Avanzada/data/raw/pdbs/6xr6.pdb,True,False,False,False,False,False
12874,6xr6,ABL1,Abl,TK,Human,active,in,in,0,0.0,/Users/josefinadehan/tp_vision_avanzada/TPF_Vision_Avanzada/data/raw/pdbs/6xr6.pdb,True,False,False,False,False,False
12880,6xrg,ABL1,Abl,TK,Human,inactive,out,in,0,0.0,/Users/josefinadehan/tp_vision_avanzada/TPF_Vision_Avanzada/data/raw/pdbs/6xrg.pdb,False,False,False,False,True,False
12891,6xrg,ABL1,Abl,TK,Human,inactive,out,in,0,0.0,/Users/josefinadehan/tp_vision_avanzada/TPF_Vision_Avanzada/data/raw/pdbs/6xrg.pdb,False,False,False,False,True,False
1059,2hz4,ABL1,Abl,TK,Human,active,in,in,1,2.8,/Users/josefinadehan/tp_vision_avanzada/TPF_Vision_Avanzada/data/raw/pdbs/2hz4.pdb,True,False,False,False,False,False
12888,6xrg,ABL1,Abl,TK,Human,inactive,out,in,0,0.0,/Users/josefinadehan/tp_vision_avanzada/TPF_Vision_Avanzada/data/raw/pdbs/6xrg.pdb,False,False,False,False,True,False
12907,6xr7,ABL1,Abl,TK,Human,inactive,out-like,in,0,0.0,/Users/josefinadehan/tp_vision_avanzada/TPF_Vision_Avanzada/data/raw/pdbs/6xr7.pdb,False,False,False,False,True,False
12910,6xr7,ABL1,Abl,TK,Human,inactive,out-like,in,0,0.0,/Users/josefinadehan/tp_vision_avanzada/TPF_Vision_Avanzada/data/raw/pdbs/6xr7.pdb,False,False,False,False,True,False
12865,6xr7,ABL1,Abl,TK,Human,inactive,out-like,in,0,0.0,/Users/josefinadehan/tp_vision_avanzada/TPF_Vision_Avanzada/data/raw/pdbs/6xr7.pdb,False,False,False,False,True,False
12901,6xr6,ABL1,Abl,TK,Human,active,in,in,0,0.0,/Users/josefinadehan/tp_vision_avanzada/TPF_Vision_Avanzada/data/raw/pdbs/6xr6.pdb,True,False,False,False,False,False
2538,3mvh,AKT1,Akt,AGC,Human,active,in,in,1,2.01,/Users/josefinadehan/tp_vision_avanzada/TPF_Vision_Avanzada/data/raw/pdbs/3mvh.pdb,True,False,False,False,False,False
2539,4ekk,AKT1,Akt,AGC,Human,active,in,in,1,2.8,/Users/josefinadehan/tp_vision_avanzada/TPF_Vision_Avanzada/data/raw/pdbs/4ekk.pdb,True,False,False,False,False,False
2540,4ekl,AKT1,Akt,AGC,Human,active,in,in,1,2.0,/Users/josefinadehan/tp_vision_avanzada/TPF_Vision_Avanzada/data/raw/pdbs/4ekl.pdb,True,False,False,False,False,False
2541,4ekk,AKT1,Akt,AGC,Human,active,in,in,1,2.8,/Users/josefinadehan/tp_vision_avanzada/TPF_Vision_Avanzada/data/raw/pdbs/4ekk.pdb,True,False,False,False,False,False
2543,4gv1,AKT1,Akt,AGC,Human,active,in,in,1,1.49,/Users/josefinadehan/tp_vision_avanzada/TPF_Vision_Avanzada/data/raw/pdbs/4gv1.pdb,True,False,False,False,False,False
2544,3qkl,AKT1,Akt,AGC,Human,active,in,in,1,1.9,/Users/josefinadehan/tp_vision_avanzada/TPF_Vision_Avanzada/data/raw/pdbs/3qkl.pdb,True,False,False,False,False,False
2546,3qkm,AKT1,Akt,AGC,Human,active,in,in,1,2.2,/Users/josefinadehan/tp_vision_avanzada/TPF_Vision_Avanzada/data/raw/pdbs/3qkm.pdb,True,False,False,False,False,False
2547,3ow4,AKT1,Akt,AGC,Human,active,in,in,1,2.6,/Users/josefinadehan/tp_vision_avanzada/TPF_Vision_Avanzada/data/raw/pdbs/3ow4.pdb,True,False,False,False,False,False
2548,3ocb,AKT1,Akt,AGC,Human,active,in,in,1,2.7,/Users/josefinadehan/tp_vision_avanzada/TPF_Vision_Avanzada/data/raw/pdbs/3ocb.pdb,True,False,False,False,False,False
2531,3mvh,AKT1,Akt,AGC,Human,active,in,in,1,2.01,/Users/josefinadehan/tp_vision_avanzada/TPF_Vision_Avanzada/data/raw/pdbs/3mvh.pdb,True,False,False,False,False,False
2532,3mv5,AKT1,Akt,AGC,Human,active,in,in,1,2.47,/Users/josefinadehan/tp_vision_avanzada/TPF_Vision_Avanzada/data/raw/pdbs/3mv5.pdb,True,False,False,False,False,False
2533,3ow4,AKT1,Akt,AGC,Human,active,in,in,1,2.6,/Users/josefinadehan/tp_vision_avanzada/TPF_Vision_Avanzada/data/raw/pdbs/3ow4.pdb,True,False,False,False,False,False
2534,3ocb,AKT1,Akt,AGC,Human,active,in,in,1,2.7,/Users/josefinadehan/tp_vision_avanzada/TPF_Vision_Avanzada/data/raw/pdbs/3ocb.pdb,True,False,False,False,False,False
2535,3qkk,AKT1,Akt,AGC,Human,active,in,in,1,2.3,/Users/josefinadehan/tp_vision_avanzada/TPF_Vision_Avanzada/data/raw/pdbs/3qkk.pdb,True,False,False,False,False,False
2536,4gv1,AKT1,Akt,AGC,Human,active,in,in,1,1.49,/Users/josefinadehan/tp_vision_avanzada/TPF_Vision_Avanzada/data/raw/pdbs/4gv1.pdb,True,False,False,False,False,False
2537,3mv5,AKT1,Akt,AGC,Human,active,in,in,1,2.47,/Users/josefinadehan/tp_vision_avanzada/TPF_Vision_Avanzada/data/raw/pdbs/3mv5.pdb,True,False,False,False,False,False
6708,5kcv,AKT1,Akt,AGC,Human,inactive,out,na,1,2.7,/Users/josefinadehan/tp_vision_avanzada/TPF_Vision_Avanzada/data/raw/pdbs/5kcv.pdb,False,False,False,False,False,False
6762,3cqu,AKT1,Akt,AGC,Human,active,in,in,1,2.2,/Users/josefinadehan/tp_vision_avanzada/TPF_Vision_Avanzada/data/raw/pdbs/3cqu.pdb,True,False,False,False,False,False
6763,3cqw,AKT1,Akt,AGC,Human,active,in,in,1,2.0,/Users/josefinadehan/tp_vision_avanzada/TPF_Vision_Avanzada/data/raw/pdbs/3cqw.pdb,True,False,False,False,False,False
6764,3cqu,AKT1,Akt,AGC,Human,active,in,in,1,2.2,/Users/josefinadehan/tp_vision_avanzada/TPF_Vision_Avanzada/data/raw/pdbs/3cqu.pdb,True,False,False,False,False,False
6765,3cqw,AKT1,Akt,AGC,Human,active,in,in,1,2.0,/Users/josefinadehan/tp_vision_avanzada/TPF_Vision_Avanzada/data/raw/pdbs/3cqw.pdb,True,False,False,False,False,False
9868,6ccy,AKT1,Akt,AGC,Human,active,in,in,1,2.18,/Users/josefinadehan/tp_vision_avanzada/TPF_Vision_Avanzada/data/raw/pdbs/6ccy.pdb,True,False,False,False,False,False
9869,6ccy,AKT1,Akt,AGC,Human,active,in,in,1,2.18,/Users/josefinadehan/tp_vision_avanzada/TPF_Vision_Avanzada/data/raw/pdbs/6ccy.pdb,True,False,False,False,False,False
10915,6hhh,AKT1,Akt,AGC,Human,inactive,out,na,1,2.7,/Users/josefinadehan/tp_vision_avanzada/TPF_Vision_Avanzada/data/raw/pdbs/6hhh.pdb,False,False,False,False,False,False
10913,6hhi,AKT1,Akt,AGC,Human,inactive,out,na,1,2.7,/Users/josefinadehan/tp_vision_avanzada/TPF_Vision_Avanzada/data/raw/pdbs/6hhi.pdb,False,False,False,False,False,False
10916,6hhg,AKT1,Akt,AGC,Human,inactive,out,na,1,2.3,/Users/josefinadehan/tp_vision_avanzada/TPF_Vision_Avanzada/data/raw/pdbs/6hhg.pdb,False,False,False,False,False,False
10914,6hhj,AKT1,Akt,AGC,Human,inactive,out,out,1,2.3,/Users/josefinadehan/tp_vision_avanzada/TPF_Vision_Avanzada/data/raw/pdbs/6hhj.pdb,False,False,False,False,False,False
10970,6hhf,AKT1,Akt,AGC,Human,inactive,out,na,1,2.9,/Users/josefinadehan/tp_vision_avanzada/TPF_Vision_Avanzada/data/raw/pdbs/6hhf.pdb,False,False,False,False,False,False
11746,6s9x,AKT1,Akt,AGC,Human,inactive,out,na,1,2.6,/Users/josefinadehan/tp_vision_avanzada/TPF_Vision_Avanzada/data/raw/pdbs/6s9x.pdb,False,False,False,False,False,False
11747,6s9w,AKT1,Akt,AGC,Human,inactive,out,out,1,2.3,/Users/josefinadehan/tp_vision_avanzada/TPF_Vision_Avanzada/data/raw/pdbs/6s9w.pdb,False,False,False,False,False,False
11748,6s9w,AKT1,Akt,AGC,Human,inactive,out,out,1,2.3,/Users/josefinadehan/tp_vision_avanzada/TPF_Vision_Avanzada/data/raw/pdbs/6s9w.pdb,False,False,False,False,False,False
13865,7nh4,AKT1,Akt,AGC,Human,inactive,out,na,1,2.3,/Users/josefinadehan/tp_vision_avanzada/TPF_Vision_Avanzada/data/raw/pdbs/7nh4.pdb,False,False,False,False,False,False
13866,7nh4,AKT1,Akt,AGC,Human,inactive,out,na,1,2.3,/Users/josefinadehan/tp_vision_avanzada/TPF_Vision_Avanzada/data/raw/pdbs/7nh4.pdb,False,False,False,False,False,False
13867,7nh5,AKT1,Akt,AGC,Human,inactive,out,na,1,1.9,/Users/josefinadehan/tp_vision_avanzada/TPF_Vision_Avanzada/data/raw/pdbs/7nh5.pdb,False,False,False,False,False,False
13868,7nh5,AKT1,Akt,AGC,Human,inactive,out,na,1,1.9,/Users/josefinadehan/tp_vision_avanzada/TPF_Vision_Avanzada/data/raw/pdbs/7nh5.pdb,False,False,False,False,False,False
15380,8uw2,AKT1,Akt,AGC,Human,inactive,out,na,1,2.2,/Users/josefinadehan/tp_vision_avanzada/TPF_Vision_Avanzada/data/raw/pdbs/8uw2.pdb,False,False,False,False,False,False
15381,8uvy,AKT1,Akt,AGC,Human,inactive,out,na,1,2.11,/Users/josefinadehan/tp_vision_avanzada/TPF_Vision_Avanzada/data/raw/pdbs/8uvy.pdb,False,False,False,False,False,False
15382,8uw7,AKT1,Akt,AGC,Human,inactive,out,out,1,1.972,/Users/josefinadehan/tp_vision_avanzada/TPF_Vision_Avanzada/data/raw/pdbs/8uw7.pdb,False,False,False,False,False,False
15383,8uw9,AKT1,Akt,AGC,Human,inactive,out,na,1,1.9,/Users/josefinadehan/tp_vision_avanzada/TPF_Vision_Avanzada/data/raw/pdbs/8uw9.pdb,False,False,False,False,False,False
15384,8uw9,AKT1,Akt,AGC,Human,inactive,out,na,1,1.9,/Users/josefinadehan/tp_vision_avanzada/TPF_Vision_Avanzada/data/raw/pdbs/8uw9.pdb,False,False,False,False,False,False
15385,8uw7,AKT1,Akt,AGC,Human,inactive,out,out,1,1.972,/Users/josefinadehan/tp_vision_avanzada/TPF_Vision_Avanzada/data/raw/pdbs/8uw7.pdb,False,False,False,False,False,False
15378,8uvy,AKT1,Akt,AGC,Human,inactive,out,na,1,2.11,/Users/josefinadehan/tp_vision_avanzada/TPF_Vision_Avanzada/data/raw/pdbs/8uvy.pdb,False,False,False,False,False,False
15379,8uw2,AKT1,Akt,AGC,Human,inactive,out,na,1,2.2,/Users/josefinadehan/tp_vision_avanzada/TPF_Vision_Avanzada/data/raw/pdbs/8uw2.pdb,False,False,False,False,False,False
10430,6buu,AKT1,Akt,AGC,Human,active,in,in,0,2.4,/Users/josefinadehan/tp_vision_avanzada/TPF_Vision_Avanzada/data/raw/pdbs/6buu.pdb,True,False,False,False,False,False
10434,6c0i,AKT1,Akt,AGC,Human,active,in,in,0,2.4,/Users/josefinadehan/tp_vision_avanzada/TPF_Vision_Avanzada/data/raw/pdbs/6c0i.pdb,True,False,False,False,False,False
10882,6npz,AKT1,Akt,AGC,Human,active,in,in,0,2.12,/Users/josefinadehan/tp_vision_avanzada/TPF_Vision_Avanzada/data/raw/pdbs/6npz.pdb,True,False,False,False,False,False
10428,6buu,AKT1,Akt,AGC,Human,active,in,in,0,2.4,/Users/josefinadehan/tp_vision_avanzada/TPF_Vision_Avanzada/data/raw/pdbs/6buu.pdb,True,False,False,False,False,False
10439,6buu,AKT1,Akt,AGC,Human,active,in,in,0,2.4,/Users/josefinadehan/tp_vision_avanzada/TPF_Vision_Avanzada/data/raw/pdbs/6buu.pdb,True,False,False,False,False,False
10436,6c0i,AKT1,Akt,AGC,Human,active,in,in,0,2.4,/Users/josefinadehan/tp_vision_avanzada/TPF_Vision_Avanzada/data/raw/pdbs/6c0i.pdb,True,False,False,False,False,False
2542,4ejn,AKT1,Akt,AGC,Human,inactive,out,na,1,2.19,/Users/josefinadehan/tp_vision_avanzada/TPF_Vision_Avanzada/data/raw/pdbs/4ejn.pdb,False,False,False,False,False,False
10429,6c0i,AKT1,Akt,AGC,Human,active,in,in,0,2.4,/Users/josefinadehan/tp_vision_avanzada/TPF_Vision_Avanzada/data/raw/pdbs/6c0i.pdb,True,False,False,False,False,False
10435,6c0i,AKT1,Akt,AGC,Human,active,in,in,0,2.4,/Users/josefinadehan/tp_vision_avanzada/TPF_Vision_Avanzada/data/raw/pdbs/6c0i.pdb,True,False,False,False,False,False
13854,7apj,AKT1,Akt,AGC,Human,inactive,out,na,0,2.05,/Users/josefinadehan/tp_vision_avanzada/TPF_Vision_Avanzada/data/raw/pdbs/7apj.pdb,False,False,False,False,False,False
10880,6npz,AKT1,Akt,AGC,Human,active,in,in,0,2.12,/Users/josefinadehan/tp_vision_avanzada/TPF_Vision_Avanzada/data/raw/pdbs/6npz.pdb,True,False,False,False,False,False
10879,6npz,AKT1,Akt,AGC,Human,active,in,in,0,2.12,/Users/josefinadehan/tp_vision_avanzada/TPF_Vision_Avanzada/data/raw/pdbs/6npz.pdb,True,False,False,False,False,False
10431,6c0i,AKT1,Akt,AGC,Human,active,in,in,0,2.4,/Users/josefinadehan/tp_vision_avanzada/TPF_Vision_Avanzada/data/raw/pdbs/6c0i.pdb,True,False,False,False,False,False
2545,3o96,AKT1,Akt,AGC,Human,inactive,out,na,1,2.7,/Users/josefinadehan/tp_vision_avanzada/TPF_Vision_Avanzada/data/raw/pdbs/3o96.pdb,False,False,False,False,False,False
10881,6npz,AKT1,Akt,AGC,Human,active,in,in,0,2.12,/Users/josefinadehan/tp_vision_avanzada/TPF_Vision_Avanzada/data/raw/pdbs/6npz.pdb,True,False,False,False,False,False
10438,6buu,AKT1,Akt,AGC,Human,active,in,in,0,2.4,/Users/josefinadehan/tp_vision_avanzada/TPF_Vision_Avanzada/data/raw/pdbs/6buu.pdb,True,False,False,False,False,False
10433,6buu,AKT1,Akt,AGC,Human,active,in,in,0,2.4,/Users/josefinadehan/tp_vision_avanzada/TPF_Vision_Avanzada/data/raw/pdbs/6buu.pdb,True,False,False,False,False,False
10432,6buu,AKT1,Akt,AGC,Human,active,in,in,0,2.4,/Users/josefinadehan/tp_vision_avanzada/TPF_Vision_Avanzada/data/raw/pdbs/6buu.pdb,True,False,False,False,False,False
10437,6c0i,AKT1,Akt,AGC,Human,active,in,in,0,2.4,/Users/josefinadehan/tp_vision_avanzada/TPF_Vision_Avanzada/data/raw/pdbs/6c0i.pdb,True,False,False,False,False,False
5367,4fny,ALK,ALK,TK,Human,inactive,out,in,1,2.45,/Users/josefinadehan/tp_vision_avanzada/TPF_Vision_Avanzada/data/raw/pdbs/4fny.pdb,False,False,False,False,True,False
5368,4anq,ALK,ALK,TK,Human,active,in,in,1,1.76,/Users/josefinadehan/tp_vision_avanzada/TPF_Vision_Avanzada/data/raw/pdbs/4anq.pdb,True,False,False,False,False,False
5369,4clj,ALK,ALK,TK,Human,active,in,in,1,1.66,/Users/josefinadehan/tp_vision_avanzada/TPF_Vision_Avanzada/data/raw/pdbs/4clj.pdb,True,False,False,False,False,False
5370,3aox,ALK,ALK,TK,Human,active,in,in,1,1.75,/Users/josefinadehan/tp_vision_avanzada/TPF_Vision_Avanzada/data/raw/pdbs/3aox.pdb,True,False,False,False,False,False
5371,4cmt,ALK,ALK,TK,Human,active,in,in,1,1.73,/Users/josefinadehan/tp_vision_avanzada/TPF_Vision_Avanzada/data/raw/pdbs/4cmt.pdb,True,False,False,False,False,False
5372,4dce,ALK,ALK,TK,Human,active,in,in,1,2.03,/Users/josefinadehan/tp_vision_avanzada/TPF_Vision_Avanzada/data/raw/pdbs/4dce.pdb,True,False,False,False,False,False
5374,4ans,ALK,ALK,TK,Human,active,in,in,1,1.85,/Users/josefinadehan/tp_vision_avanzada/TPF_Vision_Avanzada/data/raw/pdbs/4ans.pdb,True,False,False,False,False,False
5376,3lcs,ALK,ALK,TK,Human,active,in,in,1,1.95,/Users/josefinadehan/tp_vision_avanzada/TPF_Vision_Avanzada/data/raw/pdbs/3lcs.pdb,True,False,False,False,False,False
5377,4fob,ALK,ALK,TK,Human,active,in,in,1,1.9,/Users/josefinadehan/tp_vision_avanzada/TPF_Vision_Avanzada/data/raw/pdbs/4fob.pdb,True,False,False,False,False,False
5378,4cnh,ALK,ALK,TK,Human,active,in,in,1,1.9,/Users/josefinadehan/tp_vision_avanzada/TPF_Vision_Avanzada/data/raw/pdbs/4cnh.pdb,True,False,False,False,False,False
5379,4dce,ALK,ALK,TK,Human,active,in,in,1,2.03,/Users/josefinadehan/tp_vision_avanzada/TPF_Vision_Avanzada/data/raw/pdbs/4dce.pdb,True,False,False,False,False,False
5381,3lcs,ALK,ALK,TK,Human,active,in,in,1,1.95,/Users/josefinadehan/tp_vision_avanzada/TPF_Vision_Avanzada/data/raw/pdbs/3lcs.pdb,True,False,False,False,False,False
5383,4fod,ALK,ALK,TK,Human,active,in,in,1,2.0,/Users/josefinadehan/tp_vision_avanzada/TPF_Vision_Avanzada/data/raw/pdbs/4fod.pdb,True,False,False,False,False,False
5386,4mkc,ALK,ALK,TK,Human,active,in,in,1,2.01,/Users/josefinadehan/tp_vision_avanzada/TPF_Vision_Avanzada/data/raw/pdbs/4mkc.pdb,True,False,False,False,False,False
5387,3aox,ALK,ALK,TK,Human,active,in,in,1,1.75,/Users/josefinadehan/tp_vision_avanzada/TPF_Vision_Avanzada/data/raw/pdbs/3aox.pdb,True,False,False,False,False,False
5388,4cnh,ALK,ALK,TK,Human,active,in,in,1,1.9,/Users/josefinadehan/tp_vision_avanzada/TPF_Vision_Avanzada/data/raw/pdbs/4cnh.pdb,True,False,False,False,False,False
5389,4joa,ALK,ALK,TK,Human,active,in,in,1,2.7,/Users/josefinadehan/tp_vision_avanzada/TPF_Vision_Avanzada/data/raw/pdbs/4joa.pdb,True,False,False,False,False,False
5390,4ccb,ALK,ALK,TK,Human,active,in,in,1,2.03,/Users/josefinadehan/tp_vision_avanzada/TPF_Vision_Avanzada/data/raw/pdbs/4ccb.pdb,True,False,False,False,False,False
5391,4cmo,ALK,ALK,TK,Human,active,in,in,1,1.83,/Users/josefinadehan/tp_vision_avanzada/TPF_Vision_Avanzada/data/raw/pdbs/4cmo.pdb,True,False,False,False,False,False
5392,4foc,ALK,ALK,TK,Human,active,in,in,1,1.7,/Users/josefinadehan/tp_vision_avanzada/TPF_Vision_Avanzada/data/raw/pdbs/4foc.pdb,True,False,False,False,False,False
5393,3lct,ALK,ALK,TK,Human,active,in,in,1,2.1,/Users/josefinadehan/tp_vision_avanzada/TPF_Vision_Avanzada/data/raw/pdbs/3lct.pdb,True,False,False,False,False,False
5394,2xp2,ALK,ALK,TK,Human,active,in,in,1,1.9,/Users/josefinadehan/tp_vision_avanzada/TPF_Vision_Avanzada/data/raw/pdbs/2xp2.pdb,True,False,False,False,False,False
5395,4ctb,ALK,ALK,TK,Human,active,in,in,1,1.79,/Users/josefinadehan/tp_vision_avanzada/TPF_Vision_Avanzada/data/raw/pdbs/4ctb.pdb,True,False,False,False,False,False
5396,4ccu,ALK,ALK,TK,Human,active,in,in,1,2.0,/Users/josefinadehan/tp_vision_avanzada/TPF_Vision_Avanzada/data/raw/pdbs/4ccu.pdb,True,False,False,False,False,False
5364,4ctc,ALK,ALK,TK,Human,active,in,in,1,2.03,/Users/josefinadehan/tp_vision_avanzada/TPF_Vision_Avanzada/data/raw/pdbs/4ctc.pdb,True,False,False,False,False,False
5365,2xb7,ALK,ALK,TK,Human,active,in,in,1,2.5,/Users/josefinadehan/tp_vision_avanzada/TPF_Vision_Avanzada/data/raw/pdbs/2xb7.pdb,True,False,False,False,False,False
5397,4fnz,ALK,ALK,TK,Human,active,in,in,1,2.6,/Users/josefinadehan/tp_vision_avanzada/TPF_Vision_Avanzada/data/raw/pdbs/4fnz.pdb,True,False,False,False,False,False
5398,4cmu,ALK,ALK,TK,Human,active,in,in,1,1.8,/Users/josefinadehan/tp_vision_avanzada/TPF_Vision_Avanzada/data/raw/pdbs/4cmu.pdb,True,False,False,False,False,False
5400,3lct,ALK,ALK,TK,Human,active,in,in,1,2.1,/Users/josefinadehan/tp_vision_avanzada/TPF_Vision_Avanzada/data/raw/pdbs/3lct.pdb,True,False,False,False,False,False
5401,4mkc,ALK,ALK,TK,Human,active,in,in,1,2.01,/Users/josefinadehan/tp_vision_avanzada/TPF_Vision_Avanzada/data/raw/pdbs/4mkc.pdb,True,False,False,False,False,False
5402,2yfx,ALK,ALK,TK,Human,active,in,in,1,1.7,/Users/josefinadehan/tp_vision_avanzada/TPF_Vision_Avanzada/data/raw/pdbs/2yfx.pdb,True,False,False,False,False,False
5404,4fod,ALK,ALK,TK,Human,active,in,in,1,2.0,/Users/josefinadehan/tp_vision_avanzada/TPF_Vision_Avanzada/data/raw/pdbs/4fod.pdb,True,False,False,False,False,False
5405,4cli,ALK,ALK,TK,Human,active,in,in,1,2.05,/Users/josefinadehan/tp_vision_avanzada/TPF_Vision_Avanzada/data/raw/pdbs/4cli.pdb,True,False,False,False,False,False
5407,4cd0,ALK,ALK,TK,Human,active,in,in,1,2.23,/Users/josefinadehan/tp_vision_avanzada/TPF_Vision_Avanzada/data/raw/pdbs/4cd0.pdb,True,False,False,False,False,False
5408,2xba,ALK,ALK,TK,Human,active,in,in,1,1.95,/Users/josefinadehan/tp_vision_avanzada/TPF_Vision_Avanzada/data/raw/pdbs/2xba.pdb,True,False,False,False,False,False
6392,4z55,ALK,ALK,TK,Human,active,in,in,1,1.55,/Users/josefinadehan/tp_vision_avanzada/TPF_Vision_Avanzada/data/raw/pdbs/4z55.pdb,True,False,False,False,False,False
6393,4z55,ALK,ALK,TK,Human,active,in,in,1,1.55,/Users/josefinadehan/tp_vision_avanzada/TPF_Vision_Avanzada/data/raw/pdbs/4z55.pdb,True,False,False,False,False,False
6518,5ftq,ALK,ALK,TK,Human,active,in,in,1,1.7,/Users/josefinadehan/tp_vision_avanzada/TPF_Vision_Avanzada/data/raw/pdbs/5ftq.pdb,True,False,False,False,False,False
6519,5ftq,ALK,ALK,TK,Human,active,in,in,1,1.7,/Users/josefinadehan/tp_vision_avanzada/TPF_Vision_Avanzada/data/raw/pdbs/5ftq.pdb,True,False,False,False,False,False
6520,5fto,ALK,ALK,TK,Human,active,in,in,1,2.22,/Users/josefinadehan/tp_vision_avanzada/TPF_Vision_Avanzada/data/raw/pdbs/5fto.pdb,True,False,False,False,False,False
6521,5fto,ALK,ALK,TK,Human,active,in,in,1,2.22,/Users/josefinadehan/tp_vision_avanzada/TPF_Vision_Avanzada/data/raw/pdbs/5fto.pdb,True,False,False,False,False,False
6604,5imx,ALK,ALK,TK,Human,active,in,in,1,2.12,/Users/josefinadehan/tp_vision_avanzada/TPF_Vision_Avanzada/data/raw/pdbs/5imx.pdb,True,False,False,False,False,False
6681,5aab,ALK,ALK,TK,Human,active,in,in,1,2.2,/Users/josefinadehan/tp_vision_avanzada/TPF_Vision_Avanzada/data/raw/pdbs/5aab.pdb,True,False,False,False,False,False
6682,5aa9,ALK,ALK,TK,Human,active,in,in,1,1.93,/Users/josefinadehan/tp_vision_avanzada/TPF_Vision_Avanzada/data/raw/pdbs/5aa9.pdb,True,False,False,False,False,False
6683,5aaa,ALK,ALK,TK,Human,active,in,in,1,1.73,/Users/josefinadehan/tp_vision_avanzada/TPF_Vision_Avanzada/data/raw/pdbs/5aaa.pdb,True,False,False,False,False,False
6638,5iuh,ALK,ALK,TK,Human,inactive,out,in,1,2.1,/Users/josefinadehan/tp_vision_avanzada/TPF_Vision_Avanzada/data/raw/pdbs/5iuh.pdb,False,False,False,False,True,False
6684,5aa8,ALK,ALK,TK,Human,active,in,in,1,1.86,/Users/josefinadehan/tp_vision_avanzada/TPF_Vision_Avanzada/data/raw/pdbs/5aa8.pdb,True,False,False,False,False,False
6685,5a9u,ALK,ALK,TK,Human,active,in,in,1,1.6,/Users/josefinadehan/tp_vision_avanzada/TPF_Vision_Avanzada/data/raw/pdbs/5a9u.pdb,True,False,False,False,False,False
6639,5iug,ALK,ALK,TK,Human,inactive,out,in,1,1.93,/Users/josefinadehan/tp_vision_avanzada/TPF_Vision_Avanzada/data/raw/pdbs/5iug.pdb,False,False,False,False,True,False
6686,5aac,ALK,ALK,TK,Human,active,in,in,1,1.7,/Users/josefinadehan/tp_vision_avanzada/TPF_Vision_Avanzada/data/raw/pdbs/5aac.pdb,True,False,False,False,False,False
6687,5aa9,ALK,ALK,TK,Human,active,in,in,1,1.93,/Users/josefinadehan/tp_vision_avanzada/TPF_Vision_Avanzada/data/raw/pdbs/5aa9.pdb,True,False,False,False,False,False
6640,5iug,ALK,ALK,TK,Human,inactive,out,in,1,1.93,/Users/josefinadehan/tp_vision_avanzada/TPF_Vision_Avanzada/data/raw/pdbs/5iug.pdb,False,False,False,False,True,False
6641,5iui,ALK,ALK,TK,Human,active,in,in,1,1.88,/Users/josefinadehan/tp_vision_avanzada/TPF_Vision_Avanzada/data/raw/pdbs/5iui.pdb,True,False,False,False,False,False
6688,5aa8,ALK,ALK,TK,Human,active,in,in,1,1.86,/Users/josefinadehan/tp_vision_avanzada/TPF_Vision_Avanzada/data/raw/pdbs/5aa8.pdb,True,False,False,False,False,False
6642,5iui,ALK,ALK,TK,Human,active,in,in,1,1.88,/Users/josefinadehan/tp_vision_avanzada/TPF_Vision_Avanzada/data/raw/pdbs/5iui.pdb,True,False,False,False,False,False
6689,5aab,ALK,ALK,TK,Human,active,in,in,1,2.2,/Users/josefinadehan/tp_vision_avanzada/TPF_Vision_Avanzada/data/raw/pdbs/5aab.pdb,True,False,False,False,False,False
6690,5aac,ALK,ALK,TK,Human,active,in,in,1,1.7,/Users/josefinadehan/tp_vision_avanzada/TPF_Vision_Avanzada/data/raw/pdbs/5aac.pdb,True,False,False,False,False,False
6691,5aaa,ALK,ALK,TK,Human,active,in,in,1,1.73,/Users/josefinadehan/tp_vision_avanzada/TPF_Vision_Avanzada/data/raw/pdbs/5aaa.pdb,True,False,False,False,False,False
6655,5j7h,ALK,ALK,TK,Human,active,in,in,1,1.96,/Users/josefinadehan/tp_vision_avanzada/TPF_Vision_Avanzada/data/raw/pdbs/5j7h.pdb,True,False,False,False,False,False
6656,5j7h,ALK,ALK,TK,Human,active,in,in,1,1.96,/Users/josefinadehan/tp_vision_avanzada/TPF_Vision_Avanzada/data/raw/pdbs/5j7h.pdb,True,False,False,False,False,False
6692,5a9u,ALK,ALK,TK,Human,active,in,in,1,1.6,/Users/josefinadehan/tp_vision_avanzada/TPF_Vision_Avanzada/data/raw/pdbs/5a9u.pdb,True,False,False,False,False,False
6970,5kz0,ALK,ALK,TK,Human,active,in,in,1,2.3,/Users/josefinadehan/tp_vision_avanzada/TPF_Vision_Avanzada/data/raw/pdbs/5kz0.pdb,True,False,False,False,False,False
10798,6mx8,ALK,ALK,TK,Human,active,in,in,1,1.96,/Users/josefinadehan/tp_vision_avanzada/TPF_Vision_Avanzada/data/raw/pdbs/6mx8.pdb,True,False,False,False,False,False
10799,6mx8,ALK,ALK,TK,Human,active,in,in,1,1.96,/Users/josefinadehan/tp_vision_avanzada/TPF_Vision_Avanzada/data/raw/pdbs/6mx8.pdb,True,False,False,False,False,False
11264,6ebw,ALK,ALK,TK,Human,active,in,in,1,2.45,/Users/josefinadehan/tp_vision_avanzada/TPF_Vision_Avanzada/data/raw/pdbs/6ebw.pdb,True,False,False,False,False,False
11265,6edl,ALK,ALK,TK,Human,active,in,in,1,2.8,/Users/josefinadehan/tp_vision_avanzada/TPF_Vision_Avanzada/data/raw/pdbs/6edl.pdb,True,False,False,False,False,False
11266,6e0r,ALK,ALK,TK,Human,active,in,in,1,2.3,/Users/josefinadehan/tp_vision_avanzada/TPF_Vision_Avanzada/data/raw/pdbs/6e0r.pdb,True,False,False,False,False,False
11267,6edl,ALK,ALK,TK,Human,active,in,in,1,2.8,/Users/josefinadehan/tp_vision_avanzada/TPF_Vision_Avanzada/data/raw/pdbs/6edl.pdb,True,False,False,False,False,False
11268,6e0r,ALK,ALK,TK,Human,active,in,in,1,2.3,/Users/josefinadehan/tp_vision_avanzada/TPF_Vision_Avanzada/data/raw/pdbs/6e0r.pdb,True,False,False,False,False,False
11269,6ebw,ALK,ALK,TK,Human,active,in,in,1,2.45,/Users/josefinadehan/tp_vision_avanzada/TPF_Vision_Avanzada/data/raw/pdbs/6ebw.pdb,True,False,False,False,False,False
13238,7jyt,ALK,ALK,TK,Human,active,in,in,1,2.0,/Users/josefinadehan/tp_vision_avanzada/TPF_Vision_Avanzada/data/raw/pdbs/7jyt.pdb,True,False,False,False,False,False
13239,7jys,ALK,ALK,TK,Human,active,in,in,1,2.22,/Users/josefinadehan/tp_vision_avanzada/TPF_Vision_Avanzada/data/raw/pdbs/7jys.pdb,True,False,False,False,False,False
13240,7jy4,ALK,ALK,TK,Human,active,in,in,1,2.42,/Users/josefinadehan/tp_vision_avanzada/TPF_Vision_Avanzada/data/raw/pdbs/7jy4.pdb,True,False,False,False,False,False
13241,7jyr,ALK,ALK,TK,Human,active,in,in,1,2.32,/Users/josefinadehan/tp_vision_avanzada/TPF_Vision_Avanzada/data/raw/pdbs/7jyr.pdb,True,False,False,False,False,False
13242,7jyt,ALK,ALK,TK,Human,active,in,in,1,2.0,/Users/josefinadehan/tp_vision_avanzada/TPF_Vision_Avanzada/data/raw/pdbs/7jyt.pdb,True,False,False,False,False,False
13243,7jyr,ALK,ALK,TK,Human,active,in,in,1,2.32,/Users/josefinadehan/tp_vision_avanzada/TPF_Vision_Avanzada/data/raw/pdbs/7jyr.pdb,True,False,False,False,False,False
13244,7jys,ALK,ALK,TK,Human,active,in,in,1,2.22,/Users/josefinadehan/tp_vision_avanzada/TPF_Vision_Avanzada/data/raw/pdbs/7jys.pdb,True,False,False,False,False,False
13483,7btt,ALK,ALK,TK,Human,active,in,in,1,1.86,/Users/josefinadehan/tp_vision_avanzada/TPF_Vision_Avanzada/data/raw/pdbs/7btt.pdb,True,False,False,False,False,False
13484,7btt,ALK,ALK,TK,Human,active,in,in,1,1.86,/Users/josefinadehan/tp_vision_avanzada/TPF_Vision_Avanzada/data/raw/pdbs/7btt.pdb,True,False,False,False,False,False
14266,7r7r,ALK,ALK,TK,Human,active,in,in,1,1.935,/Users/josefinadehan/tp_vision_avanzada/TPF_Vision_Avanzada/data/raw/pdbs/7r7r.pdb,True,False,False,False,False,False
14267,7r7k,ALK,ALK,TK,Human,active,in,in,1,1.831,/Users/josefinadehan/tp_vision_avanzada/TPF_Vision_Avanzada/data/raw/pdbs/7r7k.pdb,True,False,False,False,False,False
14366,8arj,ALK,ALK,TK,Human,active,in,in,1,1.645,/Users/josefinadehan/tp_vision_avanzada/TPF_Vision_Avanzada/data/raw/pdbs/8arj.pdb,True,False,False,False,False,False
14367,8arj,ALK,ALK,TK,Human,active,in,in,1,1.645,/Users/josefinadehan/tp_vision_avanzada/TPF_Vision_Avanzada/data/raw/pdbs/8arj.pdb,True,False,False,False,False,False
5403,4fnw,ALK,ALK,TK,Human,active,in,in,0,1.75,/Users/josefinadehan/tp_vision_avanzada/TPF_Vision_Avanzada/data/raw/pdbs/4fnw.pdb,True,False,False,False,False,False
5399,2yjr,ALK,ALK,TK,Human,active,in,in,0,1.9,/Users/josefinadehan/tp_vision_avanzada/TPF_Vision_Avanzada/data/raw/pdbs/2yjr.pdb,True,False,False,False,False,False
11263,6cdt,ALK,ALK,TK,Human,active,in,in,0,1.8,/Users/josefinadehan/tp_vision_avanzada/TPF_Vision_Avanzada/data/raw/pdbs/6cdt.pdb,True,False,False,False,False,False
5384,2yhv,ALK,ALK,TK,Human,active,in,in,0,1.9,/Users/josefinadehan/tp_vision_avanzada/TPF_Vision_Avanzada/data/raw/pdbs/2yhv.pdb,True,False,False,False,False,False
5406,4tt7,ALK,ALK,TK,Human,active,in,in,1,2.1,/Users/josefinadehan/tp_vision_avanzada/TPF_Vision_Avanzada/data/raw/pdbs/4tt7.pdb,True,False,False,False,False,False
5382,4tt7,ALK,ALK,TK,Human,active,in,in,1,2.1,/Users/josefinadehan/tp_vision_avanzada/TPF_Vision_Avanzada/data/raw/pdbs/4tt7.pdb,True,False,False,False,False,False
5366,4fnx,ALK,ALK,TK,Human,active,in,in,0,1.7,/Users/josefinadehan/tp_vision_avanzada/TPF_Vision_Avanzada/data/raw/pdbs/4fnx.pdb,True,False,False,False,False,False
5375,3l9p,ALK,ALK,TK,Human,active,in,in,0,1.8,/Users/josefinadehan/tp_vision_avanzada/TPF_Vision_Avanzada/data/raw/pdbs/3l9p.pdb,True,False,False,False,False,False
5363,3l9p,ALK,ALK,TK,Human,active,in,in,0,1.8,/Users/josefinadehan/tp_vision_avanzada/TPF_Vision_Avanzada/data/raw/pdbs/3l9p.pdb,True,False,False,False,False,False
5373,2yjs,ALK,ALK,TK,Human,active,in,in,0,1.9,/Users/josefinadehan/tp_vision_avanzada/TPF_Vision_Avanzada/data/raw/pdbs/2yjs.pdb,True,False,False,False,False,False
5380,2yjr,ALK,ALK,TK,Human,active,in,in,0,1.9,/Users/josefinadehan/tp_vision_avanzada/TPF_Vision_Avanzada/data/raw/pdbs/2yjr.pdb,True,False,False,False,False,False
5385,4anl,ALK,ALK,TK,Human,active,in,in,0,1.7,/Users/josefinadehan/tp_vision_avanzada/TPF_Vision_Avanzada/data/raw/pdbs/4anl.pdb,True,False,False,False,False,False
3050,4jvg,BRAF,RAF,TKL,Human,inactive,out,in,1,3.09,/Users/josefinadehan/tp_vision_avanzada/TPF_Vision_Avanzada/data/raw/pdbs/4jvg.pdb,False,False,False,False,True,False
3051,4e4x,BRAF,RAF,TKL,Human,inactive,in,out,1,3.6,/Users/josefinadehan/tp_vision_avanzada/TPF_Vision_Avanzada/data/raw/pdbs/4e4x.pdb,False,False,False,True,False,False
3052,4dbn,BRAF,RAF,TKL,Human,inactive,out,in,1,3.15,/Users/josefinadehan/tp_vision_avanzada/TPF_Vision_Avanzada/data/raw/pdbs/4dbn.pdb,False,False,False,False,True,False
3126,4pp7,BRAF,RAF,TKL,Human,inactive,in,out,1,3.4,/Users/josefinadehan/tp_vision_avanzada/TPF_Vision_Avanzada/data/raw/pdbs/4pp7.pdb,False,False,False,True,False,False
3095,3d4q,BRAF,RAF,TKL,Human,active,in,in,1,2.8,/Users/josefinadehan/tp_vision_avanzada/TPF_Vision_Avanzada/data/raw/pdbs/3d4q.pdb,True,False,False,False,False,False
3079,4wo5,BRAF,RAF,TKL,Human,inactive,in,out,1,2.83,/Users/josefinadehan/tp_vision_avanzada/TPF_Vision_Avanzada/data/raw/pdbs/4wo5.pdb,False,False,False,True,False,False
3054,3tv4,BRAF,RAF,TKL,Human,inactive,in,out,1,3.4,/Users/josefinadehan/tp_vision_avanzada/TPF_Vision_Avanzada/data/raw/pdbs/3tv4.pdb,False,False,False,True,False,False
3096,4mnf,BRAF,RAF,TKL,Human,active,in,in,1,2.8,/Users/josefinadehan/tp_vision_avanzada/TPF_Vision_Avanzada/data/raw/pdbs/4mnf.pdb,True,False,False,False,False,False
3055,4ksq,BRAF,RAF,TKL,Human,inactive,out,in,1,3.3,/Users/josefinadehan/tp_vision_avanzada/TPF_Vision_Avanzada/data/raw/pdbs/4ksq.pdb,False,False,False,False,True,False
3134,4jvg,BRAF,RAF,TKL,Human,inactive,out,in,1,3.09,/Users/josefinadehan/tp_vision_avanzada/TPF_Vision_Avanzada/data/raw/pdbs/4jvg.pdb,False,False,False,False,True,False
3098,4mnf,BRAF,RAF,TKL,Human,active,in,in,1,2.8,/Users/josefinadehan/tp_vision_avanzada/TPF_Vision_Avanzada/data/raw/pdbs/4mnf.pdb,True,False,False,False,False,False
3080,3tv6,BRAF,RAF,TKL,Human,inactive,in,out,1,3.3,/Users/josefinadehan/tp_vision_avanzada/TPF_Vision_Avanzada/data/raw/pdbs/3tv6.pdb,False,False,False,True,False,False
3057,4mbj,BRAF,RAF,TKL,Human,inactive,in,out,1,3.6,/Users/josefinadehan/tp_vision_avanzada/TPF_Vision_Avanzada/data/raw/pdbs/4mbj.pdb,False,False,False,True,False,False
3113,3og7,BRAF,RAF,TKL,Human,inactive,in,out,1,2.45,/Users/josefinadehan/tp_vision_avanzada/TPF_Vision_Avanzada/data/raw/pdbs/3og7.pdb,False,False,False,True,False,False
3081,4ksp,BRAF,RAF,TKL,Human,inactive,out,in,1,2.93,/Users/josefinadehan/tp_vision_avanzada/TPF_Vision_Avanzada/data/raw/pdbs/4ksp.pdb,False,False,False,False,True,False
3059,4jvg,BRAF,RAF,TKL,Human,inactive,out,in,1,3.09,/Users/josefinadehan/tp_vision_avanzada/TPF_Vision_Avanzada/data/raw/pdbs/4jvg.pdb,False,False,False,False,True,False
3143,4wo5,BRAF,RAF,TKL,Human,inactive,in,out,1,2.83,/Users/josefinadehan/tp_vision_avanzada/TPF_Vision_Avanzada/data/raw/pdbs/4wo5.pdb,False,False,False,True,False,False
3060,3d4q,BRAF,RAF,TKL,Human,active,in,in,1,2.8,/Users/josefinadehan/tp_vision_avanzada/TPF_Vision_Avanzada/data/raw/pdbs/3d4q.pdb,True,False,False,False,False,False
3127,1uwh,BRAF,RAF,TKL,Human,inactive,out,in,1,2.95,/Users/josefinadehan/tp_vision_avanzada/TPF_Vision_Avanzada/data/raw/pdbs/1uwh.pdb,False,False,False,False,True,False
3062,2fb8,BRAF,RAF,TKL,Human,active,in,in,1,2.9,/Users/josefinadehan/tp_vision_avanzada/TPF_Vision_Avanzada/data/raw/pdbs/2fb8.pdb,True,False,False,False,False,False
3100,3skc,BRAF,RAF,TKL,Human,inactive,in,out,1,3.2,/Users/josefinadehan/tp_vision_avanzada/TPF_Vision_Avanzada/data/raw/pdbs/3skc.pdb,False,False,False,True,False,False
3063,3c4c,BRAF,RAF,TKL,Human,inactive,out-like,in,1,2.57,/Users/josefinadehan/tp_vision_avanzada/TPF_Vision_Avanzada/data/raw/pdbs/3c4c.pdb,False,False,False,False,True,False
3082,4ehe,BRAF,RAF,TKL,Human,inactive,in,out,1,3.3,/Users/josefinadehan/tp_vision_avanzada/TPF_Vision_Avanzada/data/raw/pdbs/4ehe.pdb,False,False,False,True,False,False
3083,3psd,BRAF,RAF,TKL,Human,active,in,in,1,3.6,/Users/josefinadehan/tp_vision_avanzada/TPF_Vision_Avanzada/data/raw/pdbs/3psd.pdb,True,False,False,False,False,False
3064,4ehg,BRAF,RAF,TKL,Human,inactive,in,out,1,3.5,/Users/josefinadehan/tp_vision_avanzada/TPF_Vision_Avanzada/data/raw/pdbs/4ehg.pdb,False,False,False,True,False,False
3115,3c4c,BRAF,RAF,TKL,Human,inactive,in,out,1,2.57,/Users/josefinadehan/tp_vision_avanzada/TPF_Vision_Avanzada/data/raw/pdbs/3c4c.pdb,False,False,False,True,False,False
3101,4g9r,BRAF,RAF,TKL,Human,inactive,out,in,1,3.2,/Users/josefinadehan/tp_vision_avanzada/TPF_Vision_Avanzada/data/raw/pdbs/4g9r.pdb,False,False,False,False,True,False
3065,4ksq,BRAF,RAF,TKL,Human,inactive,out,in,1,3.3,/Users/josefinadehan/tp_vision_avanzada/TPF_Vision_Avanzada/data/raw/pdbs/4ksq.pdb,False,False,False,False,True,False
3102,4e26,BRAF,RAF,TKL,Human,active,in,in,1,2.55,/Users/josefinadehan/tp_vision_avanzada/TPF_Vision_Avanzada/data/raw/pdbs/4e26.pdb,True,False,False,False,False,False
3084,4g9c,BRAF,RAF,TKL,Human,inactive,out,in,1,3.5,/Users/josefinadehan/tp_vision_avanzada/TPF_Vision_Avanzada/data/raw/pdbs/4g9c.pdb,False,False,False,False,True,False
3066,4ksp,BRAF,RAF,TKL,Human,inactive,out,in,1,2.93,/Users/josefinadehan/tp_vision_avanzada/TPF_Vision_Avanzada/data/raw/pdbs/4ksp.pdb,False,False,False,False,True,False
3103,3pri,BRAF,RAF,TKL,Human,active,in,in,1,3.5,/Users/josefinadehan/tp_vision_avanzada/TPF_Vision_Avanzada/data/raw/pdbs/3pri.pdb,True,False,False,False,False,False
3135,1uwj,BRAF,RAF,TKL,Human,inactive,out,in,1,3.5,/Users/josefinadehan/tp_vision_avanzada/TPF_Vision_Avanzada/data/raw/pdbs/1uwj.pdb,False,False,False,False,True,False
3067,4g9c,BRAF,RAF,TKL,Human,inactive,out,in,1,3.5,/Users/josefinadehan/tp_vision_avanzada/TPF_Vision_Avanzada/data/raw/pdbs/4g9c.pdb,False,False,False,False,True,False
3128,3skc,BRAF,RAF,TKL,Human,inactive,in,out,1,3.2,/Users/josefinadehan/tp_vision_avanzada/TPF_Vision_Avanzada/data/raw/pdbs/3skc.pdb,False,False,False,True,False,False
3085,4jvg,BRAF,RAF,TKL,Human,inactive,out,in,1,3.09,/Users/josefinadehan/tp_vision_avanzada/TPF_Vision_Avanzada/data/raw/pdbs/4jvg.pdb,False,False,False,False,True,False
3069,4fc0,BRAF,RAF,TKL,Human,inactive,out,in,1,2.95,/Users/josefinadehan/tp_vision_avanzada/TPF_Vision_Avanzada/data/raw/pdbs/4fc0.pdb,False,False,False,False,True,False
3116,3ii5,BRAF,RAF,TKL,Human,inactive,out,in,1,2.79,/Users/josefinadehan/tp_vision_avanzada/TPF_Vision_Avanzada/data/raw/pdbs/3ii5.pdb,False,False,False,False,True,False
3086,2fb8,BRAF,RAF,TKL,Human,active,in,in,1,2.9,/Users/josefinadehan/tp_vision_avanzada/TPF_Vision_Avanzada/data/raw/pdbs/2fb8.pdb,True,False,False,False,False,False
3070,4dbn,BRAF,RAF,TKL,Human,inactive,out,in,1,3.15,/Users/josefinadehan/tp_vision_avanzada/TPF_Vision_Avanzada/data/raw/pdbs/4dbn.pdb,False,False,False,False,True,False
3104,4e4x,BRAF,RAF,TKL,Human,inactive,in,out,1,3.6,/Users/josefinadehan/tp_vision_avanzada/TPF_Vision_Avanzada/data/raw/pdbs/4e4x.pdb,False,False,False,True,False,False
3087,3ppj,BRAF,RAF,TKL,Human,active,in,in,1,3.7,/Users/josefinadehan/tp_vision_avanzada/TPF_Vision_Avanzada/data/raw/pdbs/3ppj.pdb,True,False,False,False,False,False
3072,3q96,BRAF,RAF,TKL,Human,inactive,out,in,1,3.1,/Users/josefinadehan/tp_vision_avanzada/TPF_Vision_Avanzada/data/raw/pdbs/3q96.pdb,False,False,False,False,True,False
3129,3prf,BRAF,RAF,TKL,Human,active,in,in,1,2.9,/Users/josefinadehan/tp_vision_avanzada/TPF_Vision_Avanzada/data/raw/pdbs/3prf.pdb,True,False,False,False,False,False
3088,4cqe,BRAF,RAF,TKL,Human,inactive,in,out,1,2.3,/Users/josefinadehan/tp_vision_avanzada/TPF_Vision_Avanzada/data/raw/pdbs/4cqe.pdb,False,False,False,True,False,False
3074,5c9c,BRAF,RAF,TKL,Human,inactive,out,in,1,2.7,/Users/josefinadehan/tp_vision_avanzada/TPF_Vision_Avanzada/data/raw/pdbs/5c9c.pdb,False,False,False,False,True,False
3105,1uwj,BRAF,RAF,TKL,Human,inactive,out,in,1,3.5,/Users/josefinadehan/tp_vision_avanzada/TPF_Vision_Avanzada/data/raw/pdbs/1uwj.pdb,False,False,False,False,True,False
3106,3ppk,BRAF,RAF,TKL,Human,active,in,in,1,3.0,/Users/josefinadehan/tp_vision_avanzada/TPF_Vision_Avanzada/data/raw/pdbs/3ppk.pdb,True,False,False,False,False,False
3076,3ii5,BRAF,RAF,TKL,Human,inactive,out,in,1,2.79,/Users/josefinadehan/tp_vision_avanzada/TPF_Vision_Avanzada/data/raw/pdbs/3ii5.pdb,False,False,False,False,True,False
3118,4fk3,BRAF,RAF,TKL,Human,inactive,in,out,1,2.65,/Users/josefinadehan/tp_vision_avanzada/TPF_Vision_Avanzada/data/raw/pdbs/4fk3.pdb,False,False,False,True,False,False
3089,3q96,BRAF,RAF,TKL,Human,inactive,out,in,1,3.1,/Users/josefinadehan/tp_vision_avanzada/TPF_Vision_Avanzada/data/raw/pdbs/3q96.pdb,False,False,False,False,True,False
3077,3idp,BRAF,RAF,TKL,Human,inactive,out,in,1,2.7,/Users/josefinadehan/tp_vision_avanzada/TPF_Vision_Avanzada/data/raw/pdbs/3idp.pdb,False,False,False,False,True,False
3107,4cqe,BRAF,RAF,TKL,Human,inactive,in,out,1,2.3,/Users/josefinadehan/tp_vision_avanzada/TPF_Vision_Avanzada/data/raw/pdbs/4cqe.pdb,False,False,False,True,False,False
3108,4e26,BRAF,RAF,TKL,Human,active,in,in,1,2.55,/Users/josefinadehan/tp_vision_avanzada/TPF_Vision_Avanzada/data/raw/pdbs/4e26.pdb,True,False,False,False,False,False
3078,4ehg,BRAF,RAF,TKL,Human,inactive,in,out,1,3.5,/Users/josefinadehan/tp_vision_avanzada/TPF_Vision_Avanzada/data/raw/pdbs/4ehg.pdb,False,False,False,True,False,False
3090,4mbj,BRAF,RAF,TKL,Human,inactive,in,out,1,3.6,/Users/josefinadehan/tp_vision_avanzada/TPF_Vision_Avanzada/data/raw/pdbs/4mbj.pdb,False,False,False,True,False,False
3091,3ppj,BRAF,RAF,TKL,Human,active,in,in,1,3.7,/Users/josefinadehan/tp_vision_avanzada/TPF_Vision_Avanzada/data/raw/pdbs/3ppj.pdb,True,False,False,False,False,False
3092,3ppk,BRAF,RAF,TKL,Human,active,in,in,1,3.0,/Users/josefinadehan/tp_vision_avanzada/TPF_Vision_Avanzada/data/raw/pdbs/3ppk.pdb,True,False,False,False,False,False
3119,5c9c,BRAF,RAF,TKL,Human,inactive,out,in,1,2.7,/Users/josefinadehan/tp_vision_avanzada/TPF_Vision_Avanzada/data/raw/pdbs/5c9c.pdb,False,False,False,False,True,False
3093,3pri,BRAF,RAF,TKL,Human,active,in,in,1,3.5,/Users/josefinadehan/tp_vision_avanzada/TPF_Vision_Avanzada/data/raw/pdbs/3pri.pdb,True,False,False,False,False,False
3109,1uwh,BRAF,RAF,TKL,Human,inactive,out,in,1,2.95,/Users/josefinadehan/tp_vision_avanzada/TPF_Vision_Avanzada/data/raw/pdbs/1uwh.pdb,False,False,False,False,True,False
3136,3tv6,BRAF,RAF,TKL,Human,inactive,in,out,1,3.3,/Users/josefinadehan/tp_vision_avanzada/TPF_Vision_Avanzada/data/raw/pdbs/3tv6.pdb,False,False,False,True,False,False
3110,4h58,BRAF,RAF,TKL,Human,active,in,in,1,3.1,/Users/josefinadehan/tp_vision_avanzada/TPF_Vision_Avanzada/data/raw/pdbs/4h58.pdb,True,False,False,False,False,False
3094,4pp7,BRAF,RAF,TKL,Human,inactive,in,out,1,3.4,/Users/josefinadehan/tp_vision_avanzada/TPF_Vision_Avanzada/data/raw/pdbs/4pp7.pdb,False,False,False,True,False,False
3130,4g9r,BRAF,RAF,TKL,Human,inactive,out,in,1,3.2,/Users/josefinadehan/tp_vision_avanzada/TPF_Vision_Avanzada/data/raw/pdbs/4g9r.pdb,False,False,False,False,True,False
3111,3psb,BRAF,RAF,TKL,Human,active,in,in,1,3.4,/Users/josefinadehan/tp_vision_avanzada/TPF_Vision_Avanzada/data/raw/pdbs/3psb.pdb,True,False,False,False,False,False
3121,3idp,BRAF,RAF,TKL,Human,inactive,out,in,1,2.7,/Users/josefinadehan/tp_vision_avanzada/TPF_Vision_Avanzada/data/raw/pdbs/3idp.pdb,False,False,False,False,True,False
3137,4h58,BRAF,RAF,TKL,Human,active,in,in,1,3.1,/Users/josefinadehan/tp_vision_avanzada/TPF_Vision_Avanzada/data/raw/pdbs/4h58.pdb,True,False,False,False,False,False
3112,4ehe,BRAF,RAF,TKL,Human,inactive,in,out,1,3.3,/Users/josefinadehan/tp_vision_avanzada/TPF_Vision_Avanzada/data/raw/pdbs/4ehe.pdb,False,False,False,True,False,False
3123,5c9c,BRAF,RAF,TKL,Human,inactive,out,in,1,2.7,/Users/josefinadehan/tp_vision_avanzada/TPF_Vision_Avanzada/data/raw/pdbs/5c9c.pdb,False,False,False,False,True,False
3131,4fc0,BRAF,RAF,TKL,Human,inactive,out,in,1,2.95,/Users/josefinadehan/tp_vision_avanzada/TPF_Vision_Avanzada/data/raw/pdbs/4fc0.pdb,False,False,False,False,True,False
3124,4mnf,BRAF,RAF,TKL,Human,active,in,in,1,2.8,/Users/josefinadehan/tp_vision_avanzada/TPF_Vision_Avanzada/data/raw/pdbs/4mnf.pdb,True,False,False,False,False,False
3125,3psb,BRAF,RAF,TKL,Human,active,in,in,1,3.4,/Users/josefinadehan/tp_vision_avanzada/TPF_Vision_Avanzada/data/raw/pdbs/3psb.pdb,True,False,False,False,False,False
3138,5c9c,BRAF,RAF,TKL,Human,inactive,out,in,1,2.7,/Users/josefinadehan/tp_vision_avanzada/TPF_Vision_Avanzada/data/raw/pdbs/5c9c.pdb,False,False,False,False,True,False
3139,3prf,BRAF,RAF,TKL,Human,active,in,in,1,2.9,/Users/josefinadehan/tp_vision_avanzada/TPF_Vision_Avanzada/data/raw/pdbs/3prf.pdb,True,False,False,False,False,False
3133,3tv4,BRAF,RAF,TKL,Human,inactive,in,out,1,3.4,/Users/josefinadehan/tp_vision_avanzada/TPF_Vision_Avanzada/data/raw/pdbs/3tv4.pdb,False,False,False,True,False,False
3141,4mnf,BRAF,RAF,TKL,Human,active,in,in,1,2.8,/Users/josefinadehan/tp_vision_avanzada/TPF_Vision_Avanzada/data/raw/pdbs/4mnf.pdb,True,False,False,False,False,False
3142,3psd,BRAF,RAF,TKL,Human,active,in,in,1,3.6,/Users/josefinadehan/tp_vision_avanzada/TPF_Vision_Avanzada/data/raw/pdbs/3psd.pdb,True,False,False,False,False,False
6032,5ct7,BRAF,RAF,TKL,Human,inactive,out,in,1,3.17,/Users/josefinadehan/tp_vision_avanzada/TPF_Vision_Avanzada/data/raw/pdbs/5ct7.pdb,False,False,False,False,True,False
6033,5ct7,BRAF,RAF,TKL,Human,inactive,out,in,1,3.17,/Users/josefinadehan/tp_vision_avanzada/TPF_Vision_Avanzada/data/raw/pdbs/5ct7.pdb,False,False,False,False,True,False
6213,4xv2,BRAF,RAF,TKL,Human,inactive,in,out,1,2.5,/Users/josefinadehan/tp_vision_avanzada/TPF_Vision_Avanzada/data/raw/pdbs/4xv2.pdb,False,False,False,True,False,False
6214,4xv1,BRAF,RAF,TKL,Human,inactive,in,out,1,2.47,/Users/josefinadehan/tp_vision_avanzada/TPF_Vision_Avanzada/data/raw/pdbs/4xv1.pdb,False,False,False,True,False,False
6215,4xv9,BRAF,RAF,TKL,Human,inactive,out,out,1,2.0,/Users/josefinadehan/tp_vision_avanzada/TPF_Vision_Avanzada/data/raw/pdbs/4xv9.pdb,False,False,False,False,False,False
6217,4xv3,BRAF,RAF,TKL,Human,inactive,in,out,1,2.8,/Users/josefinadehan/tp_vision_avanzada/TPF_Vision_Avanzada/data/raw/pdbs/4xv3.pdb,False,False,False,True,False,False
6219,4xv2,BRAF,RAF,TKL,Human,inactive,in,out,1,2.5,/Users/josefinadehan/tp_vision_avanzada/TPF_Vision_Avanzada/data/raw/pdbs/4xv2.pdb,False,False,False,True,False,False
6220,4xv9,BRAF,RAF,TKL,Human,inactive,out,out,1,2.0,/Users/josefinadehan/tp_vision_avanzada/TPF_Vision_Avanzada/data/raw/pdbs/4xv9.pdb,False,False,False,False,False,False
6413,4r5y,BRAF,RAF,TKL,Human,inactive,out,in,1,3.5,/Users/josefinadehan/tp_vision_avanzada/TPF_Vision_Avanzada/data/raw/pdbs/4r5y.pdb,False,False,False,False,True,False
6414,4r5y,BRAF,RAF,TKL,Human,inactive,out,in,1,3.5,/Users/josefinadehan/tp_vision_avanzada/TPF_Vision_Avanzada/data/raw/pdbs/4r5y.pdb,False,False,False,False,True,False
6431,5csw,BRAF,RAF,TKL,Human,inactive,in,out,1,2.66,/Users/josefinadehan/tp_vision_avanzada/TPF_Vision_Avanzada/data/raw/pdbs/5csw.pdb,False,False,False,True,False,False
6433,5csw,BRAF,RAF,TKL,Human,inactive,in,out,1,2.66,/Users/josefinadehan/tp_vision_avanzada/TPF_Vision_Avanzada/data/raw/pdbs/5csw.pdb,False,False,False,True,False,False
6432,5csx,BRAF,RAF,TKL,Human,inactive,out,out,1,2.51,/Users/josefinadehan/tp_vision_avanzada/TPF_Vision_Avanzada/data/raw/pdbs/5csx.pdb,False,False,False,False,False,False
6442,4yht,BRAF,RAF,TKL,Human,active,in,in,1,3.05,/Users/josefinadehan/tp_vision_avanzada/TPF_Vision_Avanzada/data/raw/pdbs/4yht.pdb,True,False,False,False,False,False
6443,4yht,BRAF,RAF,TKL,Human,active,in,in,1,3.05,/Users/josefinadehan/tp_vision_avanzada/TPF_Vision_Avanzada/data/raw/pdbs/4yht.pdb,True,False,False,False,False,False
6513,5hie,BRAF,RAF,TKL,Human,inactive,in,out,1,3.0,/Users/josefinadehan/tp_vision_avanzada/TPF_Vision_Avanzada/data/raw/pdbs/5hie.pdb,False,False,False,True,False,False
6514,5hie,BRAF,RAF,TKL,Human,inactive,in,out,1,3.0,/Users/josefinadehan/tp_vision_avanzada/TPF_Vision_Avanzada/data/raw/pdbs/5hie.pdb,False,False,False,True,False,False
6515,5hi2,BRAF,RAF,TKL,Human,inactive,out,in,1,2.51,/Users/josefinadehan/tp_vision_avanzada/TPF_Vision_Avanzada/data/raw/pdbs/5hi2.pdb,False,False,False,False,True,False
6516,5hie,BRAF,RAF,TKL,Human,inactive,in,out,1,3.0,/Users/josefinadehan/tp_vision_avanzada/TPF_Vision_Avanzada/data/raw/pdbs/5hie.pdb,False,False,False,True,False,False
6517,5hid,BRAF,RAF,TKL,Human,inactive,out,in,1,2.5,/Users/josefinadehan/tp_vision_avanzada/TPF_Vision_Avanzada/data/raw/pdbs/5hid.pdb,False,False,False,False,True,False
6505,5hie,BRAF,RAF,TKL,Human,inactive,in,out,1,3.0,/Users/josefinadehan/tp_vision_avanzada/TPF_Vision_Avanzada/data/raw/pdbs/5hie.pdb,False,False,False,True,False,False
6506,5hid,BRAF,RAF,TKL,Human,inactive,out,in,1,2.5,/Users/josefinadehan/tp_vision_avanzada/TPF_Vision_Avanzada/data/raw/pdbs/5hid.pdb,False,False,False,False,True,False
6507,5hie,BRAF,RAF,TKL,Human,inactive,in,out,1,3.0,/Users/josefinadehan/tp_vision_avanzada/TPF_Vision_Avanzada/data/raw/pdbs/5hie.pdb,False,False,False,True,False,False
6508,5hie,BRAF,RAF,TKL,Human,inactive,in,out,1,3.0,/Users/josefinadehan/tp_vision_avanzada/TPF_Vision_Avanzada/data/raw/pdbs/5hie.pdb,False,False,False,True,False,False
6509,5hie,BRAF,RAF,TKL,Human,inactive,in,out,1,3.0,/Users/josefinadehan/tp_vision_avanzada/TPF_Vision_Avanzada/data/raw/pdbs/5hie.pdb,False,False,False,True,False,False
6510,5hie,BRAF,RAF,TKL,Human,inactive,in,out,1,3.0,/Users/josefinadehan/tp_vision_avanzada/TPF_Vision_Avanzada/data/raw/pdbs/5hie.pdb,False,False,False,True,False,False
6511,5hid,BRAF,RAF,TKL,Human,inactive,out,in,1,2.5,/Users/josefinadehan/tp_vision_avanzada/TPF_Vision_Avanzada/data/raw/pdbs/5hid.pdb,False,False,False,False,True,False
6512,5hid,BRAF,RAF,TKL,Human,inactive,out,in,1,2.5,/Users/josefinadehan/tp_vision_avanzada/TPF_Vision_Avanzada/data/raw/pdbs/5hid.pdb,False,False,False,False,True,False
6602,5fd2,BRAF,RAF,TKL,Human,inactive,in,out,1,2.89,/Users/josefinadehan/tp_vision_avanzada/TPF_Vision_Avanzada/data/raw/pdbs/5fd2.pdb,False,False,False,True,False,False
6603,5fd2,BRAF,RAF,TKL,Human,inactive,in,out,1,2.89,/Users/josefinadehan/tp_vision_avanzada/TPF_Vision_Avanzada/data/raw/pdbs/5fd2.pdb,False,False,False,True,False,False
7062,5jsm,BRAF,RAF,TKL,Human,inactive,in,out,1,2.19,/Users/josefinadehan/tp_vision_avanzada/TPF_Vision_Avanzada/data/raw/pdbs/5jsm.pdb,False,False,False,True,False,False
7054,5jrq,BRAF,RAF,TKL,Human,inactive,in,out,1,2.29,/Users/josefinadehan/tp_vision_avanzada/TPF_Vision_Avanzada/data/raw/pdbs/5jrq.pdb,False,False,False,True,False,False
6939,4rzw,BRAF,RAF,TKL,Human,inactive,out,out,1,3.49,/Users/josefinadehan/tp_vision_avanzada/TPF_Vision_Avanzada/data/raw/pdbs/4rzw.pdb,False,False,False,False,False,False
6940,5ita,BRAF,RAF,TKL,Human,inactive,in,out,1,1.95,/Users/josefinadehan/tp_vision_avanzada/TPF_Vision_Avanzada/data/raw/pdbs/5ita.pdb,False,False,False,True,False,False
6941,4rzv,BRAF,RAF,TKL,Human,inactive,in,out,1,2.99,/Users/josefinadehan/tp_vision_avanzada/TPF_Vision_Avanzada/data/raw/pdbs/4rzv.pdb,False,False,False,True,False,False
6942,4rzw,BRAF,RAF,TKL,Human,inactive,out,in,1,3.49,/Users/josefinadehan/tp_vision_avanzada/TPF_Vision_Avanzada/data/raw/pdbs/4rzw.pdb,False,False,False,False,True,False
6943,5ita,BRAF,RAF,TKL,Human,inactive,in,out,1,1.95,/Users/josefinadehan/tp_vision_avanzada/TPF_Vision_Avanzada/data/raw/pdbs/5ita.pdb,False,False,False,True,False,False
6944,4rzv,BRAF,RAF,TKL,Human,inactive,in,out,1,2.99,/Users/josefinadehan/tp_vision_avanzada/TPF_Vision_Avanzada/data/raw/pdbs/4rzv.pdb,False,False,False,True,False,False
7065,5jt2,BRAF,RAF,TKL,Human,inactive,in,out,1,2.7,/Users/josefinadehan/tp_vision_avanzada/TPF_Vision_Avanzada/data/raw/pdbs/5jt2.pdb,False,False,False,True,False,False
7063,5jsm,BRAF,RAF,TKL,Human,inactive,in,out,1,2.19,/Users/josefinadehan/tp_vision_avanzada/TPF_Vision_Avanzada/data/raw/pdbs/5jsm.pdb,False,False,False,True,False,False
7060,5jsm,BRAF,RAF,TKL,Human,inactive,in,out,1,2.19,/Users/josefinadehan/tp_vision_avanzada/TPF_Vision_Avanzada/data/raw/pdbs/5jsm.pdb,False,False,False,True,False,False
7059,5jsm,BRAF,RAF,TKL,Human,inactive,in,out,1,2.19,/Users/josefinadehan/tp_vision_avanzada/TPF_Vision_Avanzada/data/raw/pdbs/5jsm.pdb,False,False,False,True,False,False
7061,5jrq,BRAF,RAF,TKL,Human,inactive,in,out,1,2.29,/Users/josefinadehan/tp_vision_avanzada/TPF_Vision_Avanzada/data/raw/pdbs/5jrq.pdb,False,False,False,True,False,False
7064,5jt2,BRAF,RAF,TKL,Human,inactive,in,out,1,2.7,/Users/josefinadehan/tp_vision_avanzada/TPF_Vision_Avanzada/data/raw/pdbs/5jt2.pdb,False,False,False,True,False,False
7251,3q4c,BRAF,RAF,TKL,Human,active,in,in,1,3.2,/Users/josefinadehan/tp_vision_avanzada/TPF_Vision_Avanzada/data/raw/pdbs/3q4c.pdb,True,False,False,False,False,False
8186,5vam,BRAF,RAF,TKL,Human,inactive,out,in,1,2.1,/Users/josefinadehan/tp_vision_avanzada/TPF_Vision_Avanzada/data/raw/pdbs/5vam.pdb,False,False,False,False,True,False
8187,5vam,BRAF,RAF,TKL,Human,inactive,out,in,1,2.1,/Users/josefinadehan/tp_vision_avanzada/TPF_Vision_Avanzada/data/raw/pdbs/5vam.pdb,False,False,False,False,True,False
8188,5val,BRAF,RAF,TKL,Human,inactive,out,in,1,2.26,/Users/josefinadehan/tp_vision_avanzada/TPF_Vision_Avanzada/data/raw/pdbs/5val.pdb,False,False,False,False,True,False
8189,5vam,BRAF,RAF,TKL,Human,inactive,out,in,1,2.1,/Users/josefinadehan/tp_vision_avanzada/TPF_Vision_Avanzada/data/raw/pdbs/5vam.pdb,False,False,False,False,True,False
8190,5val,BRAF,RAF,TKL,Human,inactive,out,in,1,2.26,/Users/josefinadehan/tp_vision_avanzada/TPF_Vision_Avanzada/data/raw/pdbs/5val.pdb,False,False,False,False,True,False
8185,5vam,BRAF,RAF,TKL,Human,inactive,out,in,1,2.1,/Users/josefinadehan/tp_vision_avanzada/TPF_Vision_Avanzada/data/raw/pdbs/5vam.pdb,False,False,False,False,True,False
8678,6b8u,BRAF,RAF,TKL,Human,inactive,out,out,1,2.68,/Users/josefinadehan/tp_vision_avanzada/TPF_Vision_Avanzada/data/raw/pdbs/6b8u.pdb,False,False,False,False,False,False
8679,6b8u,BRAF,RAF,TKL,Human,inactive,out,in,1,2.68,/Users/josefinadehan/tp_vision_avanzada/TPF_Vision_Avanzada/data/raw/pdbs/6b8u.pdb,False,False,False,False,True,False
9576,6cad,BRAF,RAF,TKL,Human,inactive,out,in,1,2.55,/Users/josefinadehan/tp_vision_avanzada/TPF_Vision_Avanzada/data/raw/pdbs/6cad.pdb,False,False,False,False,True,False
9575,6cad,BRAF,RAF,TKL,Human,inactive,out,out,1,2.55,/Users/josefinadehan/tp_vision_avanzada/TPF_Vision_Avanzada/data/raw/pdbs/6cad.pdb,False,False,False,False,False,False
11328,6nsq,BRAF,RAF,TKL,Human,inactive,out,in,1,3.05,/Users/josefinadehan/tp_vision_avanzada/TPF_Vision_Avanzada/data/raw/pdbs/6nsq.pdb,False,False,False,False,True,False
11329,6nsq,BRAF,RAF,TKL,Human,inactive,out,in,1,3.05,/Users/josefinadehan/tp_vision_avanzada/TPF_Vision_Avanzada/data/raw/pdbs/6nsq.pdb,False,False,False,False,True,False
11568,6u2h,BRAF,RAF,TKL,Human,active,in,in,1,2.5,/Users/josefinadehan/tp_vision_avanzada/TPF_Vision_Avanzada/data/raw/pdbs/6u2h.pdb,True,False,False,False,False,False
11569,6u2h,BRAF,RAF,TKL,Human,active,in,in,1,2.5,/Users/josefinadehan/tp_vision_avanzada/TPF_Vision_Avanzada/data/raw/pdbs/6u2h.pdb,True,False,False,False,False,False
11567,6u2g,BRAF,RAF,TKL,Human,inactive,in,out,1,2.89,/Users/josefinadehan/tp_vision_avanzada/TPF_Vision_Avanzada/data/raw/pdbs/6u2g.pdb,False,False,False,True,False,False
11594,6n0p,BRAF,RAF,TKL,Human,inactive,out,in,1,2.37,/Users/josefinadehan/tp_vision_avanzada/TPF_Vision_Avanzada/data/raw/pdbs/6n0p.pdb,False,False,False,False,True,False
11595,6n0p,BRAF,RAF,TKL,Human,inactive,out,in,1,2.37,/Users/josefinadehan/tp_vision_avanzada/TPF_Vision_Avanzada/data/raw/pdbs/6n0p.pdb,False,False,False,False,True,False
11596,6n0p,BRAF,RAF,TKL,Human,inactive,out,in,1,2.37,/Users/josefinadehan/tp_vision_avanzada/TPF_Vision_Avanzada/data/raw/pdbs/6n0p.pdb,False,False,False,False,True,False
11597,6n0p,BRAF,RAF,TKL,Human,inactive,out,in,1,2.37,/Users/josefinadehan/tp_vision_avanzada/TPF_Vision_Avanzada/data/raw/pdbs/6n0p.pdb,False,False,False,False,True,False
11708,6nyb,BRAF,RAF,TKL,Human,inactive,in,out,1,0.0,/Users/josefinadehan/tp_vision_avanzada/TPF_Vision_Avanzada/data/raw/pdbs/6nyb.pdb,False,False,False,True,False,False
11709,6pp9,BRAF,RAF,TKL,Human,inactive,in,out,1,2.59,/Users/josefinadehan/tp_vision_avanzada/TPF_Vision_Avanzada/data/raw/pdbs/6pp9.pdb,False,False,False,True,False,False
11711,6pp9,BRAF,RAF,TKL,Human,inactive,in,out,1,2.59,/Users/josefinadehan/tp_vision_avanzada/TPF_Vision_Avanzada/data/raw/pdbs/6pp9.pdb,False,False,False,True,False,False
11768,6n0q,BRAF,RAF,TKL,Human,inactive,out,in,1,2.04,/Users/josefinadehan/tp_vision_avanzada/TPF_Vision_Avanzada/data/raw/pdbs/6n0q.pdb,False,False,False,False,True,False
11769,6n0q,BRAF,RAF,TKL,Human,inactive,out,in,1,2.04,/Users/josefinadehan/tp_vision_avanzada/TPF_Vision_Avanzada/data/raw/pdbs/6n0q.pdb,False,False,False,False,True,False
11770,6n0q,BRAF,RAF,TKL,Human,inactive,out,in,1,2.04,/Users/josefinadehan/tp_vision_avanzada/TPF_Vision_Avanzada/data/raw/pdbs/6n0q.pdb,False,False,False,False,True,False
11771,6n0q,BRAF,RAF,TKL,Human,inactive,out,in,1,2.04,/Users/josefinadehan/tp_vision_avanzada/TPF_Vision_Avanzada/data/raw/pdbs/6n0q.pdb,False,False,False,False,True,False
12346,6uuo,BRAF,RAF,TKL,Human,inactive,in,out,1,3.29,/Users/josefinadehan/tp_vision_avanzada/TPF_Vision_Avanzada/data/raw/pdbs/6uuo.pdb,False,False,False,True,False,False
12347,6uuo,BRAF,RAF,TKL,Human,inactive,in,out,1,3.29,/Users/josefinadehan/tp_vision_avanzada/TPF_Vision_Avanzada/data/raw/pdbs/6uuo.pdb,False,False,False,True,False,False
12809,6p3d,BRAF,RAF,TKL,Human,inactive,out,in,1,2.11,/Users/josefinadehan/tp_vision_avanzada/TPF_Vision_Avanzada/data/raw/pdbs/6p3d.pdb,False,False,False,False,True,False
12810,6p7g,BRAF,RAF,TKL,Human,inactive,out,in,1,2.65,/Users/josefinadehan/tp_vision_avanzada/TPF_Vision_Avanzada/data/raw/pdbs/6p7g.pdb,False,False,False,False,True,False
12806,6p7g,BRAF,RAF,TKL,Human,inactive,out,in,1,2.65,/Users/josefinadehan/tp_vision_avanzada/TPF_Vision_Avanzada/data/raw/pdbs/6p7g.pdb,False,False,False,False,True,False
12807,6p7g,BRAF,RAF,TKL,Human,inactive,out,in,1,2.65,/Users/josefinadehan/tp_vision_avanzada/TPF_Vision_Avanzada/data/raw/pdbs/6p7g.pdb,False,False,False,False,True,False
12808,6p7g,BRAF,RAF,TKL,Human,inactive,out,in,1,2.65,/Users/josefinadehan/tp_vision_avanzada/TPF_Vision_Avanzada/data/raw/pdbs/6p7g.pdb,False,False,False,False,True,False
13023,6v30,BRAF,RAF,TKL,Human,inactive,in,out,1,3.09,/Users/josefinadehan/tp_vision_avanzada/TPF_Vision_Avanzada/data/raw/pdbs/6v30.pdb,False,False,False,True,False,False
13024,6v2y,BRAF,RAF,TKL,Human,inactive,in,out,1,3.451,/Users/josefinadehan/tp_vision_avanzada/TPF_Vision_Avanzada/data/raw/pdbs/6v2y.pdb,False,False,False,True,False,False
13025,6v2v,BRAF,RAF,TKL,Human,inactive,in,out,1,2.47,/Users/josefinadehan/tp_vision_avanzada/TPF_Vision_Avanzada/data/raw/pdbs/6v2v.pdb,False,False,False,True,False,False
13026,6v2w,BRAF,RAF,TKL,Human,inactive,in,out,1,3.12,/Users/josefinadehan/tp_vision_avanzada/TPF_Vision_Avanzada/data/raw/pdbs/6v2w.pdb,False,False,False,True,False,False
13027,6v31,BRAF,RAF,TKL,Human,inactive,in,out,1,3.12,/Users/josefinadehan/tp_vision_avanzada/TPF_Vision_Avanzada/data/raw/pdbs/6v31.pdb,False,False,False,True,False,False
13028,6v2z,BRAF,RAF,TKL,Human,inactive,in,out,1,3.16,/Users/josefinadehan/tp_vision_avanzada/TPF_Vision_Avanzada/data/raw/pdbs/6v2z.pdb,False,False,False,True,False,False
13029,6v32,BRAF,RAF,TKL,Human,inactive,in,out,1,3.19,/Users/josefinadehan/tp_vision_avanzada/TPF_Vision_Avanzada/data/raw/pdbs/6v32.pdb,False,False,False,True,False,False
13030,6v2v,BRAF,RAF,TKL,Human,inactive,in,out,1,2.47,/Users/josefinadehan/tp_vision_avanzada/TPF_Vision_Avanzada/data/raw/pdbs/6v2v.pdb,False,False,False,True,False,False
13031,6v2u,BRAF,RAF,TKL,Human,inactive,in,out,1,3.78,/Users/josefinadehan/tp_vision_avanzada/TPF_Vision_Avanzada/data/raw/pdbs/6v2u.pdb,False,False,False,True,False,False
13032,6v2w,BRAF,RAF,TKL,Human,inactive,in,out,1,3.12,/Users/josefinadehan/tp_vision_avanzada/TPF_Vision_Avanzada/data/raw/pdbs/6v2w.pdb,False,False,False,True,False,False
13033,6v2z,BRAF,RAF,TKL,Human,inactive,in,out,1,3.16,/Users/josefinadehan/tp_vision_avanzada/TPF_Vision_Avanzada/data/raw/pdbs/6v2z.pdb,False,False,False,True,False,False
13034,6v2u,BRAF,RAF,TKL,Human,inactive,in,out,1,3.78,/Users/josefinadehan/tp_vision_avanzada/TPF_Vision_Avanzada/data/raw/pdbs/6v2u.pdb,False,False,False,True,False,False
13035,6v2x,BRAF,RAF,TKL,Human,inactive,in,out,1,3.09,/Users/josefinadehan/tp_vision_avanzada/TPF_Vision_Avanzada/data/raw/pdbs/6v2x.pdb,False,False,False,True,False,False
13200,6v34,BRAF,RAF,TKL,Human,inactive,out,in,1,3.15,/Users/josefinadehan/tp_vision_avanzada/TPF_Vision_Avanzada/data/raw/pdbs/6v34.pdb,False,False,False,False,True,False
13199,6v34,BRAF,RAF,TKL,Human,inactive,out,in,1,3.15,/Users/josefinadehan/tp_vision_avanzada/TPF_Vision_Avanzada/data/raw/pdbs/6v34.pdb,False,False,False,False,True,False
13403,6xfp,BRAF,RAF,TKL,Human,inactive,out,in,1,2.0,/Users/josefinadehan/tp_vision_avanzada/TPF_Vision_Avanzada/data/raw/pdbs/6xfp.pdb,False,False,False,False,True,False
13404,6xfp,BRAF,RAF,TKL,Human,inactive,out,in,1,2.0,/Users/josefinadehan/tp_vision_avanzada/TPF_Vision_Avanzada/data/raw/pdbs/6xfp.pdb,False,False,False,False,True,False
13520,7m0y,BRAF,RAF,TKL,Human,inactive,in,out,1,3.45,/Users/josefinadehan/tp_vision_avanzada/TPF_Vision_Avanzada/data/raw/pdbs/7m0y.pdb,False,False,False,True,False,False
13521,7m0z,BRAF,RAF,TKL,Human,inactive,in,out,1,3.12,/Users/josefinadehan/tp_vision_avanzada/TPF_Vision_Avanzada/data/raw/pdbs/7m0z.pdb,False,False,False,True,False,False
13522,7m0v,BRAF,RAF,TKL,Human,inactive,in,out,1,3.16,/Users/josefinadehan/tp_vision_avanzada/TPF_Vision_Avanzada/data/raw/pdbs/7m0v.pdb,False,False,False,True,False,False
13523,7m0x,BRAF,RAF,TKL,Human,inactive,in,out,1,2.47,/Users/josefinadehan/tp_vision_avanzada/TPF_Vision_Avanzada/data/raw/pdbs/7m0x.pdb,False,False,False,True,False,False
13524,7m0x,BRAF,RAF,TKL,Human,inactive,in,out,1,2.47,/Users/josefinadehan/tp_vision_avanzada/TPF_Vision_Avanzada/data/raw/pdbs/7m0x.pdb,False,False,False,True,False,False
13525,7m0t,BRAF,RAF,TKL,Human,inactive,in,out,1,3.19,/Users/josefinadehan/tp_vision_avanzada/TPF_Vision_Avanzada/data/raw/pdbs/7m0t.pdb,False,False,False,True,False,False
13526,7m0v,BRAF,RAF,TKL,Human,inactive,in,out,1,3.16,/Users/josefinadehan/tp_vision_avanzada/TPF_Vision_Avanzada/data/raw/pdbs/7m0v.pdb,False,False,False,True,False,False
13527,7m0u,BRAF,RAF,TKL,Human,inactive,in,out,1,3.09,/Users/josefinadehan/tp_vision_avanzada/TPF_Vision_Avanzada/data/raw/pdbs/7m0u.pdb,False,False,False,True,False,False
13528,7m0w,BRAF,RAF,TKL,Human,inactive,in,out,1,3.09,/Users/josefinadehan/tp_vision_avanzada/TPF_Vision_Avanzada/data/raw/pdbs/7m0w.pdb,False,False,False,True,False,False
13618,6xlo,BRAF,RAF,TKL,Human,inactive,out,in,1,2.493,/Users/josefinadehan/tp_vision_avanzada/TPF_Vision_Avanzada/data/raw/pdbs/6xlo.pdb,False,False,False,False,True,False
13616,7k0v,BRAF,RAF,TKL,Human,inactive,out,in,1,1.93,/Users/josefinadehan/tp_vision_avanzada/TPF_Vision_Avanzada/data/raw/pdbs/7k0v.pdb,False,False,False,False,True,False
13617,7k0v,BRAF,RAF,TKL,Human,inactive,out,in,1,1.93,/Users/josefinadehan/tp_vision_avanzada/TPF_Vision_Avanzada/data/raw/pdbs/7k0v.pdb,False,False,False,False,True,False
13961,7p3v,BRAF,RAF,TKL,Human,inactive,in,out,1,2.37,/Users/josefinadehan/tp_vision_avanzada/TPF_Vision_Avanzada/data/raw/pdbs/7p3v.pdb,False,False,False,True,False,False
14481,7shv,BRAF,RAF,TKL,Human,active,in,in,1,2.88,/Users/josefinadehan/tp_vision_avanzada/TPF_Vision_Avanzada/data/raw/pdbs/7shv.pdb,True,False,False,False,False,False
14482,7shv,BRAF,RAF,TKL,Human,active,in,in,1,2.88,/Users/josefinadehan/tp_vision_avanzada/TPF_Vision_Avanzada/data/raw/pdbs/7shv.pdb,True,False,False,False,False,False
14630,8c7x,BRAF,RAF,TKL,Human,inactive,out,out,1,1.65,/Users/josefinadehan/tp_vision_avanzada/TPF_Vision_Avanzada/data/raw/pdbs/8c7x.pdb,False,False,False,False,False,False
14627,8c7x,BRAF,RAF,TKL,Human,inactive,out,out,1,1.65,/Users/josefinadehan/tp_vision_avanzada/TPF_Vision_Avanzada/data/raw/pdbs/8c7x.pdb,False,False,False,False,False,False
14628,8c7y,BRAF,RAF,TKL,Human,inactive,out,in,1,1.65,/Users/josefinadehan/tp_vision_avanzada/TPF_Vision_Avanzada/data/raw/pdbs/8c7y.pdb,False,False,False,False,True,False
14629,8c7y,BRAF,RAF,TKL,Human,inactive,out,in,1,1.65,/Users/josefinadehan/tp_vision_avanzada/TPF_Vision_Avanzada/data/raw/pdbs/8c7y.pdb,False,False,False,False,True,False
14705,8f7p,BRAF,RAF,TKL,Human,inactive,out,in,1,2.74,/Users/josefinadehan/tp_vision_avanzada/TPF_Vision_Avanzada/data/raw/pdbs/8f7p.pdb,False,False,False,False,True,False
14702,8f7p,BRAF,RAF,TKL,Human,inactive,out,in,1,2.74,/Users/josefinadehan/tp_vision_avanzada/TPF_Vision_Avanzada/data/raw/pdbs/8f7p.pdb,False,False,False,False,True,False
14703,8f7o,BRAF,RAF,TKL,Human,inactive,out,in,1,3.54,/Users/josefinadehan/tp_vision_avanzada/TPF_Vision_Avanzada/data/raw/pdbs/8f7o.pdb,False,False,False,False,True,False
14704,8f7o,BRAF,RAF,TKL,Human,inactive,out,in,1,3.54,/Users/josefinadehan/tp_vision_avanzada/TPF_Vision_Avanzada/data/raw/pdbs/8f7o.pdb,False,False,False,False,True,False
14829,8dgs,BRAF,RAF,TKL,Human,inactive,in,out,1,4.3,/Users/josefinadehan/tp_vision_avanzada/TPF_Vision_Avanzada/data/raw/pdbs/8dgs.pdb,False,False,False,True,False,False
14830,8dgt,BRAF,RAF,TKL,Human,inactive,in,out,1,3.9,/Users/josefinadehan/tp_vision_avanzada/TPF_Vision_Avanzada/data/raw/pdbs/8dgt.pdb,False,False,False,True,False,False
14831,8dgs,BRAF,RAF,TKL,Human,inactive,in,out,1,4.3,/Users/josefinadehan/tp_vision_avanzada/TPF_Vision_Avanzada/data/raw/pdbs/8dgs.pdb,False,False,False,True,False,False
14832,8dgt,BRAF,RAF,TKL,Human,inactive,in,out,1,3.9,/Users/josefinadehan/tp_vision_avanzada/TPF_Vision_Avanzada/data/raw/pdbs/8dgt.pdb,False,False,False,True,False,False
15178,8qqg,BRAF,RAF,TKL,Human,inactive,out,in,1,2.979,/Users/josefinadehan/tp_vision_avanzada/TPF_Vision_Avanzada/data/raw/pdbs/8qqg.pdb,False,False,False,False,True,False
15179,8qqg,BRAF,RAF,TKL,Human,inactive,out,in,1,2.979,/Users/josefinadehan/tp_vision_avanzada/TPF_Vision_Avanzada/data/raw/pdbs/8qqg.pdb,False,False,False,False,True,False
15365,9bfb,BRAF,RAF,TKL,Human,inactive,in,out,1,1.92,/Users/josefinadehan/tp_vision_avanzada/TPF_Vision_Avanzada/data/raw/pdbs/9bfb.pdb,False,False,False,True,False,False
15366,9bfb,BRAF,RAF,TKL,Human,inactive,in,out,1,1.92,/Users/josefinadehan/tp_vision_avanzada/TPF_Vision_Avanzada/data/raw/pdbs/9bfb.pdb,False,False,False,True,False,False
3071,4mne,BRAF,RAF,TKL,Human,active,in,in,0,2.85,/Users/josefinadehan/tp_vision_avanzada/TPF_Vision_Avanzada/data/raw/pdbs/4mne.pdb,True,False,False,False,False,False
3140,3og7,BRAF,RAF,TKL,Human,active,in,in,0,2.45,/Users/josefinadehan/tp_vision_avanzada/TPF_Vision_Avanzada/data/raw/pdbs/3og7.pdb,True,False,False,False,False,False
11706,6q0k,BRAF,RAF,TKL,Human,active,in,in,0,0.0,/Users/josefinadehan/tp_vision_avanzada/TPF_Vision_Avanzada/data/raw/pdbs/6q0k.pdb,True,False,False,False,False,False
6218,4xv3,BRAF,RAF,TKL,Human,active,in,in,0,2.8,/Users/josefinadehan/tp_vision_avanzada/TPF_Vision_Avanzada/data/raw/pdbs/4xv3.pdb,True,False,False,False,False,False
6216,4xv1,BRAF,RAF,TKL,Human,active,in,in,0,2.47,/Users/josefinadehan/tp_vision_avanzada/TPF_Vision_Avanzada/data/raw/pdbs/4xv1.pdb,True,False,False,False,False,False
11700,6q0t,BRAF,RAF,TKL,Human,active,in,in,0,0.0,/Users/josefinadehan/tp_vision_avanzada/TPF_Vision_Avanzada/data/raw/pdbs/6q0t.pdb,True,False,False,False,False,False
7055,5jsm,BRAF,RAF,TKL,Human,inactive,in,out,0,2.19,/Users/josefinadehan/tp_vision_avanzada/TPF_Vision_Avanzada/data/raw/pdbs/5jsm.pdb,False,False,False,True,False,False
3056,4h58,BRAF,RAF,TKL,Human,inactive,out,in,0,3.1,/Users/josefinadehan/tp_vision_avanzada/TPF_Vision_Avanzada/data/raw/pdbs/4h58.pdb,False,False,False,False,True,False
7053,5jsm,BRAF,RAF,TKL,Human,inactive,in,out,0,2.19,/Users/josefinadehan/tp_vision_avanzada/TPF_Vision_Avanzada/data/raw/pdbs/5jsm.pdb,False,False,False,True,False,False
3068,4fk3,BRAF,RAF,TKL,Human,active,in,in,0,2.65,/Users/josefinadehan/tp_vision_avanzada/TPF_Vision_Avanzada/data/raw/pdbs/4fk3.pdb,True,False,False,False,False,False
3117,4mne,BRAF,RAF,TKL,Human,active,in,in,0,2.85,/Users/josefinadehan/tp_vision_avanzada/TPF_Vision_Avanzada/data/raw/pdbs/4mne.pdb,True,False,False,False,False,False
3120,4h58,BRAF,RAF,TKL,Human,active,in,in,0,3.1,/Users/josefinadehan/tp_vision_avanzada/TPF_Vision_Avanzada/data/raw/pdbs/4h58.pdb,True,False,False,False,False,False
11712,6q0j,BRAF,RAF,TKL,Human,active,in,in,0,0.0,/Users/josefinadehan/tp_vision_avanzada/TPF_Vision_Avanzada/data/raw/pdbs/6q0j.pdb,True,False,False,False,False,False
12921,6xag,BRAF,RAF,TKL,Human,active,in,in,0,3.3,/Users/josefinadehan/tp_vision_avanzada/TPF_Vision_Avanzada/data/raw/pdbs/6xag.pdb,True,False,False,False,False,False
14077,7mfd,BRAF,RAF,TKL,Human,inactive,in,out,0,3.66,/Users/josefinadehan/tp_vision_avanzada/TPF_Vision_Avanzada/data/raw/pdbs/7mfd.pdb,False,False,False,True,False,False
3061,4mne,BRAF,RAF,TKL,Human,active,in,in,0,2.85,/Users/josefinadehan/tp_vision_avanzada/TPF_Vision_Avanzada/data/raw/pdbs/4mne.pdb,True,False,False,False,False,False
3122,4mne,BRAF,RAF,TKL,Human,active,in,in,0,2.85,/Users/josefinadehan/tp_vision_avanzada/TPF_Vision_Avanzada/data/raw/pdbs/4mne.pdb,True,False,False,False,False,False
7056,5jsm,BRAF,RAF,TKL,Human,inactive,in,out,1,2.19,/Users/josefinadehan/tp_vision_avanzada/TPF_Vision_Avanzada/data/raw/pdbs/5jsm.pdb,False,False,False,True,False,False
11710,6q0k,BRAF,RAF,TKL,Human,active,in,in,0,0.0,/Users/josefinadehan/tp_vision_avanzada/TPF_Vision_Avanzada/data/raw/pdbs/6q0k.pdb,True,False,False,False,False,False
3097,4h58,BRAF,RAF,TKL,Human,active,in,in,0,3.1,/Users/josefinadehan/tp_vision_avanzada/TPF_Vision_Avanzada/data/raw/pdbs/4h58.pdb,True,False,False,False,False,False
12922,6xag,BRAF,RAF,TKL,Human,active,in,in,0,3.3,/Users/josefinadehan/tp_vision_avanzada/TPF_Vision_Avanzada/data/raw/pdbs/6xag.pdb,True,False,False,False,False,False
3058,4mne,BRAF,RAF,TKL,Human,active,in,in,0,2.85,/Users/josefinadehan/tp_vision_avanzada/TPF_Vision_Avanzada/data/raw/pdbs/4mne.pdb,True,False,False,False,False,False
11641,6uan,BRAF,RAF,TKL,Human,inactive,in,out,0,0.0,/Users/josefinadehan/tp_vision_avanzada/TPF_Vision_Avanzada/data/raw/pdbs/6uan.pdb,False,False,False,True,False,False
11705,6q0t,BRAF,RAF,TKL,Human,active,in,in,0,0.0,/Users/josefinadehan/tp_vision_avanzada/TPF_Vision_Avanzada/data/raw/pdbs/6q0t.pdb,True,False,False,False,False,False
3075,4mne,BRAF,RAF,TKL,Human,active,in,in,0,2.85,/Users/josefinadehan/tp_vision_avanzada/TPF_Vision_Avanzada/data/raw/pdbs/4mne.pdb,True,False,False,False,False,False
7057,5jt2,BRAF,RAF,TKL,Human,inactive,in,out,1,2.7,/Users/josefinadehan/tp_vision_avanzada/TPF_Vision_Avanzada/data/raw/pdbs/5jt2.pdb,False,False,False,True,False,False
11702,6q0t,BRAF,RAF,TKL,Human,active,in,in,0,0.0,/Users/josefinadehan/tp_vision_avanzada/TPF_Vision_Avanzada/data/raw/pdbs/6q0t.pdb,True,False,False,False,False,False
11701,6q0j,BRAF,RAF,TKL,Human,active,in,in,0,0.0,/Users/josefinadehan/tp_vision_avanzada/TPF_Vision_Avanzada/data/raw/pdbs/6q0j.pdb,True,False,False,False,False,False
11703,6q0j,BRAF,RAF,TKL,Human,active,in,in,0,0.0,/Users/josefinadehan/tp_vision_avanzada/TPF_Vision_Avanzada/data/raw/pdbs/6q0j.pdb,True,False,False,False,False,False
11707,6q0t,BRAF,RAF,TKL,Human,active,in,in,0,0.0,/Users/josefinadehan/tp_vision_avanzada/TPF_Vision_Avanzada/data/raw/pdbs/6q0t.pdb,True,False,False,False,False,False
14078,7mfe,BRAF,RAF,TKL,Human,inactive,in,out,0,4.07,/Users/josefinadehan/tp_vision_avanzada/TPF_Vision_Avanzada/data/raw/pdbs/7mfe.pdb,False,False,False,True,False,False
7058,5jsm,BRAF,RAF,TKL,Human,inactive,in,out,1,2.19,/Users/josefinadehan/tp_vision_avanzada/TPF_Vision_Avanzada/data/raw/pdbs/5jsm.pdb,False,False,False,True,False,False
7066,5jt2,BRAF,RAF,TKL,Human,inactive,in,out,0,2.7,/Users/josefinadehan/tp_vision_avanzada/TPF_Vision_Avanzada/data/raw/pdbs/5jt2.pdb,False,False,False,True,False,False
3073,4mne,BRAF,RAF,TKL,Human,active,in,in,0,2.85,/Users/josefinadehan/tp_vision_avanzada/TPF_Vision_Avanzada/data/raw/pdbs/4mne.pdb,True,False,False,False,False,False
11704,6q0j,BRAF,RAF,TKL,Human,active,in,in,0,0.0,/Users/josefinadehan/tp_vision_avanzada/TPF_Vision_Avanzada/data/raw/pdbs/6q0j.pdb,True,False,False,False,False,False
7250,3q4c,BRAF,RAF,TKL,Human,active,in,in,0,3.2,/Users/josefinadehan/tp_vision_avanzada/TPF_Vision_Avanzada/data/raw/pdbs/3q4c.pdb,True,False,False,False,False,False
3114,4h58,BRAF,RAF,TKL,Human,inactive,out,in,0,3.1,/Users/josefinadehan/tp_vision_avanzada/TPF_Vision_Avanzada/data/raw/pdbs/4h58.pdb,False,False,False,False,True,False
3099,4mne,BRAF,RAF,TKL,Human,active,in,in,0,2.85,/Users/josefinadehan/tp_vision_avanzada/TPF_Vision_Avanzada/data/raw/pdbs/4mne.pdb,True,False,False,False,False,False
11642,6uan,BRAF,RAF,TKL,Human,inactive,in,out,0,0.0,/Users/josefinadehan/tp_vision_avanzada/TPF_Vision_Avanzada/data/raw/pdbs/6uan.pdb,False,False,False,True,False,False
14485,7sj3,CDK4,CDK,CMGC,Human,active,in,in,1,2.51,/Users/josefinadehan/tp_vision_avanzada/TPF_Vision_Avanzada/data/raw/pdbs/7sj3.pdb,True,False,False,False,False,False
3383,2w9z,CDK4,CDK,CMGC,Human,inactive,in,out,0,2.45,/Users/josefinadehan/tp_vision_avanzada/TPF_Vision_Avanzada/data/raw/pdbs/2w9z.pdb,False,False,False,True,False,False
3387,3g33,CDK4,CDK,CMGC,Human,inactive,in,out,0,3.0,/Users/josefinadehan/tp_vision_avanzada/TPF_Vision_Avanzada/data/raw/pdbs/3g33.pdb,False,False,False,True,False,False
6747,5fwk,CDK4,CDK,CMGC,Human,active,in,na,0,3.9,/Users/josefinadehan/tp_vision_avanzada/TPF_Vision_Avanzada/data/raw/pdbs/5fwk.pdb,False,False,False,False,False,True
3384,3g33,CDK4,CDK,CMGC,Human,inactive,in,out,0,3.0,/Users/josefinadehan/tp_vision_avanzada/TPF_Vision_Avanzada/data/raw/pdbs/3g33.pdb,False,False,False,True,False,False
3388,2w9z,CDK4,CDK,CMGC,Human,inactive,in,out,0,2.45,/Users/josefinadehan/tp_vision_avanzada/TPF_Vision_Avanzada/data/raw/pdbs/2w9z.pdb,False,False,False,True,False,False
11893,6p8g,CDK4,CDK,CMGC,Human,inactive,in,out,0,2.8,/Users/josefinadehan/tp_vision_avanzada/TPF_Vision_Avanzada/data/raw/pdbs/6p8g.pdb,False,False,False,True,False,False
11891,6p8e,CDK4,CDK,CMGC,Human,inactive,in,out,0,2.3,/Users/josefinadehan/tp_vision_avanzada/TPF_Vision_Avanzada/data/raw/pdbs/6p8e.pdb,False,False,False,True,False,False
6749,5fwm,CDK4,CDK,CMGC,Human,inactive,out-like,out,0,8.0,/Users/josefinadehan/tp_vision_avanzada/TPF_Vision_Avanzada/data/raw/pdbs/5fwm.pdb,False,False,False,False,False,False
3386,2w9f,CDK4,CDK,CMGC,Human,inactive,in,out,0,2.85,/Users/josefinadehan/tp_vision_avanzada/TPF_Vision_Avanzada/data/raw/pdbs/2w9f.pdb,False,False,False,True,False,False
3390,2w96,CDK4,CDK,CMGC,Human,inactive,in,out,0,2.3,/Users/josefinadehan/tp_vision_avanzada/TPF_Vision_Avanzada/data/raw/pdbs/2w96.pdb,False,False,False,True,False,False
7132,5fwp,CDK4,CDK,CMGC,Human,active,in,na,0,7.2,/Users/josefinadehan/tp_vision_avanzada/TPF_Vision_Avanzada/data/raw/pdbs/5fwp.pdb,False,False,False,False,False,True
11892,6p8f,CDK4,CDK,CMGC,Human,inactive,in,out,0,2.89,/Users/josefinadehan/tp_vision_avanzada/TPF_Vision_Avanzada/data/raw/pdbs/6p8f.pdb,False,False,False,True,False,False
11894,6p8h,CDK4,CDK,CMGC,Human,inactive,in,out,0,3.19,/Users/josefinadehan/tp_vision_avanzada/TPF_Vision_Avanzada/data/raw/pdbs/6p8h.pdb,False,False,False,True,False,False
6748,5fwl,CDK4,CDK,CMGC,Human,inactive,in,out,0,9.0,/Users/josefinadehan/tp_vision_avanzada/TPF_Vision_Avanzada/data/raw/pdbs/5fwl.pdb,False,False,False,True,False,False
3389,2w96,CDK4,CDK,CMGC,Human,inactive,in,out,0,2.3,/Users/josefinadehan/tp_vision_avanzada/TPF_Vision_Avanzada/data/raw/pdbs/2w96.pdb,False,False,False,True,False,False
3385,2w99,CDK4,CDK,CMGC,Human,inactive,in,out,0,2.8,/Users/josefinadehan/tp_vision_avanzada/TPF_Vision_Avanzada/data/raw/pdbs/2w99.pdb,False,False,False,True,False,False
2794,1xo2,CDK6,CDK,CMGC,Human,active,in,in,1,2.9,/Users/josefinadehan/tp_vision_avanzada/TPF_Vision_Avanzada/data/raw/pdbs/1xo2.pdb,True,False,False,False,False,False
2795,2f2c,CDK6,CDK,CMGC,Human,active,in,in,1,2.8,/Users/josefinadehan/tp_vision_avanzada/TPF_Vision_Avanzada/data/raw/pdbs/2f2c.pdb,True,False,False,False,False,False
2797,3nup,CDK6,CDK,CMGC,Human,inactive,in,out,1,2.6,/Users/josefinadehan/tp_vision_avanzada/TPF_Vision_Avanzada/data/raw/pdbs/3nup.pdb,False,False,False,True,False,False
2800,4ez5,CDK6,CDK,CMGC,Human,inactive,in,out,1,2.7,/Users/josefinadehan/tp_vision_avanzada/TPF_Vision_Avanzada/data/raw/pdbs/4ez5.pdb,False,False,False,True,False,False
2801,4aua,CDK6,CDK,CMGC,Human,inactive,in,out,1,2.31,/Users/josefinadehan/tp_vision_avanzada/TPF_Vision_Avanzada/data/raw/pdbs/4aua.pdb,False,False,False,True,False,False
2803,4tth,CDK6,CDK,CMGC,Human,active,in,in,1,2.9,/Users/josefinadehan/tp_vision_avanzada/TPF_Vision_Avanzada/data/raw/pdbs/4tth.pdb,True,False,False,False,False,False
2804,2euf,CDK6,CDK,CMGC,Human,active,in,in,1,3.0,/Users/josefinadehan/tp_vision_avanzada/TPF_Vision_Avanzada/data/raw/pdbs/2euf.pdb,True,False,False,False,False,False
2807,3nux,CDK6,CDK,CMGC,Human,inactive,in,out,1,2.7,/Users/josefinadehan/tp_vision_avanzada/TPF_Vision_Avanzada/data/raw/pdbs/3nux.pdb,False,False,False,True,False,False
6990,5l2s,CDK6,CDK,CMGC,Human,inactive,in,out,1,2.27,/Users/josefinadehan/tp_vision_avanzada/TPF_Vision_Avanzada/data/raw/pdbs/5l2s.pdb,False,False,False,True,False,False
6991,5l2i,CDK6,CDK,CMGC,Human,inactive,in,out,1,2.75,/Users/josefinadehan/tp_vision_avanzada/TPF_Vision_Avanzada/data/raw/pdbs/5l2i.pdb,False,False,False,True,False,False
6992,5l2t,CDK6,CDK,CMGC,Human,inactive,in,out,1,2.37,/Users/josefinadehan/tp_vision_avanzada/TPF_Vision_Avanzada/data/raw/pdbs/5l2t.pdb,False,False,False,True,False,False
12646,6oqo,CDK6,CDK,CMGC,Human,inactive,in,out,1,1.977,/Users/josefinadehan/tp_vision_avanzada/TPF_Vision_Avanzada/data/raw/pdbs/6oqo.pdb,False,False,False,True,False,False
12647,6oql,CDK6,CDK,CMGC,Human,inactive,in,out,1,2.707,/Users/josefinadehan/tp_vision_avanzada/TPF_Vision_Avanzada/data/raw/pdbs/6oql.pdb,False,False,False,True,False,False
15164,8i0m,CDK6,CDK,CMGC,Human,inactive,in,out,1,2.7772,/Users/josefinadehan/tp_vision_avanzada/TPF_Vision_Avanzada/data/raw/pdbs/8i0m.pdb,False,False,False,True,False,False
2796,1bi8,CDK6,CDK,CMGC,Human,inactive,out,na,0,2.8,/Users/josefinadehan/tp_vision_avanzada/TPF_Vision_Avanzada/data/raw/pdbs/1bi8.pdb,False,False,False,False,False,False
2806,1g3n,CDK6,CDK,CMGC,Human,inactive,out,out,0,2.9,/Users/josefinadehan/tp_vision_avanzada/TPF_Vision_Avanzada/data/raw/pdbs/1g3n.pdb,False,False,False,False,False,False
2802,1blx,CDK6,CDK,CMGC,Human,inactive,in,out,0,1.9,/Users/josefinadehan/tp_vision_avanzada/TPF_Vision_Avanzada/data/raw/pdbs/1blx.pdb,False,False,False,True,False,False
2805,1g3n,CDK6,CDK,CMGC,Human,inactive,out,out,0,2.9,/Users/josefinadehan/tp_vision_avanzada/TPF_Vision_Avanzada/data/raw/pdbs/1g3n.pdb,False,False,False,False,False,False
2793,1jow,CDK6,CDK,CMGC,Human,active,in,in,0,3.1,/Users/josefinadehan/tp_vision_avanzada/TPF_Vision_Avanzada/data/raw/pdbs/1jow.pdb,True,False,False,False,False,False
2798,1bi7,CDK6,CDK,CMGC,Human,inactive,out,na,0,3.4,/Users/josefinadehan/tp_vision_avanzada/TPF_Vision_Avanzada/data/raw/pdbs/1bi7.pdb,False,False,False,False,False,False
2799,1bi8,CDK6,CDK,CMGC,Human,inactive,out,na,0,2.8,/Users/josefinadehan/tp_vision_avanzada/TPF_Vision_Avanzada/data/raw/pdbs/1bi8.pdb,False,False,False,False,False,False
782,3w33,EGFR,EGFR,TK,Human,inactive,in,out,1,1.7,/Users/josefinadehan/tp_vision_avanzada/TPF_Vision_Avanzada/data/raw/pdbs/3w33.pdb,False,False,False,True,False,False
796,4ll0,EGFR,EGFR,TK,Human,active,in,in,1,4.0,/Users/josefinadehan/tp_vision_avanzada/TPF_Vision_Avanzada/data/raw/pdbs/4ll0.pdb,True,False,False,False,False,False
783,2ito,EGFR,EGFR,TK,Human,active,in,in,1,3.25,/Users/josefinadehan/tp_vision_avanzada/TPF_Vision_Avanzada/data/raw/pdbs/2ito.pdb,True,False,False,False,False,False
797,4li5,EGFR,EGFR,TK,Human,active,in,in,1,2.64,/Users/josefinadehan/tp_vision_avanzada/TPF_Vision_Avanzada/data/raw/pdbs/4li5.pdb,True,False,False,False,False,False
821,4jq8,EGFR,EGFR,TK,Human,active,in,in,1,2.83,/Users/josefinadehan/tp_vision_avanzada/TPF_Vision_Avanzada/data/raw/pdbs/4jq8.pdb,True,False,False,False,False,False
810,3lzb,EGFR,EGFR,TK,Human,inactive,in,out,1,2.7,/Users/josefinadehan/tp_vision_avanzada/TPF_Vision_Avanzada/data/raw/pdbs/3lzb.pdb,False,False,False,True,False,False
775,4r5s,EGFR,EGFR,TK,Human,active,in,in,1,3.0,/Users/josefinadehan/tp_vision_avanzada/TPF_Vision_Avanzada/data/raw/pdbs/4r5s.pdb,True,False,False,False,False,False
777,3vjo,EGFR,EGFR,TK,Human,active,in,in,1,2.64,/Users/josefinadehan/tp_vision_avanzada/TPF_Vision_Avanzada/data/raw/pdbs/3vjo.pdb,True,False,False,False,False,False
784,3w32,EGFR,EGFR,TK,Human,inactive,in,out,1,1.8,/Users/josefinadehan/tp_vision_avanzada/TPF_Vision_Avanzada/data/raw/pdbs/3w32.pdb,False,False,False,True,False,False
800,3lzb,EGFR,EGFR,TK,Human,inactive,in,out,1,2.7,/Users/josefinadehan/tp_vision_avanzada/TPF_Vision_Avanzada/data/raw/pdbs/3lzb.pdb,False,False,False,True,False,False
785,4lqm,EGFR,EGFR,TK,Human,active,in,in,1,2.5,/Users/josefinadehan/tp_vision_avanzada/TPF_Vision_Avanzada/data/raw/pdbs/4lqm.pdb,True,False,False,False,False,False
778,3w2s,EGFR,EGFR,TK,Human,inactive,in,out,1,1.9,/Users/josefinadehan/tp_vision_avanzada/TPF_Vision_Avanzada/data/raw/pdbs/3w2s.pdb,False,False,False,True,False,False
779,2itu,EGFR,EGFR,TK,Human,active,in,in,1,2.8,/Users/josefinadehan/tp_vision_avanzada/TPF_Vision_Avanzada/data/raw/pdbs/2itu.pdb,True,False,False,False,False,False
781,4lrm,EGFR,EGFR,TK,Human,active,in,in,1,3.53,/Users/josefinadehan/tp_vision_avanzada/TPF_Vision_Avanzada/data/raw/pdbs/4lrm.pdb,True,False,False,False,False,False
811,4rix,EGFR,EGFR,TK,Human,active,in,in,1,3.1,/Users/josefinadehan/tp_vision_avanzada/TPF_Vision_Avanzada/data/raw/pdbs/4rix.pdb,True,False,False,False,False,False
786,4lrm,EGFR,EGFR,TK,Human,active,in,in,1,3.53,/Users/josefinadehan/tp_vision_avanzada/TPF_Vision_Avanzada/data/raw/pdbs/4lrm.pdb,True,False,False,False,False,False
801,4jq7,EGFR,EGFR,TK,Human,active,in,in,1,2.73,/Users/josefinadehan/tp_vision_avanzada/TPF_Vision_Avanzada/data/raw/pdbs/4jq7.pdb,True,False,False,False,False,False
802,3ika,EGFR,EGFR,TK,Human,active,in,in,1,2.9,/Users/josefinadehan/tp_vision_avanzada/TPF_Vision_Avanzada/data/raw/pdbs/3ika.pdb,True,False,False,False,False,False
789,2itz,EGFR,EGFR,TK,Human,active,in,in,1,2.72,/Users/josefinadehan/tp_vision_avanzada/TPF_Vision_Avanzada/data/raw/pdbs/2itz.pdb,True,False,False,False,False,False
803,5cnn,EGFR,EGFR,TK,Human,inactive,in,out,1,1.9,/Users/josefinadehan/tp_vision_avanzada/TPF_Vision_Avanzada/data/raw/pdbs/5cnn.pdb,False,False,False,True,False,False
790,2ity,EGFR,EGFR,TK,Human,active,in,in,1,3.42,/Users/josefinadehan/tp_vision_avanzada/TPF_Vision_Avanzada/data/raw/pdbs/2ity.pdb,True,False,False,False,False,False
791,5cnn,EGFR,EGFR,TK,Human,inactive,in,out,1,1.9,/Users/josefinadehan/tp_vision_avanzada/TPF_Vision_Avanzada/data/raw/pdbs/5cnn.pdb,False,False,False,True,False,False
833,2itn,EGFR,EGFR,TK,Human,active,in,in,1,2.47,/Users/josefinadehan/tp_vision_avanzada/TPF_Vision_Avanzada/data/raw/pdbs/2itn.pdb,True,False,False,False,False,False
819,3ug2,EGFR,EGFR,TK,Human,active,in,in,1,2.5,/Users/josefinadehan/tp_vision_avanzada/TPF_Vision_Avanzada/data/raw/pdbs/3ug2.pdb,True,False,False,False,False,False
804,4ll0,EGFR,EGFR,TK,Human,active,in,in,1,4.0,/Users/josefinadehan/tp_vision_avanzada/TPF_Vision_Avanzada/data/raw/pdbs/4ll0.pdb,True,False,False,False,False,False
792,3w2s,EGFR,EGFR,TK,Human,inactive,in,out,1,1.9,/Users/josefinadehan/tp_vision_avanzada/TPF_Vision_Avanzada/data/raw/pdbs/3w2s.pdb,False,False,False,True,False,False
793,4rj7,EGFR,EGFR,TK,Human,active,in,in,1,2.55,/Users/josefinadehan/tp_vision_avanzada/TPF_Vision_Avanzada/data/raw/pdbs/4rj7.pdb,True,False,False,False,False,False
806,4riy,EGFR,EGFR,TK,Human,active,in,in,1,2.98,/Users/josefinadehan/tp_vision_avanzada/TPF_Vision_Avanzada/data/raw/pdbs/4riy.pdb,True,False,False,False,False,False
794,4g5j,EGFR,EGFR,TK,Human,active,in,in,1,2.8,/Users/josefinadehan/tp_vision_avanzada/TPF_Vision_Avanzada/data/raw/pdbs/4g5j.pdb,True,False,False,False,False,False
795,2gs7,EGFR,EGFR,TK,Human,inactive,in,out,1,2.6,/Users/josefinadehan/tp_vision_avanzada/TPF_Vision_Avanzada/data/raw/pdbs/2gs7.pdb,False,False,False,True,False,False
812,2jiv,EGFR,EGFR,TK,Human,inactive,in,out,1,3.5,/Users/josefinadehan/tp_vision_avanzada/TPF_Vision_Avanzada/data/raw/pdbs/2jiv.pdb,False,False,False,True,False,False
813,2itq,EGFR,EGFR,TK,Human,active,in,in,1,2.68,/Users/josefinadehan/tp_vision_avanzada/TPF_Vision_Avanzada/data/raw/pdbs/2itq.pdb,True,False,False,False,False,False
816,2eb3,EGFR,EGFR,TK,Human,active,in,in,1,2.84,/Users/josefinadehan/tp_vision_avanzada/TPF_Vision_Avanzada/data/raw/pdbs/2eb3.pdb,True,False,False,False,False,False
808,3lzb,EGFR,EGFR,TK,Human,inactive,in,out,1,2.7,/Users/josefinadehan/tp_vision_avanzada/TPF_Vision_Avanzada/data/raw/pdbs/3lzb.pdb,False,False,False,True,False,False
817,2itw,EGFR,EGFR,TK,Human,active,in,in,1,2.88,/Users/josefinadehan/tp_vision_avanzada/TPF_Vision_Avanzada/data/raw/pdbs/2itw.pdb,True,False,False,False,False,False
809,4g5p,EGFR,EGFR,TK,Human,active,in,in,1,3.17,/Users/josefinadehan/tp_vision_avanzada/TPF_Vision_Avanzada/data/raw/pdbs/4g5p.pdb,True,False,False,False,False,False
825,4lrm,EGFR,EGFR,TK,Human,active,in,in,1,3.53,/Users/josefinadehan/tp_vision_avanzada/TPF_Vision_Avanzada/data/raw/pdbs/4lrm.pdb,True,False,False,False,False,False
828,4rj7,EGFR,EGFR,TK,Human,active,in,in,1,2.55,/Users/josefinadehan/tp_vision_avanzada/TPF_Vision_Avanzada/data/raw/pdbs/4rj7.pdb,True,False,False,False,False,False
822,3w2r,EGFR,EGFR,TK,Human,inactive,in,out,1,2.05,/Users/josefinadehan/tp_vision_avanzada/TPF_Vision_Avanzada/data/raw/pdbs/3w2r.pdb,False,False,False,True,False,False
820,3lzb,EGFR,EGFR,TK,Human,inactive,in,out,1,2.7,/Users/josefinadehan/tp_vision_avanzada/TPF_Vision_Avanzada/data/raw/pdbs/3lzb.pdb,False,False,False,True,False,False
834,2itv,EGFR,EGFR,TK,Human,active,in,in,1,2.47,/Users/josefinadehan/tp_vision_avanzada/TPF_Vision_Avanzada/data/raw/pdbs/2itv.pdb,True,False,False,False,False,False
830,2jiv,EGFR,EGFR,TK,Human,inactive,in,out,1,3.5,/Users/josefinadehan/tp_vision_avanzada/TPF_Vision_Avanzada/data/raw/pdbs/2jiv.pdb,False,False,False,True,False,False
823,4i22,EGFR,EGFR,TK,Human,inactive,in,out,1,1.71,/Users/josefinadehan/tp_vision_avanzada/TPF_Vision_Avanzada/data/raw/pdbs/4i22.pdb,False,False,False,True,False,False
829,3w2p,EGFR,EGFR,TK,Human,active,in,in,1,2.05,/Users/josefinadehan/tp_vision_avanzada/TPF_Vision_Avanzada/data/raw/pdbs/3w2p.pdb,True,False,False,False,False,False
831,4i24,EGFR,EGFR,TK,Human,inactive,in,out,1,1.8,/Users/josefinadehan/tp_vision_avanzada/TPF_Vision_Avanzada/data/raw/pdbs/4i24.pdb,False,False,False,True,False,False
832,4rj6,EGFR,EGFR,TK,Human,active,in,in,1,2.7,/Users/josefinadehan/tp_vision_avanzada/TPF_Vision_Avanzada/data/raw/pdbs/4rj6.pdb,True,False,False,False,False,False
835,4hjo,EGFR,EGFR,TK,Human,inactive,in,out,1,2.75,/Users/josefinadehan/tp_vision_avanzada/TPF_Vision_Avanzada/data/raw/pdbs/4hjo.pdb,False,False,False,True,False,False
837,4wkq,EGFR,EGFR,TK,Human,active,in,in,1,1.85,/Users/josefinadehan/tp_vision_avanzada/TPF_Vision_Avanzada/data/raw/pdbs/4wkq.pdb,True,False,False,False,False,False
848,4riw,EGFR,EGFR,TK,Human,active,in,in,1,3.1,/Users/josefinadehan/tp_vision_avanzada/TPF_Vision_Avanzada/data/raw/pdbs/4riw.pdb,True,False,False,False,False,False
838,3w2p,EGFR,EGFR,TK,Human,active,in,in,1,2.05,/Users/josefinadehan/tp_vision_avanzada/TPF_Vision_Avanzada/data/raw/pdbs/3w2p.pdb,True,False,False,False,False,False
839,5cnn,EGFR,EGFR,TK,Human,inactive,in,out,1,1.9,/Users/josefinadehan/tp_vision_avanzada/TPF_Vision_Avanzada/data/raw/pdbs/5cnn.pdb,False,False,False,True,False,False
841,4li5,EGFR,EGFR,TK,Human,active,in,in,1,2.64,/Users/josefinadehan/tp_vision_avanzada/TPF_Vision_Avanzada/data/raw/pdbs/4li5.pdb,True,False,False,False,False,False
842,2gs7,EGFR,EGFR,TK,Human,inactive,in,out,1,2.6,/Users/josefinadehan/tp_vision_avanzada/TPF_Vision_Avanzada/data/raw/pdbs/2gs7.pdb,False,False,False,True,False,False
844,1xkk,EGFR,EGFR,TK,Human,inactive,in,out,1,2.4,/Users/josefinadehan/tp_vision_avanzada/TPF_Vision_Avanzada/data/raw/pdbs/1xkk.pdb,False,False,False,True,False,False
845,3w2q,EGFR,EGFR,TK,Human,active,in,in,1,2.2,/Users/josefinadehan/tp_vision_avanzada/TPF_Vision_Avanzada/data/raw/pdbs/3w2q.pdb,True,False,False,False,False,False
846,2itq,EGFR,EGFR,TK,Human,active,in,in,1,2.68,/Users/josefinadehan/tp_vision_avanzada/TPF_Vision_Avanzada/data/raw/pdbs/2itq.pdb,True,False,False,False,False,False
847,3gt8,EGFR,EGFR,TK,Human,inactive,in,out,1,2.96,/Users/josefinadehan/tp_vision_avanzada/TPF_Vision_Avanzada/data/raw/pdbs/3gt8.pdb,False,False,False,True,False,False
852,4g5j,EGFR,EGFR,TK,Human,active,in,in,1,2.8,/Users/josefinadehan/tp_vision_avanzada/TPF_Vision_Avanzada/data/raw/pdbs/4g5j.pdb,True,False,False,False,False,False
851,2jiv,EGFR,EGFR,TK,Human,inactive,in,out,1,3.5,/Users/josefinadehan/tp_vision_avanzada/TPF_Vision_Avanzada/data/raw/pdbs/2jiv.pdb,False,False,False,True,False,False
855,3ika,EGFR,EGFR,TK,Human,active,in,in,1,2.9,/Users/josefinadehan/tp_vision_avanzada/TPF_Vision_Avanzada/data/raw/pdbs/3ika.pdb,True,False,False,False,False,False
856,4riy,EGFR,EGFR,TK,Human,active,in,in,1,2.98,/Users/josefinadehan/tp_vision_avanzada/TPF_Vision_Avanzada/data/raw/pdbs/4riy.pdb,True,False,False,False,False,False
901,4lrm,EGFR,EGFR,TK,Human,active,in,in,1,3.53,/Users/josefinadehan/tp_vision_avanzada/TPF_Vision_Avanzada/data/raw/pdbs/4lrm.pdb,True,False,False,False,False,False
902,5cnn,EGFR,EGFR,TK,Human,inactive,in,out,1,1.9,/Users/josefinadehan/tp_vision_avanzada/TPF_Vision_Avanzada/data/raw/pdbs/5cnn.pdb,False,False,False,True,False,False
857,4jrv,EGFR,EGFR,TK,Human,active,in,in,1,2.8,/Users/josefinadehan/tp_vision_avanzada/TPF_Vision_Avanzada/data/raw/pdbs/4jrv.pdb,True,False,False,False,False,False
858,2jiu,EGFR,EGFR,TK,Human,active,in,in,1,3.05,/Users/josefinadehan/tp_vision_avanzada/TPF_Vision_Avanzada/data/raw/pdbs/2jiu.pdb,True,False,False,False,False,False
859,2itu,EGFR,EGFR,TK,Human,active,in,in,1,2.8,/Users/josefinadehan/tp_vision_avanzada/TPF_Vision_Avanzada/data/raw/pdbs/2itu.pdb,True,False,False,False,False,False
860,3gt8,EGFR,EGFR,TK,Human,inactive,in,out,1,2.96,/Users/josefinadehan/tp_vision_avanzada/TPF_Vision_Avanzada/data/raw/pdbs/3gt8.pdb,False,False,False,True,False,False
861,5cno,EGFR,EGFR,TK,Human,inactive,in,out,1,1.55,/Users/josefinadehan/tp_vision_avanzada/TPF_Vision_Avanzada/data/raw/pdbs/5cno.pdb,False,False,False,True,False,False
905,1m17,EGFR,EGFR,TK,Human,active,in,in,1,2.6,/Users/josefinadehan/tp_vision_avanzada/TPF_Vision_Avanzada/data/raw/pdbs/1m17.pdb,True,False,False,False,False,False
862,2j5f,EGFR,EGFR,TK,Human,active,in,in,1,3.0,/Users/josefinadehan/tp_vision_avanzada/TPF_Vision_Avanzada/data/raw/pdbs/2j5f.pdb,True,False,False,False,False,False
865,2itx,EGFR,EGFR,TK,Human,active,in,in,1,2.98,/Users/josefinadehan/tp_vision_avanzada/TPF_Vision_Avanzada/data/raw/pdbs/2itx.pdb,True,False,False,False,False,False
866,4rj4,EGFR,EGFR,TK,Human,active,in,in,1,2.78,/Users/josefinadehan/tp_vision_avanzada/TPF_Vision_Avanzada/data/raw/pdbs/4rj4.pdb,True,False,False,False,False,False
908,3gt8,EGFR,EGFR,TK,Human,inactive,in,out,1,2.96,/Users/josefinadehan/tp_vision_avanzada/TPF_Vision_Avanzada/data/raw/pdbs/3gt8.pdb,False,False,False,True,False,False
867,4lrm,EGFR,EGFR,TK,Human,active,in,in,1,3.53,/Users/josefinadehan/tp_vision_avanzada/TPF_Vision_Avanzada/data/raw/pdbs/4lrm.pdb,True,False,False,False,False,False
909,4rix,EGFR,EGFR,TK,Human,active,in,in,1,3.1,/Users/josefinadehan/tp_vision_avanzada/TPF_Vision_Avanzada/data/raw/pdbs/4rix.pdb,True,False,False,False,False,False
910,4i24,EGFR,EGFR,TK,Human,inactive,in,out,1,1.8,/Users/josefinadehan/tp_vision_avanzada/TPF_Vision_Avanzada/data/raw/pdbs/4i24.pdb,False,False,False,True,False,False
869,3w33,EGFR,EGFR,TK,Human,inactive,in,out,1,1.7,/Users/josefinadehan/tp_vision_avanzada/TPF_Vision_Avanzada/data/raw/pdbs/3w33.pdb,False,False,False,True,False,False
911,2itv,EGFR,EGFR,TK,Human,active,in,in,1,2.47,/Users/josefinadehan/tp_vision_avanzada/TPF_Vision_Avanzada/data/raw/pdbs/2itv.pdb,True,False,False,False,False,False
912,4rj5,EGFR,EGFR,TK,Human,active,in,in,1,3.1,/Users/josefinadehan/tp_vision_avanzada/TPF_Vision_Avanzada/data/raw/pdbs/4rj5.pdb,True,False,False,False,False,False
870,4i23,EGFR,EGFR,TK,Human,active,in,in,1,2.8,/Users/josefinadehan/tp_vision_avanzada/TPF_Vision_Avanzada/data/raw/pdbs/4i23.pdb,True,False,False,False,False,False
871,2itp,EGFR,EGFR,TK,Human,active,in,in,1,2.74,/Users/josefinadehan/tp_vision_avanzada/TPF_Vision_Avanzada/data/raw/pdbs/2itp.pdb,True,False,False,False,False,False
872,3vjn,EGFR,EGFR,TK,Human,active,in,in,1,2.34,/Users/josefinadehan/tp_vision_avanzada/TPF_Vision_Avanzada/data/raw/pdbs/3vjn.pdb,True,False,False,False,False,False
873,1m17,EGFR,EGFR,TK,Human,active,in,in,1,2.6,/Users/josefinadehan/tp_vision_avanzada/TPF_Vision_Avanzada/data/raw/pdbs/1m17.pdb,True,False,False,False,False,False
914,2itw,EGFR,EGFR,TK,Human,active,in,in,1,2.88,/Users/josefinadehan/tp_vision_avanzada/TPF_Vision_Avanzada/data/raw/pdbs/2itw.pdb,True,False,False,False,False,False
874,3w2q,EGFR,EGFR,TK,Human,active,in,in,1,2.2,/Users/josefinadehan/tp_vision_avanzada/TPF_Vision_Avanzada/data/raw/pdbs/3w2q.pdb,True,False,False,False,False,False
877,4riw,EGFR,EGFR,TK,Human,active,in,in,1,3.1,/Users/josefinadehan/tp_vision_avanzada/TPF_Vision_Avanzada/data/raw/pdbs/4riw.pdb,True,False,False,False,False,False
878,5cno,EGFR,EGFR,TK,Human,inactive,in,out,1,1.55,/Users/josefinadehan/tp_vision_avanzada/TPF_Vision_Avanzada/data/raw/pdbs/5cno.pdb,False,False,False,True,False,False
879,2itn,EGFR,EGFR,TK,Human,active,in,in,1,2.47,/Users/josefinadehan/tp_vision_avanzada/TPF_Vision_Avanzada/data/raw/pdbs/2itn.pdb,True,False,False,False,False,False
880,2itp,EGFR,EGFR,TK,Human,active,in,in,1,2.74,/Users/josefinadehan/tp_vision_avanzada/TPF_Vision_Avanzada/data/raw/pdbs/2itp.pdb,True,False,False,False,False,False
882,3gt8,EGFR,EGFR,TK,Human,inactive,in,out,1,2.96,/Users/josefinadehan/tp_vision_avanzada/TPF_Vision_Avanzada/data/raw/pdbs/3gt8.pdb,False,False,False,True,False,False
884,5cno,EGFR,EGFR,TK,Human,inactive,in,out,1,1.55,/Users/josefinadehan/tp_vision_avanzada/TPF_Vision_Avanzada/data/raw/pdbs/5cno.pdb,False,False,False,True,False,False
915,4jr3,EGFR,EGFR,TK,Human,active,in,in,1,2.7,/Users/josefinadehan/tp_vision_avanzada/TPF_Vision_Avanzada/data/raw/pdbs/4jr3.pdb,True,False,False,False,False,False
885,3w2r,EGFR,EGFR,TK,Human,inactive,in,out,1,2.05,/Users/josefinadehan/tp_vision_avanzada/TPF_Vision_Avanzada/data/raw/pdbs/3w2r.pdb,False,False,False,True,False,False
889,4wkq,EGFR,EGFR,TK,Human,active,in,in,1,1.85,/Users/josefinadehan/tp_vision_avanzada/TPF_Vision_Avanzada/data/raw/pdbs/4wkq.pdb,True,False,False,False,False,False
891,2itt,EGFR,EGFR,TK,Human,active,in,in,1,2.73,/Users/josefinadehan/tp_vision_avanzada/TPF_Vision_Avanzada/data/raw/pdbs/2itt.pdb,True,False,False,False,False,False
892,2itt,EGFR,EGFR,TK,Human,active,in,in,1,2.73,/Users/josefinadehan/tp_vision_avanzada/TPF_Vision_Avanzada/data/raw/pdbs/2itt.pdb,True,False,False,False,False,False
893,2jiv,EGFR,EGFR,TK,Human,inactive,in,out,1,3.5,/Users/josefinadehan/tp_vision_avanzada/TPF_Vision_Avanzada/data/raw/pdbs/2jiv.pdb,False,False,False,True,False,False
894,5cno,EGFR,EGFR,TK,Human,inactive,in,out,1,1.55,/Users/josefinadehan/tp_vision_avanzada/TPF_Vision_Avanzada/data/raw/pdbs/5cno.pdb,False,False,False,True,False,False
898,3ug2,EGFR,EGFR,TK,Human,active,in,in,1,2.5,/Users/josefinadehan/tp_vision_avanzada/TPF_Vision_Avanzada/data/raw/pdbs/3ug2.pdb,True,False,False,False,False,False
899,4rj8,EGFR,EGFR,TK,Human,active,in,in,1,2.5,/Users/josefinadehan/tp_vision_avanzada/TPF_Vision_Avanzada/data/raw/pdbs/4rj8.pdb,True,False,False,False,False,False
900,2j6m,EGFR,EGFR,TK,Human,active,in,in,1,3.1,/Users/josefinadehan/tp_vision_avanzada/TPF_Vision_Avanzada/data/raw/pdbs/2j6m.pdb,True,False,False,False,False,False
6253,5edq,EGFR,EGFR,TK,Human,active,in,in,1,2.8,/Users/josefinadehan/tp_vision_avanzada/TPF_Vision_Avanzada/data/raw/pdbs/5edq.pdb,True,False,False,False,False,False
6195,5cal,EGFR,EGFR,TK,Human,active,in,in,1,2.7,/Users/josefinadehan/tp_vision_avanzada/TPF_Vision_Avanzada/data/raw/pdbs/5cal.pdb,True,False,False,False,False,False
6196,5cau,EGFR,EGFR,TK,Human,active,in,in,1,2.25,/Users/josefinadehan/tp_vision_avanzada/TPF_Vision_Avanzada/data/raw/pdbs/5cau.pdb,True,False,False,False,False,False
6197,5cav,EGFR,EGFR,TK,Human,active,in,in,1,2.73,/Users/josefinadehan/tp_vision_avanzada/TPF_Vision_Avanzada/data/raw/pdbs/5cav.pdb,True,False,False,False,False,False
6198,5cap,EGFR,EGFR,TK,Human,active,in,in,1,2.4,/Users/josefinadehan/tp_vision_avanzada/TPF_Vision_Avanzada/data/raw/pdbs/5cap.pdb,True,False,False,False,False,False
6199,5c8n,EGFR,EGFR,TK,Human,active,in,in,1,2.4,/Users/josefinadehan/tp_vision_avanzada/TPF_Vision_Avanzada/data/raw/pdbs/5c8n.pdb,True,False,False,False,False,False
6200,5cap,EGFR,EGFR,TK,Human,active,in,in,1,2.4,/Users/josefinadehan/tp_vision_avanzada/TPF_Vision_Avanzada/data/raw/pdbs/5cap.pdb,True,False,False,False,False,False
6201,5c8k,EGFR,EGFR,TK,Human,active,in,in,1,3.0,/Users/josefinadehan/tp_vision_avanzada/TPF_Vision_Avanzada/data/raw/pdbs/5c8k.pdb,True,False,False,False,False,False
6202,5c8m,EGFR,EGFR,TK,Human,active,in,in,1,2.9,/Users/josefinadehan/tp_vision_avanzada/TPF_Vision_Avanzada/data/raw/pdbs/5c8m.pdb,True,False,False,False,False,False
6203,5can,EGFR,EGFR,TK,Human,active,in,in,1,2.8,/Users/josefinadehan/tp_vision_avanzada/TPF_Vision_Avanzada/data/raw/pdbs/5can.pdb,True,False,False,False,False,False
6204,5caq,EGFR,EGFR,TK,Human,active,in,in,1,2.5,/Users/josefinadehan/tp_vision_avanzada/TPF_Vision_Avanzada/data/raw/pdbs/5caq.pdb,True,False,False,False,False,False
6205,5cas,EGFR,EGFR,TK,Human,active,in,in,1,2.1,/Users/josefinadehan/tp_vision_avanzada/TPF_Vision_Avanzada/data/raw/pdbs/5cas.pdb,True,False,False,False,False,False
6206,5cao,EGFR,EGFR,TK,Human,active,in,in,1,2.6,/Users/josefinadehan/tp_vision_avanzada/TPF_Vision_Avanzada/data/raw/pdbs/5cao.pdb,True,False,False,False,False,False
6254,5edr,EGFR,EGFR,TK,Human,active,in,in,1,2.6,/Users/josefinadehan/tp_vision_avanzada/TPF_Vision_Avanzada/data/raw/pdbs/5edr.pdb,True,False,False,False,False,False
6221,4zau,EGFR,EGFR,TK,Human,active,in,in,1,2.8,/Users/josefinadehan/tp_vision_avanzada/TPF_Vision_Avanzada/data/raw/pdbs/4zau.pdb,True,False,False,False,False,False
6255,5edr,EGFR,EGFR,TK,Human,active,in,in,1,2.6,/Users/josefinadehan/tp_vision_avanzada/TPF_Vision_Avanzada/data/raw/pdbs/5edr.pdb,True,False,False,False,False,False
6303,5em7,EGFR,EGFR,TK,Human,active,in,in,1,2.81,/Users/josefinadehan/tp_vision_avanzada/TPF_Vision_Avanzada/data/raw/pdbs/5em7.pdb,True,False,False,False,False,False
6304,5em7,EGFR,EGFR,TK,Human,active,in,in,1,2.81,/Users/josefinadehan/tp_vision_avanzada/TPF_Vision_Avanzada/data/raw/pdbs/5em7.pdb,True,False,False,False,False,False
6305,5em6,EGFR,EGFR,TK,Human,active,in,in,1,2.78,/Users/josefinadehan/tp_vision_avanzada/TPF_Vision_Avanzada/data/raw/pdbs/5em6.pdb,True,False,False,False,False,False
6306,5em8,EGFR,EGFR,TK,Human,active,in,in,1,2.8,/Users/josefinadehan/tp_vision_avanzada/TPF_Vision_Avanzada/data/raw/pdbs/5em8.pdb,True,False,False,False,False,False
6307,5em5,EGFR,EGFR,TK,Human,active,in,in,1,2.65,/Users/josefinadehan/tp_vision_avanzada/TPF_Vision_Avanzada/data/raw/pdbs/5em5.pdb,True,False,False,False,False,False
6367,5hg7,EGFR,EGFR,TK,Human,inactive,out,out,1,1.85,/Users/josefinadehan/tp_vision_avanzada/TPF_Vision_Avanzada/data/raw/pdbs/5hg7.pdb,False,False,False,False,False,False
6375,5hg5,EGFR,EGFR,TK,Human,inactive,out,out,1,1.52,/Users/josefinadehan/tp_vision_avanzada/TPF_Vision_Avanzada/data/raw/pdbs/5hg5.pdb,False,False,False,False,False,False
6376,5hg5,EGFR,EGFR,TK,Human,inactive,out,out,1,1.52,/Users/josefinadehan/tp_vision_avanzada/TPF_Vision_Avanzada/data/raw/pdbs/5hg5.pdb,False,False,False,False,False,False
6377,5hg9,EGFR,EGFR,TK,Human,inactive,out,out,1,2.15,/Users/josefinadehan/tp_vision_avanzada/TPF_Vision_Avanzada/data/raw/pdbs/5hg9.pdb,False,False,False,False,False,False
6378,5hg8,EGFR,EGFR,TK,Human,inactive,out,out,1,1.42,/Users/josefinadehan/tp_vision_avanzada/TPF_Vision_Avanzada/data/raw/pdbs/5hg8.pdb,False,False,False,False,False,False
6379,5hg9,EGFR,EGFR,TK,Human,inactive,out,out,1,2.15,/Users/josefinadehan/tp_vision_avanzada/TPF_Vision_Avanzada/data/raw/pdbs/5hg9.pdb,False,False,False,False,False,False
6380,5hg8,EGFR,EGFR,TK,Human,inactive,out,out,1,1.42,/Users/josefinadehan/tp_vision_avanzada/TPF_Vision_Avanzada/data/raw/pdbs/5hg8.pdb,False,False,False,False,False,False
6490,5hib,EGFR,EGFR,TK,Human,active,in,in,1,2.85,/Users/josefinadehan/tp_vision_avanzada/TPF_Vision_Avanzada/data/raw/pdbs/5hib.pdb,True,False,False,False,False,False
6491,5hic,EGFR,EGFR,TK,Human,active,in,in,1,2.6,/Users/josefinadehan/tp_vision_avanzada/TPF_Vision_Avanzada/data/raw/pdbs/5hic.pdb,True,False,False,False,False,False
6594,4wd5,EGFR,EGFR,TK,Human,active,in,in,1,3.3,/Users/josefinadehan/tp_vision_avanzada/TPF_Vision_Avanzada/data/raw/pdbs/4wd5.pdb,True,False,False,False,False,False
6664,5d41,EGFR,EGFR,TK,Human,inactive,in,out,1,2.31,/Users/josefinadehan/tp_vision_avanzada/TPF_Vision_Avanzada/data/raw/pdbs/5d41.pdb,False,False,False,True,False,False
6693,4zse,EGFR,EGFR,TK,Human,inactive,in,out,1,1.97,/Users/josefinadehan/tp_vision_avanzada/TPF_Vision_Avanzada/data/raw/pdbs/4zse.pdb,False,False,False,True,False,False
6694,4zse,EGFR,EGFR,TK,Human,inactive,in,out,1,1.97,/Users/josefinadehan/tp_vision_avanzada/TPF_Vision_Avanzada/data/raw/pdbs/4zse.pdb,False,False,False,True,False,False
6665,5d41,EGFR,EGFR,TK,Human,inactive,in,out,1,2.31,/Users/josefinadehan/tp_vision_avanzada/TPF_Vision_Avanzada/data/raw/pdbs/5d41.pdb,False,False,False,True,False,False
6666,5d41,EGFR,EGFR,TK,Human,inactive,in,out,1,2.31,/Users/josefinadehan/tp_vision_avanzada/TPF_Vision_Avanzada/data/raw/pdbs/5d41.pdb,False,False,False,True,False,False
6695,4zse,EGFR,EGFR,TK,Human,inactive,in,out,1,1.97,/Users/josefinadehan/tp_vision_avanzada/TPF_Vision_Avanzada/data/raw/pdbs/4zse.pdb,False,False,False,True,False,False
6696,4zse,EGFR,EGFR,TK,Human,inactive,in,out,1,1.97,/Users/josefinadehan/tp_vision_avanzada/TPF_Vision_Avanzada/data/raw/pdbs/4zse.pdb,False,False,False,True,False,False
6697,4zse,EGFR,EGFR,TK,Human,inactive,in,out,1,1.97,/Users/josefinadehan/tp_vision_avanzada/TPF_Vision_Avanzada/data/raw/pdbs/4zse.pdb,False,False,False,True,False,False
6698,4zse,EGFR,EGFR,TK,Human,inactive,in,out,1,1.97,/Users/josefinadehan/tp_vision_avanzada/TPF_Vision_Avanzada/data/raw/pdbs/4zse.pdb,False,False,False,True,False,False
6667,5d41,EGFR,EGFR,TK,Human,inactive,in,out,1,2.31,/Users/josefinadehan/tp_vision_avanzada/TPF_Vision_Avanzada/data/raw/pdbs/5d41.pdb,False,False,False,True,False,False
6699,4zse,EGFR,EGFR,TK,Human,inactive,in,out,1,1.97,/Users/josefinadehan/tp_vision_avanzada/TPF_Vision_Avanzada/data/raw/pdbs/4zse.pdb,False,False,False,True,False,False
6700,4zse,EGFR,EGFR,TK,Human,inactive,in,out,1,1.97,/Users/josefinadehan/tp_vision_avanzada/TPF_Vision_Avanzada/data/raw/pdbs/4zse.pdb,False,False,False,True,False,False
6757,2rgp,EGFR,EGFR,TK,Human,inactive,in,out,1,2.0,/Users/josefinadehan/tp_vision_avanzada/TPF_Vision_Avanzada/data/raw/pdbs/2rgp.pdb,False,False,False,True,False,False
6758,3bel,EGFR,EGFR,TK,Human,inactive,in,out,1,2.3,/Users/josefinadehan/tp_vision_avanzada/TPF_Vision_Avanzada/data/raw/pdbs/3bel.pdb,False,False,False,True,False,False
6881,5fee,EGFR,EGFR,TK,Human,active,in,in,1,2.7,/Users/josefinadehan/tp_vision_avanzada/TPF_Vision_Avanzada/data/raw/pdbs/5fee.pdb,True,False,False,False,False,False
6882,5fed,EGFR,EGFR,TK,Human,active,in,in,1,2.65,/Users/josefinadehan/tp_vision_avanzada/TPF_Vision_Avanzada/data/raw/pdbs/5fed.pdb,True,False,False,False,False,False
6883,5feq,EGFR,EGFR,TK,Human,active,in,in,1,3.4,/Users/josefinadehan/tp_vision_avanzada/TPF_Vision_Avanzada/data/raw/pdbs/5feq.pdb,True,False,False,False,False,False
6945,5j9y,EGFR,EGFR,TK,Human,active,in,in,1,2.8,/Users/josefinadehan/tp_vision_avanzada/TPF_Vision_Avanzada/data/raw/pdbs/5j9y.pdb,True,False,False,False,False,False
6946,5j9y,EGFR,EGFR,TK,Human,active,in,in,1,2.8,/Users/josefinadehan/tp_vision_avanzada/TPF_Vision_Avanzada/data/raw/pdbs/5j9y.pdb,True,False,False,False,False,False
6947,5j9z,EGFR,EGFR,TK,Human,active,in,in,1,2.5,/Users/josefinadehan/tp_vision_avanzada/TPF_Vision_Avanzada/data/raw/pdbs/5j9z.pdb,True,False,False,False,False,False
7038,5jeb,EGFR,EGFR,TK,Human,active,in,in,1,3.3,/Users/josefinadehan/tp_vision_avanzada/TPF_Vision_Avanzada/data/raw/pdbs/5jeb.pdb,True,False,False,False,False,False
7039,5hcy,EGFR,EGFR,TK,Human,active,in,in,1,2.46,/Users/josefinadehan/tp_vision_avanzada/TPF_Vision_Avanzada/data/raw/pdbs/5hcy.pdb,True,False,False,False,False,False
7040,5hcx,EGFR,EGFR,TK,Human,active,in,in,1,2.6,/Users/josefinadehan/tp_vision_avanzada/TPF_Vision_Avanzada/data/raw/pdbs/5hcx.pdb,True,False,False,False,False,False
7041,5hcz,EGFR,EGFR,TK,Human,active,in,in,1,2.62,/Users/josefinadehan/tp_vision_avanzada/TPF_Vision_Avanzada/data/raw/pdbs/5hcz.pdb,True,False,False,False,False,False
7308,3poz,EGFR,EGFR,TK,Human,inactive,in,out,1,1.5,/Users/josefinadehan/tp_vision_avanzada/TPF_Vision_Avanzada/data/raw/pdbs/3poz.pdb,False,False,False,True,False,False
7386,5u8l,EGFR,EGFR,TK,Human,inactive,out,out,1,1.6,/Users/josefinadehan/tp_vision_avanzada/TPF_Vision_Avanzada/data/raw/pdbs/5u8l.pdb,False,False,False,False,False,False
7387,5u8l,EGFR,EGFR,TK,Human,inactive,out,out,1,1.6,/Users/josefinadehan/tp_vision_avanzada/TPF_Vision_Avanzada/data/raw/pdbs/5u8l.pdb,False,False,False,False,False,False
7511,5uga,EGFR,EGFR,TK,Human,inactive,out,out,1,1.82,/Users/josefinadehan/tp_vision_avanzada/TPF_Vision_Avanzada/data/raw/pdbs/5uga.pdb,False,False,False,False,False,False
7512,5ug9,EGFR,EGFR,TK,Human,inactive,out,out,1,0.0,/Users/josefinadehan/tp_vision_avanzada/TPF_Vision_Avanzada/data/raw/pdbs/5ug9.pdb,False,False,False,False,False,False
7513,5ug9,EGFR,EGFR,TK,Human,inactive,out,out,1,0.0,/Users/josefinadehan/tp_vision_avanzada/TPF_Vision_Avanzada/data/raw/pdbs/5ug9.pdb,False,False,False,False,False,False
7514,5ug8,EGFR,EGFR,TK,Human,inactive,out,out,1,0.0,/Users/josefinadehan/tp_vision_avanzada/TPF_Vision_Avanzada/data/raw/pdbs/5ug8.pdb,False,False,False,False,False,False
7515,5ugb,EGFR,EGFR,TK,Human,active,in,in,1,2.53,/Users/josefinadehan/tp_vision_avanzada/TPF_Vision_Avanzada/data/raw/pdbs/5ugb.pdb,True,False,False,False,False,False
7516,5ugc,EGFR,EGFR,TK,Human,inactive,out,out,1,1.58,/Users/josefinadehan/tp_vision_avanzada/TPF_Vision_Avanzada/data/raw/pdbs/5ugc.pdb,False,False,False,False,False,False
7517,5uga,EGFR,EGFR,TK,Human,inactive,out,out,1,1.82,/Users/josefinadehan/tp_vision_avanzada/TPF_Vision_Avanzada/data/raw/pdbs/5uga.pdb,False,False,False,False,False,False
7518,5ugc,EGFR,EGFR,TK,Human,inactive,out,out,1,1.58,/Users/josefinadehan/tp_vision_avanzada/TPF_Vision_Avanzada/data/raw/pdbs/5ugc.pdb,False,False,False,False,False,False
7519,5ug8,EGFR,EGFR,TK,Human,inactive,out,out,1,0.0,/Users/josefinadehan/tp_vision_avanzada/TPF_Vision_Avanzada/data/raw/pdbs/5ug8.pdb,False,False,False,False,False,False
7524,5gnk,EGFR,EGFR,TK,Human,active,in,in,1,1.8,/Users/josefinadehan/tp_vision_avanzada/TPF_Vision_Avanzada/data/raw/pdbs/5gnk.pdb,True,False,False,False,False,False
7525,5gnk,EGFR,EGFR,TK,Human,active,in,in,1,1.8,/Users/josefinadehan/tp_vision_avanzada/TPF_Vision_Avanzada/data/raw/pdbs/5gnk.pdb,True,False,False,False,False,False
8167,5gmp,EGFR,EGFR,TK,Human,active,in,in,1,2.8,/Users/josefinadehan/tp_vision_avanzada/TPF_Vision_Avanzada/data/raw/pdbs/5gmp.pdb,True,False,False,False,False,False
8168,5gmp,EGFR,EGFR,TK,Human,active,in,in,1,2.8,/Users/josefinadehan/tp_vision_avanzada/TPF_Vision_Avanzada/data/raw/pdbs/5gmp.pdb,True,False,False,False,False,False
8357,5gty,EGFR,EGFR,TK,Human,inactive,in,out,1,3.14,/Users/josefinadehan/tp_vision_avanzada/TPF_Vision_Avanzada/data/raw/pdbs/5gty.pdb,False,False,False,True,False,False
8364,5gty,EGFR,EGFR,TK,Human,inactive,in,out,1,3.14,/Users/josefinadehan/tp_vision_avanzada/TPF_Vision_Avanzada/data/raw/pdbs/5gty.pdb,False,False,False,True,False,False
8354,5gty,EGFR,EGFR,TK,Human,inactive,in,out,1,3.14,/Users/josefinadehan/tp_vision_avanzada/TPF_Vision_Avanzada/data/raw/pdbs/5gty.pdb,False,False,False,True,False,False
8365,5gtz,EGFR,EGFR,TK,Human,active,in,in,1,3.0,/Users/josefinadehan/tp_vision_avanzada/TPF_Vision_Avanzada/data/raw/pdbs/5gtz.pdb,True,False,False,False,False,False
8362,5gty,EGFR,EGFR,TK,Human,inactive,in,out,1,3.14,/Users/josefinadehan/tp_vision_avanzada/TPF_Vision_Avanzada/data/raw/pdbs/5gty.pdb,False,False,False,True,False,False
8358,5gty,EGFR,EGFR,TK,Human,inactive,in,out,1,3.14,/Users/josefinadehan/tp_vision_avanzada/TPF_Vision_Avanzada/data/raw/pdbs/5gty.pdb,False,False,False,True,False,False
8355,5gty,EGFR,EGFR,TK,Human,inactive,in,out,1,3.14,/Users/josefinadehan/tp_vision_avanzada/TPF_Vision_Avanzada/data/raw/pdbs/5gty.pdb,False,False,False,True,False,False
8352,5gty,EGFR,EGFR,TK,Human,inactive,in,out,1,3.14,/Users/josefinadehan/tp_vision_avanzada/TPF_Vision_Avanzada/data/raw/pdbs/5gty.pdb,False,False,False,True,False,False
8367,5gty,EGFR,EGFR,TK,Human,inactive,in,out,1,3.14,/Users/josefinadehan/tp_vision_avanzada/TPF_Vision_Avanzada/data/raw/pdbs/5gty.pdb,False,False,False,True,False,False
8353,5gty,EGFR,EGFR,TK,Human,inactive,in,out,1,3.14,/Users/josefinadehan/tp_vision_avanzada/TPF_Vision_Avanzada/data/raw/pdbs/5gty.pdb,False,False,False,True,False,False
8359,5gty,EGFR,EGFR,TK,Human,inactive,in,out,1,3.14,/Users/josefinadehan/tp_vision_avanzada/TPF_Vision_Avanzada/data/raw/pdbs/5gty.pdb,False,False,False,True,False,False
8356,5gty,EGFR,EGFR,TK,Human,inactive,in,out,1,3.14,/Users/josefinadehan/tp_vision_avanzada/TPF_Vision_Avanzada/data/raw/pdbs/5gty.pdb,False,False,False,True,False,False
8369,5gty,EGFR,EGFR,TK,Human,inactive,in,out,1,3.14,/Users/josefinadehan/tp_vision_avanzada/TPF_Vision_Avanzada/data/raw/pdbs/5gty.pdb,False,False,False,True,False,False
8363,5gty,EGFR,EGFR,TK,Human,inactive,in,out,1,3.14,/Users/josefinadehan/tp_vision_avanzada/TPF_Vision_Avanzada/data/raw/pdbs/5gty.pdb,False,False,False,True,False,False
8366,5gty,EGFR,EGFR,TK,Human,inactive,in,out,1,3.14,/Users/josefinadehan/tp_vision_avanzada/TPF_Vision_Avanzada/data/raw/pdbs/5gty.pdb,False,False,False,True,False,False
8360,5gty,EGFR,EGFR,TK,Human,inactive,in,out,1,3.14,/Users/josefinadehan/tp_vision_avanzada/TPF_Vision_Avanzada/data/raw/pdbs/5gty.pdb,False,False,False,True,False,False
8361,5gtz,EGFR,EGFR,TK,Human,active,in,in,1,3.0,/Users/josefinadehan/tp_vision_avanzada/TPF_Vision_Avanzada/data/raw/pdbs/5gtz.pdb,True,False,False,False,False,False
8368,5gty,EGFR,EGFR,TK,Human,inactive,in,out,1,3.14,/Users/josefinadehan/tp_vision_avanzada/TPF_Vision_Avanzada/data/raw/pdbs/5gty.pdb,False,False,False,True,False,False
8568,5uwd,EGFR,EGFR,TK,Human,inactive,out-like,out,1,3.06,/Users/josefinadehan/tp_vision_avanzada/TPF_Vision_Avanzada/data/raw/pdbs/5uwd.pdb,False,False,False,False,False,False
8552,5xgm,EGFR,EGFR,TK,Human,active,in,in,1,2.95,/Users/josefinadehan/tp_vision_avanzada/TPF_Vision_Avanzada/data/raw/pdbs/5xgm.pdb,True,False,False,False,False,False
8553,5xgn,EGFR,EGFR,TK,Human,active,in,in,1,3.0,/Users/josefinadehan/tp_vision_avanzada/TPF_Vision_Avanzada/data/raw/pdbs/5xgn.pdb,True,False,False,False,False,False
9065,5xdk,EGFR,EGFR,TK,Human,active,in,in,1,2.35,/Users/josefinadehan/tp_vision_avanzada/TPF_Vision_Avanzada/data/raw/pdbs/5xdk.pdb,True,False,False,False,False,False
9066,5xdl,EGFR,EGFR,TK,Human,active,in,in,1,2.7,/Users/josefinadehan/tp_vision_avanzada/TPF_Vision_Avanzada/data/raw/pdbs/5xdl.pdb,True,False,False,False,False,False
9118,3w2o,EGFR,EGFR,TK,Human,active,in,in,1,2.35,/Users/josefinadehan/tp_vision_avanzada/TPF_Vision_Avanzada/data/raw/pdbs/3w2o.pdb,True,False,False,False,False,False
9119,3w2o,EGFR,EGFR,TK,Human,active,in,in,1,2.35,/Users/josefinadehan/tp_vision_avanzada/TPF_Vision_Avanzada/data/raw/pdbs/3w2o.pdb,True,False,False,False,False,False
9430,5yu9,EGFR,EGFR,TK,Human,inactive,in,out,1,1.95,/Users/josefinadehan/tp_vision_avanzada/TPF_Vision_Avanzada/data/raw/pdbs/5yu9.pdb,False,False,False,True,False,False
9431,5yu9,EGFR,EGFR,TK,Human,inactive,in,out,1,1.95,/Users/josefinadehan/tp_vision_avanzada/TPF_Vision_Avanzada/data/raw/pdbs/5yu9.pdb,False,False,False,True,False,False
9432,5yu9,EGFR,EGFR,TK,Human,inactive,in,out,1,1.95,/Users/josefinadehan/tp_vision_avanzada/TPF_Vision_Avanzada/data/raw/pdbs/5yu9.pdb,False,False,False,True,False,False
9433,5yu9,EGFR,EGFR,TK,Human,inactive,in,out,1,1.95,/Users/josefinadehan/tp_vision_avanzada/TPF_Vision_Avanzada/data/raw/pdbs/5yu9.pdb,False,False,False,True,False,False
9434,5yu9,EGFR,EGFR,TK,Human,inactive,in,out,1,1.95,/Users/josefinadehan/tp_vision_avanzada/TPF_Vision_Avanzada/data/raw/pdbs/5yu9.pdb,False,False,False,True,False,False
9427,5yu9,EGFR,EGFR,TK,Human,inactive,in,out,1,1.95,/Users/josefinadehan/tp_vision_avanzada/TPF_Vision_Avanzada/data/raw/pdbs/5yu9.pdb,False,False,False,True,False,False
9428,5yu9,EGFR,EGFR,TK,Human,inactive,in,out,1,1.95,/Users/josefinadehan/tp_vision_avanzada/TPF_Vision_Avanzada/data/raw/pdbs/5yu9.pdb,False,False,False,True,False,False
9429,5yu9,EGFR,EGFR,TK,Human,inactive,in,out,1,1.95,/Users/josefinadehan/tp_vision_avanzada/TPF_Vision_Avanzada/data/raw/pdbs/5yu9.pdb,False,False,False,True,False,False
9569,5x2c,EGFR,EGFR,TK,Human,inactive,in,out,1,2.05,/Users/josefinadehan/tp_vision_avanzada/TPF_Vision_Avanzada/data/raw/pdbs/5x2c.pdb,False,False,False,True,False,False
9526,5x2a,EGFR,EGFR,TK,Human,inactive,in,out,1,1.85,/Users/josefinadehan/tp_vision_avanzada/TPF_Vision_Avanzada/data/raw/pdbs/5x2a.pdb,False,False,False,True,False,False
9527,5x2f,EGFR,EGFR,TK,Human,inactive,in,out,1,2.2,/Users/josefinadehan/tp_vision_avanzada/TPF_Vision_Avanzada/data/raw/pdbs/5x2f.pdb,False,False,False,True,False,False
9528,5x2f,EGFR,EGFR,TK,Human,inactive,in,out,1,2.2,/Users/josefinadehan/tp_vision_avanzada/TPF_Vision_Avanzada/data/raw/pdbs/5x2f.pdb,False,False,False,True,False,False
9529,5x2a,EGFR,EGFR,TK,Human,inactive,in,out,1,1.85,/Users/josefinadehan/tp_vision_avanzada/TPF_Vision_Avanzada/data/raw/pdbs/5x2a.pdb,False,False,False,True,False,False
9570,5x2c,EGFR,EGFR,TK,Human,inactive,in,out,1,2.05,/Users/josefinadehan/tp_vision_avanzada/TPF_Vision_Avanzada/data/raw/pdbs/5x2c.pdb,False,False,False,True,False,False
9530,5x2a,EGFR,EGFR,TK,Human,inactive,in,out,1,1.85,/Users/josefinadehan/tp_vision_avanzada/TPF_Vision_Avanzada/data/raw/pdbs/5x2a.pdb,False,False,False,True,False,False
9531,5x2a,EGFR,EGFR,TK,Human,inactive,in,out,1,1.85,/Users/josefinadehan/tp_vision_avanzada/TPF_Vision_Avanzada/data/raw/pdbs/5x2a.pdb,False,False,False,True,False,False
9532,5x2a,EGFR,EGFR,TK,Human,inactive,in,out,1,1.85,/Users/josefinadehan/tp_vision_avanzada/TPF_Vision_Avanzada/data/raw/pdbs/5x2a.pdb,False,False,False,True,False,False
9533,5x2a,EGFR,EGFR,TK,Human,inactive,in,out,1,1.85,/Users/josefinadehan/tp_vision_avanzada/TPF_Vision_Avanzada/data/raw/pdbs/5x2a.pdb,False,False,False,True,False,False
9571,5x2c,EGFR,EGFR,TK,Human,inactive,in,out,1,2.05,/Users/josefinadehan/tp_vision_avanzada/TPF_Vision_Avanzada/data/raw/pdbs/5x2c.pdb,False,False,False,True,False,False
9534,5x27,EGFR,EGFR,TK,Human,active,in,in,1,2.95,/Users/josefinadehan/tp_vision_avanzada/TPF_Vision_Avanzada/data/raw/pdbs/5x27.pdb,True,False,False,False,False,False
9535,5x2f,EGFR,EGFR,TK,Human,inactive,in,out,1,2.2,/Users/josefinadehan/tp_vision_avanzada/TPF_Vision_Avanzada/data/raw/pdbs/5x2f.pdb,False,False,False,True,False,False
9536,5x26,EGFR,EGFR,TK,Human,active,in,in,1,2.95,/Users/josefinadehan/tp_vision_avanzada/TPF_Vision_Avanzada/data/raw/pdbs/5x26.pdb,True,False,False,False,False,False
9537,5x2a,EGFR,EGFR,TK,Human,inactive,in,out,1,1.85,/Users/josefinadehan/tp_vision_avanzada/TPF_Vision_Avanzada/data/raw/pdbs/5x2a.pdb,False,False,False,True,False,False
9538,5x28,EGFR,EGFR,TK,Human,active,in,in,1,2.95,/Users/josefinadehan/tp_vision_avanzada/TPF_Vision_Avanzada/data/raw/pdbs/5x28.pdb,True,False,False,False,False,False
9539,5x2a,EGFR,EGFR,TK,Human,inactive,in,out,1,1.85,/Users/josefinadehan/tp_vision_avanzada/TPF_Vision_Avanzada/data/raw/pdbs/5x2a.pdb,False,False,False,True,False,False
9540,5x2f,EGFR,EGFR,TK,Human,inactive,in,out,1,2.2,/Users/josefinadehan/tp_vision_avanzada/TPF_Vision_Avanzada/data/raw/pdbs/5x2f.pdb,False,False,False,True,False,False
9541,5x2f,EGFR,EGFR,TK,Human,inactive,in,out,1,2.2,/Users/josefinadehan/tp_vision_avanzada/TPF_Vision_Avanzada/data/raw/pdbs/5x2f.pdb,False,False,False,True,False,False
9542,5x2f,EGFR,EGFR,TK,Human,inactive,in,out,1,2.2,/Users/josefinadehan/tp_vision_avanzada/TPF_Vision_Avanzada/data/raw/pdbs/5x2f.pdb,False,False,False,True,False,False
9543,5x2a,EGFR,EGFR,TK,Human,inactive,in,out,1,1.85,/Users/josefinadehan/tp_vision_avanzada/TPF_Vision_Avanzada/data/raw/pdbs/5x2a.pdb,False,False,False,True,False,False
9544,5x2f,EGFR,EGFR,TK,Human,inactive,in,out,1,2.2,/Users/josefinadehan/tp_vision_avanzada/TPF_Vision_Avanzada/data/raw/pdbs/5x2f.pdb,False,False,False,True,False,False
9545,5x2a,EGFR,EGFR,TK,Human,inactive,in,out,1,1.85,/Users/josefinadehan/tp_vision_avanzada/TPF_Vision_Avanzada/data/raw/pdbs/5x2a.pdb,False,False,False,True,False,False
9546,5x2f,EGFR,EGFR,TK,Human,inactive,in,out,1,2.2,/Users/josefinadehan/tp_vision_avanzada/TPF_Vision_Avanzada/data/raw/pdbs/5x2f.pdb,False,False,False,True,False,False
9547,5x2a,EGFR,EGFR,TK,Human,inactive,in,out,1,1.85,/Users/josefinadehan/tp_vision_avanzada/TPF_Vision_Avanzada/data/raw/pdbs/5x2a.pdb,False,False,False,True,False,False
9548,5x2a,EGFR,EGFR,TK,Human,inactive,in,out,1,1.85,/Users/josefinadehan/tp_vision_avanzada/TPF_Vision_Avanzada/data/raw/pdbs/5x2a.pdb,False,False,False,True,False,False
9566,5x2c,EGFR,EGFR,TK,Human,inactive,in,out,1,2.05,/Users/josefinadehan/tp_vision_avanzada/TPF_Vision_Avanzada/data/raw/pdbs/5x2c.pdb,False,False,False,True,False,False
9572,5x2c,EGFR,EGFR,TK,Human,inactive,in,out,1,2.05,/Users/josefinadehan/tp_vision_avanzada/TPF_Vision_Avanzada/data/raw/pdbs/5x2c.pdb,False,False,False,True,False,False
9567,5x2c,EGFR,EGFR,TK,Human,inactive,in,out,1,2.05,/Users/josefinadehan/tp_vision_avanzada/TPF_Vision_Avanzada/data/raw/pdbs/5x2c.pdb,False,False,False,True,False,False
9568,5x2k,EGFR,EGFR,TK,Human,active,in,in,1,3.2,/Users/josefinadehan/tp_vision_avanzada/TPF_Vision_Avanzada/data/raw/pdbs/5x2k.pdb,True,False,False,False,False,False
10053,5y9t,EGFR,EGFR,TK,Human,active,in,in,1,3.25,/Users/josefinadehan/tp_vision_avanzada/TPF_Vision_Avanzada/data/raw/pdbs/5y9t.pdb,True,False,False,False,False,False
10372,5zwj,EGFR,EGFR,TK,Human,inactive,in,out,1,2.9,/Users/josefinadehan/tp_vision_avanzada/TPF_Vision_Avanzada/data/raw/pdbs/5zwj.pdb,False,False,False,True,False,False
10373,5y25,EGFR,EGFR,TK,Human,active,in,in,1,3.1,/Users/josefinadehan/tp_vision_avanzada/TPF_Vision_Avanzada/data/raw/pdbs/5y25.pdb,True,False,False,False,False,False
10374,6d8e,EGFR,EGFR,TK,Human,active,in,in,1,2.54,/Users/josefinadehan/tp_vision_avanzada/TPF_Vision_Avanzada/data/raw/pdbs/6d8e.pdb,True,False,False,False,False,False
11058,6duk,EGFR,EGFR,TK,Human,inactive,in,out,1,2.2,/Users/josefinadehan/tp_vision_avanzada/TPF_Vision_Avanzada/data/raw/pdbs/6duk.pdb,False,False,False,True,False,False
11059,6duk,EGFR,EGFR,TK,Human,inactive,in,out,1,2.2,/Users/josefinadehan/tp_vision_avanzada/TPF_Vision_Avanzada/data/raw/pdbs/6duk.pdb,False,False,False,True,False,False
11060,6duk,EGFR,EGFR,TK,Human,inactive,in,out,1,2.2,/Users/josefinadehan/tp_vision_avanzada/TPF_Vision_Avanzada/data/raw/pdbs/6duk.pdb,False,False,False,True,False,False
11061,6duk,EGFR,EGFR,TK,Human,inactive,in,out,1,2.2,/Users/josefinadehan/tp_vision_avanzada/TPF_Vision_Avanzada/data/raw/pdbs/6duk.pdb,False,False,False,True,False,False
11062,6duk,EGFR,EGFR,TK,Human,inactive,in,out,1,2.2,/Users/josefinadehan/tp_vision_avanzada/TPF_Vision_Avanzada/data/raw/pdbs/6duk.pdb,False,False,False,True,False,False
11063,6duk,EGFR,EGFR,TK,Human,inactive,in,out,1,2.2,/Users/josefinadehan/tp_vision_avanzada/TPF_Vision_Avanzada/data/raw/pdbs/6duk.pdb,False,False,False,True,False,False
11064,6duk,EGFR,EGFR,TK,Human,inactive,in,out,1,2.2,/Users/josefinadehan/tp_vision_avanzada/TPF_Vision_Avanzada/data/raw/pdbs/6duk.pdb,False,False,False,True,False,False
11065,6duk,EGFR,EGFR,TK,Human,inactive,in,out,1,2.2,/Users/josefinadehan/tp_vision_avanzada/TPF_Vision_Avanzada/data/raw/pdbs/6duk.pdb,False,False,False,True,False,False
11066,6duk,EGFR,EGFR,TK,Human,inactive,in,out,1,2.2,/Users/josefinadehan/tp_vision_avanzada/TPF_Vision_Avanzada/data/raw/pdbs/6duk.pdb,False,False,False,True,False,False
11067,6duk,EGFR,EGFR,TK,Human,inactive,in,out,1,2.2,/Users/josefinadehan/tp_vision_avanzada/TPF_Vision_Avanzada/data/raw/pdbs/6duk.pdb,False,False,False,True,False,False
11068,6duk,EGFR,EGFR,TK,Human,inactive,in,out,1,2.2,/Users/josefinadehan/tp_vision_avanzada/TPF_Vision_Avanzada/data/raw/pdbs/6duk.pdb,False,False,False,True,False,False
11069,6duk,EGFR,EGFR,TK,Human,inactive,in,out,1,2.2,/Users/josefinadehan/tp_vision_avanzada/TPF_Vision_Avanzada/data/raw/pdbs/6duk.pdb,False,False,False,True,False,False
11070,5zto,EGFR,EGFR,TK,Human,active,in,in,1,2.65,/Users/josefinadehan/tp_vision_avanzada/TPF_Vision_Avanzada/data/raw/pdbs/5zto.pdb,True,False,False,False,False,False
11729,6s89,EGFR,EGFR,TK,Human,active,in,in,1,2.7,/Users/josefinadehan/tp_vision_avanzada/TPF_Vision_Avanzada/data/raw/pdbs/6s89.pdb,True,False,False,False,False,False
11728,6s8a,EGFR,EGFR,TK,Human,active,in,in,1,2.6,/Users/josefinadehan/tp_vision_avanzada/TPF_Vision_Avanzada/data/raw/pdbs/6s8a.pdb,True,False,False,False,False,False
11803,6s9d,EGFR,EGFR,TK,Human,active,in,in,1,2.67,/Users/josefinadehan/tp_vision_avanzada/TPF_Vision_Avanzada/data/raw/pdbs/6s9d.pdb,True,False,False,False,False,False
11804,6s9c,EGFR,EGFR,TK,Human,active,in,in,1,2.73,/Users/josefinadehan/tp_vision_avanzada/TPF_Vision_Avanzada/data/raw/pdbs/6s9c.pdb,True,False,False,False,False,False
11805,6s9b,EGFR,EGFR,TK,Human,active,in,in,1,3.25,/Users/josefinadehan/tp_vision_avanzada/TPF_Vision_Avanzada/data/raw/pdbs/6s9b.pdb,True,False,False,False,False,False
11806,6s9c,EGFR,EGFR,TK,Human,active,in,in,1,2.73,/Users/josefinadehan/tp_vision_avanzada/TPF_Vision_Avanzada/data/raw/pdbs/6s9c.pdb,True,False,False,False,False,False
11845,6jz0,EGFR,EGFR,TK,Human,active,in,in,1,2.86,/Users/josefinadehan/tp_vision_avanzada/TPF_Vision_Avanzada/data/raw/pdbs/6jz0.pdb,True,False,False,False,False,False
11884,6p1d,EGFR,EGFR,TK,Human,inactive,in,out,1,2.4,/Users/josefinadehan/tp_vision_avanzada/TPF_Vision_Avanzada/data/raw/pdbs/6p1d.pdb,False,False,False,True,False,False
11867,6p8q,EGFR,EGFR,TK,Human,inactive,in,out,1,1.9,/Users/josefinadehan/tp_vision_avanzada/TPF_Vision_Avanzada/data/raw/pdbs/6p8q.pdb,False,False,False,True,False,False
11868,6p1d,EGFR,EGFR,TK,Human,inactive,in,out,1,2.4,/Users/josefinadehan/tp_vision_avanzada/TPF_Vision_Avanzada/data/raw/pdbs/6p1d.pdb,False,False,False,True,False,False
11885,6p1d,EGFR,EGFR,TK,Human,inactive,in,out,1,2.4,/Users/josefinadehan/tp_vision_avanzada/TPF_Vision_Avanzada/data/raw/pdbs/6p1d.pdb,False,False,False,True,False,False
11886,6p1l,EGFR,EGFR,TK,Human,inactive,in,out,1,2.8,/Users/josefinadehan/tp_vision_avanzada/TPF_Vision_Avanzada/data/raw/pdbs/6p1l.pdb,False,False,False,True,False,False
11869,6p1d,EGFR,EGFR,TK,Human,inactive,in,out,1,2.4,/Users/josefinadehan/tp_vision_avanzada/TPF_Vision_Avanzada/data/raw/pdbs/6p1d.pdb,False,False,False,True,False,False
11870,6p1l,EGFR,EGFR,TK,Human,inactive,in,out,1,2.8,/Users/josefinadehan/tp_vision_avanzada/TPF_Vision_Avanzada/data/raw/pdbs/6p1l.pdb,False,False,False,True,False,False
11871,6p8q,EGFR,EGFR,TK,Human,inactive,in,out,1,1.9,/Users/josefinadehan/tp_vision_avanzada/TPF_Vision_Avanzada/data/raw/pdbs/6p8q.pdb,False,False,False,True,False,False
11872,6p1d,EGFR,EGFR,TK,Human,inactive,in,out,1,2.4,/Users/josefinadehan/tp_vision_avanzada/TPF_Vision_Avanzada/data/raw/pdbs/6p1d.pdb,False,False,False,True,False,False
11873,6p1d,EGFR,EGFR,TK,Human,inactive,in,out,1,2.4,/Users/josefinadehan/tp_vision_avanzada/TPF_Vision_Avanzada/data/raw/pdbs/6p1d.pdb,False,False,False,True,False,False
11874,6p8q,EGFR,EGFR,TK,Human,inactive,in,out,1,1.9,/Users/josefinadehan/tp_vision_avanzada/TPF_Vision_Avanzada/data/raw/pdbs/6p8q.pdb,False,False,False,True,False,False
11875,6p8q,EGFR,EGFR,TK,Human,inactive,in,out,1,1.9,/Users/josefinadehan/tp_vision_avanzada/TPF_Vision_Avanzada/data/raw/pdbs/6p8q.pdb,False,False,False,True,False,False
11876,6p1l,EGFR,EGFR,TK,Human,inactive,in,out,1,2.8,/Users/josefinadehan/tp_vision_avanzada/TPF_Vision_Avanzada/data/raw/pdbs/6p1l.pdb,False,False,False,True,False,False
11877,6p8q,EGFR,EGFR,TK,Human,inactive,in,out,1,1.9,/Users/josefinadehan/tp_vision_avanzada/TPF_Vision_Avanzada/data/raw/pdbs/6p8q.pdb,False,False,False,True,False,False
11878,6p1l,EGFR,EGFR,TK,Human,inactive,in,out,1,2.8,/Users/josefinadehan/tp_vision_avanzada/TPF_Vision_Avanzada/data/raw/pdbs/6p1l.pdb,False,False,False,True,False,False
11879,6p8q,EGFR,EGFR,TK,Human,inactive,in,out,1,1.9,/Users/josefinadehan/tp_vision_avanzada/TPF_Vision_Avanzada/data/raw/pdbs/6p8q.pdb,False,False,False,True,False,False
11880,6p1d,EGFR,EGFR,TK,Human,inactive,in,out,1,2.4,/Users/josefinadehan/tp_vision_avanzada/TPF_Vision_Avanzada/data/raw/pdbs/6p1d.pdb,False,False,False,True,False,False
11881,6p8q,EGFR,EGFR,TK,Human,inactive,in,out,1,1.9,/Users/josefinadehan/tp_vision_avanzada/TPF_Vision_Avanzada/data/raw/pdbs/6p8q.pdb,False,False,False,True,False,False
11882,6p8q,EGFR,EGFR,TK,Human,inactive,in,out,1,1.9,/Users/josefinadehan/tp_vision_avanzada/TPF_Vision_Avanzada/data/raw/pdbs/6p8q.pdb,False,False,False,True,False,False
11883,6p1d,EGFR,EGFR,TK,Human,inactive,in,out,1,2.4,/Users/josefinadehan/tp_vision_avanzada/TPF_Vision_Avanzada/data/raw/pdbs/6p1d.pdb,False,False,False,True,False,False
12157,6jrx,EGFR,EGFR,TK,Human,active,in,in,1,2.2,/Users/josefinadehan/tp_vision_avanzada/TPF_Vision_Avanzada/data/raw/pdbs/6jrx.pdb,True,False,False,False,False,False
12158,6jrj,EGFR,EGFR,TK,Human,active,in,in,1,2.94,/Users/josefinadehan/tp_vision_avanzada/TPF_Vision_Avanzada/data/raw/pdbs/6jrj.pdb,True,False,False,False,False,False
12159,6jrk,EGFR,EGFR,TK,Human,active,in,in,1,2.8,/Users/josefinadehan/tp_vision_avanzada/TPF_Vision_Avanzada/data/raw/pdbs/6jrk.pdb,True,False,False,False,False,False
12184,6v66,EGFR,EGFR,TK,Human,inactive,in,out,1,1.79,/Users/josefinadehan/tp_vision_avanzada/TPF_Vision_Avanzada/data/raw/pdbs/6v66.pdb,False,False,False,True,False,False
12197,6v5n,EGFR,EGFR,TK,Human,inactive,in,out,1,2.4,/Users/josefinadehan/tp_vision_avanzada/TPF_Vision_Avanzada/data/raw/pdbs/6v5n.pdb,False,False,False,True,False,False
12222,6v6k,EGFR,EGFR,TK,Human,inactive,in,out,1,2.2,/Users/josefinadehan/tp_vision_avanzada/TPF_Vision_Avanzada/data/raw/pdbs/6v6k.pdb,False,False,False,True,False,False
12185,6v5n,EGFR,EGFR,TK,Human,inactive,in,out,1,2.4,/Users/josefinadehan/tp_vision_avanzada/TPF_Vision_Avanzada/data/raw/pdbs/6v5n.pdb,False,False,False,True,False,False
12208,6v66,EGFR,EGFR,TK,Human,inactive,in,out,1,1.79,/Users/josefinadehan/tp_vision_avanzada/TPF_Vision_Avanzada/data/raw/pdbs/6v66.pdb,False,False,False,True,False,False
12198,6v6o,EGFR,EGFR,TK,Human,inactive,in,out,1,2.1,/Users/josefinadehan/tp_vision_avanzada/TPF_Vision_Avanzada/data/raw/pdbs/6v6o.pdb,False,False,False,True,False,False
12186,6v5p,EGFR,EGFR,TK,Human,inactive,in,out,1,2.3,/Users/josefinadehan/tp_vision_avanzada/TPF_Vision_Avanzada/data/raw/pdbs/6v5p.pdb,False,False,False,True,False,False
12168,6v6k,EGFR,EGFR,TK,Human,inactive,in,out,1,2.2,/Users/josefinadehan/tp_vision_avanzada/TPF_Vision_Avanzada/data/raw/pdbs/6v6k.pdb,False,False,False,True,False,False
12216,6v6k,EGFR,EGFR,TK,Human,inactive,in,out,1,2.2,/Users/josefinadehan/tp_vision_avanzada/TPF_Vision_Avanzada/data/raw/pdbs/6v6k.pdb,False,False,False,True,False,False
12169,6v6o,EGFR,EGFR,TK,Human,inactive,in,out,1,2.1,/Users/josefinadehan/tp_vision_avanzada/TPF_Vision_Avanzada/data/raw/pdbs/6v6o.pdb,False,False,False,True,False,False
12187,6v6k,EGFR,EGFR,TK,Human,inactive,in,out,1,2.2,/Users/josefinadehan/tp_vision_avanzada/TPF_Vision_Avanzada/data/raw/pdbs/6v6k.pdb,False,False,False,True,False,False
12170,6v5n,EGFR,EGFR,TK,Human,inactive,in,out,1,2.4,/Users/josefinadehan/tp_vision_avanzada/TPF_Vision_Avanzada/data/raw/pdbs/6v5n.pdb,False,False,False,True,False,False
12199,6v5n,EGFR,EGFR,TK,Human,inactive,in,out,1,2.4,/Users/josefinadehan/tp_vision_avanzada/TPF_Vision_Avanzada/data/raw/pdbs/6v5n.pdb,False,False,False,True,False,False
12188,6v6o,EGFR,EGFR,TK,Human,inactive,in,out,1,2.1,/Users/josefinadehan/tp_vision_avanzada/TPF_Vision_Avanzada/data/raw/pdbs/6v6o.pdb,False,False,False,True,False,False
12171,6vhn,EGFR,EGFR,TK,Human,active,in,in,1,2.4,/Users/josefinadehan/tp_vision_avanzada/TPF_Vision_Avanzada/data/raw/pdbs/6vhn.pdb,True,False,False,False,False,False
12209,6v6k,EGFR,EGFR,TK,Human,inactive,in,out,1,2.2,/Users/josefinadehan/tp_vision_avanzada/TPF_Vision_Avanzada/data/raw/pdbs/6v6k.pdb,False,False,False,True,False,False
12172,6v5p,EGFR,EGFR,TK,Human,inactive,in,out,1,2.3,/Users/josefinadehan/tp_vision_avanzada/TPF_Vision_Avanzada/data/raw/pdbs/6v5p.pdb,False,False,False,True,False,False
12173,6jwl,EGFR,EGFR,TK,Human,active,in,in,1,2.55,/Users/josefinadehan/tp_vision_avanzada/TPF_Vision_Avanzada/data/raw/pdbs/6jwl.pdb,True,False,False,False,False,False
12200,6v5p,EGFR,EGFR,TK,Human,inactive,in,out,1,2.3,/Users/josefinadehan/tp_vision_avanzada/TPF_Vision_Avanzada/data/raw/pdbs/6v5p.pdb,False,False,False,True,False,False
12189,6v6o,EGFR,EGFR,TK,Human,inactive,in,out,1,2.1,/Users/josefinadehan/tp_vision_avanzada/TPF_Vision_Avanzada/data/raw/pdbs/6v6o.pdb,False,False,False,True,False,False
12174,6v5p,EGFR,EGFR,TK,Human,inactive,in,out,1,2.3,/Users/josefinadehan/tp_vision_avanzada/TPF_Vision_Avanzada/data/raw/pdbs/6v5p.pdb,False,False,False,True,False,False
12175,6jx0,EGFR,EGFR,TK,Human,active,in,in,1,2.53,/Users/josefinadehan/tp_vision_avanzada/TPF_Vision_Avanzada/data/raw/pdbs/6jx0.pdb,True,False,False,False,False,False
12176,6jx4,EGFR,EGFR,TK,Human,active,in,in,1,2.53,/Users/josefinadehan/tp_vision_avanzada/TPF_Vision_Avanzada/data/raw/pdbs/6jx4.pdb,True,False,False,False,False,False
12227,6v5n,EGFR,EGFR,TK,Human,inactive,in,out,1,2.4,/Users/josefinadehan/tp_vision_avanzada/TPF_Vision_Avanzada/data/raw/pdbs/6v5n.pdb,False,False,False,True,False,False
12177,6v66,EGFR,EGFR,TK,Human,inactive,in,out,1,1.79,/Users/josefinadehan/tp_vision_avanzada/TPF_Vision_Avanzada/data/raw/pdbs/6v66.pdb,False,False,False,True,False,False
12190,6v6k,EGFR,EGFR,TK,Human,inactive,in,out,1,2.2,/Users/josefinadehan/tp_vision_avanzada/TPF_Vision_Avanzada/data/raw/pdbs/6v6k.pdb,False,False,False,True,False,False
12217,6v66,EGFR,EGFR,TK,Human,inactive,in,out,1,1.79,/Users/josefinadehan/tp_vision_avanzada/TPF_Vision_Avanzada/data/raw/pdbs/6v66.pdb,False,False,False,True,False,False
12178,6v66,EGFR,EGFR,TK,Human,inactive,in,out,1,1.79,/Users/josefinadehan/tp_vision_avanzada/TPF_Vision_Avanzada/data/raw/pdbs/6v66.pdb,False,False,False,True,False,False
12201,6v5n,EGFR,EGFR,TK,Human,inactive,in,out,1,2.4,/Users/josefinadehan/tp_vision_avanzada/TPF_Vision_Avanzada/data/raw/pdbs/6v5n.pdb,False,False,False,True,False,False
12191,6v6o,EGFR,EGFR,TK,Human,inactive,in,out,1,2.1,/Users/josefinadehan/tp_vision_avanzada/TPF_Vision_Avanzada/data/raw/pdbs/6v6o.pdb,False,False,False,True,False,False
12179,6v6k,EGFR,EGFR,TK,Human,inactive,in,out,1,2.2,/Users/josefinadehan/tp_vision_avanzada/TPF_Vision_Avanzada/data/raw/pdbs/6v6k.pdb,False,False,False,True,False,False
12210,6v5p,EGFR,EGFR,TK,Human,inactive,in,out,1,2.3,/Users/josefinadehan/tp_vision_avanzada/TPF_Vision_Avanzada/data/raw/pdbs/6v5p.pdb,False,False,False,True,False,False
12180,6v5n,EGFR,EGFR,TK,Human,inactive,in,out,1,2.4,/Users/josefinadehan/tp_vision_avanzada/TPF_Vision_Avanzada/data/raw/pdbs/6v5n.pdb,False,False,False,True,False,False
12192,6v5p,EGFR,EGFR,TK,Human,inactive,in,out,1,2.3,/Users/josefinadehan/tp_vision_avanzada/TPF_Vision_Avanzada/data/raw/pdbs/6v5p.pdb,False,False,False,True,False,False
12181,6v6o,EGFR,EGFR,TK,Human,inactive,in,out,1,2.1,/Users/josefinadehan/tp_vision_avanzada/TPF_Vision_Avanzada/data/raw/pdbs/6v6o.pdb,False,False,False,True,False,False
12202,6v6k,EGFR,EGFR,TK,Human,inactive,in,out,1,2.2,/Users/josefinadehan/tp_vision_avanzada/TPF_Vision_Avanzada/data/raw/pdbs/6v6k.pdb,False,False,False,True,False,False
12223,6v6k,EGFR,EGFR,TK,Human,inactive,in,out,1,2.2,/Users/josefinadehan/tp_vision_avanzada/TPF_Vision_Avanzada/data/raw/pdbs/6v6k.pdb,False,False,False,True,False,False
12182,6vhp,EGFR,EGFR,TK,Human,active,in,in,1,3.6,/Users/josefinadehan/tp_vision_avanzada/TPF_Vision_Avanzada/data/raw/pdbs/6vhp.pdb,True,False,False,False,False,False
12193,6v6k,EGFR,EGFR,TK,Human,inactive,in,out,1,2.2,/Users/josefinadehan/tp_vision_avanzada/TPF_Vision_Avanzada/data/raw/pdbs/6v6k.pdb,False,False,False,True,False,False
12183,6vh4,EGFR,EGFR,TK,Human,active,in,in,1,2.8,/Users/josefinadehan/tp_vision_avanzada/TPF_Vision_Avanzada/data/raw/pdbs/6vh4.pdb,True,False,False,False,False,False
12211,6v6o,EGFR,EGFR,TK,Human,inactive,in,out,1,2.1,/Users/josefinadehan/tp_vision_avanzada/TPF_Vision_Avanzada/data/raw/pdbs/6v6o.pdb,False,False,False,True,False,False
12203,6v5p,EGFR,EGFR,TK,Human,inactive,in,out,1,2.3,/Users/josefinadehan/tp_vision_avanzada/TPF_Vision_Avanzada/data/raw/pdbs/6v5p.pdb,False,False,False,True,False,False
12194,6v6o,EGFR,EGFR,TK,Human,inactive,in,out,1,2.1,/Users/josefinadehan/tp_vision_avanzada/TPF_Vision_Avanzada/data/raw/pdbs/6v6o.pdb,False,False,False,True,False,False
12218,6v5p,EGFR,EGFR,TK,Human,inactive,in,out,1,2.3,/Users/josefinadehan/tp_vision_avanzada/TPF_Vision_Avanzada/data/raw/pdbs/6v5p.pdb,False,False,False,True,False,False
12195,6v6k,EGFR,EGFR,TK,Human,inactive,in,out,1,2.2,/Users/josefinadehan/tp_vision_avanzada/TPF_Vision_Avanzada/data/raw/pdbs/6v6k.pdb,False,False,False,True,False,False
12204,6v6k,EGFR,EGFR,TK,Human,inactive,in,out,1,2.2,/Users/josefinadehan/tp_vision_avanzada/TPF_Vision_Avanzada/data/raw/pdbs/6v6k.pdb,False,False,False,True,False,False
12196,6v5n,EGFR,EGFR,TK,Human,inactive,in,out,1,2.4,/Users/josefinadehan/tp_vision_avanzada/TPF_Vision_Avanzada/data/raw/pdbs/6v5n.pdb,False,False,False,True,False,False
12212,6v6k,EGFR,EGFR,TK,Human,inactive,in,out,1,2.2,/Users/josefinadehan/tp_vision_avanzada/TPF_Vision_Avanzada/data/raw/pdbs/6v6k.pdb,False,False,False,True,False,False
12205,6v66,EGFR,EGFR,TK,Human,inactive,in,out,1,1.79,/Users/josefinadehan/tp_vision_avanzada/TPF_Vision_Avanzada/data/raw/pdbs/6v66.pdb,False,False,False,True,False,False
12224,6v66,EGFR,EGFR,TK,Human,inactive,in,out,1,1.79,/Users/josefinadehan/tp_vision_avanzada/TPF_Vision_Avanzada/data/raw/pdbs/6v66.pdb,False,False,False,True,False,False
12213,6v6o,EGFR,EGFR,TK,Human,inactive,in,out,1,2.1,/Users/josefinadehan/tp_vision_avanzada/TPF_Vision_Avanzada/data/raw/pdbs/6v6o.pdb,False,False,False,True,False,False
12206,6v6o,EGFR,EGFR,TK,Human,inactive,in,out,1,2.1,/Users/josefinadehan/tp_vision_avanzada/TPF_Vision_Avanzada/data/raw/pdbs/6v6o.pdb,False,False,False,True,False,False
12219,6v6o,EGFR,EGFR,TK,Human,inactive,in,out,1,2.1,/Users/josefinadehan/tp_vision_avanzada/TPF_Vision_Avanzada/data/raw/pdbs/6v6o.pdb,False,False,False,True,False,False
12207,6v6k,EGFR,EGFR,TK,Human,inactive,in,out,1,2.2,/Users/josefinadehan/tp_vision_avanzada/TPF_Vision_Avanzada/data/raw/pdbs/6v6k.pdb,False,False,False,True,False,False
12214,6v6k,EGFR,EGFR,TK,Human,inactive,in,out,1,2.2,/Users/josefinadehan/tp_vision_avanzada/TPF_Vision_Avanzada/data/raw/pdbs/6v6k.pdb,False,False,False,True,False,False
12228,6v6o,EGFR,EGFR,TK,Human,inactive,in,out,1,2.1,/Users/josefinadehan/tp_vision_avanzada/TPF_Vision_Avanzada/data/raw/pdbs/6v6o.pdb,False,False,False,True,False,False
12220,6v6o,EGFR,EGFR,TK,Human,inactive,in,out,1,2.1,/Users/josefinadehan/tp_vision_avanzada/TPF_Vision_Avanzada/data/raw/pdbs/6v6o.pdb,False,False,False,True,False,False
12215,6v6o,EGFR,EGFR,TK,Human,inactive,in,out,1,2.1,/Users/josefinadehan/tp_vision_avanzada/TPF_Vision_Avanzada/data/raw/pdbs/6v6o.pdb,False,False,False,True,False,False
12225,6v6o,EGFR,EGFR,TK,Human,inactive,in,out,1,2.1,/Users/josefinadehan/tp_vision_avanzada/TPF_Vision_Avanzada/data/raw/pdbs/6v6o.pdb,False,False,False,True,False,False
12221,6v66,EGFR,EGFR,TK,Human,inactive,in,out,1,1.79,/Users/josefinadehan/tp_vision_avanzada/TPF_Vision_Avanzada/data/raw/pdbs/6v66.pdb,False,False,False,True,False,False
12229,6v6k,EGFR,EGFR,TK,Human,inactive,in,out,1,2.2,/Users/josefinadehan/tp_vision_avanzada/TPF_Vision_Avanzada/data/raw/pdbs/6v6k.pdb,False,False,False,True,False,False
12226,6v6o,EGFR,EGFR,TK,Human,inactive,in,out,1,2.1,/Users/josefinadehan/tp_vision_avanzada/TPF_Vision_Avanzada/data/raw/pdbs/6v6o.pdb,False,False,False,True,False,False
12239,6jxt,EGFR,EGFR,TK,Human,inactive,in,out,1,2.31,/Users/josefinadehan/tp_vision_avanzada/TPF_Vision_Avanzada/data/raw/pdbs/6jxt.pdb,False,False,False,True,False,False
12240,6jxt,EGFR,EGFR,TK,Human,inactive,in,out,1,2.31,/Users/josefinadehan/tp_vision_avanzada/TPF_Vision_Avanzada/data/raw/pdbs/6jxt.pdb,False,False,False,True,False,False
12837,6tfw,EGFR,EGFR,TK,Human,inactive,in,out,1,2.0,/Users/josefinadehan/tp_vision_avanzada/TPF_Vision_Avanzada/data/raw/pdbs/6tfw.pdb,False,False,False,True,False,False
12830,6tfz,EGFR,EGFR,TK,Human,inactive,in,out,1,1.8,/Users/josefinadehan/tp_vision_avanzada/TPF_Vision_Avanzada/data/raw/pdbs/6tfz.pdb,False,False,False,True,False,False
12826,6tg1,EGFR,EGFR,TK,Human,inactive,in,out,1,1.6,/Users/josefinadehan/tp_vision_avanzada/TPF_Vision_Avanzada/data/raw/pdbs/6tg1.pdb,False,False,False,True,False,False
12827,6tfv,EGFR,EGFR,TK,Human,inactive,in,out,1,1.5,/Users/josefinadehan/tp_vision_avanzada/TPF_Vision_Avanzada/data/raw/pdbs/6tfv.pdb,False,False,False,True,False,False
12839,6tfz,EGFR,EGFR,TK,Human,inactive,in,out,1,1.8,/Users/josefinadehan/tp_vision_avanzada/TPF_Vision_Avanzada/data/raw/pdbs/6tfz.pdb,False,False,False,True,False,False
12831,6tfy,EGFR,EGFR,TK,Human,inactive,in,out,1,1.7,/Users/josefinadehan/tp_vision_avanzada/TPF_Vision_Avanzada/data/raw/pdbs/6tfy.pdb,False,False,False,True,False,False
12828,6tfv,EGFR,EGFR,TK,Human,inactive,in,out,1,1.5,/Users/josefinadehan/tp_vision_avanzada/TPF_Vision_Avanzada/data/raw/pdbs/6tfv.pdb,False,False,False,True,False,False
12824,6tg1,EGFR,EGFR,TK,Human,inactive,in,out,1,1.6,/Users/josefinadehan/tp_vision_avanzada/TPF_Vision_Avanzada/data/raw/pdbs/6tg1.pdb,False,False,False,True,False,False
12834,6tg0,EGFR,EGFR,TK,Human,inactive,in,out,1,1.5,/Users/josefinadehan/tp_vision_avanzada/TPF_Vision_Avanzada/data/raw/pdbs/6tg0.pdb,False,False,False,True,False,False
12832,6tfv,EGFR,EGFR,TK,Human,inactive,in,out,1,1.5,/Users/josefinadehan/tp_vision_avanzada/TPF_Vision_Avanzada/data/raw/pdbs/6tfv.pdb,False,False,False,True,False,False
12825,6tfy,EGFR,EGFR,TK,Human,inactive,in,out,1,1.7,/Users/josefinadehan/tp_vision_avanzada/TPF_Vision_Avanzada/data/raw/pdbs/6tfy.pdb,False,False,False,True,False,False
12829,6tg0,EGFR,EGFR,TK,Human,inactive,in,out,1,1.5,/Users/josefinadehan/tp_vision_avanzada/TPF_Vision_Avanzada/data/raw/pdbs/6tg0.pdb,False,False,False,True,False,False
12836,6tg1,EGFR,EGFR,TK,Human,inactive,in,out,1,1.6,/Users/josefinadehan/tp_vision_avanzada/TPF_Vision_Avanzada/data/raw/pdbs/6tg1.pdb,False,False,False,True,False,False
12838,6tfw,EGFR,EGFR,TK,Human,inactive,in,out,1,2.0,/Users/josefinadehan/tp_vision_avanzada/TPF_Vision_Avanzada/data/raw/pdbs/6tfw.pdb,False,False,False,True,False,False
12835,6tg0,EGFR,EGFR,TK,Human,inactive,in,out,1,1.5,/Users/josefinadehan/tp_vision_avanzada/TPF_Vision_Avanzada/data/raw/pdbs/6tg0.pdb,False,False,False,True,False,False
12833,6tg0,EGFR,EGFR,TK,Human,inactive,in,out,1,1.5,/Users/josefinadehan/tp_vision_avanzada/TPF_Vision_Avanzada/data/raw/pdbs/6tg0.pdb,False,False,False,True,False,False
12844,6tfu,EGFR,EGFR,TK,Human,inactive,in,out,1,2.0,/Users/josefinadehan/tp_vision_avanzada/TPF_Vision_Avanzada/data/raw/pdbs/6tfu.pdb,False,False,False,True,False,False
12843,6tg1,EGFR,EGFR,TK,Human,inactive,in,out,1,1.6,/Users/josefinadehan/tp_vision_avanzada/TPF_Vision_Avanzada/data/raw/pdbs/6tg1.pdb,False,False,False,True,False,False
12841,6tfy,EGFR,EGFR,TK,Human,inactive,in,out,1,1.7,/Users/josefinadehan/tp_vision_avanzada/TPF_Vision_Avanzada/data/raw/pdbs/6tfy.pdb,False,False,False,True,False,False
12840,6tfz,EGFR,EGFR,TK,Human,inactive,in,out,1,1.8,/Users/josefinadehan/tp_vision_avanzada/TPF_Vision_Avanzada/data/raw/pdbs/6tfz.pdb,False,False,False,True,False,False
12842,6tfu,EGFR,EGFR,TK,Human,inactive,in,out,1,2.0,/Users/josefinadehan/tp_vision_avanzada/TPF_Vision_Avanzada/data/raw/pdbs/6tfu.pdb,False,False,False,True,False,False
12845,6tfv,EGFR,EGFR,TK,Human,inactive,in,out,1,1.5,/Users/josefinadehan/tp_vision_avanzada/TPF_Vision_Avanzada/data/raw/pdbs/6tfv.pdb,False,False,False,True,False,False
12846,6tfz,EGFR,EGFR,TK,Human,inactive,in,out,1,1.8,/Users/josefinadehan/tp_vision_avanzada/TPF_Vision_Avanzada/data/raw/pdbs/6tfz.pdb,False,False,False,True,False,False
12847,6tfy,EGFR,EGFR,TK,Human,inactive,in,out,1,1.7,/Users/josefinadehan/tp_vision_avanzada/TPF_Vision_Avanzada/data/raw/pdbs/6tfy.pdb,False,False,False,True,False,False
12917,6lub,EGFR,EGFR,TK,Human,active,in,in,1,2.315,/Users/josefinadehan/tp_vision_avanzada/TPF_Vision_Avanzada/data/raw/pdbs/6lub.pdb,True,False,False,False,False,False
12918,6lub,EGFR,EGFR,TK,Human,active,in,in,1,2.315,/Users/josefinadehan/tp_vision_avanzada/TPF_Vision_Avanzada/data/raw/pdbs/6lub.pdb,True,False,False,False,False,False
12919,6lud,EGFR,EGFR,TK,Human,active,in,in,1,2.05,/Users/josefinadehan/tp_vision_avanzada/TPF_Vision_Avanzada/data/raw/pdbs/6lud.pdb,True,False,False,False,False,False
12977,7a2a,EGFR,EGFR,TK,Human,inactive,in,out,1,1.9,/Users/josefinadehan/tp_vision_avanzada/TPF_Vision_Avanzada/data/raw/pdbs/7a2a.pdb,False,False,False,True,False,False
12978,6z4d,EGFR,EGFR,TK,Human,inactive,in,out,1,2.0,/Users/josefinadehan/tp_vision_avanzada/TPF_Vision_Avanzada/data/raw/pdbs/6z4d.pdb,False,False,False,True,False,False
12979,6z4d,EGFR,EGFR,TK,Human,inactive,in,out,1,2.0,/Users/josefinadehan/tp_vision_avanzada/TPF_Vision_Avanzada/data/raw/pdbs/6z4d.pdb,False,False,False,True,False,False
12970,7a2a,EGFR,EGFR,TK,Human,inactive,in,out,1,1.9,/Users/josefinadehan/tp_vision_avanzada/TPF_Vision_Avanzada/data/raw/pdbs/7a2a.pdb,False,False,False,True,False,False
12971,6z4d,EGFR,EGFR,TK,Human,inactive,in,out,1,2.0,/Users/josefinadehan/tp_vision_avanzada/TPF_Vision_Avanzada/data/raw/pdbs/6z4d.pdb,False,False,False,True,False,False
12972,6z4d,EGFR,EGFR,TK,Human,inactive,in,out,1,2.0,/Users/josefinadehan/tp_vision_avanzada/TPF_Vision_Avanzada/data/raw/pdbs/6z4d.pdb,False,False,False,True,False,False
12973,7a2a,EGFR,EGFR,TK,Human,inactive,in,out,1,1.9,/Users/josefinadehan/tp_vision_avanzada/TPF_Vision_Avanzada/data/raw/pdbs/7a2a.pdb,False,False,False,True,False,False
12974,6z4b,EGFR,EGFR,TK,Human,inactive,in,out,1,2.5,/Users/josefinadehan/tp_vision_avanzada/TPF_Vision_Avanzada/data/raw/pdbs/6z4b.pdb,False,False,False,True,False,False
12975,6z4b,EGFR,EGFR,TK,Human,inactive,in,out,1,2.5,/Users/josefinadehan/tp_vision_avanzada/TPF_Vision_Avanzada/data/raw/pdbs/6z4b.pdb,False,False,False,True,False,False
12976,7a2a,EGFR,EGFR,TK,Human,inactive,in,out,1,1.9,/Users/josefinadehan/tp_vision_avanzada/TPF_Vision_Avanzada/data/raw/pdbs/7a2a.pdb,False,False,False,True,False,False
13441,6wak,EGFR,EGFR,TK,Human,inactive,in,out,1,2.4,/Users/josefinadehan/tp_vision_avanzada/TPF_Vision_Avanzada/data/raw/pdbs/6wak.pdb,False,False,False,True,False,False
13442,6wa2,EGFR,EGFR,TK,Human,inactive,in,out,1,2.4,/Users/josefinadehan/tp_vision_avanzada/TPF_Vision_Avanzada/data/raw/pdbs/6wa2.pdb,False,False,False,True,False,False
13482,7aem,EGFR,EGFR,TK,Human,active,in,in,1,2.65,/Users/josefinadehan/tp_vision_avanzada/TPF_Vision_Avanzada/data/raw/pdbs/7aem.pdb,True,False,False,False,False,False
13443,6wa2,EGFR,EGFR,TK,Human,inactive,in,out,1,2.4,/Users/josefinadehan/tp_vision_avanzada/TPF_Vision_Avanzada/data/raw/pdbs/6wa2.pdb,False,False,False,True,False,False
13444,6wa2,EGFR,EGFR,TK,Human,inactive,in,out,1,2.4,/Users/josefinadehan/tp_vision_avanzada/TPF_Vision_Avanzada/data/raw/pdbs/6wa2.pdb,False,False,False,True,False,False
13445,6wak,EGFR,EGFR,TK,Human,inactive,in,out,1,2.4,/Users/josefinadehan/tp_vision_avanzada/TPF_Vision_Avanzada/data/raw/pdbs/6wak.pdb,False,False,False,True,False,False
13446,6wak,EGFR,EGFR,TK,Human,inactive,in,out,1,2.4,/Users/josefinadehan/tp_vision_avanzada/TPF_Vision_Avanzada/data/raw/pdbs/6wak.pdb,False,False,False,True,False,False
13434,6wa2,EGFR,EGFR,TK,Human,inactive,in,out,1,2.4,/Users/josefinadehan/tp_vision_avanzada/TPF_Vision_Avanzada/data/raw/pdbs/6wa2.pdb,False,False,False,True,False,False
13435,6wak,EGFR,EGFR,TK,Human,inactive,in,out,1,2.4,/Users/josefinadehan/tp_vision_avanzada/TPF_Vision_Avanzada/data/raw/pdbs/6wak.pdb,False,False,False,True,False,False
13447,6wa2,EGFR,EGFR,TK,Human,inactive,in,out,1,2.4,/Users/josefinadehan/tp_vision_avanzada/TPF_Vision_Avanzada/data/raw/pdbs/6wa2.pdb,False,False,False,True,False,False
13448,6wak,EGFR,EGFR,TK,Human,inactive,in,out,1,2.4,/Users/josefinadehan/tp_vision_avanzada/TPF_Vision_Avanzada/data/raw/pdbs/6wak.pdb,False,False,False,True,False,False
13436,6wa2,EGFR,EGFR,TK,Human,inactive,in,out,1,2.4,/Users/josefinadehan/tp_vision_avanzada/TPF_Vision_Avanzada/data/raw/pdbs/6wa2.pdb,False,False,False,True,False,False
13449,6wak,EGFR,EGFR,TK,Human,inactive,in,out,1,2.4,/Users/josefinadehan/tp_vision_avanzada/TPF_Vision_Avanzada/data/raw/pdbs/6wak.pdb,False,False,False,True,False,False
13437,6wa2,EGFR,EGFR,TK,Human,inactive,in,out,1,2.4,/Users/josefinadehan/tp_vision_avanzada/TPF_Vision_Avanzada/data/raw/pdbs/6wa2.pdb,False,False,False,True,False,False
13438,6wak,EGFR,EGFR,TK,Human,inactive,in,out,1,2.4,/Users/josefinadehan/tp_vision_avanzada/TPF_Vision_Avanzada/data/raw/pdbs/6wak.pdb,False,False,False,True,False,False
13439,6wa2,EGFR,EGFR,TK,Human,inactive,in,out,1,2.4,/Users/josefinadehan/tp_vision_avanzada/TPF_Vision_Avanzada/data/raw/pdbs/6wa2.pdb,False,False,False,True,False,False
13440,6wak,EGFR,EGFR,TK,Human,inactive,in,out,1,2.4,/Users/josefinadehan/tp_vision_avanzada/TPF_Vision_Avanzada/data/raw/pdbs/6wak.pdb,False,False,False,True,False,False
13619,7aei,EGFR,EGFR,TK,Human,active,in,in,1,2.65,/Users/josefinadehan/tp_vision_avanzada/TPF_Vision_Avanzada/data/raw/pdbs/7aei.pdb,True,False,False,False,False,False
13759,6xl4,EGFR,EGFR,TK,Human,inactive,in,out,1,2.06,/Users/josefinadehan/tp_vision_avanzada/TPF_Vision_Avanzada/data/raw/pdbs/6xl4.pdb,False,False,False,True,False,False
13874,7jxp,EGFR,EGFR,TK,Human,inactive,in,out,1,2.16,/Users/josefinadehan/tp_vision_avanzada/TPF_Vision_Avanzada/data/raw/pdbs/7jxp.pdb,False,False,False,True,False,False
13884,7jxk,EGFR,EGFR,TK,Human,inactive,in,out,1,3.1,/Users/josefinadehan/tp_vision_avanzada/TPF_Vision_Avanzada/data/raw/pdbs/7jxk.pdb,False,False,False,True,False,False
13885,7jxi,EGFR,EGFR,TK,Human,inactive,in,out,1,3.0,/Users/josefinadehan/tp_vision_avanzada/TPF_Vision_Avanzada/data/raw/pdbs/7jxi.pdb,False,False,False,True,False,False
13880,7jxq,EGFR,EGFR,TK,Human,inactive,in,out,1,1.83,/Users/josefinadehan/tp_vision_avanzada/TPF_Vision_Avanzada/data/raw/pdbs/7jxq.pdb,False,False,False,True,False,False
13875,7jxw,EGFR,EGFR,TK,Human,inactive,in,out,1,2.5,/Users/josefinadehan/tp_vision_avanzada/TPF_Vision_Avanzada/data/raw/pdbs/7jxw.pdb,False,False,False,True,False,False
13876,7jxk,EGFR,EGFR,TK,Human,inactive,in,out,1,3.1,/Users/josefinadehan/tp_vision_avanzada/TPF_Vision_Avanzada/data/raw/pdbs/7jxk.pdb,False,False,False,True,False,False
13886,7jxq,EGFR,EGFR,TK,Human,inactive,in,out,1,1.83,/Users/josefinadehan/tp_vision_avanzada/TPF_Vision_Avanzada/data/raw/pdbs/7jxq.pdb,False,False,False,True,False,False
13881,7jxp,EGFR,EGFR,TK,Human,inactive,in,out,1,2.16,/Users/josefinadehan/tp_vision_avanzada/TPF_Vision_Avanzada/data/raw/pdbs/7jxp.pdb,False,False,False,True,False,False
13882,7jxi,EGFR,EGFR,TK,Human,inactive,in,out,1,3.0,/Users/josefinadehan/tp_vision_avanzada/TPF_Vision_Avanzada/data/raw/pdbs/7jxi.pdb,False,False,False,True,False,False
13883,7jxm,EGFR,EGFR,TK,Human,inactive,in,out,1,2.192,/Users/josefinadehan/tp_vision_avanzada/TPF_Vision_Avanzada/data/raw/pdbs/7jxm.pdb,False,False,False,True,False,False
13877,7jxw,EGFR,EGFR,TK,Human,inactive,in,out,1,2.5,/Users/josefinadehan/tp_vision_avanzada/TPF_Vision_Avanzada/data/raw/pdbs/7jxw.pdb,False,False,False,True,False,False
13878,7jxl,EGFR,EGFR,TK,Human,inactive,in,out,1,2.4,/Users/josefinadehan/tp_vision_avanzada/TPF_Vision_Avanzada/data/raw/pdbs/7jxl.pdb,False,False,False,True,False,False
13879,7jxl,EGFR,EGFR,TK,Human,inactive,in,out,1,2.4,/Users/josefinadehan/tp_vision_avanzada/TPF_Vision_Avanzada/data/raw/pdbs/7jxl.pdb,False,False,False,True,False,False
13905,7lgs,EGFR,EGFR,TK,Human,active,in,in,1,3.1,/Users/josefinadehan/tp_vision_avanzada/TPF_Vision_Avanzada/data/raw/pdbs/7lgs.pdb,True,False,False,False,False,False
13902,7k1h,EGFR,EGFR,TK,Human,inactive,in,out,1,2.602,/Users/josefinadehan/tp_vision_avanzada/TPF_Vision_Avanzada/data/raw/pdbs/7k1h.pdb,False,False,False,True,False,False
13903,7k1i,EGFR,EGFR,TK,Human,inactive,in,out,1,3.202,/Users/josefinadehan/tp_vision_avanzada/TPF_Vision_Avanzada/data/raw/pdbs/7k1i.pdb,False,False,False,True,False,False
13904,7k1i,EGFR,EGFR,TK,Human,inactive,in,out,1,3.202,/Users/josefinadehan/tp_vision_avanzada/TPF_Vision_Avanzada/data/raw/pdbs/7k1i.pdb,False,False,False,True,False,False
13906,7lgs,EGFR,EGFR,TK,Human,active,in,in,1,3.1,/Users/josefinadehan/tp_vision_avanzada/TPF_Vision_Avanzada/data/raw/pdbs/7lgs.pdb,True,False,False,False,False,False
13948,7oxb,EGFR,EGFR,TK,Human,active,in,in,1,2.56,/Users/josefinadehan/tp_vision_avanzada/TPF_Vision_Avanzada/data/raw/pdbs/7oxb.pdb,True,False,False,False,False,False
14073,7ky0,EGFR,EGFR,TK,Human,inactive,in,out,1,3.1,/Users/josefinadehan/tp_vision_avanzada/TPF_Vision_Avanzada/data/raw/pdbs/7ky0.pdb,False,False,False,True,False,False
14074,7kxz,EGFR,EGFR,TK,Human,active,in,in,1,2.4,/Users/josefinadehan/tp_vision_avanzada/TPF_Vision_Avanzada/data/raw/pdbs/7kxz.pdb,True,False,False,False,False,False
14122,7ltx,EGFR,EGFR,TK,Human,inactive,in,out,1,2.3,/Users/josefinadehan/tp_vision_avanzada/TPF_Vision_Avanzada/data/raw/pdbs/7ltx.pdb,False,False,False,True,False,False
14123,7a6i,EGFR,EGFR,TK,Human,active,in,in,1,2.4,/Users/josefinadehan/tp_vision_avanzada/TPF_Vision_Avanzada/data/raw/pdbs/7a6i.pdb,True,False,False,False,False,False
14111,7a6k,EGFR,EGFR,TK,Human,inactive,in,out,1,2.0,/Users/josefinadehan/tp_vision_avanzada/TPF_Vision_Avanzada/data/raw/pdbs/7a6k.pdb,False,False,False,True,False,False
14112,7a6k,EGFR,EGFR,TK,Human,inactive,in,out,1,2.0,/Users/josefinadehan/tp_vision_avanzada/TPF_Vision_Avanzada/data/raw/pdbs/7a6k.pdb,False,False,False,True,False,False
14124,7a6j,EGFR,EGFR,TK,Human,inactive,in,out,1,2.0,/Users/josefinadehan/tp_vision_avanzada/TPF_Vision_Avanzada/data/raw/pdbs/7a6j.pdb,False,False,False,True,False,False
14113,7a6k,EGFR,EGFR,TK,Human,inactive,in,out,1,2.0,/Users/josefinadehan/tp_vision_avanzada/TPF_Vision_Avanzada/data/raw/pdbs/7a6k.pdb,False,False,False,True,False,False
14125,7a6j,EGFR,EGFR,TK,Human,inactive,in,out,1,2.0,/Users/josefinadehan/tp_vision_avanzada/TPF_Vision_Avanzada/data/raw/pdbs/7a6j.pdb,False,False,False,True,False,False
14120,7lg8,EGFR,EGFR,TK,Human,inactive,in,out,1,2.93,/Users/josefinadehan/tp_vision_avanzada/TPF_Vision_Avanzada/data/raw/pdbs/7lg8.pdb,False,False,False,True,False,False
14121,7b85,EGFR,EGFR,TK,Human,active,in,in,1,2.5,/Users/josefinadehan/tp_vision_avanzada/TPF_Vision_Avanzada/data/raw/pdbs/7b85.pdb,True,False,False,False,False,False
14194,7er2,EGFR,EGFR,TK,Human,active,in,in,1,2.662,/Users/josefinadehan/tp_vision_avanzada/TPF_Vision_Avanzada/data/raw/pdbs/7er2.pdb,True,False,False,False,False,False
14235,7vra,EGFR,EGFR,TK,Human,active,in,in,1,2.41,/Users/josefinadehan/tp_vision_avanzada/TPF_Vision_Avanzada/data/raw/pdbs/7vra.pdb,True,False,False,False,False,False
14236,7vre,EGFR,EGFR,TK,Human,active,in,in,1,2.507,/Users/josefinadehan/tp_vision_avanzada/TPF_Vision_Avanzada/data/raw/pdbs/7vre.pdb,True,False,False,False,False,False
14237,7vra,EGFR,EGFR,TK,Human,active,in,in,1,2.41,/Users/josefinadehan/tp_vision_avanzada/TPF_Vision_Avanzada/data/raw/pdbs/7vra.pdb,True,False,False,False,False,False
14310,8d73,EGFR,EGFR,TK,Human,active,in,in,1,2.17,/Users/josefinadehan/tp_vision_avanzada/TPF_Vision_Avanzada/data/raw/pdbs/8d73.pdb,True,False,False,False,False,False
14311,8d76,EGFR,EGFR,TK,Human,active,in,in,1,2.4,/Users/josefinadehan/tp_vision_avanzada/TPF_Vision_Avanzada/data/raw/pdbs/8d76.pdb,True,False,False,False,False,False
14312,8d73,EGFR,EGFR,TK,Human,active,in,in,1,2.17,/Users/josefinadehan/tp_vision_avanzada/TPF_Vision_Avanzada/data/raw/pdbs/8d73.pdb,True,False,False,False,False,False
14313,8d76,EGFR,EGFR,TK,Human,active,in,in,1,2.4,/Users/josefinadehan/tp_vision_avanzada/TPF_Vision_Avanzada/data/raw/pdbs/8d76.pdb,True,False,False,False,False,False
14462,8a27,EGFR,EGFR,TK,Human,inactive,in,out,1,1.07,/Users/josefinadehan/tp_vision_avanzada/TPF_Vision_Avanzada/data/raw/pdbs/8a27.pdb,False,False,False,True,False,False
14459,8a2b,EGFR,EGFR,TK,Human,inactive,in,out,1,1.69,/Users/josefinadehan/tp_vision_avanzada/TPF_Vision_Avanzada/data/raw/pdbs/8a2b.pdb,False,False,False,True,False,False
14463,8a2d,EGFR,EGFR,TK,Human,inactive,in,out,1,1.11,/Users/josefinadehan/tp_vision_avanzada/TPF_Vision_Avanzada/data/raw/pdbs/8a2d.pdb,False,False,False,True,False,False
14460,8a2a,EGFR,EGFR,TK,Human,inactive,in,out,1,1.43,/Users/josefinadehan/tp_vision_avanzada/TPF_Vision_Avanzada/data/raw/pdbs/8a2a.pdb,False,False,False,True,False,False
14464,8a2b,EGFR,EGFR,TK,Human,inactive,in,out,1,1.69,/Users/josefinadehan/tp_vision_avanzada/TPF_Vision_Avanzada/data/raw/pdbs/8a2b.pdb,False,False,False,True,False,False
14461,8a2d,EGFR,EGFR,TK,Human,inactive,in,out,1,1.11,/Users/josefinadehan/tp_vision_avanzada/TPF_Vision_Avanzada/data/raw/pdbs/8a2d.pdb,False,False,False,True,False,False
14465,8a27,EGFR,EGFR,TK,Human,inactive,in,out,1,1.07,/Users/josefinadehan/tp_vision_avanzada/TPF_Vision_Avanzada/data/raw/pdbs/8a27.pdb,False,False,False,True,False,False
14466,8a2a,EGFR,EGFR,TK,Human,inactive,in,out,1,1.43,/Users/josefinadehan/tp_vision_avanzada/TPF_Vision_Avanzada/data/raw/pdbs/8a2a.pdb,False,False,False,True,False,False
14530,7t4i,EGFR,EGFR,TK,Human,active,in,in,1,2.61,/Users/josefinadehan/tp_vision_avanzada/TPF_Vision_Avanzada/data/raw/pdbs/7t4i.pdb,True,False,False,False,False,False
14526,7u98,EGFR,EGFR,TK,Human,inactive,in,out,1,3.42,/Users/josefinadehan/tp_vision_avanzada/TPF_Vision_Avanzada/data/raw/pdbs/7u98.pdb,False,False,False,True,False,False
14527,7u9a,EGFR,EGFR,TK,Human,active,in,in,1,2.6,/Users/josefinadehan/tp_vision_avanzada/TPF_Vision_Avanzada/data/raw/pdbs/7u9a.pdb,True,False,False,False,False,False
14528,7ukv,EGFR,EGFR,TK,Human,active,in,in,1,2.4,/Users/josefinadehan/tp_vision_avanzada/TPF_Vision_Avanzada/data/raw/pdbs/7ukv.pdb,True,False,False,False,False,False
14529,7t4j,EGFR,EGFR,TK,Human,active,in,in,1,2.2,/Users/josefinadehan/tp_vision_avanzada/TPF_Vision_Avanzada/data/raw/pdbs/7t4j.pdb,True,False,False,False,False,False
14533,7u99,EGFR,EGFR,TK,Human,active,in,in,1,2.5,/Users/josefinadehan/tp_vision_avanzada/TPF_Vision_Avanzada/data/raw/pdbs/7u99.pdb,True,False,False,False,False,False
14729,7zyq,EGFR,EGFR,TK,Human,inactive,in,out,1,2.1,/Users/josefinadehan/tp_vision_avanzada/TPF_Vision_Avanzada/data/raw/pdbs/7zyq.pdb,False,False,False,True,False,False
14730,7zyq,EGFR,EGFR,TK,Human,inactive,in,out,1,2.1,/Users/josefinadehan/tp_vision_avanzada/TPF_Vision_Avanzada/data/raw/pdbs/7zyq.pdb,False,False,False,True,False,False
14731,7zyp,EGFR,EGFR,TK,Human,active,in,in,1,2.8,/Users/josefinadehan/tp_vision_avanzada/TPF_Vision_Avanzada/data/raw/pdbs/7zyp.pdb,True,False,False,False,False,False
14726,7zym,EGFR,EGFR,TK,Human,active,in,in,1,2.5,/Users/josefinadehan/tp_vision_avanzada/TPF_Vision_Avanzada/data/raw/pdbs/7zym.pdb,True,False,False,False,False,False
14727,7zyn,EGFR,EGFR,TK,Human,active,in,in,1,2.3,/Users/josefinadehan/tp_vision_avanzada/TPF_Vision_Avanzada/data/raw/pdbs/7zyn.pdb,True,False,False,False,False,False
14728,7zyn,EGFR,EGFR,TK,Human,active,in,in,1,2.3,/Users/josefinadehan/tp_vision_avanzada/TPF_Vision_Avanzada/data/raw/pdbs/7zyn.pdb,True,False,False,False,False,False
14937,8g63,EGFR,EGFR,TK,Human,active,in,in,1,2.5,/Users/josefinadehan/tp_vision_avanzada/TPF_Vision_Avanzada/data/raw/pdbs/8g63.pdb,True,False,False,False,False,False
14939,8f1z,EGFR,EGFR,TK,Human,active,in,in,1,2.4,/Users/josefinadehan/tp_vision_avanzada/TPF_Vision_Avanzada/data/raw/pdbs/8f1z.pdb,True,False,False,False,False,False
14940,8f1y,EGFR,EGFR,TK,Human,active,in,in,1,2.75,/Users/josefinadehan/tp_vision_avanzada/TPF_Vision_Avanzada/data/raw/pdbs/8f1y.pdb,True,False,False,False,False,False
14941,8hy7,EGFR,EGFR,TK,Human,active,in,in,1,2.91,/Users/josefinadehan/tp_vision_avanzada/TPF_Vision_Avanzada/data/raw/pdbs/8hy7.pdb,True,False,False,False,False,False
14942,8f1x,EGFR,EGFR,TK,Human,active,in,in,1,2.3,/Users/josefinadehan/tp_vision_avanzada/TPF_Vision_Avanzada/data/raw/pdbs/8f1x.pdb,True,False,False,False,False,False
14943,8f1x,EGFR,EGFR,TK,Human,active,in,in,1,2.3,/Users/josefinadehan/tp_vision_avanzada/TPF_Vision_Avanzada/data/raw/pdbs/8f1x.pdb,True,False,False,False,False,False
14944,8f1w,EGFR,EGFR,TK,Human,inactive,in,out,1,3.2,/Users/josefinadehan/tp_vision_avanzada/TPF_Vision_Avanzada/data/raw/pdbs/8f1w.pdb,False,False,False,True,False,False
14945,8h7x,EGFR,EGFR,TK,Human,active,in,in,1,3.404,/Users/josefinadehan/tp_vision_avanzada/TPF_Vision_Avanzada/data/raw/pdbs/8h7x.pdb,True,False,False,False,False,False
14946,8dsw,EGFR,EGFR,TK,Human,active,in,in,1,2.39,/Users/josefinadehan/tp_vision_avanzada/TPF_Vision_Avanzada/data/raw/pdbs/8dsw.pdb,True,False,False,False,False,False
14947,8f1h,EGFR,EGFR,TK,Human,active,in,in,1,2.8,/Users/josefinadehan/tp_vision_avanzada/TPF_Vision_Avanzada/data/raw/pdbs/8f1h.pdb,True,False,False,False,False,False
15063,8hv9,EGFR,EGFR,TK,Human,active,in,in,1,2.5,/Users/josefinadehan/tp_vision_avanzada/TPF_Vision_Avanzada/data/raw/pdbs/8hv9.pdb,True,False,False,False,False,False
15064,8hv6,EGFR,EGFR,TK,Human,active,in,in,1,2.2,/Users/josefinadehan/tp_vision_avanzada/TPF_Vision_Avanzada/data/raw/pdbs/8hv6.pdb,True,False,False,False,False,False
15065,8hv5,EGFR,EGFR,TK,Human,active,in,in,1,2.2,/Users/josefinadehan/tp_vision_avanzada/TPF_Vision_Avanzada/data/raw/pdbs/8hv5.pdb,True,False,False,False,False,False
15066,8hv7,EGFR,EGFR,TK,Human,active,in,in,1,2.69,/Users/josefinadehan/tp_vision_avanzada/TPF_Vision_Avanzada/data/raw/pdbs/8hv7.pdb,True,False,False,False,False,False
15067,8hv3,EGFR,EGFR,TK,Human,active,in,in,1,2.4,/Users/josefinadehan/tp_vision_avanzada/TPF_Vision_Avanzada/data/raw/pdbs/8hv3.pdb,True,False,False,False,False,False
15068,8hv2,EGFR,EGFR,TK,Human,active,in,in,1,2.8,/Users/josefinadehan/tp_vision_avanzada/TPF_Vision_Avanzada/data/raw/pdbs/8hv2.pdb,True,False,False,False,False,False
15069,8hv5,EGFR,EGFR,TK,Human,active,in,in,1,2.2,/Users/josefinadehan/tp_vision_avanzada/TPF_Vision_Avanzada/data/raw/pdbs/8hv5.pdb,True,False,False,False,False,False
15070,8hv9,EGFR,EGFR,TK,Human,active,in,in,1,2.5,/Users/josefinadehan/tp_vision_avanzada/TPF_Vision_Avanzada/data/raw/pdbs/8hv9.pdb,True,False,False,False,False,False
15071,8hv6,EGFR,EGFR,TK,Human,active,in,in,1,2.2,/Users/josefinadehan/tp_vision_avanzada/TPF_Vision_Avanzada/data/raw/pdbs/8hv6.pdb,True,False,False,False,False,False
15072,8hv1,EGFR,EGFR,TK,Human,active,in,in,1,2.4,/Users/josefinadehan/tp_vision_avanzada/TPF_Vision_Avanzada/data/raw/pdbs/8hv1.pdb,True,False,False,False,False,False
15073,8hv8,EGFR,EGFR,TK,Human,active,in,in,1,2.4,/Users/josefinadehan/tp_vision_avanzada/TPF_Vision_Avanzada/data/raw/pdbs/8hv8.pdb,True,False,False,False,False,False
15074,8wd4,EGFR,EGFR,TK,Human,active,in,in,1,2.55,/Users/josefinadehan/tp_vision_avanzada/TPF_Vision_Avanzada/data/raw/pdbs/8wd4.pdb,True,False,False,False,False,False
15075,8hv4,EGFR,EGFR,TK,Human,active,in,in,1,2.2,/Users/josefinadehan/tp_vision_avanzada/TPF_Vision_Avanzada/data/raw/pdbs/8hv4.pdb,True,False,False,False,False,False
15076,8hva,EGFR,EGFR,TK,Human,active,in,in,1,2.77,/Users/josefinadehan/tp_vision_avanzada/TPF_Vision_Avanzada/data/raw/pdbs/8hva.pdb,True,False,False,False,False,False
15077,8hv2,EGFR,EGFR,TK,Human,active,in,in,1,2.8,/Users/josefinadehan/tp_vision_avanzada/TPF_Vision_Avanzada/data/raw/pdbs/8hv2.pdb,True,False,False,False,False,False
15165,8fv4,EGFR,EGFR,TK,Human,inactive,in,out,1,2.2,/Users/josefinadehan/tp_vision_avanzada/TPF_Vision_Avanzada/data/raw/pdbs/8fv4.pdb,False,False,False,True,False,False
15166,8fv4,EGFR,EGFR,TK,Human,inactive,in,out,1,2.2,/Users/josefinadehan/tp_vision_avanzada/TPF_Vision_Avanzada/data/raw/pdbs/8fv4.pdb,False,False,False,True,False,False
15167,8fv3,EGFR,EGFR,TK,Human,inactive,in,out,1,2.1,/Users/josefinadehan/tp_vision_avanzada/TPF_Vision_Avanzada/data/raw/pdbs/8fv3.pdb,False,False,False,True,False,False
15168,8fv3,EGFR,EGFR,TK,Human,inactive,in,out,1,2.1,/Users/josefinadehan/tp_vision_avanzada/TPF_Vision_Avanzada/data/raw/pdbs/8fv3.pdb,False,False,False,True,False,False
15235,8gb4,EGFR,EGFR,TK,Human,inactive,in,out,1,2.59,/Users/josefinadehan/tp_vision_avanzada/TPF_Vision_Avanzada/data/raw/pdbs/8gb4.pdb,False,False,False,True,False,False
15236,8gb4,EGFR,EGFR,TK,Human,inactive,in,out,1,2.59,/Users/josefinadehan/tp_vision_avanzada/TPF_Vision_Avanzada/data/raw/pdbs/8gb4.pdb,False,False,False,True,False,False
15237,8tjl,EGFR,EGFR,TK,Human,active,in,in,1,2.7,/Users/josefinadehan/tp_vision_avanzada/TPF_Vision_Avanzada/data/raw/pdbs/8tjl.pdb,True,False,False,False,False,False
15324,8sc7,EGFR,EGFR,TK,Human,active,in,in,1,1.984,/Users/josefinadehan/tp_vision_avanzada/TPF_Vision_Avanzada/data/raw/pdbs/8sc7.pdb,True,False,False,False,False,False
15325,8sc7,EGFR,EGFR,TK,Human,active,in,in,1,1.984,/Users/josefinadehan/tp_vision_avanzada/TPF_Vision_Avanzada/data/raw/pdbs/8sc7.pdb,True,False,False,False,False,False
15326,8sc7,EGFR,EGFR,TK,Human,active,in,in,1,1.984,/Users/josefinadehan/tp_vision_avanzada/TPF_Vision_Avanzada/data/raw/pdbs/8sc7.pdb,True,False,False,False,False,False
15327,8gk5,EGFR,EGFR,TK,Human,inactive,in,out,1,2.3,/Users/josefinadehan/tp_vision_avanzada/TPF_Vision_Avanzada/data/raw/pdbs/8gk5.pdb,False,False,False,True,False,False
15367,8kfq,EGFR,EGFR,TK,Human,active,in,in,1,3.22,/Users/josefinadehan/tp_vision_avanzada/TPF_Vision_Avanzada/data/raw/pdbs/8kfq.pdb,True,False,False,False,False,False
15388,8to3,EGFR,EGFR,TK,Human,inactive,in,out,1,2.49,/Users/josefinadehan/tp_vision_avanzada/TPF_Vision_Avanzada/data/raw/pdbs/8to3.pdb,False,False,False,True,False,False
15389,8to3,EGFR,EGFR,TK,Human,inactive,in,out,1,2.49,/Users/josefinadehan/tp_vision_avanzada/TPF_Vision_Avanzada/data/raw/pdbs/8to3.pdb,False,False,False,True,False,False
15390,8to4,EGFR,EGFR,TK,Human,inactive,in,out,1,2.99,/Users/josefinadehan/tp_vision_avanzada/TPF_Vision_Avanzada/data/raw/pdbs/8to4.pdb,False,False,False,True,False,False
15370,7lgs,EGFR,EGFR,TK,Human,active,in,in,1,3.1,/Users/josefinadehan/tp_vision_avanzada/TPF_Vision_Avanzada/data/raw/pdbs/7lgs.pdb,True,False,False,False,False,False
15371,7lgs,EGFR,EGFR,TK,Human,active,in,in,1,3.1,/Users/josefinadehan/tp_vision_avanzada/TPF_Vision_Avanzada/data/raw/pdbs/7lgs.pdb,True,False,False,False,False,False
15372,7lgs,EGFR,EGFR,TK,Human,active,in,in,1,3.1,/Users/josefinadehan/tp_vision_avanzada/TPF_Vision_Avanzada/data/raw/pdbs/7lgs.pdb,True,False,False,False,False,False
15373,7lgs,EGFR,EGFR,TK,Human,active,in,in,1,3.1,/Users/josefinadehan/tp_vision_avanzada/TPF_Vision_Avanzada/data/raw/pdbs/7lgs.pdb,True,False,False,False,False,False
15374,7lgs,EGFR,EGFR,TK,Human,active,in,in,1,3.1,/Users/josefinadehan/tp_vision_avanzada/TPF_Vision_Avanzada/data/raw/pdbs/7lgs.pdb,True,False,False,False,False,False
15375,8eme,EGFR,EGFR,TK,Human,inactive,in,out,1,3.32,/Users/josefinadehan/tp_vision_avanzada/TPF_Vision_Avanzada/data/raw/pdbs/8eme.pdb,False,False,False,True,False,False
15376,7lgs,EGFR,EGFR,TK,Human,active,in,in,1,3.1,/Users/josefinadehan/tp_vision_avanzada/TPF_Vision_Avanzada/data/raw/pdbs/7lgs.pdb,True,False,False,False,False,False
15391,8to4,EGFR,EGFR,TK,Human,inactive,in,out,1,2.99,/Users/josefinadehan/tp_vision_avanzada/TPF_Vision_Avanzada/data/raw/pdbs/8to4.pdb,False,False,False,True,False,False
887,4r3r,EGFR,EGFR,TK,Human,active,in,in,0,3.25,/Users/josefinadehan/tp_vision_avanzada/TPF_Vision_Avanzada/data/raw/pdbs/4r3r.pdb,True,False,False,False,False,False
850,4i20,EGFR,EGFR,TK,Human,inactive,out,in,0,3.34,/Users/josefinadehan/tp_vision_avanzada/TPF_Vision_Avanzada/data/raw/pdbs/4i20.pdb,False,False,False,False,True,False
6252,5edp,EGFR,EGFR,TK,Human,active,in,in,0,2.9,/Users/josefinadehan/tp_vision_avanzada/TPF_Vision_Avanzada/data/raw/pdbs/5edp.pdb,True,False,False,False,False,False
807,2rfe,EGFR,EGFR,TK,Human,inactive,in,out,0,2.9,/Users/josefinadehan/tp_vision_avanzada/TPF_Vision_Avanzada/data/raw/pdbs/2rfe.pdb,False,False,False,True,False,False
836,2rfe,EGFR,EGFR,TK,Human,inactive,in,out,0,2.9,/Users/josefinadehan/tp_vision_avanzada/TPF_Vision_Avanzada/data/raw/pdbs/2rfe.pdb,False,False,False,True,False,False
883,2rf9,EGFR,EGFR,TK,Human,inactive,out,in,0,3.5,/Users/josefinadehan/tp_vision_avanzada/TPF_Vision_Avanzada/data/raw/pdbs/2rf9.pdb,False,False,False,False,True,False
805,2jit,EGFR,EGFR,TK,Human,inactive,out-like,out,0,3.1,/Users/josefinadehan/tp_vision_avanzada/TPF_Vision_Avanzada/data/raw/pdbs/2jit.pdb,False,False,False,False,False,False
815,2gs6,EGFR,EGFR,TK,Human,active,in,in,0,2.6,/Users/josefinadehan/tp_vision_avanzada/TPF_Vision_Avanzada/data/raw/pdbs/2gs6.pdb,True,False,False,False,False,False
6593,4wd5,EGFR,EGFR,TK,Human,inactive,out-like,out,0,3.3,/Users/josefinadehan/tp_vision_avanzada/TPF_Vision_Avanzada/data/raw/pdbs/4wd5.pdb,False,False,False,False,False,False
827,4r3p,EGFR,EGFR,TK,Human,active,in,in,0,2.9,/Users/josefinadehan/tp_vision_avanzada/TPF_Vision_Avanzada/data/raw/pdbs/4r3p.pdb,True,False,False,False,False,False
7215,2j5e,EGFR,EGFR,TK,Human,active,in,in,0,3.1,/Users/josefinadehan/tp_vision_avanzada/TPF_Vision_Avanzada/data/raw/pdbs/2j5e.pdb,True,False,False,False,False,False
14107,7tvd,EGFR,EGFR,TK,Human,active,in,in,0,2.96,/Users/josefinadehan/tp_vision_avanzada/TPF_Vision_Avanzada/data/raw/pdbs/7tvd.pdb,True,False,False,False,False,False
8554,5xgn,EGFR,EGFR,TK,Human,inactive,out-like,out,0,3.0,/Users/josefinadehan/tp_vision_avanzada/TPF_Vision_Avanzada/data/raw/pdbs/5xgn.pdb,False,False,False,False,False,False
853,3gop,EGFR,EGFR,TK,Human,inactive,out-like,out,0,2.8,/Users/josefinadehan/tp_vision_avanzada/TPF_Vision_Avanzada/data/raw/pdbs/3gop.pdb,False,False,False,False,False,False
843,4zjv,EGFR,EGFR,TK,Human,inactive,out,in,0,2.7,/Users/josefinadehan/tp_vision_avanzada/TPF_Vision_Avanzada/data/raw/pdbs/4zjv.pdb,False,False,False,False,True,False
886,3gop,EGFR,EGFR,TK,Human,inactive,out-like,out,0,2.8,/Users/josefinadehan/tp_vision_avanzada/TPF_Vision_Avanzada/data/raw/pdbs/3gop.pdb,False,False,False,False,False,False
13557,6wxn,EGFR,EGFR,TK,Human,inactive,in,out,0,1.76,/Users/josefinadehan/tp_vision_avanzada/TPF_Vision_Avanzada/data/raw/pdbs/6wxn.pdb,False,False,False,True,False,False
14016,7sz7,EGFR,EGFR,TK,Human,inactive,in,out,0,3.4,/Users/josefinadehan/tp_vision_avanzada/TPF_Vision_Avanzada/data/raw/pdbs/7sz7.pdb,False,False,False,True,False,False
868,3ika,EGFR,EGFR,TK,Human,inactive,out-like,out,0,2.9,/Users/josefinadehan/tp_vision_avanzada/TPF_Vision_Avanzada/data/raw/pdbs/3ika.pdb,False,False,False,False,False,False
6110,5czi,EGFR,EGFR,TK,Human,active,in,in,0,2.6,/Users/josefinadehan/tp_vision_avanzada/TPF_Vision_Avanzada/data/raw/pdbs/5czi.pdb,True,False,False,False,False,False
14532,7ukw,EGFR,EGFR,TK,Human,inactive,in,out,0,2.6,/Users/josefinadehan/tp_vision_avanzada/TPF_Vision_Avanzada/data/raw/pdbs/7ukw.pdb,False,False,False,True,False,False
897,4tks,EGFR,EGFR,TK,Human,active,in,in,0,3.2,/Users/josefinadehan/tp_vision_avanzada/TPF_Vision_Avanzada/data/raw/pdbs/4tks.pdb,True,False,False,False,False,False
14531,7ukw,EGFR,EGFR,TK,Human,inactive,in,out,0,2.6,/Users/josefinadehan/tp_vision_avanzada/TPF_Vision_Avanzada/data/raw/pdbs/7ukw.pdb,False,False,False,True,False,False
896,2rfe,EGFR,EGFR,TK,Human,inactive,in,out,0,2.9,/Users/josefinadehan/tp_vision_avanzada/TPF_Vision_Avanzada/data/raw/pdbs/2rfe.pdb,False,False,False,True,False,False
863,3ika,EGFR,EGFR,TK,Human,inactive,out-like,out,0,2.9,/Users/josefinadehan/tp_vision_avanzada/TPF_Vision_Avanzada/data/raw/pdbs/3ika.pdb,False,False,False,False,False,False
875,2rfd,EGFR,EGFR,TK,Human,inactive,in,out,0,3.6,/Users/josefinadehan/tp_vision_avanzada/TPF_Vision_Avanzada/data/raw/pdbs/2rfd.pdb,False,False,False,True,False,False
6111,5czh,EGFR,EGFR,TK,Human,active,in,in,0,2.8,/Users/josefinadehan/tp_vision_avanzada/TPF_Vision_Avanzada/data/raw/pdbs/5czh.pdb,True,False,False,False,False,False
903,4i1z,EGFR,EGFR,TK,Human,inactive,out-like,in,0,3.0,/Users/josefinadehan/tp_vision_avanzada/TPF_Vision_Avanzada/data/raw/pdbs/4i1z.pdb,False,False,False,False,True,False
14031,7sz0,EGFR,EGFR,TK,Human,inactive,in,out,0,3.3,/Users/josefinadehan/tp_vision_avanzada/TPF_Vision_Avanzada/data/raw/pdbs/7sz0.pdb,False,False,False,True,False,False
876,2rf9,EGFR,EGFR,TK,Human,inactive,out-like,in,0,3.5,/Users/josefinadehan/tp_vision_avanzada/TPF_Vision_Avanzada/data/raw/pdbs/2rf9.pdb,False,False,False,False,True,False
14478,7si1,EGFR,EGFR,TK,Human,active,in,in,0,1.6,/Users/josefinadehan/tp_vision_avanzada/TPF_Vision_Avanzada/data/raw/pdbs/7si1.pdb,True,False,False,False,False,False
799,3ug1,EGFR,EGFR,TK,Human,active,in,in,0,2.75,/Users/josefinadehan/tp_vision_avanzada/TPF_Vision_Avanzada/data/raw/pdbs/3ug1.pdb,True,False,False,False,False,False
14480,7si1,EGFR,EGFR,TK,Human,active,in,in,0,1.6,/Users/josefinadehan/tp_vision_avanzada/TPF_Vision_Avanzada/data/raw/pdbs/7si1.pdb,True,False,False,False,False,False
788,4g5p,EGFR,EGFR,TK,Human,inactive,out-like,out,0,3.17,/Users/josefinadehan/tp_vision_avanzada/TPF_Vision_Avanzada/data/raw/pdbs/4g5p.pdb,False,False,False,False,False,False
849,2gs2,EGFR,EGFR,TK,Human,active,in,in,0,2.8,/Users/josefinadehan/tp_vision_avanzada/TPF_Vision_Avanzada/data/raw/pdbs/2gs2.pdb,True,False,False,False,False,False
826,1m14,EGFR,EGFR,TK,Human,active,in,in,0,2.6,/Users/josefinadehan/tp_vision_avanzada/TPF_Vision_Avanzada/data/raw/pdbs/1m14.pdb,True,False,False,False,False,False
14027,7syd,EGFR,EGFR,TK,Human,inactive,in,out,0,3.1,/Users/josefinadehan/tp_vision_avanzada/TPF_Vision_Avanzada/data/raw/pdbs/7syd.pdb,False,False,False,True,False,False
840,2rfd,EGFR,EGFR,TK,Human,inactive,in,out,0,3.6,/Users/josefinadehan/tp_vision_avanzada/TPF_Vision_Avanzada/data/raw/pdbs/2rfd.pdb,False,False,False,True,False,False
904,4zjv,EGFR,EGFR,TK,Human,inactive,out,in,0,2.7,/Users/josefinadehan/tp_vision_avanzada/TPF_Vision_Avanzada/data/raw/pdbs/4zjv.pdb,False,False,False,False,True,False
14029,7sz1,EGFR,EGFR,TK,Human,inactive,in,out,0,3.4,/Users/josefinadehan/tp_vision_avanzada/TPF_Vision_Avanzada/data/raw/pdbs/7sz1.pdb,False,False,False,True,False,False
854,4wrg,EGFR,EGFR,TK,Human,active,in,in,0,1.9,/Users/josefinadehan/tp_vision_avanzada/TPF_Vision_Avanzada/data/raw/pdbs/4wrg.pdb,True,False,False,False,False,False
888,2jit,EGFR,EGFR,TK,Human,active,in,in,0,3.1,/Users/josefinadehan/tp_vision_avanzada/TPF_Vision_Avanzada/data/raw/pdbs/2jit.pdb,True,False,False,False,False,False
13558,6wxn,EGFR,EGFR,TK,Human,inactive,in,out,0,1.76,/Users/josefinadehan/tp_vision_avanzada/TPF_Vision_Avanzada/data/raw/pdbs/6wxn.pdb,False,False,False,True,False,False
14028,7sye,EGFR,EGFR,TK,Human,inactive,in,out,0,3.3,/Users/josefinadehan/tp_vision_avanzada/TPF_Vision_Avanzada/data/raw/pdbs/7sye.pdb,False,False,False,True,False,False
14479,7si1,EGFR,EGFR,TK,Human,active,in,in,0,1.6,/Users/josefinadehan/tp_vision_avanzada/TPF_Vision_Avanzada/data/raw/pdbs/7si1.pdb,True,False,False,False,False,False
814,4wrg,EGFR,EGFR,TK,Human,active,in,in,0,1.9,/Users/josefinadehan/tp_vision_avanzada/TPF_Vision_Avanzada/data/raw/pdbs/4wrg.pdb,True,False,False,False,False,False
780,4zjv,EGFR,EGFR,TK,Human,inactive,out,in,0,2.7,/Users/josefinadehan/tp_vision_avanzada/TPF_Vision_Avanzada/data/raw/pdbs/4zjv.pdb,False,False,False,False,True,False
906,4i1z,EGFR,EGFR,TK,Human,inactive,out-like,in,0,3.0,/Users/josefinadehan/tp_vision_avanzada/TPF_Vision_Avanzada/data/raw/pdbs/4i1z.pdb,False,False,False,False,True,False
895,2jiu,EGFR,EGFR,TK,Human,inactive,out-like,out,0,3.05,/Users/josefinadehan/tp_vision_avanzada/TPF_Vision_Avanzada/data/raw/pdbs/2jiu.pdb,False,False,False,False,False,False
864,3ug1,EGFR,EGFR,TK,Human,active,in,in,0,2.75,/Users/josefinadehan/tp_vision_avanzada/TPF_Vision_Avanzada/data/raw/pdbs/3ug1.pdb,True,False,False,False,False,False
14030,7sz5,EGFR,EGFR,TK,Human,inactive,in,out,0,3.6,/Users/josefinadehan/tp_vision_avanzada/TPF_Vision_Avanzada/data/raw/pdbs/7sz5.pdb,False,False,False,True,False,False
824,4i21,EGFR,EGFR,TK,Human,inactive,out-like,in,0,3.37,/Users/josefinadehan/tp_vision_avanzada/TPF_Vision_Avanzada/data/raw/pdbs/4i21.pdb,False,False,False,False,True,False
776,4i21,EGFR,EGFR,TK,Human,inactive,out-like,in,0,3.37,/Users/josefinadehan/tp_vision_avanzada/TPF_Vision_Avanzada/data/raw/pdbs/4i21.pdb,False,False,False,False,True,False
787,2eb2,EGFR,EGFR,TK,Human,active,in,in,0,2.5,/Users/josefinadehan/tp_vision_avanzada/TPF_Vision_Avanzada/data/raw/pdbs/2eb2.pdb,True,False,False,False,False,False
907,2rfe,EGFR,EGFR,TK,Human,inactive,in,out,0,2.9,/Users/josefinadehan/tp_vision_avanzada/TPF_Vision_Avanzada/data/raw/pdbs/2rfe.pdb,False,False,False,True,False,False
798,4zjv,EGFR,EGFR,TK,Human,inactive,out,in,0,2.7,/Users/josefinadehan/tp_vision_avanzada/TPF_Vision_Avanzada/data/raw/pdbs/4zjv.pdb,False,False,False,False,True,False
14938,8eme,EGFR,EGFR,TK,Human,inactive,in,out,0,3.32,/Users/josefinadehan/tp_vision_avanzada/TPF_Vision_Avanzada/data/raw/pdbs/8eme.pdb,False,False,False,True,False,False
4815,3pp0,ERBB2,EGFR,TK,Human,active,in,in,1,2.25,/Users/josefinadehan/tp_vision_avanzada/TPF_Vision_Avanzada/data/raw/pdbs/3pp0.pdb,True,False,False,False,False,False
4819,3pp0,ERBB2,EGFR,TK,Human,active,in,in,1,2.25,/Users/josefinadehan/tp_vision_avanzada/TPF_Vision_Avanzada/data/raw/pdbs/3pp0.pdb,True,False,False,False,False,False
4816,3pp0,ERBB2,EGFR,TK,Human,active,in,in,1,2.25,/Users/josefinadehan/tp_vision_avanzada/TPF_Vision_Avanzada/data/raw/pdbs/3pp0.pdb,True,False,False,False,False,False
4820,3pp0,ERBB2,EGFR,TK,Human,active,in,in,1,2.25,/Users/josefinadehan/tp_vision_avanzada/TPF_Vision_Avanzada/data/raw/pdbs/3pp0.pdb,True,False,False,False,False,False
9323,3rcd,ERBB2,EGFR,TK,Human,inactive,in,out,1,3.21,/Users/josefinadehan/tp_vision_avanzada/TPF_Vision_Avanzada/data/raw/pdbs/3rcd.pdb,False,False,False,True,False,False
9325,3rcd,ERBB2,EGFR,TK,Human,inactive,in,out,1,3.21,/Users/josefinadehan/tp_vision_avanzada/TPF_Vision_Avanzada/data/raw/pdbs/3rcd.pdb,False,False,False,True,False,False
13888,7jxh,ERBB2,EGFR,TK,Human,inactive,in,out,1,3.27,/Users/josefinadehan/tp_vision_avanzada/TPF_Vision_Avanzada/data/raw/pdbs/7jxh.pdb,False,False,False,True,False,False
13887,7jxh,ERBB2,EGFR,TK,Human,inactive,in,out,1,3.27,/Users/josefinadehan/tp_vision_avanzada/TPF_Vision_Avanzada/data/raw/pdbs/7jxh.pdb,False,False,False,True,False,False
14320,7pcd,ERBB2,EGFR,TK,Human,active,in,in,1,1.77,/Users/josefinadehan/tp_vision_avanzada/TPF_Vision_Avanzada/data/raw/pdbs/7pcd.pdb,True,False,False,False,False,False
14319,7pcd,ERBB2,EGFR,TK,Human,active,in,in,1,1.77,/Users/josefinadehan/tp_vision_avanzada/TPF_Vision_Avanzada/data/raw/pdbs/7pcd.pdb,True,False,False,False,False,False
15344,8u8x,ERBB2,EGFR,TK,Human,inactive,out-like,out,1,1.69,/Users/josefinadehan/tp_vision_avanzada/TPF_Vision_Avanzada/data/raw/pdbs/8u8x.pdb,False,False,False,False,False,False
15345,8u8x,ERBB2,EGFR,TK,Human,inactive,out-like,out,1,1.69,/Users/josefinadehan/tp_vision_avanzada/TPF_Vision_Avanzada/data/raw/pdbs/8u8x.pdb,False,False,False,False,False,False
9322,3rcd,ERBB2,EGFR,TK,Human,active,in,in,0,3.21,/Users/josefinadehan/tp_vision_avanzada/TPF_Vision_Avanzada/data/raw/pdbs/3rcd.pdb,True,False,False,False,False,False
9324,3rcd,ERBB2,EGFR,TK,Human,active,in,in,0,3.21,/Users/josefinadehan/tp_vision_avanzada/TPF_Vision_Avanzada/data/raw/pdbs/3rcd.pdb,True,False,False,False,False,False
3559,4rwj,FGFR1,FGFR,TK,Human,active,in,in,1,2.49,/Users/josefinadehan/tp_vision_avanzada/TPF_Vision_Avanzada/data/raw/pdbs/4rwj.pdb,True,False,False,False,False,False
3589,4f64,FGFR1,FGFR,TK,Human,active,in,in,1,2.05,/Users/josefinadehan/tp_vision_avanzada/TPF_Vision_Avanzada/data/raw/pdbs/4f64.pdb,True,False,False,False,False,False
3541,2fgi,FGFR1,FGFR,TK,Human,active,in,in,1,2.5,/Users/josefinadehan/tp_vision_avanzada/TPF_Vision_Avanzada/data/raw/pdbs/2fgi.pdb,True,False,False,False,False,False
3497,4v01,FGFR1,FGFR,TK,Human,inactive,out,in,1,2.33,/Users/josefinadehan/tp_vision_avanzada/TPF_Vision_Avanzada/data/raw/pdbs/4v01.pdb,False,False,False,False,True,False
3524,4v04,FGFR1,FGFR,TK,Human,inactive,out,in,1,2.12,/Users/josefinadehan/tp_vision_avanzada/TPF_Vision_Avanzada/data/raw/pdbs/4v04.pdb,False,False,False,False,True,False
3526,5a46,FGFR1,FGFR,TK,Human,active,in,in,1,2.63,/Users/josefinadehan/tp_vision_avanzada/TPF_Vision_Avanzada/data/raw/pdbs/5a46.pdb,True,False,False,False,False,False
3528,1agw,FGFR1,FGFR,TK,Human,active,in,in,1,2.4,/Users/josefinadehan/tp_vision_avanzada/TPF_Vision_Avanzada/data/raw/pdbs/1agw.pdb,True,False,False,False,False,False
3498,5a4c,FGFR1,FGFR,TK,Human,active,in,in,1,2.09,/Users/josefinadehan/tp_vision_avanzada/TPF_Vision_Avanzada/data/raw/pdbs/5a4c.pdb,True,False,False,False,False,False
3500,4rwk,FGFR1,FGFR,TK,Human,active,in,in,1,2.98,/Users/josefinadehan/tp_vision_avanzada/TPF_Vision_Avanzada/data/raw/pdbs/4rwk.pdb,True,False,False,False,False,False
3550,4nk9,FGFR1,FGFR,TK,Human,active,in,in,1,2.57,/Users/josefinadehan/tp_vision_avanzada/TPF_Vision_Avanzada/data/raw/pdbs/4nk9.pdb,True,False,False,False,False,False
3552,1fgi,FGFR1,FGFR,TK,Human,active,in,in,1,2.5,/Users/josefinadehan/tp_vision_avanzada/TPF_Vision_Avanzada/data/raw/pdbs/1fgi.pdb,True,False,False,False,False,False
3529,4wun,FGFR1,FGFR,TK,Human,active,in,in,1,1.65,/Users/josefinadehan/tp_vision_avanzada/TPF_Vision_Avanzada/data/raw/pdbs/4wun.pdb,True,False,False,False,False,False
3501,4nka,FGFR1,FGFR,TK,Human,active,in,in,1,2.19,/Users/josefinadehan/tp_vision_avanzada/TPF_Vision_Avanzada/data/raw/pdbs/4nka.pdb,True,False,False,False,False,False
3502,4f65,FGFR1,FGFR,TK,Human,active,in,in,1,2.26,/Users/josefinadehan/tp_vision_avanzada/TPF_Vision_Avanzada/data/raw/pdbs/4f65.pdb,True,False,False,False,False,False
3504,3js2,FGFR1,FGFR,TK,Human,active,in,in,1,2.2,/Users/josefinadehan/tp_vision_avanzada/TPF_Vision_Avanzada/data/raw/pdbs/3js2.pdb,True,False,False,False,False,False
3505,5a46,FGFR1,FGFR,TK,Human,active,in,in,1,2.63,/Users/josefinadehan/tp_vision_avanzada/TPF_Vision_Avanzada/data/raw/pdbs/5a46.pdb,True,False,False,False,False,False
3506,3gql,FGFR1,FGFR,TK,Human,active,in,in,1,2.8,/Users/josefinadehan/tp_vision_avanzada/TPF_Vision_Avanzada/data/raw/pdbs/3gql.pdb,True,False,False,False,False,False
3576,4f64,FGFR1,FGFR,TK,Human,active,in,in,1,2.05,/Users/josefinadehan/tp_vision_avanzada/TPF_Vision_Avanzada/data/raw/pdbs/4f64.pdb,True,False,False,False,False,False
3507,3wj6,FGFR1,FGFR,TK,Human,active,in,in,1,2.15,/Users/josefinadehan/tp_vision_avanzada/TPF_Vision_Avanzada/data/raw/pdbs/3wj6.pdb,True,False,False,False,False,False
3553,4f64,FGFR1,FGFR,TK,Human,active,in,in,1,2.05,/Users/josefinadehan/tp_vision_avanzada/TPF_Vision_Avanzada/data/raw/pdbs/4f64.pdb,True,False,False,False,False,False
3508,4f65,FGFR1,FGFR,TK,Human,active,in,in,1,2.26,/Users/josefinadehan/tp_vision_avanzada/TPF_Vision_Avanzada/data/raw/pdbs/4f65.pdb,True,False,False,False,False,False
3530,4rwk,FGFR1,FGFR,TK,Human,active,in,in,1,2.98,/Users/josefinadehan/tp_vision_avanzada/TPF_Vision_Avanzada/data/raw/pdbs/4rwk.pdb,True,False,False,False,False,False
3509,3gql,FGFR1,FGFR,TK,Human,active,in,in,1,2.8,/Users/josefinadehan/tp_vision_avanzada/TPF_Vision_Avanzada/data/raw/pdbs/3gql.pdb,True,False,False,False,False,False
3487,4zsa,FGFR1,FGFR,TK,Human,active,in,in,1,2.0,/Users/josefinadehan/tp_vision_avanzada/TPF_Vision_Avanzada/data/raw/pdbs/4zsa.pdb,True,False,False,False,False,False
3488,5am7,FGFR1,FGFR,TK,Human,active,in,in,1,1.96,/Users/josefinadehan/tp_vision_avanzada/TPF_Vision_Avanzada/data/raw/pdbs/5am7.pdb,True,False,False,False,False,False
3510,1agw,FGFR1,FGFR,TK,Human,active,in,in,1,2.4,/Users/josefinadehan/tp_vision_avanzada/TPF_Vision_Avanzada/data/raw/pdbs/1agw.pdb,True,False,False,False,False,False
3531,5am7,FGFR1,FGFR,TK,Human,active,in,in,1,1.96,/Users/josefinadehan/tp_vision_avanzada/TPF_Vision_Avanzada/data/raw/pdbs/5am7.pdb,True,False,False,False,False,False
3490,2fgi,FGFR1,FGFR,TK,Human,active,in,in,1,2.5,/Users/josefinadehan/tp_vision_avanzada/TPF_Vision_Avanzada/data/raw/pdbs/2fgi.pdb,True,False,False,False,False,False
3532,5a46,FGFR1,FGFR,TK,Human,active,in,in,1,2.63,/Users/josefinadehan/tp_vision_avanzada/TPF_Vision_Avanzada/data/raw/pdbs/5a46.pdb,True,False,False,False,False,False
3533,5am7,FGFR1,FGFR,TK,Human,active,in,in,1,1.96,/Users/josefinadehan/tp_vision_avanzada/TPF_Vision_Avanzada/data/raw/pdbs/5am7.pdb,True,False,False,False,False,False
3511,4wun,FGFR1,FGFR,TK,Human,active,in,in,1,1.65,/Users/josefinadehan/tp_vision_avanzada/TPF_Vision_Avanzada/data/raw/pdbs/4wun.pdb,True,False,False,False,False,False
3491,4zsa,FGFR1,FGFR,TK,Human,active,in,in,1,2.0,/Users/josefinadehan/tp_vision_avanzada/TPF_Vision_Avanzada/data/raw/pdbs/4zsa.pdb,True,False,False,False,False,False
3542,4v04,FGFR1,FGFR,TK,Human,inactive,out,in,1,2.12,/Users/josefinadehan/tp_vision_avanzada/TPF_Vision_Avanzada/data/raw/pdbs/4v04.pdb,False,False,False,False,True,False
3492,4nks,FGFR1,FGFR,TK,Human,active,in,in,1,2.5,/Users/josefinadehan/tp_vision_avanzada/TPF_Vision_Avanzada/data/raw/pdbs/4nks.pdb,True,False,False,False,False,False
3512,4zsa,FGFR1,FGFR,TK,Human,active,in,in,1,2.0,/Users/josefinadehan/tp_vision_avanzada/TPF_Vision_Avanzada/data/raw/pdbs/4zsa.pdb,True,False,False,False,False,False
3514,5am6,FGFR1,FGFR,TK,Human,active,in,in,1,1.96,/Users/josefinadehan/tp_vision_avanzada/TPF_Vision_Avanzada/data/raw/pdbs/5am6.pdb,True,False,False,False,False,False
3493,4v05,FGFR1,FGFR,TK,Human,active,in,in,1,2.57,/Users/josefinadehan/tp_vision_avanzada/TPF_Vision_Avanzada/data/raw/pdbs/4v05.pdb,True,False,False,False,False,False
3494,5am6,FGFR1,FGFR,TK,Human,active,in,in,1,1.96,/Users/josefinadehan/tp_vision_avanzada/TPF_Vision_Avanzada/data/raw/pdbs/5am6.pdb,True,False,False,False,False,False
3535,4nk9,FGFR1,FGFR,TK,Human,active,in,in,1,2.57,/Users/josefinadehan/tp_vision_avanzada/TPF_Vision_Avanzada/data/raw/pdbs/4nk9.pdb,True,False,False,False,False,False
3515,3c4f,FGFR1,FGFR,TK,Human,active,in,in,1,2.07,/Users/josefinadehan/tp_vision_avanzada/TPF_Vision_Avanzada/data/raw/pdbs/3c4f.pdb,True,False,False,False,False,False
3517,4rwk,FGFR1,FGFR,TK,Human,active,in,in,1,2.98,/Users/josefinadehan/tp_vision_avanzada/TPF_Vision_Avanzada/data/raw/pdbs/4rwk.pdb,True,False,False,False,False,False
3573,3c4f,FGFR1,FGFR,TK,Human,active,in,in,1,2.07,/Users/josefinadehan/tp_vision_avanzada/TPF_Vision_Avanzada/data/raw/pdbs/3c4f.pdb,True,False,False,False,False,False
3554,3rhx,FGFR1,FGFR,TK,Human,active,in,in,1,2.01,/Users/josefinadehan/tp_vision_avanzada/TPF_Vision_Avanzada/data/raw/pdbs/3rhx.pdb,True,False,False,False,False,False
3518,4v05,FGFR1,FGFR,TK,Human,active,in,in,1,2.57,/Users/josefinadehan/tp_vision_avanzada/TPF_Vision_Avanzada/data/raw/pdbs/4v05.pdb,True,False,False,False,False,False
3555,1fgi,FGFR1,FGFR,TK,Human,active,in,in,1,2.5,/Users/josefinadehan/tp_vision_avanzada/TPF_Vision_Avanzada/data/raw/pdbs/1fgi.pdb,True,False,False,False,False,False
3536,3gql,FGFR1,FGFR,TK,Human,active,in,in,1,2.8,/Users/josefinadehan/tp_vision_avanzada/TPF_Vision_Avanzada/data/raw/pdbs/3gql.pdb,True,False,False,False,False,False
3519,4rwj,FGFR1,FGFR,TK,Human,active,in,in,1,2.49,/Users/josefinadehan/tp_vision_avanzada/TPF_Vision_Avanzada/data/raw/pdbs/4rwj.pdb,True,False,False,False,False,False
3520,1agw,FGFR1,FGFR,TK,Human,active,in,in,1,2.4,/Users/josefinadehan/tp_vision_avanzada/TPF_Vision_Avanzada/data/raw/pdbs/1agw.pdb,True,False,False,False,False,False
3521,5am6,FGFR1,FGFR,TK,Human,active,in,in,1,1.96,/Users/josefinadehan/tp_vision_avanzada/TPF_Vision_Avanzada/data/raw/pdbs/5am6.pdb,True,False,False,False,False,False
3543,5a4c,FGFR1,FGFR,TK,Human,active,in,in,1,2.09,/Users/josefinadehan/tp_vision_avanzada/TPF_Vision_Avanzada/data/raw/pdbs/5a4c.pdb,True,False,False,False,False,False
3522,3rhx,FGFR1,FGFR,TK,Human,active,in,in,1,2.01,/Users/josefinadehan/tp_vision_avanzada/TPF_Vision_Avanzada/data/raw/pdbs/3rhx.pdb,True,False,False,False,False,False
3523,3js2,FGFR1,FGFR,TK,Human,active,in,in,1,2.2,/Users/josefinadehan/tp_vision_avanzada/TPF_Vision_Avanzada/data/raw/pdbs/3js2.pdb,True,False,False,False,False,False
3560,4v05,FGFR1,FGFR,TK,Human,active,in,in,1,2.57,/Users/josefinadehan/tp_vision_avanzada/TPF_Vision_Avanzada/data/raw/pdbs/4v05.pdb,True,False,False,False,False,False
3538,3tt0,FGFR1,FGFR,TK,Human,active,in,in,1,2.8,/Users/josefinadehan/tp_vision_avanzada/TPF_Vision_Avanzada/data/raw/pdbs/3tt0.pdb,True,False,False,False,False,False
3544,3wj6,FGFR1,FGFR,TK,Human,active,in,in,1,2.15,/Users/josefinadehan/tp_vision_avanzada/TPF_Vision_Avanzada/data/raw/pdbs/3wj6.pdb,True,False,False,False,False,False
3539,4nka,FGFR1,FGFR,TK,Human,active,in,in,1,2.19,/Users/josefinadehan/tp_vision_avanzada/TPF_Vision_Avanzada/data/raw/pdbs/4nka.pdb,True,False,False,False,False,False
3545,4f65,FGFR1,FGFR,TK,Human,active,in,in,1,2.26,/Users/josefinadehan/tp_vision_avanzada/TPF_Vision_Avanzada/data/raw/pdbs/4f65.pdb,True,False,False,False,False,False
3565,4wun,FGFR1,FGFR,TK,Human,active,in,in,1,1.65,/Users/josefinadehan/tp_vision_avanzada/TPF_Vision_Avanzada/data/raw/pdbs/4wun.pdb,True,False,False,False,False,False
3540,5a4c,FGFR1,FGFR,TK,Human,active,in,in,1,2.09,/Users/josefinadehan/tp_vision_avanzada/TPF_Vision_Avanzada/data/raw/pdbs/5a4c.pdb,True,False,False,False,False,False
3566,3gqi,FGFR1,FGFR,TK,Human,active,in,in,1,2.5,/Users/josefinadehan/tp_vision_avanzada/TPF_Vision_Avanzada/data/raw/pdbs/3gqi.pdb,True,False,False,False,False,False
3556,4v01,FGFR1,FGFR,TK,Human,inactive,out,in,1,2.33,/Users/josefinadehan/tp_vision_avanzada/TPF_Vision_Avanzada/data/raw/pdbs/4v01.pdb,False,False,False,False,True,False
3547,3tt0,FGFR1,FGFR,TK,Human,active,in,in,1,2.8,/Users/josefinadehan/tp_vision_avanzada/TPF_Vision_Avanzada/data/raw/pdbs/3tt0.pdb,True,False,False,False,False,False
3561,4nks,FGFR1,FGFR,TK,Human,active,in,in,1,2.5,/Users/josefinadehan/tp_vision_avanzada/TPF_Vision_Avanzada/data/raw/pdbs/4nks.pdb,True,False,False,False,False,False
3548,4f64,FGFR1,FGFR,TK,Human,active,in,in,1,2.05,/Users/josefinadehan/tp_vision_avanzada/TPF_Vision_Avanzada/data/raw/pdbs/4f64.pdb,True,False,False,False,False,False
3558,4f65,FGFR1,FGFR,TK,Human,active,in,in,1,2.26,/Users/josefinadehan/tp_vision_avanzada/TPF_Vision_Avanzada/data/raw/pdbs/4f65.pdb,True,False,False,False,False,False
3570,4nks,FGFR1,FGFR,TK,Human,active,in,in,1,2.5,/Users/josefinadehan/tp_vision_avanzada/TPF_Vision_Avanzada/data/raw/pdbs/4nks.pdb,True,False,False,False,False,False
3562,3c4f,FGFR1,FGFR,TK,Human,active,in,in,1,2.07,/Users/josefinadehan/tp_vision_avanzada/TPF_Vision_Avanzada/data/raw/pdbs/3c4f.pdb,True,False,False,False,False,False
3563,4f63,FGFR1,FGFR,TK,Human,active,in,in,1,2.55,/Users/josefinadehan/tp_vision_avanzada/TPF_Vision_Avanzada/data/raw/pdbs/4f63.pdb,True,False,False,False,False,False
3564,3c4f,FGFR1,FGFR,TK,Human,active,in,in,1,2.07,/Users/josefinadehan/tp_vision_avanzada/TPF_Vision_Avanzada/data/raw/pdbs/3c4f.pdb,True,False,False,False,False,False
3567,3tt0,FGFR1,FGFR,TK,Human,active,in,in,1,2.8,/Users/josefinadehan/tp_vision_avanzada/TPF_Vision_Avanzada/data/raw/pdbs/3tt0.pdb,True,False,False,False,False,False
3568,1agw,FGFR1,FGFR,TK,Human,active,in,in,1,2.4,/Users/josefinadehan/tp_vision_avanzada/TPF_Vision_Avanzada/data/raw/pdbs/1agw.pdb,True,False,False,False,False,False
3574,4f63,FGFR1,FGFR,TK,Human,active,in,in,1,2.55,/Users/josefinadehan/tp_vision_avanzada/TPF_Vision_Avanzada/data/raw/pdbs/4f63.pdb,True,False,False,False,False,False
3572,4zsa,FGFR1,FGFR,TK,Human,active,in,in,1,2.0,/Users/josefinadehan/tp_vision_avanzada/TPF_Vision_Avanzada/data/raw/pdbs/4zsa.pdb,True,False,False,False,False,False
3579,4rwj,FGFR1,FGFR,TK,Human,active,in,in,1,2.49,/Users/josefinadehan/tp_vision_avanzada/TPF_Vision_Avanzada/data/raw/pdbs/4rwj.pdb,True,False,False,False,False,False
3580,1fgi,FGFR1,FGFR,TK,Human,active,in,in,1,2.5,/Users/josefinadehan/tp_vision_avanzada/TPF_Vision_Avanzada/data/raw/pdbs/1fgi.pdb,True,False,False,False,False,False
3577,4nks,FGFR1,FGFR,TK,Human,active,in,in,1,2.5,/Users/josefinadehan/tp_vision_avanzada/TPF_Vision_Avanzada/data/raw/pdbs/4nks.pdb,True,False,False,False,False,False
3578,5a46,FGFR1,FGFR,TK,Human,active,in,in,1,2.63,/Users/josefinadehan/tp_vision_avanzada/TPF_Vision_Avanzada/data/raw/pdbs/5a46.pdb,True,False,False,False,False,False
3581,3tt0,FGFR1,FGFR,TK,Human,active,in,in,1,2.8,/Users/josefinadehan/tp_vision_avanzada/TPF_Vision_Avanzada/data/raw/pdbs/3tt0.pdb,True,False,False,False,False,False
3584,4rwj,FGFR1,FGFR,TK,Human,active,in,in,1,2.49,/Users/josefinadehan/tp_vision_avanzada/TPF_Vision_Avanzada/data/raw/pdbs/4rwj.pdb,True,False,False,False,False,False
3585,5a4c,FGFR1,FGFR,TK,Human,active,in,in,1,2.09,/Users/josefinadehan/tp_vision_avanzada/TPF_Vision_Avanzada/data/raw/pdbs/5a4c.pdb,True,False,False,False,False,False
3586,1fgi,FGFR1,FGFR,TK,Human,active,in,in,1,2.5,/Users/josefinadehan/tp_vision_avanzada/TPF_Vision_Avanzada/data/raw/pdbs/1fgi.pdb,True,False,False,False,False,False
3587,5am6,FGFR1,FGFR,TK,Human,active,in,in,1,1.96,/Users/josefinadehan/tp_vision_avanzada/TPF_Vision_Avanzada/data/raw/pdbs/5am6.pdb,True,False,False,False,False,False
3588,5am7,FGFR1,FGFR,TK,Human,active,in,in,1,1.96,/Users/josefinadehan/tp_vision_avanzada/TPF_Vision_Avanzada/data/raw/pdbs/5am7.pdb,True,False,False,False,False,False
3590,4v01,FGFR1,FGFR,TK,Human,inactive,out,in,1,2.33,/Users/josefinadehan/tp_vision_avanzada/TPF_Vision_Avanzada/data/raw/pdbs/4v01.pdb,False,False,False,False,True,False
3591,4rwk,FGFR1,FGFR,TK,Human,active,in,in,1,2.98,/Users/josefinadehan/tp_vision_avanzada/TPF_Vision_Avanzada/data/raw/pdbs/4rwk.pdb,True,False,False,False,False,False
3593,4v05,FGFR1,FGFR,TK,Human,active,in,in,1,2.57,/Users/josefinadehan/tp_vision_avanzada/TPF_Vision_Avanzada/data/raw/pdbs/4v05.pdb,True,False,False,False,False,False
3594,4v01,FGFR1,FGFR,TK,Human,inactive,out,in,1,2.33,/Users/josefinadehan/tp_vision_avanzada/TPF_Vision_Avanzada/data/raw/pdbs/4v01.pdb,False,False,False,False,True,False
3595,4wun,FGFR1,FGFR,TK,Human,active,in,in,1,1.65,/Users/josefinadehan/tp_vision_avanzada/TPF_Vision_Avanzada/data/raw/pdbs/4wun.pdb,True,False,False,False,False,False
3596,4rwl,FGFR1,FGFR,TK,Human,active,in,in,1,2.19,/Users/josefinadehan/tp_vision_avanzada/TPF_Vision_Avanzada/data/raw/pdbs/4rwl.pdb,True,False,False,False,False,False
6016,4uwc,FGFR1,FGFR,TK,Human,active,in,in,1,1.96,/Users/josefinadehan/tp_vision_avanzada/TPF_Vision_Avanzada/data/raw/pdbs/4uwc.pdb,True,False,False,False,False,False
6017,4uwc,FGFR1,FGFR,TK,Human,active,in,in,1,1.96,/Users/josefinadehan/tp_vision_avanzada/TPF_Vision_Avanzada/data/raw/pdbs/4uwc.pdb,True,False,False,False,False,False
6018,4uwb,FGFR1,FGFR,TK,Human,active,in,in,1,2.31,/Users/josefinadehan/tp_vision_avanzada/TPF_Vision_Avanzada/data/raw/pdbs/4uwb.pdb,True,False,False,False,False,False
6019,4uwc,FGFR1,FGFR,TK,Human,active,in,in,1,1.96,/Users/josefinadehan/tp_vision_avanzada/TPF_Vision_Avanzada/data/raw/pdbs/4uwc.pdb,True,False,False,False,False,False
6020,4uwb,FGFR1,FGFR,TK,Human,active,in,in,1,2.31,/Users/josefinadehan/tp_vision_avanzada/TPF_Vision_Avanzada/data/raw/pdbs/4uwb.pdb,True,False,False,False,False,False
6021,4uwc,FGFR1,FGFR,TK,Human,active,in,in,1,1.96,/Users/josefinadehan/tp_vision_avanzada/TPF_Vision_Avanzada/data/raw/pdbs/4uwc.pdb,True,False,False,False,False,False
6022,4uwb,FGFR1,FGFR,TK,Human,active,in,in,1,2.31,/Users/josefinadehan/tp_vision_avanzada/TPF_Vision_Avanzada/data/raw/pdbs/4uwb.pdb,True,False,False,False,False,False
6023,4uwb,FGFR1,FGFR,TK,Human,active,in,in,1,2.31,/Users/josefinadehan/tp_vision_avanzada/TPF_Vision_Avanzada/data/raw/pdbs/4uwb.pdb,True,False,False,False,False,False
6461,5ew8,FGFR1,FGFR,TK,Human,active,in,in,1,1.63,/Users/josefinadehan/tp_vision_avanzada/TPF_Vision_Avanzada/data/raw/pdbs/5ew8.pdb,True,False,False,False,False,False
6470,5ew8,FGFR1,FGFR,TK,Human,active,in,in,1,1.63,/Users/josefinadehan/tp_vision_avanzada/TPF_Vision_Avanzada/data/raw/pdbs/5ew8.pdb,True,False,False,False,False,False
6471,5ew8,FGFR1,FGFR,TK,Human,active,in,in,1,1.63,/Users/josefinadehan/tp_vision_avanzada/TPF_Vision_Avanzada/data/raw/pdbs/5ew8.pdb,True,False,False,False,False,False
6474,5ew8,FGFR1,FGFR,TK,Human,active,in,in,1,1.63,/Users/josefinadehan/tp_vision_avanzada/TPF_Vision_Avanzada/data/raw/pdbs/5ew8.pdb,True,False,False,False,False,False
6704,5b7v,FGFR1,FGFR,TK,Human,active,in,in,1,2.15,/Users/josefinadehan/tp_vision_avanzada/TPF_Vision_Avanzada/data/raw/pdbs/5b7v.pdb,True,False,False,False,False,False
6705,5b7v,FGFR1,FGFR,TK,Human,active,in,in,1,2.15,/Users/josefinadehan/tp_vision_avanzada/TPF_Vision_Avanzada/data/raw/pdbs/5b7v.pdb,True,False,False,False,False,False
7456,5uq0,FGFR1,FGFR,TK,Human,active,in,in,1,2.3,/Users/josefinadehan/tp_vision_avanzada/TPF_Vision_Avanzada/data/raw/pdbs/5uq0.pdb,True,False,False,False,False,False
7457,5uq0,FGFR1,FGFR,TK,Human,active,in,in,1,2.3,/Users/josefinadehan/tp_vision_avanzada/TPF_Vision_Avanzada/data/raw/pdbs/5uq0.pdb,True,False,False,False,False,False
7458,5uq0,FGFR1,FGFR,TK,Human,active,in,in,1,2.3,/Users/josefinadehan/tp_vision_avanzada/TPF_Vision_Avanzada/data/raw/pdbs/5uq0.pdb,True,False,False,False,False,False
7459,5uq0,FGFR1,FGFR,TK,Human,active,in,in,1,2.3,/Users/josefinadehan/tp_vision_avanzada/TPF_Vision_Avanzada/data/raw/pdbs/5uq0.pdb,True,False,False,False,False,False
7645,5vnd,FGFR1,FGFR,TK,Human,active,in,in,1,2.2,/Users/josefinadehan/tp_vision_avanzada/TPF_Vision_Avanzada/data/raw/pdbs/5vnd.pdb,True,False,False,False,False,False
7646,5vnd,FGFR1,FGFR,TK,Human,active,in,in,1,2.2,/Users/josefinadehan/tp_vision_avanzada/TPF_Vision_Avanzada/data/raw/pdbs/5vnd.pdb,True,False,False,False,False,False
7647,5vnd,FGFR1,FGFR,TK,Human,active,in,in,1,2.2,/Users/josefinadehan/tp_vision_avanzada/TPF_Vision_Avanzada/data/raw/pdbs/5vnd.pdb,True,False,False,False,False,False
7648,5vnd,FGFR1,FGFR,TK,Human,active,in,in,1,2.2,/Users/josefinadehan/tp_vision_avanzada/TPF_Vision_Avanzada/data/raw/pdbs/5vnd.pdb,True,False,False,False,False,False
7969,5ur1,FGFR1,FGFR,TK,Human,active,in,in,1,2.2,/Users/josefinadehan/tp_vision_avanzada/TPF_Vision_Avanzada/data/raw/pdbs/5ur1.pdb,True,False,False,False,False,False
7970,5ur1,FGFR1,FGFR,TK,Human,active,in,in,1,2.2,/Users/josefinadehan/tp_vision_avanzada/TPF_Vision_Avanzada/data/raw/pdbs/5ur1.pdb,True,False,False,False,False,False
7971,5ur1,FGFR1,FGFR,TK,Human,active,in,in,1,2.2,/Users/josefinadehan/tp_vision_avanzada/TPF_Vision_Avanzada/data/raw/pdbs/5ur1.pdb,True,False,False,False,False,False
7972,5ur1,FGFR1,FGFR,TK,Human,active,in,in,1,2.2,/Users/josefinadehan/tp_vision_avanzada/TPF_Vision_Avanzada/data/raw/pdbs/5ur1.pdb,True,False,False,False,False,False
9554,5o4a,FGFR1,FGFR,TK,Human,active,in,in,1,2.01,/Users/josefinadehan/tp_vision_avanzada/TPF_Vision_Avanzada/data/raw/pdbs/5o4a.pdb,True,False,False,False,False,False
9555,5o4a,FGFR1,FGFR,TK,Human,active,in,in,1,2.01,/Users/josefinadehan/tp_vision_avanzada/TPF_Vision_Avanzada/data/raw/pdbs/5o4a.pdb,True,False,False,False,False,False
9556,5o49,FGFR1,FGFR,TK,Human,active,in,in,1,1.91,/Users/josefinadehan/tp_vision_avanzada/TPF_Vision_Avanzada/data/raw/pdbs/5o49.pdb,True,False,False,False,False,False
9557,5o49,FGFR1,FGFR,TK,Human,active,in,in,1,1.91,/Users/josefinadehan/tp_vision_avanzada/TPF_Vision_Avanzada/data/raw/pdbs/5o49.pdb,True,False,False,False,False,False
9558,5o4a,FGFR1,FGFR,TK,Human,active,in,in,1,2.01,/Users/josefinadehan/tp_vision_avanzada/TPF_Vision_Avanzada/data/raw/pdbs/5o4a.pdb,True,False,False,False,False,False
9559,5o4a,FGFR1,FGFR,TK,Human,active,in,in,1,2.01,/Users/josefinadehan/tp_vision_avanzada/TPF_Vision_Avanzada/data/raw/pdbs/5o4a.pdb,True,False,False,False,False,False
9560,5o49,FGFR1,FGFR,TK,Human,active,in,in,1,1.91,/Users/josefinadehan/tp_vision_avanzada/TPF_Vision_Avanzada/data/raw/pdbs/5o49.pdb,True,False,False,False,False,False
9561,5o49,FGFR1,FGFR,TK,Human,active,in,in,1,1.91,/Users/josefinadehan/tp_vision_avanzada/TPF_Vision_Avanzada/data/raw/pdbs/5o49.pdb,True,False,False,False,False,False
10054,5zv2,FGFR1,FGFR,TK,Human,active,in,in,1,2.86,/Users/josefinadehan/tp_vision_avanzada/TPF_Vision_Avanzada/data/raw/pdbs/5zv2.pdb,True,False,False,False,False,False
10055,5zv2,FGFR1,FGFR,TK,Human,active,in,in,1,2.86,/Users/josefinadehan/tp_vision_avanzada/TPF_Vision_Avanzada/data/raw/pdbs/5zv2.pdb,True,False,False,False,False,False
10857,6mzw,FGFR1,FGFR,TK,Human,active,in,in,1,2.2,/Users/josefinadehan/tp_vision_avanzada/TPF_Vision_Avanzada/data/raw/pdbs/6mzw.pdb,True,False,False,False,False,False
10858,6c1c,FGFR1,FGFR,TK,Human,active,in,in,1,2.15,/Users/josefinadehan/tp_vision_avanzada/TPF_Vision_Avanzada/data/raw/pdbs/6c1c.pdb,True,False,False,False,False,False
10812,5z0s,FGFR1,FGFR,TK,Human,active,in,in,1,2.45,/Users/josefinadehan/tp_vision_avanzada/TPF_Vision_Avanzada/data/raw/pdbs/5z0s.pdb,True,False,False,False,False,False
10813,5z0s,FGFR1,FGFR,TK,Human,active,in,in,1,2.45,/Users/josefinadehan/tp_vision_avanzada/TPF_Vision_Avanzada/data/raw/pdbs/5z0s.pdb,True,False,False,False,False,False
10859,6c19,FGFR1,FGFR,TK,Human,active,in,in,1,2.12,/Users/josefinadehan/tp_vision_avanzada/TPF_Vision_Avanzada/data/raw/pdbs/6c19.pdb,True,False,False,False,False,False
10814,5z0s,FGFR1,FGFR,TK,Human,active,in,in,1,2.45,/Users/josefinadehan/tp_vision_avanzada/TPF_Vision_Avanzada/data/raw/pdbs/5z0s.pdb,True,False,False,False,False,False
10815,5z0s,FGFR1,FGFR,TK,Human,active,in,in,1,2.45,/Users/josefinadehan/tp_vision_avanzada/TPF_Vision_Avanzada/data/raw/pdbs/5z0s.pdb,True,False,False,False,False,False
10860,6mzq,FGFR1,FGFR,TK,Human,active,in,in,1,2.0,/Users/josefinadehan/tp_vision_avanzada/TPF_Vision_Avanzada/data/raw/pdbs/6mzq.pdb,True,False,False,False,False,False
10861,6c1b,FGFR1,FGFR,TK,Human,active,in,in,1,2.0,/Users/josefinadehan/tp_vision_avanzada/TPF_Vision_Avanzada/data/raw/pdbs/6c1b.pdb,True,False,False,False,False,False
10853,6c1c,FGFR1,FGFR,TK,Human,active,in,in,1,2.15,/Users/josefinadehan/tp_vision_avanzada/TPF_Vision_Avanzada/data/raw/pdbs/6c1c.pdb,True,False,False,False,False,False
10854,6c18,FGFR1,FGFR,TK,Human,active,in,in,1,2.3,/Users/josefinadehan/tp_vision_avanzada/TPF_Vision_Avanzada/data/raw/pdbs/6c18.pdb,True,False,False,False,False,False
10862,6c19,FGFR1,FGFR,TK,Human,active,in,in,1,2.12,/Users/josefinadehan/tp_vision_avanzada/TPF_Vision_Avanzada/data/raw/pdbs/6c19.pdb,True,False,False,False,False,False
10855,6c19,FGFR1,FGFR,TK,Human,active,in,in,1,2.12,/Users/josefinadehan/tp_vision_avanzada/TPF_Vision_Avanzada/data/raw/pdbs/6c19.pdb,True,False,False,False,False,False
10856,6c1b,FGFR1,FGFR,TK,Human,active,in,in,1,2.0,/Users/josefinadehan/tp_vision_avanzada/TPF_Vision_Avanzada/data/raw/pdbs/6c1b.pdb,True,False,False,False,False,False
11157,6mzw,FGFR1,FGFR,TK,Human,active,in,in,1,2.2,/Users/josefinadehan/tp_vision_avanzada/TPF_Vision_Avanzada/data/raw/pdbs/6mzw.pdb,True,False,False,False,False,False
11155,6c18,FGFR1,FGFR,TK,Human,active,in,in,1,2.3,/Users/josefinadehan/tp_vision_avanzada/TPF_Vision_Avanzada/data/raw/pdbs/6c18.pdb,True,False,False,False,False,False
11163,6c19,FGFR1,FGFR,TK,Human,active,in,in,1,2.12,/Users/josefinadehan/tp_vision_avanzada/TPF_Vision_Avanzada/data/raw/pdbs/6c19.pdb,True,False,False,False,False,False
11159,6c1o,FGFR1,FGFR,TK,Human,active,in,in,1,2.29,/Users/josefinadehan/tp_vision_avanzada/TPF_Vision_Avanzada/data/raw/pdbs/6c1o.pdb,True,False,False,False,False,False
11156,6mzq,FGFR1,FGFR,TK,Human,active,in,in,1,2.0,/Users/josefinadehan/tp_vision_avanzada/TPF_Vision_Avanzada/data/raw/pdbs/6mzq.pdb,True,False,False,False,False,False
11154,6c1o,FGFR1,FGFR,TK,Human,active,in,in,1,2.29,/Users/josefinadehan/tp_vision_avanzada/TPF_Vision_Avanzada/data/raw/pdbs/6c1o.pdb,True,False,False,False,False,False
11158,6c1c,FGFR1,FGFR,TK,Human,active,in,in,1,2.15,/Users/josefinadehan/tp_vision_avanzada/TPF_Vision_Avanzada/data/raw/pdbs/6c1c.pdb,True,False,False,False,False,False
11164,6c1c,FGFR1,FGFR,TK,Human,active,in,in,1,2.15,/Users/josefinadehan/tp_vision_avanzada/TPF_Vision_Avanzada/data/raw/pdbs/6c1c.pdb,True,False,False,False,False,False
11161,6mzq,FGFR1,FGFR,TK,Human,active,in,in,1,2.0,/Users/josefinadehan/tp_vision_avanzada/TPF_Vision_Avanzada/data/raw/pdbs/6mzq.pdb,True,False,False,False,False,False
11160,6c1o,FGFR1,FGFR,TK,Human,active,in,in,1,2.29,/Users/josefinadehan/tp_vision_avanzada/TPF_Vision_Avanzada/data/raw/pdbs/6c1o.pdb,True,False,False,False,False,False
11162,6mzw,FGFR1,FGFR,TK,Human,active,in,in,1,2.2,/Users/josefinadehan/tp_vision_avanzada/TPF_Vision_Avanzada/data/raw/pdbs/6mzw.pdb,True,False,False,False,False,False
11165,6mzw,FGFR1,FGFR,TK,Human,active,in,in,1,2.2,/Users/josefinadehan/tp_vision_avanzada/TPF_Vision_Avanzada/data/raw/pdbs/6mzw.pdb,True,False,False,False,False,False
11166,6c1o,FGFR1,FGFR,TK,Human,active,in,in,1,2.29,/Users/josefinadehan/tp_vision_avanzada/TPF_Vision_Avanzada/data/raw/pdbs/6c1o.pdb,True,False,False,False,False,False
11167,6c1b,FGFR1,FGFR,TK,Human,active,in,in,1,2.0,/Users/josefinadehan/tp_vision_avanzada/TPF_Vision_Avanzada/data/raw/pdbs/6c1b.pdb,True,False,False,False,False,False
11168,6c18,FGFR1,FGFR,TK,Human,active,in,in,1,2.3,/Users/josefinadehan/tp_vision_avanzada/TPF_Vision_Avanzada/data/raw/pdbs/6c18.pdb,True,False,False,False,False,False
11169,6c1b,FGFR1,FGFR,TK,Human,active,in,in,1,2.0,/Users/josefinadehan/tp_vision_avanzada/TPF_Vision_Avanzada/data/raw/pdbs/6c1b.pdb,True,False,False,False,False,False
11170,6c18,FGFR1,FGFR,TK,Human,active,in,in,1,2.3,/Users/josefinadehan/tp_vision_avanzada/TPF_Vision_Avanzada/data/raw/pdbs/6c18.pdb,True,False,False,False,False,False
11171,6mzq,FGFR1,FGFR,TK,Human,active,in,in,1,2.0,/Users/josefinadehan/tp_vision_avanzada/TPF_Vision_Avanzada/data/raw/pdbs/6mzq.pdb,True,False,False,False,False,False
11330,6p69,FGFR1,FGFR,TK,Human,active,in,in,1,2.2,/Users/josefinadehan/tp_vision_avanzada/TPF_Vision_Avanzada/data/raw/pdbs/6p69.pdb,True,False,False,False,False,False
11400,6nvl,FGFR1,FGFR,TK,Human,active,in,in,1,2.7,/Users/josefinadehan/tp_vision_avanzada/TPF_Vision_Avanzada/data/raw/pdbs/6nvl.pdb,True,False,False,False,False,False
11331,6p69,FGFR1,FGFR,TK,Human,active,in,in,1,2.2,/Users/josefinadehan/tp_vision_avanzada/TPF_Vision_Avanzada/data/raw/pdbs/6p69.pdb,True,False,False,False,False,False
11332,6p68,FGFR1,FGFR,TK,Human,active,in,in,1,2.9,/Users/josefinadehan/tp_vision_avanzada/TPF_Vision_Avanzada/data/raw/pdbs/6p68.pdb,True,False,False,False,False,False
11333,6p69,FGFR1,FGFR,TK,Human,active,in,in,1,2.2,/Users/josefinadehan/tp_vision_avanzada/TPF_Vision_Avanzada/data/raw/pdbs/6p69.pdb,True,False,False,False,False,False
11401,6nvl,FGFR1,FGFR,TK,Human,active,in,in,1,2.7,/Users/josefinadehan/tp_vision_avanzada/TPF_Vision_Avanzada/data/raw/pdbs/6nvl.pdb,True,False,False,False,False,False
11334,6p68,FGFR1,FGFR,TK,Human,active,in,in,1,2.9,/Users/josefinadehan/tp_vision_avanzada/TPF_Vision_Avanzada/data/raw/pdbs/6p68.pdb,True,False,False,False,False,False
11335,6p69,FGFR1,FGFR,TK,Human,active,in,in,1,2.2,/Users/josefinadehan/tp_vision_avanzada/TPF_Vision_Avanzada/data/raw/pdbs/6p69.pdb,True,False,False,False,False,False
11402,6nvl,FGFR1,FGFR,TK,Human,active,in,in,1,2.7,/Users/josefinadehan/tp_vision_avanzada/TPF_Vision_Avanzada/data/raw/pdbs/6nvl.pdb,True,False,False,False,False,False
11336,6p68,FGFR1,FGFR,TK,Human,active,in,in,1,2.9,/Users/josefinadehan/tp_vision_avanzada/TPF_Vision_Avanzada/data/raw/pdbs/6p68.pdb,True,False,False,False,False,False
11403,6nvl,FGFR1,FGFR,TK,Human,active,in,in,1,2.7,/Users/josefinadehan/tp_vision_avanzada/TPF_Vision_Avanzada/data/raw/pdbs/6nvl.pdb,True,False,False,False,False,False
11404,6nvl,FGFR1,FGFR,TK,Human,active,in,in,1,2.7,/Users/josefinadehan/tp_vision_avanzada/TPF_Vision_Avanzada/data/raw/pdbs/6nvl.pdb,True,False,False,False,False,False
11398,6nvl,FGFR1,FGFR,TK,Human,active,in,in,1,2.7,/Users/josefinadehan/tp_vision_avanzada/TPF_Vision_Avanzada/data/raw/pdbs/6nvl.pdb,True,False,False,False,False,False
11399,6nvl,FGFR1,FGFR,TK,Human,active,in,in,1,2.7,/Users/josefinadehan/tp_vision_avanzada/TPF_Vision_Avanzada/data/raw/pdbs/6nvl.pdb,True,False,False,False,False,False
11405,6nvl,FGFR1,FGFR,TK,Human,active,in,in,1,2.7,/Users/josefinadehan/tp_vision_avanzada/TPF_Vision_Avanzada/data/raw/pdbs/6nvl.pdb,True,False,False,False,False,False
11772,6itj,FGFR1,FGFR,TK,Human,active,in,in,1,1.99,/Users/josefinadehan/tp_vision_avanzada/TPF_Vision_Avanzada/data/raw/pdbs/6itj.pdb,True,False,False,False,False,False
11773,6itj,FGFR1,FGFR,TK,Human,active,in,in,1,1.99,/Users/josefinadehan/tp_vision_avanzada/TPF_Vision_Avanzada/data/raw/pdbs/6itj.pdb,True,False,False,False,False,False
11774,6itj,FGFR1,FGFR,TK,Human,active,in,in,1,1.99,/Users/josefinadehan/tp_vision_avanzada/TPF_Vision_Avanzada/data/raw/pdbs/6itj.pdb,True,False,False,False,False,False
11775,6itj,FGFR1,FGFR,TK,Human,active,in,in,1,1.99,/Users/josefinadehan/tp_vision_avanzada/TPF_Vision_Avanzada/data/raw/pdbs/6itj.pdb,True,False,False,False,False,False
14007,7ozd,FGFR1,FGFR,TK,Human,active,in,in,1,1.82,/Users/josefinadehan/tp_vision_avanzada/TPF_Vision_Avanzada/data/raw/pdbs/7ozd.pdb,True,False,False,False,False,False
14008,7ozb,FGFR1,FGFR,TK,Human,active,in,in,1,1.71,/Users/josefinadehan/tp_vision_avanzada/TPF_Vision_Avanzada/data/raw/pdbs/7ozb.pdb,True,False,False,False,False,False
14009,7ozd,FGFR1,FGFR,TK,Human,active,in,in,1,1.82,/Users/josefinadehan/tp_vision_avanzada/TPF_Vision_Avanzada/data/raw/pdbs/7ozd.pdb,True,False,False,False,False,False
14010,7ozb,FGFR1,FGFR,TK,Human,active,in,in,1,1.71,/Users/josefinadehan/tp_vision_avanzada/TPF_Vision_Avanzada/data/raw/pdbs/7ozb.pdb,True,False,False,False,False,False
14011,7ozf,FGFR1,FGFR,TK,Human,active,in,in,1,1.82,/Users/josefinadehan/tp_vision_avanzada/TPF_Vision_Avanzada/data/raw/pdbs/7ozf.pdb,True,False,False,False,False,False
14006,7ozf,FGFR1,FGFR,TK,Human,active,in,in,1,1.82,/Users/josefinadehan/tp_vision_avanzada/TPF_Vision_Avanzada/data/raw/pdbs/7ozf.pdb,True,False,False,False,False,False
14363,7wcl,FGFR1,FGFR,TK,Human,active,in,in,1,2.495,/Users/josefinadehan/tp_vision_avanzada/TPF_Vision_Avanzada/data/raw/pdbs/7wcl.pdb,True,False,False,False,False,False
14364,7wcl,FGFR1,FGFR,TK,Human,active,in,in,1,2.495,/Users/josefinadehan/tp_vision_avanzada/TPF_Vision_Avanzada/data/raw/pdbs/7wcl.pdb,True,False,False,False,False,False
15227,8jmz,FGFR1,FGFR,TK,Human,active,in,in,1,1.988,/Users/josefinadehan/tp_vision_avanzada/TPF_Vision_Avanzada/data/raw/pdbs/8jmz.pdb,True,False,False,False,False,False
15228,8jmz,FGFR1,FGFR,TK,Human,active,in,in,1,1.988,/Users/josefinadehan/tp_vision_avanzada/TPF_Vision_Avanzada/data/raw/pdbs/8jmz.pdb,True,False,False,False,False,False
3495,3kxx,FGFR1,FGFR,TK,Human,active,in,in,0,3.2,/Users/josefinadehan/tp_vision_avanzada/TPF_Vision_Avanzada/data/raw/pdbs/3kxx.pdb,True,False,False,False,False,False
3516,4rwl,FGFR1,FGFR,TK,Human,active,in,in,0,2.19,/Users/josefinadehan/tp_vision_avanzada/TPF_Vision_Avanzada/data/raw/pdbs/4rwl.pdb,True,False,False,False,False,False
6466,5flf,FGFR1,FGFR,TK,Human,active,in,in,0,2.58,/Users/josefinadehan/tp_vision_avanzada/TPF_Vision_Avanzada/data/raw/pdbs/5flf.pdb,True,False,False,False,False,False
3534,3ky2,FGFR1,FGFR,TK,Human,active,in,in,0,2.7,/Users/josefinadehan/tp_vision_avanzada/TPF_Vision_Avanzada/data/raw/pdbs/3ky2.pdb,True,False,False,False,False,False
3569,4rwi,FGFR1,FGFR,TK,Human,active,in,in,0,2.29,/Users/josefinadehan/tp_vision_avanzada/TPF_Vision_Avanzada/data/raw/pdbs/4rwi.pdb,True,False,False,False,False,False
6465,5flf,FGFR1,FGFR,TK,Human,active,in,in,0,2.58,/Users/josefinadehan/tp_vision_avanzada/TPF_Vision_Avanzada/data/raw/pdbs/5flf.pdb,True,False,False,False,False,False
3503,3kxx,FGFR1,FGFR,TK,Human,active,in,in,0,3.2,/Users/josefinadehan/tp_vision_avanzada/TPF_Vision_Avanzada/data/raw/pdbs/3kxx.pdb,True,False,False,False,False,False
3525,3ky2,FGFR1,FGFR,TK,Human,active,in,in,0,2.7,/Users/josefinadehan/tp_vision_avanzada/TPF_Vision_Avanzada/data/raw/pdbs/3ky2.pdb,True,False,False,False,False,False
3499,4rwi,FGFR1,FGFR,TK,Human,active,in,in,0,2.29,/Users/josefinadehan/tp_vision_avanzada/TPF_Vision_Avanzada/data/raw/pdbs/4rwi.pdb,True,False,False,False,False,False
6464,5flf,FGFR1,FGFR,TK,Human,active,in,in,0,2.58,/Users/josefinadehan/tp_vision_avanzada/TPF_Vision_Avanzada/data/raw/pdbs/5flf.pdb,True,False,False,False,False,False
3546,1fgk,FGFR1,FGFR,TK,Human,active,in,in,0,2.0,/Users/josefinadehan/tp_vision_avanzada/TPF_Vision_Avanzada/data/raw/pdbs/1fgk.pdb,True,False,False,False,False,False
3582,4uwy,FGFR1,FGFR,TK,Human,active,in,in,0,2.3,/Users/josefinadehan/tp_vision_avanzada/TPF_Vision_Avanzada/data/raw/pdbs/4uwy.pdb,True,False,False,False,False,False
6468,5flf,FGFR1,FGFR,TK,Human,active,in,in,0,2.58,/Users/josefinadehan/tp_vision_avanzada/TPF_Vision_Avanzada/data/raw/pdbs/5flf.pdb,True,False,False,False,False,False
3496,4v04,FGFR1,FGFR,TK,Human,active,in,in,0,2.12,/Users/josefinadehan/tp_vision_avanzada/TPF_Vision_Avanzada/data/raw/pdbs/4v04.pdb,True,False,False,False,False,False
3489,4uwy,FGFR1,FGFR,TK,Human,active,in,in,0,2.3,/Users/josefinadehan/tp_vision_avanzada/TPF_Vision_Avanzada/data/raw/pdbs/4uwy.pdb,True,False,False,False,False,False
3513,1fgk,FGFR1,FGFR,TK,Human,active,in,in,0,2.0,/Users/josefinadehan/tp_vision_avanzada/TPF_Vision_Avanzada/data/raw/pdbs/1fgk.pdb,True,False,False,False,False,False
6463,5flf,FGFR1,FGFR,TK,Human,active,in,in,0,2.58,/Users/josefinadehan/tp_vision_avanzada/TPF_Vision_Avanzada/data/raw/pdbs/5flf.pdb,True,False,False,False,False,False
3575,3kxx,FGFR1,FGFR,TK,Human,active,in,in,0,3.2,/Users/josefinadehan/tp_vision_avanzada/TPF_Vision_Avanzada/data/raw/pdbs/3kxx.pdb,True,False,False,False,False,False
3551,4rwi,FGFR1,FGFR,TK,Human,active,in,in,0,2.29,/Users/josefinadehan/tp_vision_avanzada/TPF_Vision_Avanzada/data/raw/pdbs/4rwi.pdb,True,False,False,False,False,False
3557,1fgk,FGFR1,FGFR,TK,Human,active,in,in,0,2.0,/Users/josefinadehan/tp_vision_avanzada/TPF_Vision_Avanzada/data/raw/pdbs/1fgk.pdb,True,False,False,False,False,False
6469,5flf,FGFR1,FGFR,TK,Human,active,in,in,0,2.58,/Users/josefinadehan/tp_vision_avanzada/TPF_Vision_Avanzada/data/raw/pdbs/5flf.pdb,True,False,False,False,False,False
3549,3kxx,FGFR1,FGFR,TK,Human,active,in,in,0,3.2,/Users/josefinadehan/tp_vision_avanzada/TPF_Vision_Avanzada/data/raw/pdbs/3kxx.pdb,True,False,False,False,False,False
6472,5flf,FGFR1,FGFR,TK,Human,active,in,in,0,2.58,/Users/josefinadehan/tp_vision_avanzada/TPF_Vision_Avanzada/data/raw/pdbs/5flf.pdb,True,False,False,False,False,False
3537,4uwy,FGFR1,FGFR,TK,Human,active,in,in,0,2.3,/Users/josefinadehan/tp_vision_avanzada/TPF_Vision_Avanzada/data/raw/pdbs/4uwy.pdb,True,False,False,False,False,False
6462,5flf,FGFR1,FGFR,TK,Human,active,in,in,0,2.58,/Users/josefinadehan/tp_vision_avanzada/TPF_Vision_Avanzada/data/raw/pdbs/5flf.pdb,True,False,False,False,False,False
6473,5flf,FGFR1,FGFR,TK,Human,active,in,in,0,2.58,/Users/josefinadehan/tp_vision_avanzada/TPF_Vision_Avanzada/data/raw/pdbs/5flf.pdb,True,False,False,False,False,False
3583,4uwy,FGFR1,FGFR,TK,Human,active,in,in,0,2.3,/Users/josefinadehan/tp_vision_avanzada/TPF_Vision_Avanzada/data/raw/pdbs/4uwy.pdb,True,False,False,False,False,False
3592,1fgk,FGFR1,FGFR,TK,Human,active,in,in,0,2.0,/Users/josefinadehan/tp_vision_avanzada/TPF_Vision_Avanzada/data/raw/pdbs/1fgk.pdb,True,False,False,False,False,False
3527,4rwi,FGFR1,FGFR,TK,Human,active,in,in,0,2.29,/Users/josefinadehan/tp_vision_avanzada/TPF_Vision_Avanzada/data/raw/pdbs/4rwi.pdb,True,False,False,False,False,False
6467,5flf,FGFR1,FGFR,TK,Human,active,in,in,0,2.58,/Users/josefinadehan/tp_vision_avanzada/TPF_Vision_Avanzada/data/raw/pdbs/5flf.pdb,True,False,False,False,False,False
3571,4v04,FGFR1,FGFR,TK,Human,active,in,in,0,2.12,/Users/josefinadehan/tp_vision_avanzada/TPF_Vision_Avanzada/data/raw/pdbs/4v04.pdb,True,False,False,False,False,False
396,4u0i,KIT,PDGFR,TK,Human,inactive,out,in,1,2.0,/Users/josefinadehan/tp_vision_avanzada/TPF_Vision_Avanzada/data/raw/pdbs/4u0i.pdb,False,False,False,False,True,False
397,1pkg,KIT,PDGFR,TK,Human,active,in,in,1,2.9,/Users/josefinadehan/tp_vision_avanzada/TPF_Vision_Avanzada/data/raw/pdbs/1pkg.pdb,True,False,False,False,False,False
398,3g0e,KIT,PDGFR,TK,Human,inactive,out,in,1,1.6,/Users/josefinadehan/tp_vision_avanzada/TPF_Vision_Avanzada/data/raw/pdbs/3g0e.pdb,False,False,False,False,True,False
400,3g0f,KIT,PDGFR,TK,Human,inactive,out,in,1,2.6,/Users/josefinadehan/tp_vision_avanzada/TPF_Vision_Avanzada/data/raw/pdbs/3g0f.pdb,False,False,False,False,True,False
401,3g0e,KIT,PDGFR,TK,Human,inactive,out,in,1,1.6,/Users/josefinadehan/tp_vision_avanzada/TPF_Vision_Avanzada/data/raw/pdbs/3g0e.pdb,False,False,False,False,True,False
393,1t46,KIT,PDGFR,TK,Human,inactive,out,in,1,1.6,/Users/josefinadehan/tp_vision_avanzada/TPF_Vision_Avanzada/data/raw/pdbs/1t46.pdb,False,False,False,False,True,False
395,3g0f,KIT,PDGFR,TK,Human,inactive,out,in,1,2.6,/Users/josefinadehan/tp_vision_avanzada/TPF_Vision_Avanzada/data/raw/pdbs/3g0f.pdb,False,False,False,False,True,False
402,1pkg,KIT,PDGFR,TK,Human,active,in,in,1,2.9,/Users/josefinadehan/tp_vision_avanzada/TPF_Vision_Avanzada/data/raw/pdbs/1pkg.pdb,True,False,False,False,False,False
404,1t46,KIT,PDGFR,TK,Human,inactive,out,in,1,1.6,/Users/josefinadehan/tp_vision_avanzada/TPF_Vision_Avanzada/data/raw/pdbs/1t46.pdb,False,False,False,False,True,False
403,4hvs,KIT,PDGFR,TK,Human,inactive,out,in,1,1.9,/Users/josefinadehan/tp_vision_avanzada/TPF_Vision_Avanzada/data/raw/pdbs/4hvs.pdb,False,False,False,False,True,False
405,4u0i,KIT,PDGFR,TK,Human,inactive,out,in,1,2.0,/Users/josefinadehan/tp_vision_avanzada/TPF_Vision_Avanzada/data/raw/pdbs/4u0i.pdb,False,False,False,False,True,False
10354,6gqj,KIT,PDGFR,TK,Human,inactive,out,in,1,2.33,/Users/josefinadehan/tp_vision_avanzada/TPF_Vision_Avanzada/data/raw/pdbs/6gqj.pdb,False,False,False,False,True,False
10355,6gqk,KIT,PDGFR,TK,Human,inactive,out,in,1,2.31,/Users/josefinadehan/tp_vision_avanzada/TPF_Vision_Avanzada/data/raw/pdbs/6gqk.pdb,False,False,False,False,True,False
10356,6gqj,KIT,PDGFR,TK,Human,inactive,out,in,1,2.33,/Users/josefinadehan/tp_vision_avanzada/TPF_Vision_Avanzada/data/raw/pdbs/6gqj.pdb,False,False,False,False,True,False
10357,6gql,KIT,PDGFR,TK,Human,inactive,out,in,1,2.01,/Users/josefinadehan/tp_vision_avanzada/TPF_Vision_Avanzada/data/raw/pdbs/6gql.pdb,False,False,False,False,True,False
10358,6gqj,KIT,PDGFR,TK,Human,inactive,out,in,1,2.33,/Users/josefinadehan/tp_vision_avanzada/TPF_Vision_Avanzada/data/raw/pdbs/6gqj.pdb,False,False,False,False,True,False
10359,6gqm,KIT,PDGFR,TK,Human,inactive,out,in,1,2.0,/Users/josefinadehan/tp_vision_avanzada/TPF_Vision_Avanzada/data/raw/pdbs/6gqm.pdb,False,False,False,False,True,False
10360,6gqk,KIT,PDGFR,TK,Human,inactive,out,in,1,2.31,/Users/josefinadehan/tp_vision_avanzada/TPF_Vision_Avanzada/data/raw/pdbs/6gqk.pdb,False,False,False,False,True,False
10361,6gqm,KIT,PDGFR,TK,Human,inactive,out,in,1,2.0,/Users/josefinadehan/tp_vision_avanzada/TPF_Vision_Avanzada/data/raw/pdbs/6gqm.pdb,False,False,False,False,True,False
10353,6gqk,KIT,PDGFR,TK,Human,inactive,out,in,1,2.31,/Users/josefinadehan/tp_vision_avanzada/TPF_Vision_Avanzada/data/raw/pdbs/6gqk.pdb,False,False,False,False,True,False
10362,6gql,KIT,PDGFR,TK,Human,inactive,out,in,1,2.01,/Users/josefinadehan/tp_vision_avanzada/TPF_Vision_Avanzada/data/raw/pdbs/6gql.pdb,False,False,False,False,True,False
10363,6gqk,KIT,PDGFR,TK,Human,inactive,out,in,1,2.31,/Users/josefinadehan/tp_vision_avanzada/TPF_Vision_Avanzada/data/raw/pdbs/6gqk.pdb,False,False,False,False,True,False
10364,6gqj,KIT,PDGFR,TK,Human,inactive,out,in,1,2.33,/Users/josefinadehan/tp_vision_avanzada/TPF_Vision_Avanzada/data/raw/pdbs/6gqj.pdb,False,False,False,False,True,False
11469,6mob,KIT,PDGFR,TK,Human,inactive,out,in,1,1.8,/Users/josefinadehan/tp_vision_avanzada/TPF_Vision_Avanzada/data/raw/pdbs/6mob.pdb,False,False,False,False,True,False
11470,6mob,KIT,PDGFR,TK,Human,inactive,out,in,1,1.8,/Users/josefinadehan/tp_vision_avanzada/TPF_Vision_Avanzada/data/raw/pdbs/6mob.pdb,False,False,False,False,True,False
11628,6hh1,KIT,PDGFR,TK,Human,inactive,out,in,1,2.25,/Users/josefinadehan/tp_vision_avanzada/TPF_Vision_Avanzada/data/raw/pdbs/6hh1.pdb,False,False,False,False,True,False
11629,6hh1,KIT,PDGFR,TK,Human,inactive,out,in,1,2.25,/Users/josefinadehan/tp_vision_avanzada/TPF_Vision_Avanzada/data/raw/pdbs/6hh1.pdb,False,False,False,False,True,False
11824,6itt,KIT,PDGFR,TK,Human,inactive,out,in,1,2.1,/Users/josefinadehan/tp_vision_avanzada/TPF_Vision_Avanzada/data/raw/pdbs/6itt.pdb,False,False,False,False,True,False
11825,6kla,KIT,PDGFR,TK,Human,inactive,out,in,1,2.11,/Users/josefinadehan/tp_vision_avanzada/TPF_Vision_Avanzada/data/raw/pdbs/6kla.pdb,False,False,False,False,True,False
11820,6itt,KIT,PDGFR,TK,Human,inactive,out,in,1,2.1,/Users/josefinadehan/tp_vision_avanzada/TPF_Vision_Avanzada/data/raw/pdbs/6itt.pdb,False,False,False,False,True,False
11826,6itt,KIT,PDGFR,TK,Human,inactive,out,in,1,2.1,/Users/josefinadehan/tp_vision_avanzada/TPF_Vision_Avanzada/data/raw/pdbs/6itt.pdb,False,False,False,False,True,False
11821,6itt,KIT,PDGFR,TK,Human,inactive,out,in,1,2.1,/Users/josefinadehan/tp_vision_avanzada/TPF_Vision_Avanzada/data/raw/pdbs/6itt.pdb,False,False,False,False,True,False
11822,6itv,KIT,PDGFR,TK,Human,inactive,out,in,1,1.88,/Users/josefinadehan/tp_vision_avanzada/TPF_Vision_Avanzada/data/raw/pdbs/6itv.pdb,False,False,False,False,True,False
11827,6itv,KIT,PDGFR,TK,Human,inactive,out,in,1,1.88,/Users/josefinadehan/tp_vision_avanzada/TPF_Vision_Avanzada/data/raw/pdbs/6itv.pdb,False,False,False,False,True,False
11823,6kla,KIT,PDGFR,TK,Human,inactive,out,in,1,2.11,/Users/josefinadehan/tp_vision_avanzada/TPF_Vision_Avanzada/data/raw/pdbs/6kla.pdb,False,False,False,False,True,False
12284,6xva,KIT,PDGFR,TK,Human,inactive,out,in,1,2.3,/Users/josefinadehan/tp_vision_avanzada/TPF_Vision_Avanzada/data/raw/pdbs/6xva.pdb,False,False,False,False,True,False
12279,6xvb,KIT,PDGFR,TK,Human,inactive,out,in,1,2.15,/Users/josefinadehan/tp_vision_avanzada/TPF_Vision_Avanzada/data/raw/pdbs/6xvb.pdb,False,False,False,False,True,False
12280,6xvb,KIT,PDGFR,TK,Human,inactive,out,in,1,2.15,/Users/josefinadehan/tp_vision_avanzada/TPF_Vision_Avanzada/data/raw/pdbs/6xvb.pdb,False,False,False,False,True,False
12281,6xva,KIT,PDGFR,TK,Human,inactive,out,in,1,2.3,/Users/josefinadehan/tp_vision_avanzada/TPF_Vision_Avanzada/data/raw/pdbs/6xva.pdb,False,False,False,False,True,False
12282,6xv9,KIT,PDGFR,TK,Human,inactive,out,in,1,3.38,/Users/josefinadehan/tp_vision_avanzada/TPF_Vision_Avanzada/data/raw/pdbs/6xv9.pdb,False,False,False,False,True,False
12283,6xv9,KIT,PDGFR,TK,Human,inactive,out,in,1,3.38,/Users/josefinadehan/tp_vision_avanzada/TPF_Vision_Avanzada/data/raw/pdbs/6xv9.pdb,False,False,False,False,True,False
13786,7khg,KIT,PDGFR,TK,Human,inactive,out,in,1,2.15,/Users/josefinadehan/tp_vision_avanzada/TPF_Vision_Avanzada/data/raw/pdbs/7khg.pdb,False,False,False,False,True,False
13787,7khk,KIT,PDGFR,TK,Human,active,in,in,1,2.34,/Users/josefinadehan/tp_vision_avanzada/TPF_Vision_Avanzada/data/raw/pdbs/7khk.pdb,True,False,False,False,False,False
13788,7khg,KIT,PDGFR,TK,Human,inactive,out,in,1,2.15,/Users/josefinadehan/tp_vision_avanzada/TPF_Vision_Avanzada/data/raw/pdbs/7khg.pdb,False,False,False,False,True,False
13789,7khj,KIT,PDGFR,TK,Human,active,in,in,1,2.8,/Users/josefinadehan/tp_vision_avanzada/TPF_Vision_Avanzada/data/raw/pdbs/7khj.pdb,True,False,False,False,False,False
14624,7zw8,KIT,PDGFR,TK,Human,inactive,out,in,1,2.119,/Users/josefinadehan/tp_vision_avanzada/TPF_Vision_Avanzada/data/raw/pdbs/7zw8.pdb,False,False,False,False,True,False
14622,7zw8,KIT,PDGFR,TK,Human,inactive,out,in,1,2.119,/Users/josefinadehan/tp_vision_avanzada/TPF_Vision_Avanzada/data/raw/pdbs/7zw8.pdb,False,False,False,False,True,False
14623,7zy6,KIT,PDGFR,TK,Human,inactive,out,in,1,3.09,/Users/josefinadehan/tp_vision_avanzada/TPF_Vision_Avanzada/data/raw/pdbs/7zy6.pdb,False,False,False,False,True,False
15112,8pqg,KIT,PDGFR,TK,Human,active,in,in,1,2.4,/Users/josefinadehan/tp_vision_avanzada/TPF_Vision_Avanzada/data/raw/pdbs/8pqg.pdb,True,False,False,False,False,False
15113,8pqd,KIT,PDGFR,TK,Human,active,in,in,1,1.5,/Users/josefinadehan/tp_vision_avanzada/TPF_Vision_Avanzada/data/raw/pdbs/8pqd.pdb,True,False,False,False,False,False
15114,8pqg,KIT,PDGFR,TK,Human,active,in,in,1,2.4,/Users/josefinadehan/tp_vision_avanzada/TPF_Vision_Avanzada/data/raw/pdbs/8pqg.pdb,True,False,False,False,False,False
15115,8pqa,KIT,PDGFR,TK,Human,active,in,in,1,1.65,/Users/josefinadehan/tp_vision_avanzada/TPF_Vision_Avanzada/data/raw/pdbs/8pqa.pdb,True,False,False,False,False,False
15116,8pqf,KIT,PDGFR,TK,Human,active,in,in,1,1.9,/Users/josefinadehan/tp_vision_avanzada/TPF_Vision_Avanzada/data/raw/pdbs/8pqf.pdb,True,False,False,False,False,False
15117,8pqe,KIT,PDGFR,TK,Human,inactive,na,in,1,2.0,/Users/josefinadehan/tp_vision_avanzada/TPF_Vision_Avanzada/data/raw/pdbs/8pqe.pdb,False,False,False,False,True,False
15118,8pq9,KIT,PDGFR,TK,Human,active,in,in,1,1.7,/Users/josefinadehan/tp_vision_avanzada/TPF_Vision_Avanzada/data/raw/pdbs/8pq9.pdb,True,False,False,False,False,False
15119,8pqe,KIT,PDGFR,TK,Human,inactive,na,in,1,2.0,/Users/josefinadehan/tp_vision_avanzada/TPF_Vision_Avanzada/data/raw/pdbs/8pqe.pdb,False,False,False,False,True,False
15120,8pqb,KIT,PDGFR,TK,Human,active,in,in,1,1.87,/Users/josefinadehan/tp_vision_avanzada/TPF_Vision_Avanzada/data/raw/pdbs/8pqb.pdb,True,False,False,False,False,False
15121,8pqb,KIT,PDGFR,TK,Human,active,in,in,1,1.87,/Users/josefinadehan/tp_vision_avanzada/TPF_Vision_Avanzada/data/raw/pdbs/8pqb.pdb,True,False,False,False,False,False
15122,8pqc,KIT,PDGFR,TK,Human,active,in,in,1,1.77,/Users/josefinadehan/tp_vision_avanzada/TPF_Vision_Avanzada/data/raw/pdbs/8pqc.pdb,True,False,False,False,False,False
15123,8pqc,KIT,PDGFR,TK,Human,active,in,in,1,1.77,/Users/josefinadehan/tp_vision_avanzada/TPF_Vision_Avanzada/data/raw/pdbs/8pqc.pdb,True,False,False,False,False,False
15124,8pqa,KIT,PDGFR,TK,Human,active,in,in,1,1.65,/Users/josefinadehan/tp_vision_avanzada/TPF_Vision_Avanzada/data/raw/pdbs/8pqa.pdb,True,False,False,False,False,False
15125,8pq9,KIT,PDGFR,TK,Human,active,in,in,1,1.7,/Users/josefinadehan/tp_vision_avanzada/TPF_Vision_Avanzada/data/raw/pdbs/8pq9.pdb,True,False,False,False,False,False
15126,8pqd,KIT,PDGFR,TK,Human,active,in,in,1,1.5,/Users/josefinadehan/tp_vision_avanzada/TPF_Vision_Avanzada/data/raw/pdbs/8pqd.pdb,True,False,False,False,False,False
15127,8pqf,KIT,PDGFR,TK,Human,active,in,in,1,1.9,/Users/josefinadehan/tp_vision_avanzada/TPF_Vision_Avanzada/data/raw/pdbs/8pqf.pdb,True,False,False,False,False,False
399,1t45,KIT,PDGFR,TK,Human,inactive,out,in,0,1.9,/Users/josefinadehan/tp_vision_avanzada/TPF_Vision_Avanzada/data/raw/pdbs/1t45.pdb,False,False,False,False,True,False
14679,8dfq,KIT,PDGFR,TK,Human,inactive,out-like,out,0,3.96,/Users/josefinadehan/tp_vision_avanzada/TPF_Vision_Avanzada/data/raw/pdbs/8dfq.pdb,False,False,False,False,False,False
14677,8dfm,KIT,PDGFR,TK,Human,inactive,out-like,out,0,3.45,/Users/josefinadehan/tp_vision_avanzada/TPF_Vision_Avanzada/data/raw/pdbs/8dfm.pdb,False,False,False,False,False,False
394,1t45,KIT,PDGFR,TK,Human,inactive,out,in,0,1.9,/Users/josefinadehan/tp_vision_avanzada/TPF_Vision_Avanzada/data/raw/pdbs/1t45.pdb,False,False,False,False,True,False
14678,8dfp,KIT,PDGFR,TK,Human,inactive,out,out,0,3.17,/Users/josefinadehan/tp_vision_avanzada/TPF_Vision_Avanzada/data/raw/pdbs/8dfp.pdb,False,False,False,False,False,False
2970,4knb,MET,Met,TK,Human,inactive,in,out,1,2.4,/Users/josefinadehan/tp_vision_avanzada/TPF_Vision_Avanzada/data/raw/pdbs/4knb.pdb,False,False,False,True,False,False
2971,3ccn,MET,Met,TK,Human,inactive,in,out,1,1.9,/Users/josefinadehan/tp_vision_avanzada/TPF_Vision_Avanzada/data/raw/pdbs/3ccn.pdb,False,False,False,True,False,False
2972,4r1v,MET,Met,TK,Human,inactive,in,out,1,1.2,/Users/josefinadehan/tp_vision_avanzada/TPF_Vision_Avanzada/data/raw/pdbs/4r1v.pdb,False,False,False,True,False,False
2973,4r1y,MET,Met,TK,Human,inactive,in,out,1,2.0,/Users/josefinadehan/tp_vision_avanzada/TPF_Vision_Avanzada/data/raw/pdbs/4r1y.pdb,False,False,False,True,False,False
2974,2rfs,MET,Met,TK,Human,inactive,in,out,1,2.2,/Users/josefinadehan/tp_vision_avanzada/TPF_Vision_Avanzada/data/raw/pdbs/2rfs.pdb,False,False,False,True,False,False
2975,4iwd,MET,Met,TK,Human,active,in,in,1,1.99,/Users/josefinadehan/tp_vision_avanzada/TPF_Vision_Avanzada/data/raw/pdbs/4iwd.pdb,True,False,False,False,False,False
2976,2wd1,MET,Met,TK,Human,inactive,in,out,1,2.0,/Users/josefinadehan/tp_vision_avanzada/TPF_Vision_Avanzada/data/raw/pdbs/2wd1.pdb,False,False,False,True,False,False
3023,4eev,MET,Met,TK,Human,inactive,out,in,1,1.8,/Users/josefinadehan/tp_vision_avanzada/TPF_Vision_Avanzada/data/raw/pdbs/4eev.pdb,False,False,False,False,True,False
2952,3dkc,MET,Met,TK,Human,inactive,in,out,1,1.52,/Users/josefinadehan/tp_vision_avanzada/TPF_Vision_Avanzada/data/raw/pdbs/3dkc.pdb,False,False,False,True,False,False
2953,4gg5,MET,Met,TK,Human,inactive,in,out,1,2.42,/Users/josefinadehan/tp_vision_avanzada/TPF_Vision_Avanzada/data/raw/pdbs/4gg5.pdb,False,False,False,True,False,False
2955,4knb,MET,Met,TK,Human,inactive,in,out,1,2.4,/Users/josefinadehan/tp_vision_avanzada/TPF_Vision_Avanzada/data/raw/pdbs/4knb.pdb,False,False,False,True,False,False
2956,4gg5,MET,Met,TK,Human,inactive,in,out,1,2.42,/Users/josefinadehan/tp_vision_avanzada/TPF_Vision_Avanzada/data/raw/pdbs/4gg5.pdb,False,False,False,True,False,False
3012,4eev,MET,Met,TK,Human,inactive,out,in,1,1.8,/Users/josefinadehan/tp_vision_avanzada/TPF_Vision_Avanzada/data/raw/pdbs/4eev.pdb,False,False,False,False,True,False
2996,3u6h,MET,Met,TK,Human,inactive,in,out,1,2.0,/Users/josefinadehan/tp_vision_avanzada/TPF_Vision_Avanzada/data/raw/pdbs/3u6h.pdb,False,False,False,True,False,False
2977,3f82,MET,Met,TK,Human,inactive,out,in,1,2.5,/Users/josefinadehan/tp_vision_avanzada/TPF_Vision_Avanzada/data/raw/pdbs/3f82.pdb,False,False,False,False,True,False
2957,3efj,MET,Met,TK,Human,inactive,na,out,1,2.6,/Users/josefinadehan/tp_vision_avanzada/TPF_Vision_Avanzada/data/raw/pdbs/3efj.pdb,False,False,False,False,False,False
2958,4aoi,MET,Met,TK,Human,inactive,in,out,1,1.9,/Users/josefinadehan/tp_vision_avanzada/TPF_Vision_Avanzada/data/raw/pdbs/4aoi.pdb,False,False,False,True,False,False
2997,3dkc,MET,Met,TK,Human,inactive,in,out,1,1.52,/Users/josefinadehan/tp_vision_avanzada/TPF_Vision_Avanzada/data/raw/pdbs/3dkc.pdb,False,False,False,True,False,False
2959,3rhk,MET,Met,TK,Human,inactive,out,out,1,1.94,/Users/josefinadehan/tp_vision_avanzada/TPF_Vision_Avanzada/data/raw/pdbs/3rhk.pdb,False,False,False,False,False,False
2960,4knb,MET,Met,TK,Human,inactive,in,out,1,2.4,/Users/josefinadehan/tp_vision_avanzada/TPF_Vision_Avanzada/data/raw/pdbs/4knb.pdb,False,False,False,True,False,False
3013,3i5n,MET,Met,TK,Human,inactive,in,out,1,2.0,/Users/josefinadehan/tp_vision_avanzada/TPF_Vision_Avanzada/data/raw/pdbs/3i5n.pdb,False,False,False,True,False,False
2978,3l8v,MET,Met,TK,Human,inactive,out,in,1,2.4,/Users/josefinadehan/tp_vision_avanzada/TPF_Vision_Avanzada/data/raw/pdbs/3l8v.pdb,False,False,False,False,True,False
2979,3rhk,MET,Met,TK,Human,inactive,out,out,1,1.94,/Users/josefinadehan/tp_vision_avanzada/TPF_Vision_Avanzada/data/raw/pdbs/3rhk.pdb,False,False,False,False,False,False
2961,2rfn,MET,Met,TK,Human,inactive,na,out,1,2.5,/Users/josefinadehan/tp_vision_avanzada/TPF_Vision_Avanzada/data/raw/pdbs/2rfn.pdb,False,False,False,False,False,False
2963,4deh,MET,Met,TK,Human,inactive,in,out,1,2.0,/Users/josefinadehan/tp_vision_avanzada/TPF_Vision_Avanzada/data/raw/pdbs/4deh.pdb,False,False,False,True,False,False
2980,3zze,MET,Met,TK,Human,inactive,in,out,1,1.87,/Users/josefinadehan/tp_vision_avanzada/TPF_Vision_Avanzada/data/raw/pdbs/3zze.pdb,False,False,False,True,False,False
2981,4deg,MET,Met,TK,Human,inactive,in,out,1,2.0,/Users/josefinadehan/tp_vision_avanzada/TPF_Vision_Avanzada/data/raw/pdbs/4deg.pdb,False,False,False,True,False,False
2964,3lq8,MET,Met,TK,Human,inactive,out,in,1,2.02,/Users/josefinadehan/tp_vision_avanzada/TPF_Vision_Avanzada/data/raw/pdbs/3lq8.pdb,False,False,False,False,True,False
2982,4xyf,MET,Met,TK,Human,inactive,in,out,1,1.85,/Users/josefinadehan/tp_vision_avanzada/TPF_Vision_Avanzada/data/raw/pdbs/4xyf.pdb,False,False,False,True,False,False
2984,3dkf,MET,Met,TK,Human,inactive,in,out,1,1.8,/Users/josefinadehan/tp_vision_avanzada/TPF_Vision_Avanzada/data/raw/pdbs/3dkf.pdb,False,False,False,True,False,False
2965,3u6h,MET,Met,TK,Human,inactive,in,out,1,2.0,/Users/josefinadehan/tp_vision_avanzada/TPF_Vision_Avanzada/data/raw/pdbs/3u6h.pdb,False,False,False,True,False,False
2966,3f66,MET,Met,TK,Human,inactive,in,out,1,1.4,/Users/josefinadehan/tp_vision_avanzada/TPF_Vision_Avanzada/data/raw/pdbs/3f66.pdb,False,False,False,True,False,False
3020,3c1x,MET,Met,TK,Human,inactive,out,in,1,2.17,/Users/josefinadehan/tp_vision_avanzada/TPF_Vision_Avanzada/data/raw/pdbs/3c1x.pdb,False,False,False,False,True,False
2998,3lq8,MET,Met,TK,Human,inactive,out,in,1,2.02,/Users/josefinadehan/tp_vision_avanzada/TPF_Vision_Avanzada/data/raw/pdbs/3lq8.pdb,False,False,False,False,True,False
2985,3vw8,MET,Met,TK,Human,inactive,out,in,1,2.1,/Users/josefinadehan/tp_vision_avanzada/TPF_Vision_Avanzada/data/raw/pdbs/3vw8.pdb,False,False,False,False,True,False
2967,3u6i,MET,Met,TK,Human,inactive,in,out,1,2.1,/Users/josefinadehan/tp_vision_avanzada/TPF_Vision_Avanzada/data/raw/pdbs/3u6i.pdb,False,False,False,True,False,False
2968,4knb,MET,Met,TK,Human,inactive,in,out,1,2.4,/Users/josefinadehan/tp_vision_avanzada/TPF_Vision_Avanzada/data/raw/pdbs/4knb.pdb,False,False,False,True,False,False
2969,3q6w,MET,Met,TK,Human,active,in,in,1,1.75,/Users/josefinadehan/tp_vision_avanzada/TPF_Vision_Avanzada/data/raw/pdbs/3q6w.pdb,True,False,False,False,False,False
2986,4xyf,MET,Met,TK,Human,inactive,in,out,1,1.85,/Users/josefinadehan/tp_vision_avanzada/TPF_Vision_Avanzada/data/raw/pdbs/4xyf.pdb,False,False,False,True,False,False
2987,4gg7,MET,Met,TK,Human,inactive,in,out,1,2.27,/Users/josefinadehan/tp_vision_avanzada/TPF_Vision_Avanzada/data/raw/pdbs/4gg7.pdb,False,False,False,True,False,False
2999,3zxz,MET,Met,TK,Human,inactive,in,out,1,1.8,/Users/josefinadehan/tp_vision_avanzada/TPF_Vision_Avanzada/data/raw/pdbs/3zxz.pdb,False,False,False,True,False,False
3000,3f66,MET,Met,TK,Human,inactive,in,out,1,1.4,/Users/josefinadehan/tp_vision_avanzada/TPF_Vision_Avanzada/data/raw/pdbs/3f66.pdb,False,False,False,True,False,False
3001,4knb,MET,Met,TK,Human,inactive,in,out,1,2.4,/Users/josefinadehan/tp_vision_avanzada/TPF_Vision_Avanzada/data/raw/pdbs/4knb.pdb,False,False,False,True,False,False
2988,3efk,MET,Met,TK,Human,active,in,in,1,2.2,/Users/josefinadehan/tp_vision_avanzada/TPF_Vision_Avanzada/data/raw/pdbs/3efk.pdb,True,False,False,False,False,False
2989,3f66,MET,Met,TK,Human,inactive,in,out,1,1.4,/Users/josefinadehan/tp_vision_avanzada/TPF_Vision_Avanzada/data/raw/pdbs/3f66.pdb,False,False,False,True,False,False
2990,3zcl,MET,Met,TK,Human,inactive,in,out,1,1.4,/Users/josefinadehan/tp_vision_avanzada/TPF_Vision_Avanzada/data/raw/pdbs/3zcl.pdb,False,False,False,True,False,False
2991,1r0p,MET,Met,TK,Human,inactive,in,out,1,1.8,/Users/josefinadehan/tp_vision_avanzada/TPF_Vision_Avanzada/data/raw/pdbs/1r0p.pdb,False,False,False,True,False,False
2992,3f66,MET,Met,TK,Human,inactive,in,out,1,1.4,/Users/josefinadehan/tp_vision_avanzada/TPF_Vision_Avanzada/data/raw/pdbs/3f66.pdb,False,False,False,True,False,False
2993,3dkg,MET,Met,TK,Human,inactive,in,out,1,1.91,/Users/josefinadehan/tp_vision_avanzada/TPF_Vision_Avanzada/data/raw/pdbs/3dkg.pdb,False,False,False,True,False,False
2994,3qti,MET,Met,TK,Human,inactive,in,out,1,2.0,/Users/josefinadehan/tp_vision_avanzada/TPF_Vision_Avanzada/data/raw/pdbs/3qti.pdb,False,False,False,True,False,False
2995,3cd8,MET,Met,TK,Human,inactive,in,out,1,2.0,/Users/josefinadehan/tp_vision_avanzada/TPF_Vision_Avanzada/data/raw/pdbs/3cd8.pdb,False,False,False,True,False,False
3002,4gg7,MET,Met,TK,Human,inactive,in,out,1,2.27,/Users/josefinadehan/tp_vision_avanzada/TPF_Vision_Avanzada/data/raw/pdbs/4gg7.pdb,False,False,False,True,False,False
3015,3efj,MET,Met,TK,Human,inactive,out,in,1,2.6,/Users/josefinadehan/tp_vision_avanzada/TPF_Vision_Avanzada/data/raw/pdbs/3efj.pdb,False,False,False,False,True,False
3003,3zc5,MET,Met,TK,Human,inactive,in,out,1,2.2,/Users/josefinadehan/tp_vision_avanzada/TPF_Vision_Avanzada/data/raw/pdbs/3zc5.pdb,False,False,False,True,False,False
3004,4r1v,MET,Met,TK,Human,inactive,in,out,1,1.2,/Users/josefinadehan/tp_vision_avanzada/TPF_Vision_Avanzada/data/raw/pdbs/4r1v.pdb,False,False,False,True,False,False
3005,3a4p,MET,Met,TK,Human,inactive,in,out,1,2.54,/Users/josefinadehan/tp_vision_avanzada/TPF_Vision_Avanzada/data/raw/pdbs/3a4p.pdb,False,False,False,True,False,False
3006,3dkg,MET,Met,TK,Human,inactive,in,out,1,1.91,/Users/josefinadehan/tp_vision_avanzada/TPF_Vision_Avanzada/data/raw/pdbs/3dkg.pdb,False,False,False,True,False,False
3007,4knb,MET,Met,TK,Human,inactive,in,out,1,2.4,/Users/josefinadehan/tp_vision_avanzada/TPF_Vision_Avanzada/data/raw/pdbs/4knb.pdb,False,False,False,True,False,False
3008,3cd8,MET,Met,TK,Human,inactive,in,out,1,2.0,/Users/josefinadehan/tp_vision_avanzada/TPF_Vision_Avanzada/data/raw/pdbs/3cd8.pdb,False,False,False,True,False,False
3009,2wgj,MET,Met,TK,Human,inactive,in,out,1,2.0,/Users/josefinadehan/tp_vision_avanzada/TPF_Vision_Avanzada/data/raw/pdbs/2wgj.pdb,False,False,False,True,False,False
3010,4knb,MET,Met,TK,Human,inactive,in,out,1,2.4,/Users/josefinadehan/tp_vision_avanzada/TPF_Vision_Avanzada/data/raw/pdbs/4knb.pdb,False,False,False,True,False,False
3011,3f66,MET,Met,TK,Human,inactive,in,out,1,1.4,/Users/josefinadehan/tp_vision_avanzada/TPF_Vision_Avanzada/data/raw/pdbs/3f66.pdb,False,False,False,True,False,False
3016,4dei,MET,Met,TK,Human,inactive,in,out,1,2.05,/Users/josefinadehan/tp_vision_avanzada/TPF_Vision_Avanzada/data/raw/pdbs/4dei.pdb,False,False,False,True,False,False
3021,2wkm,MET,Met,TK,Human,inactive,in,out,1,2.2,/Users/josefinadehan/tp_vision_avanzada/TPF_Vision_Avanzada/data/raw/pdbs/2wkm.pdb,False,False,False,True,False,False
3017,3qti,MET,Met,TK,Human,inactive,in,out,1,2.0,/Users/josefinadehan/tp_vision_avanzada/TPF_Vision_Avanzada/data/raw/pdbs/3qti.pdb,False,False,False,True,False,False
3024,3qti,MET,Met,TK,Human,inactive,in,out,1,2.0,/Users/josefinadehan/tp_vision_avanzada/TPF_Vision_Avanzada/data/raw/pdbs/3qti.pdb,False,False,False,True,False,False
3029,3dkf,MET,Met,TK,Human,inactive,in,out,1,1.8,/Users/josefinadehan/tp_vision_avanzada/TPF_Vision_Avanzada/data/raw/pdbs/3dkf.pdb,False,False,False,True,False,False
3018,3efk,MET,Met,TK,Human,active,in,in,1,2.2,/Users/josefinadehan/tp_vision_avanzada/TPF_Vision_Avanzada/data/raw/pdbs/3efk.pdb,True,False,False,False,False,False
3019,3dkg,MET,Met,TK,Human,inactive,in,out,1,1.91,/Users/josefinadehan/tp_vision_avanzada/TPF_Vision_Avanzada/data/raw/pdbs/3dkg.pdb,False,False,False,True,False,False
3030,3dkf,MET,Met,TK,Human,inactive,in,out,1,1.8,/Users/josefinadehan/tp_vision_avanzada/TPF_Vision_Avanzada/data/raw/pdbs/3dkf.pdb,False,False,False,True,False,False
3022,2rfn,MET,Met,TK,Human,inactive,na,in,1,2.5,/Users/josefinadehan/tp_vision_avanzada/TPF_Vision_Avanzada/data/raw/pdbs/2rfn.pdb,False,False,False,False,True,False
3025,4mxc,MET,Met,TK,Human,inactive,out,in,1,1.63,/Users/josefinadehan/tp_vision_avanzada/TPF_Vision_Avanzada/data/raw/pdbs/4mxc.pdb,False,False,False,False,True,False
3026,3f66,MET,Met,TK,Human,inactive,in,out,1,1.4,/Users/josefinadehan/tp_vision_avanzada/TPF_Vision_Avanzada/data/raw/pdbs/3f66.pdb,False,False,False,True,False,False
3032,2wd1,MET,Met,TK,Human,inactive,in,out,1,2.0,/Users/josefinadehan/tp_vision_avanzada/TPF_Vision_Avanzada/data/raw/pdbs/2wd1.pdb,False,False,False,True,False,False
3027,3f66,MET,Met,TK,Human,inactive,in,out,1,1.4,/Users/josefinadehan/tp_vision_avanzada/TPF_Vision_Avanzada/data/raw/pdbs/3f66.pdb,False,False,False,True,False,False
3028,3qti,MET,Met,TK,Human,inactive,in,out,1,2.0,/Users/josefinadehan/tp_vision_avanzada/TPF_Vision_Avanzada/data/raw/pdbs/3qti.pdb,False,False,False,True,False,False
3031,4xmo,MET,Met,TK,Human,inactive,in,out,1,1.75,/Users/josefinadehan/tp_vision_avanzada/TPF_Vision_Avanzada/data/raw/pdbs/4xmo.pdb,False,False,False,True,False,False
3035,4ap7,MET,Met,TK,Human,inactive,in,out,1,1.8,/Users/josefinadehan/tp_vision_avanzada/TPF_Vision_Avanzada/data/raw/pdbs/4ap7.pdb,False,False,False,True,False,False
3036,3zbx,MET,Met,TK,Human,inactive,in,out,1,2.2,/Users/josefinadehan/tp_vision_avanzada/TPF_Vision_Avanzada/data/raw/pdbs/3zbx.pdb,False,False,False,True,False,False
3033,4mxc,MET,Met,TK,Human,inactive,out,in,1,1.63,/Users/josefinadehan/tp_vision_avanzada/TPF_Vision_Avanzada/data/raw/pdbs/4mxc.pdb,False,False,False,False,True,False
3034,3f66,MET,Met,TK,Human,inactive,in,out,1,1.4,/Users/josefinadehan/tp_vision_avanzada/TPF_Vision_Avanzada/data/raw/pdbs/3f66.pdb,False,False,False,True,False,False
3037,4knb,MET,Met,TK,Human,inactive,in,out,1,2.4,/Users/josefinadehan/tp_vision_avanzada/TPF_Vision_Avanzada/data/raw/pdbs/4knb.pdb,False,False,False,True,False,False
3038,3r7o,MET,Met,TK,Human,active,in,in,1,2.3,/Users/josefinadehan/tp_vision_avanzada/TPF_Vision_Avanzada/data/raw/pdbs/3r7o.pdb,True,False,False,False,False,False
6399,5eyd,MET,Met,TK,Human,inactive,in,out,1,1.85,/Users/josefinadehan/tp_vision_avanzada/TPF_Vision_Avanzada/data/raw/pdbs/5eyd.pdb,False,False,False,True,False,False
6400,5eyc,MET,Met,TK,Human,inactive,in,out,1,1.8,/Users/josefinadehan/tp_vision_avanzada/TPF_Vision_Avanzada/data/raw/pdbs/5eyc.pdb,False,False,False,True,False,False
6401,5eyc,MET,Met,TK,Human,inactive,in,out,1,1.8,/Users/josefinadehan/tp_vision_avanzada/TPF_Vision_Avanzada/data/raw/pdbs/5eyc.pdb,False,False,False,True,False,False
6402,5eyd,MET,Met,TK,Human,inactive,in,out,1,1.85,/Users/josefinadehan/tp_vision_avanzada/TPF_Vision_Avanzada/data/raw/pdbs/5eyd.pdb,False,False,False,True,False,False
6766,3ctj,MET,Met,TK,Human,inactive,out,in,1,2.5,/Users/josefinadehan/tp_vision_avanzada/TPF_Vision_Avanzada/data/raw/pdbs/3ctj.pdb,False,False,False,False,True,False
6767,3ctj,MET,Met,TK,Human,inactive,out,in,1,2.5,/Users/josefinadehan/tp_vision_avanzada/TPF_Vision_Avanzada/data/raw/pdbs/3ctj.pdb,False,False,False,False,True,False
6768,3cth,MET,Met,TK,Human,inactive,out,in,1,2.3,/Users/josefinadehan/tp_vision_avanzada/TPF_Vision_Avanzada/data/raw/pdbs/3cth.pdb,False,False,False,False,True,False
6769,3ce3,MET,Met,TK,Human,inactive,out,in,1,2.4,/Users/josefinadehan/tp_vision_avanzada/TPF_Vision_Avanzada/data/raw/pdbs/3ce3.pdb,False,False,False,False,True,False
7034,5dg5,MET,Met,TK,Human,inactive,out,in,1,2.6,/Users/josefinadehan/tp_vision_avanzada/TPF_Vision_Avanzada/data/raw/pdbs/5dg5.pdb,False,False,False,False,True,False
7035,5dg5,MET,Met,TK,Human,inactive,out,in,1,2.6,/Users/josefinadehan/tp_vision_avanzada/TPF_Vision_Avanzada/data/raw/pdbs/5dg5.pdb,False,False,False,False,True,False
7036,5dg5,MET,Met,TK,Human,inactive,out,in,1,2.6,/Users/josefinadehan/tp_vision_avanzada/TPF_Vision_Avanzada/data/raw/pdbs/5dg5.pdb,False,False,False,False,True,False
7037,5dg5,MET,Met,TK,Human,inactive,out,in,1,2.6,/Users/josefinadehan/tp_vision_avanzada/TPF_Vision_Avanzada/data/raw/pdbs/5dg5.pdb,False,False,False,False,True,False
7100,5eob,MET,Met,TK,Human,inactive,in,out,1,1.75,/Users/josefinadehan/tp_vision_avanzada/TPF_Vision_Avanzada/data/raw/pdbs/5eob.pdb,False,False,False,True,False,False
7101,5eob,MET,Met,TK,Human,inactive,in,out,1,1.75,/Users/josefinadehan/tp_vision_avanzada/TPF_Vision_Avanzada/data/raw/pdbs/5eob.pdb,False,False,False,True,False,False
7275,5hlw,MET,Met,TK,Human,inactive,in,out,1,1.97,/Users/josefinadehan/tp_vision_avanzada/TPF_Vision_Avanzada/data/raw/pdbs/5hlw.pdb,False,False,False,True,False,False
7276,5hor,MET,Met,TK,Human,inactive,in,out,1,2.2,/Users/josefinadehan/tp_vision_avanzada/TPF_Vision_Avanzada/data/raw/pdbs/5hor.pdb,False,False,False,True,False,False
7277,5ho6,MET,Met,TK,Human,inactive,in,out,1,1.97,/Users/josefinadehan/tp_vision_avanzada/TPF_Vision_Avanzada/data/raw/pdbs/5ho6.pdb,False,False,False,True,False,False
7278,5hni,MET,Met,TK,Human,inactive,in,out,1,1.71,/Users/josefinadehan/tp_vision_avanzada/TPF_Vision_Avanzada/data/raw/pdbs/5hni.pdb,False,False,False,True,False,False
7279,5hoa,MET,Met,TK,Human,inactive,in,out,1,2.14,/Users/josefinadehan/tp_vision_avanzada/TPF_Vision_Avanzada/data/raw/pdbs/5hoa.pdb,False,False,False,True,False,False
7280,5hni,MET,Met,TK,Human,inactive,in,out,1,1.71,/Users/josefinadehan/tp_vision_avanzada/TPF_Vision_Avanzada/data/raw/pdbs/5hni.pdb,False,False,False,True,False,False
7413,5t3q,MET,Met,TK,Human,inactive,na,out,1,2.0,/Users/josefinadehan/tp_vision_avanzada/TPF_Vision_Avanzada/data/raw/pdbs/5t3q.pdb,False,False,False,False,False,False
7961,5uab,MET,Met,TK,Human,inactive,in,out,1,1.9,/Users/josefinadehan/tp_vision_avanzada/TPF_Vision_Avanzada/data/raw/pdbs/5uab.pdb,False,False,False,True,False,False
7962,5uaf,MET,Met,TK,Human,inactive,in,out,1,2.25,/Users/josefinadehan/tp_vision_avanzada/TPF_Vision_Avanzada/data/raw/pdbs/5uaf.pdb,False,False,False,True,False,False
7963,5uad,MET,Met,TK,Human,inactive,in,out,1,2.25,/Users/josefinadehan/tp_vision_avanzada/TPF_Vision_Avanzada/data/raw/pdbs/5uad.pdb,False,False,False,True,False,False
7964,5uab,MET,Met,TK,Human,inactive,in,out,1,1.9,/Users/josefinadehan/tp_vision_avanzada/TPF_Vision_Avanzada/data/raw/pdbs/5uab.pdb,False,False,False,True,False,False
8009,5hti,MET,Met,TK,Human,inactive,out,in,1,1.66,/Users/josefinadehan/tp_vision_avanzada/TPF_Vision_Avanzada/data/raw/pdbs/5hti.pdb,False,False,False,False,True,False
8010,5hti,MET,Met,TK,Human,inactive,out,in,1,1.66,/Users/josefinadehan/tp_vision_avanzada/TPF_Vision_Avanzada/data/raw/pdbs/5hti.pdb,False,False,False,False,True,False
10039,5ya5,MET,Met,TK,Human,inactive,in,out,1,1.89,/Users/josefinadehan/tp_vision_avanzada/TPF_Vision_Avanzada/data/raw/pdbs/5ya5.pdb,False,False,False,True,False,False
10040,5ya5,MET,Met,TK,Human,inactive,in,out,1,1.89,/Users/josefinadehan/tp_vision_avanzada/TPF_Vision_Avanzada/data/raw/pdbs/5ya5.pdb,False,False,False,True,False,False
11532,6sdc,MET,Met,TK,Human,inactive,out,in,1,1.67,/Users/josefinadehan/tp_vision_avanzada/TPF_Vision_Avanzada/data/raw/pdbs/6sdc.pdb,False,False,False,False,True,False
11533,6sdd,MET,Met,TK,Human,inactive,out,in,1,1.93,/Users/josefinadehan/tp_vision_avanzada/TPF_Vision_Avanzada/data/raw/pdbs/6sdd.pdb,False,False,False,False,True,False
11534,6sdc,MET,Met,TK,Human,inactive,out,in,1,1.67,/Users/josefinadehan/tp_vision_avanzada/TPF_Vision_Avanzada/data/raw/pdbs/6sdc.pdb,False,False,False,False,True,False
11535,6sde,MET,Met,TK,Human,inactive,in,out,1,2.49,/Users/josefinadehan/tp_vision_avanzada/TPF_Vision_Avanzada/data/raw/pdbs/6sde.pdb,False,False,False,True,False,False
11531,6sd9,MET,Met,TK,Human,inactive,out,in,1,2.35,/Users/josefinadehan/tp_vision_avanzada/TPF_Vision_Avanzada/data/raw/pdbs/6sd9.pdb,False,False,False,False,True,False
11979,6ubw,MET,Met,TK,Human,inactive,in,out,1,2.0,/Users/josefinadehan/tp_vision_avanzada/TPF_Vision_Avanzada/data/raw/pdbs/6ubw.pdb,False,False,False,True,False,False
13177,7b3q,MET,Met,TK,Human,inactive,in,out,1,1.75,/Users/josefinadehan/tp_vision_avanzada/TPF_Vision_Avanzada/data/raw/pdbs/7b3q.pdb,False,False,False,True,False,False
13178,7b3w,MET,Met,TK,Human,active,in,na,1,2.02,/Users/josefinadehan/tp_vision_avanzada/TPF_Vision_Avanzada/data/raw/pdbs/7b3w.pdb,False,False,False,False,False,True
13179,7b44,MET,Met,TK,Human,inactive,in,out,1,1.76,/Users/josefinadehan/tp_vision_avanzada/TPF_Vision_Avanzada/data/raw/pdbs/7b44.pdb,False,False,False,True,False,False
13180,7b3w,MET,Met,TK,Human,active,in,na,1,2.02,/Users/josefinadehan/tp_vision_avanzada/TPF_Vision_Avanzada/data/raw/pdbs/7b3w.pdb,False,False,False,False,False,True
13181,7b3z,MET,Met,TK,Human,inactive,in,out,1,1.8,/Users/josefinadehan/tp_vision_avanzada/TPF_Vision_Avanzada/data/raw/pdbs/7b3z.pdb,False,False,False,True,False,False
13182,7b3q,MET,Met,TK,Human,inactive,in,out,1,1.75,/Users/josefinadehan/tp_vision_avanzada/TPF_Vision_Avanzada/data/raw/pdbs/7b3q.pdb,False,False,False,True,False,False
13183,7b3t,MET,Met,TK,Human,inactive,in,out,1,2.23,/Users/josefinadehan/tp_vision_avanzada/TPF_Vision_Avanzada/data/raw/pdbs/7b3t.pdb,False,False,False,True,False,False
13184,7b41,MET,Met,TK,Human,inactive,in,out,1,1.97,/Users/josefinadehan/tp_vision_avanzada/TPF_Vision_Avanzada/data/raw/pdbs/7b41.pdb,False,False,False,True,False,False
13185,7b44,MET,Met,TK,Human,inactive,in,out,1,1.76,/Users/josefinadehan/tp_vision_avanzada/TPF_Vision_Avanzada/data/raw/pdbs/7b44.pdb,False,False,False,True,False,False
13186,7b3z,MET,Met,TK,Human,inactive,in,out,1,1.8,/Users/josefinadehan/tp_vision_avanzada/TPF_Vision_Avanzada/data/raw/pdbs/7b3z.pdb,False,False,False,True,False,False
13187,7b43,MET,Met,TK,Human,inactive,in,out,1,1.87,/Users/josefinadehan/tp_vision_avanzada/TPF_Vision_Avanzada/data/raw/pdbs/7b43.pdb,False,False,False,True,False,False
13188,7b3v,MET,Met,TK,Human,inactive,in,out,1,1.93,/Users/josefinadehan/tp_vision_avanzada/TPF_Vision_Avanzada/data/raw/pdbs/7b3v.pdb,False,False,False,True,False,False
13189,7b43,MET,Met,TK,Human,inactive,in,out,1,1.87,/Users/josefinadehan/tp_vision_avanzada/TPF_Vision_Avanzada/data/raw/pdbs/7b43.pdb,False,False,False,True,False,False
13190,7b42,MET,Met,TK,Human,inactive,in,out,1,1.8,/Users/josefinadehan/tp_vision_avanzada/TPF_Vision_Avanzada/data/raw/pdbs/7b42.pdb,False,False,False,True,False,False
13191,7b3t,MET,Met,TK,Human,inactive,in,out,1,2.23,/Users/josefinadehan/tp_vision_avanzada/TPF_Vision_Avanzada/data/raw/pdbs/7b3t.pdb,False,False,False,True,False,False
13192,7b40,MET,Met,TK,Human,inactive,in,out,1,1.76,/Users/josefinadehan/tp_vision_avanzada/TPF_Vision_Avanzada/data/raw/pdbs/7b40.pdb,False,False,False,True,False,False
13193,7b41,MET,Met,TK,Human,inactive,in,out,1,1.97,/Users/josefinadehan/tp_vision_avanzada/TPF_Vision_Avanzada/data/raw/pdbs/7b41.pdb,False,False,False,True,False,False
13194,7b3v,MET,Met,TK,Human,inactive,in,out,1,1.93,/Users/josefinadehan/tp_vision_avanzada/TPF_Vision_Avanzada/data/raw/pdbs/7b3v.pdb,False,False,False,True,False,False
14327,7v3s,MET,Met,TK,Human,inactive,out,in,1,1.9,/Users/josefinadehan/tp_vision_avanzada/TPF_Vision_Avanzada/data/raw/pdbs/7v3s.pdb,False,False,False,False,True,False
14328,7v3r,MET,Met,TK,Human,inactive,out,in,1,1.7,/Users/josefinadehan/tp_vision_avanzada/TPF_Vision_Avanzada/data/raw/pdbs/7v3r.pdb,False,False,False,False,True,False
14329,7v3s,MET,Met,TK,Human,inactive,out,in,1,1.9,/Users/josefinadehan/tp_vision_avanzada/TPF_Vision_Avanzada/data/raw/pdbs/7v3s.pdb,False,False,False,False,True,False
14330,7v3r,MET,Met,TK,Human,inactive,out,in,1,1.7,/Users/josefinadehan/tp_vision_avanzada/TPF_Vision_Avanzada/data/raw/pdbs/7v3r.pdb,False,False,False,False,True,False
14355,8an8,MET,Met,TK,Human,inactive,out,in,1,2.394,/Users/josefinadehan/tp_vision_avanzada/TPF_Vision_Avanzada/data/raw/pdbs/8an8.pdb,False,False,False,False,True,False
14356,8ans,MET,Met,TK,Human,inactive,out,in,1,2.01,/Users/josefinadehan/tp_vision_avanzada/TPF_Vision_Avanzada/data/raw/pdbs/8ans.pdb,False,False,False,False,True,False
14548,7y4t,MET,Met,TK,Human,inactive,in,out,1,2.16,/Users/josefinadehan/tp_vision_avanzada/TPF_Vision_Avanzada/data/raw/pdbs/7y4t.pdb,False,False,False,True,False,False
14549,8gvj,MET,Met,TK,Human,inactive,in,out,1,2.71,/Users/josefinadehan/tp_vision_avanzada/TPF_Vision_Avanzada/data/raw/pdbs/8gvj.pdb,False,False,False,True,False,False
14550,7y4u,MET,Met,TK,Human,inactive,in,out,1,2.26,/Users/josefinadehan/tp_vision_avanzada/TPF_Vision_Avanzada/data/raw/pdbs/7y4u.pdb,False,False,False,True,False,False
14817,8ov7,MET,Met,TK,Human,inactive,out,in,1,1.95,/Users/josefinadehan/tp_vision_avanzada/TPF_Vision_Avanzada/data/raw/pdbs/8ov7.pdb,False,False,False,False,True,False
14818,8ow3,MET,Met,TK,Human,inactive,out,out,1,2.27,/Users/josefinadehan/tp_vision_avanzada/TPF_Vision_Avanzada/data/raw/pdbs/8ow3.pdb,False,False,False,False,False,False
14819,8owg,MET,Met,TK,Human,inactive,out,out,1,2.631,/Users/josefinadehan/tp_vision_avanzada/TPF_Vision_Avanzada/data/raw/pdbs/8owg.pdb,False,False,False,False,False,False
14820,8ouv,MET,Met,TK,Human,inactive,out,out,1,1.783,/Users/josefinadehan/tp_vision_avanzada/TPF_Vision_Avanzada/data/raw/pdbs/8ouv.pdb,False,False,False,False,False,False
14821,8ouu,MET,Met,TK,Human,inactive,out,out,1,1.77,/Users/josefinadehan/tp_vision_avanzada/TPF_Vision_Avanzada/data/raw/pdbs/8ouu.pdb,False,False,False,False,False,False
14822,8ovz,MET,Met,TK,Human,inactive,out,out,1,2.206,/Users/josefinadehan/tp_vision_avanzada/TPF_Vision_Avanzada/data/raw/pdbs/8ovz.pdb,False,False,False,False,False,False
14823,8ouv,MET,Met,TK,Human,inactive,out,out,1,1.783,/Users/josefinadehan/tp_vision_avanzada/TPF_Vision_Avanzada/data/raw/pdbs/8ouv.pdb,False,False,False,False,False,False
14824,8ouu,MET,Met,TK,Human,inactive,out,out,1,1.77,/Users/josefinadehan/tp_vision_avanzada/TPF_Vision_Avanzada/data/raw/pdbs/8ouu.pdb,False,False,False,False,False,False
14980,8aw1,MET,Met,TK,Human,inactive,in,out,1,2.14,/Users/josefinadehan/tp_vision_avanzada/TPF_Vision_Avanzada/data/raw/pdbs/8aw1.pdb,False,False,False,True,False,False
14981,8aw1,MET,Met,TK,Human,inactive,in,out,1,2.14,/Users/josefinadehan/tp_vision_avanzada/TPF_Vision_Avanzada/data/raw/pdbs/8aw1.pdb,False,False,False,True,False,False
14982,8au3,MET,Met,TK,Human,inactive,in,out,1,2.26,/Users/josefinadehan/tp_vision_avanzada/TPF_Vision_Avanzada/data/raw/pdbs/8au3.pdb,False,False,False,True,False,False
14983,8au5,MET,Met,TK,Human,inactive,in,out,1,2.72,/Users/josefinadehan/tp_vision_avanzada/TPF_Vision_Avanzada/data/raw/pdbs/8au5.pdb,False,False,False,True,False,False
15368,9c1r,MET,Met,TK,Human,inactive,out,in,1,1.59,/Users/josefinadehan/tp_vision_avanzada/TPF_Vision_Avanzada/data/raw/pdbs/9c1r.pdb,False,False,False,False,True,False
15369,9c1r,MET,Met,TK,Human,inactive,out,in,1,1.59,/Users/josefinadehan/tp_vision_avanzada/TPF_Vision_Avanzada/data/raw/pdbs/9c1r.pdb,False,False,False,False,True,False
15352,8k78,MET,Met,TK,Human,inactive,in,out,0,2.67,/Users/josefinadehan/tp_vision_avanzada/TPF_Vision_Avanzada/data/raw/pdbs/8k78.pdb,False,False,False,True,False,False
2962,3q6u,MET,Met,TK,Human,active,in,in,0,1.6,/Users/josefinadehan/tp_vision_avanzada/TPF_Vision_Avanzada/data/raw/pdbs/3q6u.pdb,True,False,False,False,False,False
2983,2g15,MET,Met,TK,Human,inactive,in,out,0,2.15,/Users/josefinadehan/tp_vision_avanzada/TPF_Vision_Avanzada/data/raw/pdbs/2g15.pdb,False,False,False,True,False,False
2954,3q6u,MET,Met,TK,Human,active,in,in,0,1.6,/Users/josefinadehan/tp_vision_avanzada/TPF_Vision_Avanzada/data/raw/pdbs/3q6u.pdb,True,False,False,False,False,False
3014,1r1w,MET,Met,TK,Human,inactive,in,out,0,1.8,/Users/josefinadehan/tp_vision_avanzada/TPF_Vision_Avanzada/data/raw/pdbs/1r1w.pdb,False,False,False,True,False,False
15351,8k78,MET,Met,TK,Human,inactive,in,out,0,2.67,/Users/josefinadehan/tp_vision_avanzada/TPF_Vision_Avanzada/data/raw/pdbs/8k78.pdb,False,False,False,True,False,False
9478,5grn,PDGFRA,PDGFR,TK,Human,inactive,out,in,1,1.77,/Users/josefinadehan/tp_vision_avanzada/TPF_Vision_Avanzada/data/raw/pdbs/5grn.pdb,False,False,False,False,True,False
9479,5grn,PDGFRA,PDGFR,TK,Human,inactive,out,in,1,1.77,/Users/josefinadehan/tp_vision_avanzada/TPF_Vision_Avanzada/data/raw/pdbs/5grn.pdb,False,False,False,False,True,False
12103,6jol,PDGFRA,PDGFR,TK,Human,inactive,out,in,1,1.9,/Users/josefinadehan/tp_vision_avanzada/TPF_Vision_Avanzada/data/raw/pdbs/6jol.pdb,False,False,False,False,True,False
12104,6joj,PDGFRA,PDGFR,TK,Human,inactive,out-like,in,1,2.6,/Users/josefinadehan/tp_vision_avanzada/TPF_Vision_Avanzada/data/raw/pdbs/6joj.pdb,False,False,False,False,True,False
12105,6jok,PDGFRA,PDGFR,TK,Human,inactive,out,in,1,3.8,/Users/josefinadehan/tp_vision_avanzada/TPF_Vision_Avanzada/data/raw/pdbs/6jok.pdb,False,False,False,False,True,False
12102,6joi,PDGFRA,PDGFR,TK,Human,inactive,in,out,1,3.1,/Users/josefinadehan/tp_vision_avanzada/TPF_Vision_Avanzada/data/raw/pdbs/6joi.pdb,False,False,False,True,False,False
15104,8pqi,PDGFRA,PDGFR,TK,Human,active,in,in,1,2.6,/Users/josefinadehan/tp_vision_avanzada/TPF_Vision_Avanzada/data/raw/pdbs/8pqi.pdb,True,False,False,False,False,False
15107,8pqh,PDGFRA,PDGFR,TK,Human,active,in,in,1,2.5,/Users/josefinadehan/tp_vision_avanzada/TPF_Vision_Avanzada/data/raw/pdbs/8pqh.pdb,True,False,False,False,False,False
15109,8pqi,PDGFRA,PDGFR,TK,Human,active,in,in,1,2.6,/Users/josefinadehan/tp_vision_avanzada/TPF_Vision_Avanzada/data/raw/pdbs/8pqi.pdb,True,False,False,False,False,False
11327,6a32,PDGFRA,PDGFR,TK,Human,inactive,out,in,0,1.87,/Users/josefinadehan/tp_vision_avanzada/TPF_Vision_Avanzada/data/raw/pdbs/6a32.pdb,False,False,False,False,True,False
15106,8pqj,PDGFRA,PDGFR,TK,Human,inactive,out,in,0,1.82,/Users/josefinadehan/tp_vision_avanzada/TPF_Vision_Avanzada/data/raw/pdbs/8pqj.pdb,False,False,False,False,True,False
6962,5k5x,PDGFRA,PDGFR,TK,Human,inactive,out,in,0,2.17,/Users/josefinadehan/tp_vision_avanzada/TPF_Vision_Avanzada/data/raw/pdbs/5k5x.pdb,False,False,False,False,True,False
15105,8pqj,PDGFRA,PDGFR,TK,Human,inactive,out,in,0,1.82,/Users/josefinadehan/tp_vision_avanzada/TPF_Vision_Avanzada/data/raw/pdbs/8pqj.pdb,False,False,False,False,True,False
15108,8pqk,PDGFRA,PDGFR,TK,Human,inactive,out,in,0,2.0,/Users/josefinadehan/tp_vision_avanzada/TPF_Vision_Avanzada/data/raw/pdbs/8pqk.pdb,False,False,False,False,True,False
15110,8pqk,PDGFRA,PDGFR,TK,Human,inactive,out,in,0,2.0,/Users/josefinadehan/tp_vision_avanzada/TPF_Vision_Avanzada/data/raw/pdbs/8pqk.pdb,False,False,False,False,True,False
9302,5fi4,PIK3CA,PIK,Atypical,Human,active,in,in,1,2.5,/Users/josefinadehan/tp_vision_avanzada/TPF_Vision_Avanzada/data/raw/pdbs/5fi4.pdb,True,False,False,False,False,False
9272,4waf,PIK3CA,PIK,Atypical,Human,active,in,in,1,2.39,/Users/josefinadehan/tp_vision_avanzada/TPF_Vision_Avanzada/data/raw/pdbs/4waf.pdb,True,False,False,False,False,False
9275,3hhm,PIK3CA,PIK,Atypical,Human,active,in,in,1,2.8,/Users/josefinadehan/tp_vision_avanzada/TPF_Vision_Avanzada/data/raw/pdbs/3hhm.pdb,True,False,False,False,False,False
9308,5ul1,PIK3CA,PIK,Atypical,Human,active,in,in,1,3.0,/Users/josefinadehan/tp_vision_avanzada/TPF_Vision_Avanzada/data/raw/pdbs/5ul1.pdb,True,False,False,False,False,False
9290,4l23,PIK3CA,PIK,Atypical,Human,active,in,in,1,2.5,/Users/josefinadehan/tp_vision_avanzada/TPF_Vision_Avanzada/data/raw/pdbs/4l23.pdb,True,False,False,False,False,False
9276,4l2y,PIK3CA,PIK,Atypical,Human,active,in,in,1,2.8,/Users/josefinadehan/tp_vision_avanzada/TPF_Vision_Avanzada/data/raw/pdbs/4l2y.pdb,True,False,False,False,False,False
9277,5ukj,PIK3CA,PIK,Atypical,Human,active,in,in,1,2.8,/Users/josefinadehan/tp_vision_avanzada/TPF_Vision_Avanzada/data/raw/pdbs/5ukj.pdb,True,False,False,False,False,False
9315,4ykn,PIK3CA,PIK,Atypical,Human,active,in,in,1,2.9,/Users/josefinadehan/tp_vision_avanzada/TPF_Vision_Avanzada/data/raw/pdbs/4ykn.pdb,True,False,False,False,False,False
9309,5fi4,PIK3CA,PIK,Atypical,Human,active,in,in,1,2.5,/Users/josefinadehan/tp_vision_avanzada/TPF_Vision_Avanzada/data/raw/pdbs/5fi4.pdb,True,False,False,False,False,False
9294,3zim,PIK3CA,PIK,Atypical,Human,active,in,in,1,2.85,/Users/josefinadehan/tp_vision_avanzada/TPF_Vision_Avanzada/data/raw/pdbs/3zim.pdb,True,False,False,False,False,False
9278,4tv3,PIK3CA,PIK,Atypical,Human,active,in,in,1,2.85,/Users/josefinadehan/tp_vision_avanzada/TPF_Vision_Avanzada/data/raw/pdbs/4tv3.pdb,True,False,False,False,False,False
9283,4ykn,PIK3CA,PIK,Atypical,Human,active,in,in,1,2.9,/Users/josefinadehan/tp_vision_avanzada/TPF_Vision_Avanzada/data/raw/pdbs/4ykn.pdb,True,False,False,False,False,False
9310,5dxh,PIK3CA,PIK,Atypical,Human,active,in,in,1,3.0,/Users/josefinadehan/tp_vision_avanzada/TPF_Vision_Avanzada/data/raw/pdbs/5dxh.pdb,True,False,False,False,False,False
9286,5uk8,PIK3CA,PIK,Atypical,Human,active,in,in,1,2.5,/Users/josefinadehan/tp_vision_avanzada/TPF_Vision_Avanzada/data/raw/pdbs/5uk8.pdb,True,False,False,False,False,False
9295,5uk8,PIK3CA,PIK,Atypical,Human,active,in,in,1,2.5,/Users/josefinadehan/tp_vision_avanzada/TPF_Vision_Avanzada/data/raw/pdbs/5uk8.pdb,True,False,False,False,False,False
9288,4waf,PIK3CA,PIK,Atypical,Human,active,in,in,1,2.39,/Users/josefinadehan/tp_vision_avanzada/TPF_Vision_Avanzada/data/raw/pdbs/4waf.pdb,True,False,False,False,False,False
9289,5ubr,PIK3CA,PIK,Atypical,Human,active,in,in,1,2.4,/Users/josefinadehan/tp_vision_avanzada/TPF_Vision_Avanzada/data/raw/pdbs/5ubr.pdb,True,False,False,False,False,False
9298,4zop,PIK3CA,PIK,Atypical,Human,active,in,in,1,2.62,/Users/josefinadehan/tp_vision_avanzada/TPF_Vision_Avanzada/data/raw/pdbs/4zop.pdb,True,False,False,False,False,False
9299,5dxt,PIK3CA,PIK,Atypical,Human,active,in,in,1,2.25,/Users/josefinadehan/tp_vision_avanzada/TPF_Vision_Avanzada/data/raw/pdbs/5dxt.pdb,True,False,False,False,False,False
9312,4zop,PIK3CA,PIK,Atypical,Human,active,in,in,1,2.62,/Users/josefinadehan/tp_vision_avanzada/TPF_Vision_Avanzada/data/raw/pdbs/4zop.pdb,True,False,False,False,False,False
9300,5dxh,PIK3CA,PIK,Atypical,Human,active,in,in,1,3.0,/Users/josefinadehan/tp_vision_avanzada/TPF_Vision_Avanzada/data/raw/pdbs/5dxh.pdb,True,False,False,False,False,False
9316,5ul1,PIK3CA,PIK,Atypical,Human,active,in,in,1,3.0,/Users/josefinadehan/tp_vision_avanzada/TPF_Vision_Avanzada/data/raw/pdbs/5ul1.pdb,True,False,False,False,False,False
9317,4jps,PIK3CA,PIK,Atypical,Human,active,in,in,1,2.2,/Users/josefinadehan/tp_vision_avanzada/TPF_Vision_Avanzada/data/raw/pdbs/4jps.pdb,True,False,False,False,False,False
9313,5itd,PIK3CA,PIK,Atypical,Human,active,in,in,1,3.02,/Users/josefinadehan/tp_vision_avanzada/TPF_Vision_Avanzada/data/raw/pdbs/5itd.pdb,True,False,False,False,False,False
9314,4jps,PIK3CA,PIK,Atypical,Human,active,in,in,1,2.2,/Users/josefinadehan/tp_vision_avanzada/TPF_Vision_Avanzada/data/raw/pdbs/4jps.pdb,True,False,False,False,False,False
9863,5xgj,PIK3CA,PIK,Atypical,Human,active,in,in,1,2.97,/Users/josefinadehan/tp_vision_avanzada/TPF_Vision_Avanzada/data/raw/pdbs/5xgj.pdb,True,False,False,False,False,False
9864,5xgh,PIK3CA,PIK,Atypical,Human,active,in,in,1,2.97,/Users/josefinadehan/tp_vision_avanzada/TPF_Vision_Avanzada/data/raw/pdbs/5xgh.pdb,True,False,False,False,False,False
9865,5xgi,PIK3CA,PIK,Atypical,Human,active,in,in,1,2.56,/Users/josefinadehan/tp_vision_avanzada/TPF_Vision_Avanzada/data/raw/pdbs/5xgi.pdb,True,False,False,False,False,False
11381,6oac,PIK3CA,PIK,Atypical,Human,active,in,in,1,3.15,/Users/josefinadehan/tp_vision_avanzada/TPF_Vision_Avanzada/data/raw/pdbs/6oac.pdb,True,False,False,False,False,False
11575,6pys,PIK3CA,PIK,Atypical,Human,active,in,in,1,2.19,/Users/josefinadehan/tp_vision_avanzada/TPF_Vision_Avanzada/data/raw/pdbs/6pys.pdb,True,False,False,False,False,False
11576,6pys,PIK3CA,PIK,Atypical,Human,active,in,in,1,2.19,/Users/josefinadehan/tp_vision_avanzada/TPF_Vision_Avanzada/data/raw/pdbs/6pys.pdb,True,False,False,False,False,False
11653,6gvh,PIK3CA,PIK,Atypical,Human,active,in,in,1,2.74,/Users/josefinadehan/tp_vision_avanzada/TPF_Vision_Avanzada/data/raw/pdbs/6gvh.pdb,True,False,False,False,False,False
11654,6gvi,PIK3CA,PIK,Atypical,Human,active,in,in,1,2.9,/Users/josefinadehan/tp_vision_avanzada/TPF_Vision_Avanzada/data/raw/pdbs/6gvi.pdb,True,False,False,False,False,False
11655,6gvg,PIK3CA,PIK,Atypical,Human,active,in,in,1,3.0,/Users/josefinadehan/tp_vision_avanzada/TPF_Vision_Avanzada/data/raw/pdbs/6gvg.pdb,True,False,False,False,False,False
11656,6gvi,PIK3CA,PIK,Atypical,Human,active,in,in,1,2.9,/Users/josefinadehan/tp_vision_avanzada/TPF_Vision_Avanzada/data/raw/pdbs/6gvi.pdb,True,False,False,False,False,False
11657,6gvh,PIK3CA,PIK,Atypical,Human,active,in,in,1,2.74,/Users/josefinadehan/tp_vision_avanzada/TPF_Vision_Avanzada/data/raw/pdbs/6gvh.pdb,True,False,False,False,False,False
11658,6gvf,PIK3CA,PIK,Atypical,Human,active,in,in,1,2.5,/Users/josefinadehan/tp_vision_avanzada/TPF_Vision_Avanzada/data/raw/pdbs/6gvf.pdb,True,False,False,False,False,False
11659,6gvf,PIK3CA,PIK,Atypical,Human,active,in,in,1,2.5,/Users/josefinadehan/tp_vision_avanzada/TPF_Vision_Avanzada/data/raw/pdbs/6gvf.pdb,True,False,False,False,False,False
13206,7k6o,PIK3CA,PIK,Atypical,Human,active,in,in,1,2.738,/Users/josefinadehan/tp_vision_avanzada/TPF_Vision_Avanzada/data/raw/pdbs/7k6o.pdb,True,False,False,False,False,False
13207,7k6o,PIK3CA,PIK,Atypical,Human,active,in,in,1,2.738,/Users/josefinadehan/tp_vision_avanzada/TPF_Vision_Avanzada/data/raw/pdbs/7k6o.pdb,True,False,False,False,False,False
13219,7k71,PIK3CA,PIK,Atypical,Human,active,in,in,1,2.9,/Users/josefinadehan/tp_vision_avanzada/TPF_Vision_Avanzada/data/raw/pdbs/7k71.pdb,True,False,False,False,False,False
13224,7k6n,PIK3CA,PIK,Atypical,Human,active,in,in,1,2.77,/Users/josefinadehan/tp_vision_avanzada/TPF_Vision_Avanzada/data/raw/pdbs/7k6n.pdb,True,False,False,False,False,False
13225,7k6m,PIK3CA,PIK,Atypical,Human,active,in,in,1,2.413,/Users/josefinadehan/tp_vision_avanzada/TPF_Vision_Avanzada/data/raw/pdbs/7k6m.pdb,True,False,False,False,False,False
13226,7k6n,PIK3CA,PIK,Atypical,Human,active,in,in,1,2.77,/Users/josefinadehan/tp_vision_avanzada/TPF_Vision_Avanzada/data/raw/pdbs/7k6n.pdb,True,False,False,False,False,False
13227,7k6m,PIK3CA,PIK,Atypical,Human,active,in,in,1,2.413,/Users/josefinadehan/tp_vision_avanzada/TPF_Vision_Avanzada/data/raw/pdbs/7k6m.pdb,True,False,False,False,False,False
13760,7jiu,PIK3CA,PIK,Atypical,Human,active,in,in,1,2.12,/Users/josefinadehan/tp_vision_avanzada/TPF_Vision_Avanzada/data/raw/pdbs/7jiu.pdb,True,False,False,False,False,False
13761,7jiu,PIK3CA,PIK,Atypical,Human,active,in,in,1,2.12,/Users/josefinadehan/tp_vision_avanzada/TPF_Vision_Avanzada/data/raw/pdbs/7jiu.pdb,True,False,False,False,False,False
14178,7r9v,PIK3CA,PIK,Atypical,Human,active,in,in,1,2.69,/Users/josefinadehan/tp_vision_avanzada/TPF_Vision_Avanzada/data/raw/pdbs/7r9v.pdb,True,False,False,False,False,False
14216,7mlk,PIK3CA,PIK,Atypical,Human,active,in,in,1,2.91,/Users/josefinadehan/tp_vision_avanzada/TPF_Vision_Avanzada/data/raw/pdbs/7mlk.pdb,True,False,False,False,False,False
14179,7r9y,PIK3CA,PIK,Atypical,Human,active,in,in,1,2.85,/Users/josefinadehan/tp_vision_avanzada/TPF_Vision_Avanzada/data/raw/pdbs/7r9y.pdb,True,False,False,False,False,False
14217,7mlk,PIK3CA,PIK,Atypical,Human,active,in,in,1,2.91,/Users/josefinadehan/tp_vision_avanzada/TPF_Vision_Avanzada/data/raw/pdbs/7mlk.pdb,True,False,False,False,False,False
14222,7tz7,PIK3CA,PIK,Atypical,Human,active,in,in,1,2.41,/Users/josefinadehan/tp_vision_avanzada/TPF_Vision_Avanzada/data/raw/pdbs/7tz7.pdb,True,False,False,False,False,False
14223,7tz7,PIK3CA,PIK,Atypical,Human,active,in,in,1,2.41,/Users/josefinadehan/tp_vision_avanzada/TPF_Vision_Avanzada/data/raw/pdbs/7tz7.pdb,True,False,False,False,False,False
14348,7pg6,PIK3CA,PIK,Atypical,Human,active,in,in,1,2.49944,/Users/josefinadehan/tp_vision_avanzada/TPF_Vision_Avanzada/data/raw/pdbs/7pg6.pdb,True,False,False,False,False,False
14349,7pg6,PIK3CA,PIK,Atypical,Human,active,in,in,1,2.49944,/Users/josefinadehan/tp_vision_avanzada/TPF_Vision_Avanzada/data/raw/pdbs/7pg6.pdb,True,False,False,False,False,False
14535,8gud,PIK3CA,PIK,Atypical,Human,active,in,in,1,2.62,/Users/josefinadehan/tp_vision_avanzada/TPF_Vision_Avanzada/data/raw/pdbs/8gud.pdb,True,False,False,False,False,False
14534,8exo,PIK3CA,PIK,Atypical,Human,active,in,in,1,2.46,/Users/josefinadehan/tp_vision_avanzada/TPF_Vision_Avanzada/data/raw/pdbs/8exo.pdb,True,False,False,False,False,False
14536,8exl,PIK3CA,PIK,Atypical,Human,active,in,in,1,1.989,/Users/josefinadehan/tp_vision_avanzada/TPF_Vision_Avanzada/data/raw/pdbs/8exl.pdb,True,False,False,False,False,False
14537,8exl,PIK3CA,PIK,Atypical,Human,active,in,in,1,1.989,/Users/josefinadehan/tp_vision_avanzada/TPF_Vision_Avanzada/data/raw/pdbs/8exl.pdb,True,False,False,False,False,False
14538,8exv,PIK3CA,PIK,Atypical,Human,active,in,in,1,2.48,/Users/josefinadehan/tp_vision_avanzada/TPF_Vision_Avanzada/data/raw/pdbs/8exv.pdb,True,False,False,False,False,False
14539,8exu,PIK3CA,PIK,Atypical,Human,active,in,in,1,2.68,/Users/josefinadehan/tp_vision_avanzada/TPF_Vision_Avanzada/data/raw/pdbs/8exu.pdb,True,False,False,False,False,False
14540,8gua,PIK3CA,PIK,Atypical,Human,active,in,in,1,2.77,/Users/josefinadehan/tp_vision_avanzada/TPF_Vision_Avanzada/data/raw/pdbs/8gua.pdb,True,False,False,False,False,False
14541,8exo,PIK3CA,PIK,Atypical,Human,active,in,in,1,2.46,/Users/josefinadehan/tp_vision_avanzada/TPF_Vision_Avanzada/data/raw/pdbs/8exo.pdb,True,False,False,False,False,False
14542,8exv,PIK3CA,PIK,Atypical,Human,active,in,in,1,2.48,/Users/josefinadehan/tp_vision_avanzada/TPF_Vision_Avanzada/data/raw/pdbs/8exv.pdb,True,False,False,False,False,False
14543,8gub,PIK3CA,PIK,Atypical,Human,active,in,in,1,2.73,/Users/josefinadehan/tp_vision_avanzada/TPF_Vision_Avanzada/data/raw/pdbs/8gub.pdb,True,False,False,False,False,False
14544,8exu,PIK3CA,PIK,Atypical,Human,active,in,in,1,2.68,/Users/josefinadehan/tp_vision_avanzada/TPF_Vision_Avanzada/data/raw/pdbs/8exu.pdb,True,False,False,False,False,False
14839,8sbj,PIK3CA,PIK,Atypical,Human,active,in,in,1,3.1,/Users/josefinadehan/tp_vision_avanzada/TPF_Vision_Avanzada/data/raw/pdbs/8sbj.pdb,True,False,False,False,False,False
14840,8sbj,PIK3CA,PIK,Atypical,Human,active,in,in,1,3.1,/Users/josefinadehan/tp_vision_avanzada/TPF_Vision_Avanzada/data/raw/pdbs/8sbj.pdb,True,False,False,False,False,False
14841,8sbc,PIK3CA,PIK,Atypical,Human,active,in,in,1,2.3,/Users/josefinadehan/tp_vision_avanzada/TPF_Vision_Avanzada/data/raw/pdbs/8sbc.pdb,True,False,False,False,False,False
14842,8sbc,PIK3CA,PIK,Atypical,Human,active,in,in,1,2.3,/Users/josefinadehan/tp_vision_avanzada/TPF_Vision_Avanzada/data/raw/pdbs/8sbc.pdb,True,False,False,False,False,False
14967,8tdu,PIK3CA,PIK,Atypical,Human,active,in,in,1,3.11,/Users/josefinadehan/tp_vision_avanzada/TPF_Vision_Avanzada/data/raw/pdbs/8tdu.pdb,True,False,False,False,False,False
14968,8ils,PIK3CA,PIK,Atypical,Human,active,in,in,1,3.1,/Users/josefinadehan/tp_vision_avanzada/TPF_Vision_Avanzada/data/raw/pdbs/8ils.pdb,True,False,False,False,False,False
14969,8tdu,PIK3CA,PIK,Atypical,Human,active,in,in,1,3.11,/Users/josefinadehan/tp_vision_avanzada/TPF_Vision_Avanzada/data/raw/pdbs/8tdu.pdb,True,False,False,False,False,False
14970,8tgd,PIK3CA,PIK,Atypical,Human,active,in,in,1,2.928,/Users/josefinadehan/tp_vision_avanzada/TPF_Vision_Avanzada/data/raw/pdbs/8tgd.pdb,True,False,False,False,False,False
14972,8tgd,PIK3CA,PIK,Atypical,Human,active,in,in,1,2.928,/Users/josefinadehan/tp_vision_avanzada/TPF_Vision_Avanzada/data/raw/pdbs/8tgd.pdb,True,False,False,False,False,False
14973,8ilr,PIK3CA,PIK,Atypical,Human,active,in,in,1,3.05,/Users/josefinadehan/tp_vision_avanzada/TPF_Vision_Avanzada/data/raw/pdbs/8ilr.pdb,True,False,False,False,False,False
14974,8ilv,PIK3CA,PIK,Atypical,Human,inactive,out-like,in,1,3.19,/Users/josefinadehan/tp_vision_avanzada/TPF_Vision_Avanzada/data/raw/pdbs/8ilv.pdb,False,False,False,False,True,False
15083,8am0,PIK3CA,PIK,Atypical,Human,active,in,in,1,2.818,/Users/josefinadehan/tp_vision_avanzada/TPF_Vision_Avanzada/data/raw/pdbs/8am0.pdb,True,False,False,False,False,False
15248,8v8i,PIK3CA,PIK,Atypical,Human,active,in,in,1,3.2,/Users/josefinadehan/tp_vision_avanzada/TPF_Vision_Avanzada/data/raw/pdbs/8v8i.pdb,True,False,False,False,False,False
15249,8v8h,PIK3CA,PIK,Atypical,Human,active,in,in,1,3.58,/Users/josefinadehan/tp_vision_avanzada/TPF_Vision_Avanzada/data/raw/pdbs/8v8h.pdb,True,False,False,False,False,False
15250,8v8u,PIK3CA,PIK,Atypical,Human,active,in,in,1,2.93,/Users/josefinadehan/tp_vision_avanzada/TPF_Vision_Avanzada/data/raw/pdbs/8v8u.pdb,True,False,False,False,False,False
15251,8v8j,PIK3CA,PIK,Atypical,Human,active,in,in,1,3.35,/Users/josefinadehan/tp_vision_avanzada/TPF_Vision_Avanzada/data/raw/pdbs/8v8j.pdb,True,False,False,False,False,False
15252,8v8v,PIK3CA,PIK,Atypical,Human,active,in,in,1,2.61,/Users/josefinadehan/tp_vision_avanzada/TPF_Vision_Avanzada/data/raw/pdbs/8v8v.pdb,True,False,False,False,False,False
15392,8twy,PIK3CA,PIK,Atypical,Human,active,in,in,1,2.67,/Users/josefinadehan/tp_vision_avanzada/TPF_Vision_Avanzada/data/raw/pdbs/8twy.pdb,True,False,False,False,False,False
9280,5sxe,PIK3CA,PIK,Atypical,Human,inactive,out-like,in,1,3.51,/Users/josefinadehan/tp_vision_avanzada/TPF_Vision_Avanzada/data/raw/pdbs/5sxe.pdb,False,False,False,False,True,False
9291,4ovu,PIK3CA,PIK,Atypical,Human,active,in,in,0,2.96,/Users/josefinadehan/tp_vision_avanzada/TPF_Vision_Avanzada/data/raw/pdbs/4ovu.pdb,True,False,False,False,False,False
15087,8tsa,PIK3CA,PIK,Atypical,Human,active,in,in,1,2.51,/Users/josefinadehan/tp_vision_avanzada/TPF_Vision_Avanzada/data/raw/pdbs/8tsa.pdb,True,False,False,False,False,False
15273,8w9b,PIK3CA,PIK,Atypical,Human,active,in,in,1,3.0,/Users/josefinadehan/tp_vision_avanzada/TPF_Vision_Avanzada/data/raw/pdbs/8w9b.pdb,True,False,False,False,False,False
15086,8ts8,PIK3CA,PIK,Atypical,Human,active,in,in,0,2.72,/Users/josefinadehan/tp_vision_avanzada/TPF_Vision_Avanzada/data/raw/pdbs/8ts8.pdb,True,False,False,False,False,False
14380,8dcp,PIK3CA,PIK,Atypical,Human,active,in,in,0,2.41,/Users/josefinadehan/tp_vision_avanzada/TPF_Vision_Avanzada/data/raw/pdbs/8dcp.pdb,True,False,False,False,False,False
15085,8tsb,PIK3CA,PIK,Atypical,Human,active,in,in,1,3.53,/Users/josefinadehan/tp_vision_avanzada/TPF_Vision_Avanzada/data/raw/pdbs/8tsb.pdb,True,False,False,False,False,False
13964,7myn,PIK3CA,PIK,Atypical,Human,inactive,out-like,in,0,2.79,/Users/josefinadehan/tp_vision_avanzada/TPF_Vision_Avanzada/data/raw/pdbs/7myn.pdb,False,False,False,False,True,False
15088,8ts7,PIK3CA,PIK,Atypical,Human,active,in,in,0,2.71,/Users/josefinadehan/tp_vision_avanzada/TPF_Vision_Avanzada/data/raw/pdbs/8ts7.pdb,True,False,False,False,False,False
14377,8dcx,PIK3CA,PIK,Atypical,Human,active,in,in,0,2.8,/Users/josefinadehan/tp_vision_avanzada/TPF_Vision_Avanzada/data/raw/pdbs/8dcx.pdb,True,False,False,False,False,False
13962,7myo,PIK3CA,PIK,Atypical,Human,active,in,na,0,2.92,/Users/josefinadehan/tp_vision_avanzada/TPF_Vision_Avanzada/data/raw/pdbs/7myo.pdb,False,False,False,False,False,True
14378,8dd4,PIK3CA,PIK,Atypical,Human,active,in,in,0,3.1,/Users/josefinadehan/tp_vision_avanzada/TPF_Vision_Avanzada/data/raw/pdbs/8dd4.pdb,True,False,False,False,False,False
9274,5sw8,PIK3CA,PIK,Atypical,Human,active,in,in,1,3.3,/Users/josefinadehan/tp_vision_avanzada/TPF_Vision_Avanzada/data/raw/pdbs/5sw8.pdb,True,False,False,False,False,False
9271,4ovu,PIK3CA,PIK,Atypical,Human,active,in,in,0,2.96,/Users/josefinadehan/tp_vision_avanzada/TPF_Vision_Avanzada/data/raw/pdbs/4ovu.pdb,True,False,False,False,False,False
14764,8ow2,PIK3CA,PIK,Atypical,Human,active,in,in,1,2.57,/Users/josefinadehan/tp_vision_avanzada/TPF_Vision_Avanzada/data/raw/pdbs/8ow2.pdb,True,False,False,False,False,False
9279,5swr,PIK3CA,PIK,Atypical,Human,active,in,in,1,3.31,/Users/josefinadehan/tp_vision_avanzada/TPF_Vision_Avanzada/data/raw/pdbs/5swr.pdb,True,False,False,False,False,False
9281,4tuu,PIK3CA,PIK,Atypical,Human,active,in,in,0,2.64,/Users/josefinadehan/tp_vision_avanzada/TPF_Vision_Avanzada/data/raw/pdbs/4tuu.pdb,True,False,False,False,False,False
9273,5swt,PIK3CA,PIK,Atypical,Human,active,in,in,1,3.49,/Users/josefinadehan/tp_vision_avanzada/TPF_Vision_Avanzada/data/raw/pdbs/5swt.pdb,True,False,False,False,False,False
11221,6nct,PIK3CA,PIK,Atypical,Human,inactive,out-like,in,0,3.35,/Users/josefinadehan/tp_vision_avanzada/TPF_Vision_Avanzada/data/raw/pdbs/6nct.pdb,False,False,False,False,True,False
15084,8tsc,PIK3CA,PIK,Atypical,Human,active,in,in,1,3.62,/Users/josefinadehan/tp_vision_avanzada/TPF_Vision_Avanzada/data/raw/pdbs/8tsc.pdb,True,False,False,False,False,False
14613,8bfu,PIK3CA,PIK,Atypical,Human,active,in,in,0,2.41,/Users/josefinadehan/tp_vision_avanzada/TPF_Vision_Avanzada/data/raw/pdbs/8bfu.pdb,True,False,False,False,False,False
14347,7pg5,PIK3CA,PIK,Atypical,Human,active,in,in,0,2.20029,/Users/josefinadehan/tp_vision_avanzada/TPF_Vision_Avanzada/data/raw/pdbs/7pg5.pdb,True,False,False,False,False,False
14971,8tu6,PIK3CA,PIK,Atypical,Human,active,in,in,0,3.12,/Users/josefinadehan/tp_vision_avanzada/TPF_Vision_Avanzada/data/raw/pdbs/8tu6.pdb,True,False,False,False,False,False
9306,5swg,PIK3CA,PIK,Atypical,Human,active,in,in,1,3.11,/Users/josefinadehan/tp_vision_avanzada/TPF_Vision_Avanzada/data/raw/pdbs/5swg.pdb,True,False,False,False,False,False
9307,4ovv,PIK3CA,PIK,Atypical,Human,active,in,in,1,3.5,/Users/josefinadehan/tp_vision_avanzada/TPF_Vision_Avanzada/data/raw/pdbs/4ovv.pdb,True,False,False,False,False,False
9297,5sxc,PIK3CA,PIK,Atypical,Human,active,in,in,1,3.55,/Users/josefinadehan/tp_vision_avanzada/TPF_Vision_Avanzada/data/raw/pdbs/5sxc.pdb,True,False,False,False,False,False
9305,5sx9,PIK3CA,PIK,Atypical,Human,active,in,in,1,3.52,/Users/josefinadehan/tp_vision_avanzada/TPF_Vision_Avanzada/data/raw/pdbs/5sx9.pdb,True,False,False,False,False,False
13965,7myo,PIK3CA,PIK,Atypical,Human,active,in,na,0,2.92,/Users/josefinadehan/tp_vision_avanzada/TPF_Vision_Avanzada/data/raw/pdbs/7myo.pdb,False,False,False,False,False,True
9285,5sxa,PIK3CA,PIK,Atypical,Human,active,in,in,1,3.35,/Users/josefinadehan/tp_vision_avanzada/TPF_Vision_Avanzada/data/raw/pdbs/5sxa.pdb,True,False,False,False,False,False
9284,5sxf,PIK3CA,PIK,Atypical,Human,active,in,in,1,3.46,/Users/josefinadehan/tp_vision_avanzada/TPF_Vision_Avanzada/data/raw/pdbs/5sxf.pdb,True,False,False,False,False,False
14346,7pg5,PIK3CA,PIK,Atypical,Human,active,in,in,0,2.20029,/Users/josefinadehan/tp_vision_avanzada/TPF_Vision_Avanzada/data/raw/pdbs/7pg5.pdb,True,False,False,False,False,False
9311,3hiz,PIK3CA,PIK,Atypical,Human,active,in,in,0,3.3,/Users/josefinadehan/tp_vision_avanzada/TPF_Vision_Avanzada/data/raw/pdbs/3hiz.pdb,True,False,False,False,False,False
14591,8bfv,PIK3CA,PIK,Atypical,Human,active,in,in,1,2.57,/Users/josefinadehan/tp_vision_avanzada/TPF_Vision_Avanzada/data/raw/pdbs/8bfv.pdb,True,False,False,False,False,False
13963,7myn,PIK3CA,PIK,Atypical,Human,active,in,in,0,2.79,/Users/josefinadehan/tp_vision_avanzada/TPF_Vision_Avanzada/data/raw/pdbs/7myn.pdb,True,False,False,False,False,False
9292,4l1b,PIK3CA,PIK,Atypical,Human,active,in,in,0,2.59,/Users/josefinadehan/tp_vision_avanzada/TPF_Vision_Avanzada/data/raw/pdbs/4l1b.pdb,True,False,False,False,False,False
14590,8bfv,PIK3CA,PIK,Atypical,Human,active,in,in,1,2.57,/Users/josefinadehan/tp_vision_avanzada/TPF_Vision_Avanzada/data/raw/pdbs/8bfv.pdb,True,False,False,False,False,False
14379,8dd4,PIK3CA,PIK,Atypical,Human,active,in,in,0,3.1,/Users/josefinadehan/tp_vision_avanzada/TPF_Vision_Avanzada/data/raw/pdbs/8dd4.pdb,True,False,False,False,False,False
15089,8ts9,PIK3CA,PIK,Atypical,Human,active,in,in,1,2.83,/Users/josefinadehan/tp_vision_avanzada/TPF_Vision_Avanzada/data/raw/pdbs/8ts9.pdb,True,False,False,False,False,False
15090,8tsd,PIK3CA,PIK,Atypical,Human,active,in,in,1,2.7,/Users/josefinadehan/tp_vision_avanzada/TPF_Vision_Avanzada/data/raw/pdbs/8tsd.pdb,True,False,False,False,False,False
14376,8dcp,PIK3CA,PIK,Atypical,Human,active,in,in,0,2.41,/Users/josefinadehan/tp_vision_avanzada/TPF_Vision_Avanzada/data/raw/pdbs/8dcp.pdb,True,False,False,False,False,False
14375,8dd8,PIK3CA,PIK,Atypical,Human,active,in,in,0,3.4,/Users/josefinadehan/tp_vision_avanzada/TPF_Vision_Avanzada/data/raw/pdbs/8dd8.pdb,True,False,False,False,False,False
9301,5sxj,PIK3CA,PIK,Atypical,Human,active,in,in,1,3.42,/Users/josefinadehan/tp_vision_avanzada/TPF_Vision_Avanzada/data/raw/pdbs/5sxj.pdb,True,False,False,False,False,False
9293,5swp,PIK3CA,PIK,Atypical,Human,active,in,in,1,3.41,/Users/josefinadehan/tp_vision_avanzada/TPF_Vision_Avanzada/data/raw/pdbs/5swp.pdb,True,False,False,False,False,False
9282,5sxb,PIK3CA,PIK,Atypical,Human,active,in,in,0,3.3,/Users/josefinadehan/tp_vision_avanzada/TPF_Vision_Avanzada/data/raw/pdbs/5sxb.pdb,True,False,False,False,False,False
14765,8ow2,PIK3CA,PIK,Atypical,Human,active,in,in,1,2.57,/Users/josefinadehan/tp_vision_avanzada/TPF_Vision_Avanzada/data/raw/pdbs/8ow2.pdb,True,False,False,False,False,False
9304,5sxd,PIK3CA,PIK,Atypical,Human,active,in,in,0,3.5,/Users/josefinadehan/tp_vision_avanzada/TPF_Vision_Avanzada/data/raw/pdbs/5sxd.pdb,True,False,False,False,False,False
9287,2rd0,PIK3CA,PIK,Atypical,Human,active,in,in,0,3.05,/Users/josefinadehan/tp_vision_avanzada/TPF_Vision_Avanzada/data/raw/pdbs/2rd0.pdb,True,False,False,False,False,False
9270,5sxi,PIK3CA,PIK,Atypical,Human,active,in,in,0,3.4,/Users/josefinadehan/tp_vision_avanzada/TPF_Vision_Avanzada/data/raw/pdbs/5sxi.pdb,True,False,False,False,False,False
9269,5sx8,PIK3CA,PIK,Atypical,Human,active,in,in,1,3.47,/Users/josefinadehan/tp_vision_avanzada/TPF_Vision_Avanzada/data/raw/pdbs/5sx8.pdb,True,False,False,False,False,False
9303,5swo,PIK3CA,PIK,Atypical,Human,active,in,in,1,3.5,/Users/josefinadehan/tp_vision_avanzada/TPF_Vision_Avanzada/data/raw/pdbs/5swo.pdb,True,False,False,False,False,False
15274,8w9a,PIK3CA,PIK,Atypical,Human,active,in,in,1,2.7,/Users/josefinadehan/tp_vision_avanzada/TPF_Vision_Avanzada/data/raw/pdbs/8w9a.pdb,True,False,False,False,False,False
9296,5sxk,PIK3CA,PIK,Atypical,Human,active,in,in,0,3.55,/Users/josefinadehan/tp_vision_avanzada/TPF_Vision_Avanzada/data/raw/pdbs/5sxk.pdb,True,False,False,False,False,False
