split,pdb_id,kinase,state,label,dfg_state,alphac_state,motif_descriptor,ligand_present,resolution,residues,dfg_found,alphac_glu_found,x,y,representation,method
train,5ug8,EGFR,inactive,0,out,out,inactive,1,0.0,280,True,True,-3.7412098470931463,4.385738401352818,ca_coordinates,PCA
train,6xr7,ABL1,inactive,0,out-like,in,dfg_out_alphac_in,0,0.0,287,True,True,1.5972529547059617,-5.579936184812487,ca_coordinates,PCA
train,6xrg,ABL1,inactive,0,out,in,dfg_out_alphac_in,0,0.0,287,True,True,5.00799552774296,4.6970036006497615,ca_coordinates,PCA
train,6xr6,ABL1,active,1,in,in,active,0,0.0,287,True,True,3.138735669107207,-4.516254479896697,ca_coordinates,PCA
train,6uan,BRAF,inactive,0,in,out,dfg_in_alphac_out,0,0.0,284,True,True,5.987228214218643,4.797961749983731,ca_coordinates,PCA
train,6q0k,BRAF,active,1,in,in,active,0,0.0,280,True,True,1.0042398636915948,7.322132649112031,ca_coordinates,PCA
train,6q0t,BRAF,active,1,in,in,active,0,0.0,279,True,True,1.0133578836424644,7.321619394095638,ca_coordinates,PCA
train,6q0j,BRAF,active,1,in,in,active,0,0.0,280,True,True,1.007734878275351,7.324172303289502,ca_coordinates,PCA
train,5ug9,EGFR,inactive,0,out,out,inactive,1,0.0,280,True,True,-3.76804043889869,4.296148223879828,ca_coordinates,PCA
train,6nyb,BRAF,inactive,0,in,out,dfg_in_alphac_out,1,0.0,348,True,True,7.7480879184033835,-1.028898057640728,ca_coordinates,PCA
train,8a27,EGFR,inactive,0,in,out,dfg_in_alphac_out,1,1.07,269,True,True,-3.4390294314783554,5.848542206015231,ca_coordinates,PCA
train,8a2d,EGFR,inactive,0,in,out,dfg_in_alphac_out,1,1.11,281,True,True,-3.134824082018994,6.121326530760003,ca_coordinates,PCA
train,5hg8,EGFR,inactive,0,out,out,inactive,1,1.42,300,True,True,-1.2094371458332283,7.68374501293348,ca_coordinates,PCA
train,8a2a,EGFR,inactive,0,in,out,dfg_in_alphac_out,1,1.43,306,True,True,-2.005117286931746,7.533175622770601,ca_coordinates,PCA
train,4gv1,AKT1,active,1,in,in,active,1,1.49,329,True,True,-2.1359711427358077,-6.044727514088853,ca_coordinates,PCA
train,6tfv,EGFR,inactive,0,in,out,dfg_in_alphac_out,1,1.5,268,True,True,-7.5986577051527435,-7.841925215921864,ca_coordinates,PCA
train,6tg0,EGFR,inactive,0,in,out,dfg_in_alphac_out,1,1.5,267,True,True,-7.781526878653272,-7.315607275948576,ca_coordinates,PCA
train,3poz,EGFR,inactive,0,in,out,dfg_in_alphac_out,1,1.5,293,True,True,3.4962719040379984,4.205645822884797,ca_coordinates,PCA
train,5hg5,EGFR,inactive,0,out,out,inactive,1,1.52,302,True,True,-1.1772045520311014,7.693708969874746,ca_coordinates,PCA
train,5hu9,ABL1,inactive,0,out,in,dfg_out_alphac_in,1,1.53,267,True,True,-2.1441255270223123,6.803019830164621,ca_coordinates,PCA
train,4z55,ALK,active,1,in,in,active,1,1.55,294,True,True,0.823975798521731,7.253860947109536,ca_coordinates,PCA
train,5cno,EGFR,inactive,0,in,out,dfg_in_alphac_out,1,1.55,300,True,True,-3.1139150048493764,5.8271224686648955,ca_coordinates,PCA
train,5ugc,EGFR,inactive,0,out,out,inactive,1,1.58,280,True,True,-4.014294531360901,3.061903262815346,ca_coordinates,PCA
train,6tg1,EGFR,inactive,0,in,out,dfg_in_alphac_out,1,1.6,268,True,True,-7.824704456401451,-7.01794050290161,ca_coordinates,PCA
train,7si1,EGFR,active,1,in,in,active,0,1.6,280,True,True,10.078653118203823,-1.6710020945053006,ca_coordinates,PCA
train,5u8l,EGFR,inactive,0,out,out,inactive,1,1.6,289,True,True,-1.1226569550437013,7.66698744525521,ca_coordinates,PCA
train,5a9u,ALK,active,1,in,in,active,1,1.6,292,True,True,0.4972457052955213,7.3132922601045305,ca_coordinates,PCA
train,5ew8,FGFR1,active,1,in,in,active,1,1.63,290,True,True,-3.1937126896733763,6.004119130591893,ca_coordinates,PCA
train,8arj,ALK,active,1,in,in,active,1,1.645,275,True,True,4.459491058659189,4.937672857956099,ca_coordinates,PCA
train,4wun,FGFR1,active,1,in,in,active,1,1.65,282,True,True,-6.107048793948502,-6.269779197927479,ca_coordinates,PCA
train,8c7x,BRAF,inactive,0,out,out,inactive,1,1.65,274,True,True,-1.430137710828963,7.501933001214261,ca_coordinates,PCA
train,8c7y,BRAF,inactive,0,out,in,dfg_out_alphac_in,1,1.65,275,True,True,-1.4169222789080655,7.502630607491235,ca_coordinates,PCA
train,4clj,ALK,active,1,in,in,active,1,1.66,295,True,True,0.9868877719571924,6.850183934131595,ca_coordinates,PCA
train,8u8x,ERBB2,inactive,0,out-like,out,inactive,1,1.69,308,True,True,8.4414699727017,-0.3779704394502718,ca_coordinates,PCA
train,8a2b,EGFR,inactive,0,in,out,dfg_in_alphac_out,1,1.69,272,True,True,-7.616841867559062,-7.2888142279064825,ca_coordinates,PCA
train,5aac,ALK,active,1,in,in,active,1,1.7,292,True,True,0.2636645989182517,7.366219334849531,ca_coordinates,PCA
train,4fnx,ALK,active,1,in,in,active,0,1.7,292,True,True,-3.346468763613745,5.022975437789419,ca_coordinates,PCA
train,2hzi,ABL1,inactive,0,out-like,in,dfg_out_alphac_in,1,1.7,264,True,True,1.3927196100279906,-5.3924458249585365,ca_coordinates,PCA
train,3w33,EGFR,inactive,0,in,out,dfg_in_alphac_out,1,1.7,297,True,True,-2.570202091132846,6.026886072883917,ca_coordinates,PCA
train,4foc,ALK,active,1,in,in,active,1,1.7,296,True,True,0.3802515396834793,7.046748865027692,ca_coordinates,PCA
train,5ftq,ALK,active,1,in,in,active,1,1.7,293,True,True,-0.16555552832744339,7.132821112303689,ca_coordinates,PCA
train,6tfy,EGFR,inactive,0,in,out,dfg_in_alphac_out,1,1.7,264,True,True,-7.534917541300339,-7.917457207396088,ca_coordinates,PCA
train,4anl,ALK,active,1,in,in,active,0,1.7,292,True,True,0.2802907421867587,7.3159262973603845,ca_coordinates,PCA
train,2yfx,ALK,active,1,in,in,active,1,1.7,292,True,True,0.6373545875502109,7.182977391047661,ca_coordinates,PCA
train,4i22,EGFR,inactive,0,in,out,dfg_in_alphac_out,1,1.71,297,True,True,-3.2391953170393033,5.4501541554189785,ca_coordinates,PCA
train,7ozb,FGFR1,active,1,in,in,active,1,1.71,288,True,True,-2.1718351230212183,6.910571236000838,ca_coordinates,PCA
train,4cmt,ALK,active,1,in,in,active,1,1.73,284,True,True,-1.886878875763887,6.663406401176292,ca_coordinates,PCA
train,5aaa,ALK,active,1,in,in,active,1,1.73,294,True,True,1.3431068483191466,6.704600065638465,ca_coordinates,PCA
train,3aox,ALK,active,1,in,in,active,1,1.75,298,True,True,-0.6304749297107604,7.296681800826212,ca_coordinates,PCA
train,4fnw,ALK,active,1,in,in,active,0,1.75,304,True,True,4.380723111258697,4.980682360155034,ca_coordinates,PCA
train,4anq,ALK,active,1,in,in,active,1,1.76,293,True,True,0.7011176760901718,7.1823265067754445,ca_coordinates,PCA
train,6wxn,EGFR,inactive,0,in,out,dfg_in_alphac_out,0,1.76,298,True,True,-3.393197817269666,5.964581126474237,ca_coordinates,PCA
train,7pcd,ERBB2,active,1,in,in,active,1,1.77,272,True,True,-0.8549794915928056,7.526172138314939,ca_coordinates,PCA
train,6v66,EGFR,inactive,0,in,out,dfg_in_alphac_out,1,1.79,314,True,True,-0.939203724680618,8.095756023557701,ca_coordinates,PCA
train,4ctb,ALK,active,1,in,in,active,1,1.79,292,True,True,0.2264100388118964,7.3650607031774555,ca_coordinates,PCA
train,4i24,EGFR,inactive,0,in,out,dfg_in_alphac_out,1,1.8,304,True,True,-2.8093650684419726,6.7079943697199695,ca_coordinates,PCA
train,3l9p,ALK,active,1,in,in,active,0,1.8,303,True,True,6.957848588389973,-0.8204929127297502,ca_coordinates,PCA
train,4cmu,ALK,active,1,in,in,active,1,1.8,294,True,True,1.2866701577453519,6.765746920683952,ca_coordinates,PCA
train,6cdt,ALK,active,1,in,in,active,0,1.8,292,True,True,0.356690891763022,7.286886180742878,ca_coordinates,PCA
train,6tfz,EGFR,inactive,0,in,out,dfg_in_alphac_out,1,1.8,264,True,True,-7.59364614511366,-7.868295994301741,ca_coordinates,PCA
train,2g1t,ABL1,inactive,0,in,out,dfg_in_alphac_out,0,1.8,277,True,True,6.396312372962988,-1.614035341098025,ca_coordinates,PCA
train,5gnk,EGFR,active,1,in,in,active,1,1.8,277,True,True,-2.9016770268578997,6.351213973698041,ca_coordinates,PCA
train,3w32,EGFR,inactive,0,in,out,dfg_in_alphac_out,1,1.8,317,True,True,7.093646275068292,-1.3147547986978894,ca_coordinates,PCA
train,5uga,EGFR,inactive,0,out,out,inactive,1,1.82,283,True,True,-1.449458878262444,7.675327406220593,ca_coordinates,PCA
train,7ozd,FGFR1,active,1,in,in,active,1,1.82,282,True,True,-3.168663552515131,5.440324309152905,ca_coordinates,PCA
train,3qrj,ABL1,inactive,0,out,in,dfg_out_alphac_in,1,1.82,258,True,True,-4.272706982572332,2.4291104281298996,ca_coordinates,PCA
train,7ozf,FGFR1,active,1,in,in,active,1,1.82,288,True,True,-2.545132232819466,6.196525604045725,ca_coordinates,PCA
train,4cmo,ALK,active,1,in,in,active,1,1.83,295,True,True,1.045288981179405,6.860323126321858,ca_coordinates,PCA
train,7jxq,EGFR,inactive,0,in,out,dfg_in_alphac_out,1,1.83,296,True,True,-2.961867581554316,6.522608195218653,ca_coordinates,PCA
train,7r7k,ALK,active,1,in,in,active,1,1.831,290,True,True,0.3250125683272849,7.315031005025355,ca_coordinates,PCA
train,5x2a,EGFR,inactive,0,in,out,dfg_in_alphac_out,1,1.85,322,True,True,-1.3185508056801023,8.08336717056218,ca_coordinates,PCA
train,4ans,ALK,active,1,in,in,active,1,1.85,293,True,True,0.5665038953839077,7.228690144967864,ca_coordinates,PCA
train,3pyy,ABL1,inactive,0,out,in,dfg_out_alphac_in,1,1.85,257,True,True,-3.3740916386851203,3.6147140681140435,ca_coordinates,PCA
train,5hg7,EGFR,inactive,0,out,out,inactive,1,1.85,280,True,True,8.771587260805129,1.5927891238111354,ca_coordinates,PCA
train,4wkq,EGFR,active,1,in,in,active,1,1.85,296,True,True,-4.228881932308495,0.6673973696128762,ca_coordinates,PCA
train,6npv,ABL1,inactive,0,out,in,dfg_out_alphac_in,1,1.86,264,True,True,-3.8545552482885985,4.489023897011118,ca_coordinates,PCA
train,5aa8,ALK,active,1,in,in,active,1,1.86,292,True,True,0.4173726821672653,7.342144917150204,ca_coordinates,PCA
train,7btt,ALK,active,1,in,in,active,1,1.86,304,True,True,6.494016774614308,-1.5656874352758023,ca_coordinates,PCA
train,5iui,ALK,active,1,in,in,active,1,1.88,303,True,True,1.2996348298274634,6.723436968854685,ca_coordinates,PCA
train,5cnn,EGFR,inactive,0,in,out,dfg_in_alphac_out,1,1.9,300,True,True,-3.0870821007130265,6.033565821974681,ca_coordinates,PCA
train,1blx,CDK6,inactive,0,in,out,dfg_in_alphac_out,0,1.9,305,True,True,4.648490197411805,3.7265278036796174,ca_coordinates,PCA
train,7a2a,EGFR,inactive,0,in,out,dfg_in_alphac_out,1,1.9,266,True,True,-7.587586401826172,-7.855533287142404,ca_coordinates,PCA
train,3w2s,EGFR,inactive,0,in,out,dfg_in_alphac_out,1,1.9,307,True,True,-2.4743334829223556,6.864193980978771,ca_coordinates,PCA
train,6p8q,EGFR,inactive,0,in,out,dfg_in_alphac_out,1,1.9,309,True,True,-2.7794139533260003,6.733028589642855,ca_coordinates,PCA
train,2xp2,ALK,active,1,in,in,active,1,1.9,285,True,True,3.638775577005539,4.809684108464427,ca_coordinates,PCA
train,7nh5,AKT1,inactive,0,out,na,unknown,1,1.9,383,True,True,-5.430959586593218,-5.431531518244349,ca_coordinates,PCA
train,8uw9,AKT1,inactive,0,out,na,unknown,1,1.9,388,True,True,-2.5338361403870664,4.5885072243808,ca_coordinates,PCA
train,4wrg,EGFR,active,1,in,in,active,0,1.9,289,True,True,-4.062860397108522,0.9574896411376004,ca_coordinates,PCA
train,2yjs,ALK,active,1,in,in,active,0,1.9,286,True,True,-1.6262528179465014,6.878538340051208,ca_coordinates,PCA
train,3qkl,AKT1,active,1,in,in,active,1,1.9,317,True,True,-1.902123711994782,1.3289975733367057,ca_coordinates,PCA
train,2yjr,ALK,active,1,in,in,active,0,1.9,278,True,True,4.334516597349466,4.818163002147715,ca_coordinates,PCA
train,4cnh,ALK,active,1,in,in,active,1,1.9,285,True,True,-1.1918444037770712,6.856697313411999,ca_coordinates,PCA
train,4fob,ALK,active,1,in,in,active,1,1.9,295,True,True,-0.6915009515842466,7.632542442491078,ca_coordinates,PCA
train,2yhv,ALK,active,1,in,in,active,0,1.9,291,True,True,-0.1434174410859392,7.402878181409456,ca_coordinates,PCA
train,5o49,FGFR1,active,1,in,in,active,1,1.91,286,True,True,-2.7174562294467943,6.600892976309645,ca_coordinates,PCA
train,2f4j,ABL1,active,1,in,in,active,1,1.91,287,True,True,-0.4923147648317723,-6.869024874945626,ca_coordinates,PCA
train,9bfb,BRAF,inactive,0,in,out,dfg_in_alphac_out,1,1.92,272,True,True,-0.4808173537220143,7.4347423885828965,ca_coordinates,PCA
train,5iug,ALK,inactive,0,out,in,dfg_out_alphac_in,1,1.93,285,True,True,-2.8491995845588463,5.297916411925749,ca_coordinates,PCA
train,7k0v,BRAF,inactive,0,out,in,dfg_out_alphac_in,1,1.93,262,True,True,-2.675575062017285,6.080647424346258,ca_coordinates,PCA
train,5aa9,ALK,active,1,in,in,active,1,1.93,295,True,True,1.4549328121186722,6.679131889152426,ca_coordinates,PCA
train,7r7r,ALK,active,1,in,in,active,1,1.935,291,True,True,0.07026200890938794,7.299176878673486,ca_coordinates,PCA
train,5yu9,EGFR,inactive,0,in,out,dfg_in_alphac_out,1,1.95,300,True,True,-3.178442472925777,6.30192509629603,ca_coordinates,PCA
train,3lcs,ALK,active,1,in,in,active,1,1.95,304,True,True,6.610061183667565,-1.665851069815207,ca_coordinates,PCA
train,5ita,BRAF,inactive,0,in,out,dfg_in_alphac_out,1,1.95,252,False,True,-3.0769836836876205,-3.2357106914878333,ca_coordinates,PCA
train,2xba,ALK,active,1,in,in,active,1,1.95,283,True,True,-1.6362114147535016,6.712796726253387,ca_coordinates,PCA
train,5am6,FGFR1,active,1,in,in,active,1,1.96,280,True,True,-6.568581144424816,-7.489571206414613,ca_coordinates,PCA
train,5am7,FGFR1,active,1,in,in,active,1,1.96,287,True,True,-2.7914650504733096,6.248575899311972,ca_coordinates,PCA
train,4uwc,FGFR1,active,1,in,in,active,1,1.96,301,True,True,-0.8667385895293971,6.69390744613373,ca_coordinates,PCA
train,6mx8,ALK,active,1,in,in,active,1,1.96,282,True,True,3.2800539970742313,4.396484989318211,ca_coordinates,PCA
train,5j7h,ALK,active,1,in,in,active,1,1.96,291,True,True,-0.8701414058614397,7.042024774844621,ca_coordinates,PCA
train,4zse,EGFR,inactive,0,in,out,dfg_in_alphac_out,1,1.97,297,True,True,-2.74233212944329,6.48970174747449,ca_coordinates,PCA
train,8uw7,AKT1,inactive,0,out,out,inactive,1,1.972,397,True,True,-5.0420105557036505,-5.219049420303916,ca_coordinates,PCA
train,6oqo,CDK6,inactive,0,in,out,dfg_in_alphac_out,1,1.977,269,True,True,4.0931053799934185,4.85107734722185,ca_coordinates,PCA
train,8sc7,EGFR,active,1,in,in,active,1,1.984,320,True,True,-3.9370150896931992,1.8505018363780443,ca_coordinates,PCA
train,8jmz,FGFR1,active,1,in,in,active,1,1.988,306,True,True,-1.356147720467491,6.379615345456721,ca_coordinates,PCA
train,6itj,FGFR1,active,1,in,in,active,1,1.99,293,True,True,-1.7953749203626221,6.392335483076554,ca_coordinates,PCA
train,2g2h,ABL1,inactive,0,out-like,in,dfg_out_alphac_in,1,2.0,272,True,True,-0.4871176837588055,-6.816407657766744,ca_coordinates,PCA
train,4fod,ALK,active,1,in,in,active,1,2.0,308,True,True,0.634808624740654,7.003724986009693,ca_coordinates,PCA
train,1fgk,FGFR1,active,1,in,in,active,0,2.0,278,True,True,-3.2778520540713774,6.7077239305942085,ca_coordinates,PCA
train,7a6k,EGFR,inactive,0,in,out,dfg_in_alphac_out,1,2.0,266,True,True,-7.628660683846499,-7.777758047583458,ca_coordinates,PCA
train,6tfw,EGFR,inactive,0,in,out,dfg_in_alphac_out,1,2.0,266,True,True,-3.476879075107973,5.544470058501881,ca_coordinates,PCA
train,6tfu,EGFR,inactive,0,in,out,dfg_in_alphac_out,1,2.0,260,True,True,-6.931145063136571,-7.9237366241065015,ca_coordinates,PCA
train,7jyt,ALK,active,1,in,in,active,1,2.0,281,True,True,-2.348968651593492,6.396135126163274,ca_coordinates,PCA
train,4zsa,FGFR1,active,1,in,in,active,1,2.0,282,True,True,-3.2981400656703985,5.153815211091294,ca_coordinates,PCA
train,6mzq,FGFR1,active,1,in,in,active,1,2.0,260,True,True,-6.4184871291210355,-7.923802003960333,ca_coordinates,PCA
train,6z4d,EGFR,inactive,0,in,out,dfg_in_alphac_out,1,2.0,269,True,True,-3.0591659094439656,6.307922315190403,ca_coordinates,PCA
train,3cqw,AKT1,active,1,in,in,active,1,2.0,318,True,True,-1.8267619718789223,1.6313013024862781,ca_coordinates,PCA
train,6c1b,FGFR1,active,1,in,in,active,1,2.0,265,True,True,-6.739877968423906,-7.641898608389578,ca_coordinates,PCA
train,4ekl,AKT1,active,1,in,in,active,1,2.0,329,True,True,-1.911980721304053,1.3275314142172725,ca_coordinates,PCA
train,7a6j,EGFR,inactive,0,in,out,dfg_in_alphac_out,1,2.0,270,True,True,-3.181228857422756,6.219869521969875,ca_coordinates,PCA
train,2rgp,EGFR,inactive,0,in,out,dfg_in_alphac_out,1,2.0,284,True,True,3.507783555687647,4.276293796761378,ca_coordinates,PCA
train,6xfp,BRAF,inactive,0,out,in,dfg_out_alphac_in,1,2.0,272,True,True,-1.6954848034436303,7.369206463065238,ca_coordinates,PCA
train,4xv9,BRAF,inactive,0,out,out,inactive,1,2.0,261,True,True,-2.3315298917539398,6.0196350654002675,ca_coordinates,PCA
train,4ccu,ALK,active,1,in,in,active,1,2.0,292,True,True,0.5511642186726662,7.278410440404652,ca_coordinates,PCA
train,7w7x,ABL1,inactive,0,out-like,in,dfg_out_alphac_in,1,2.00001,266,True,True,-0.11275184191034311,-6.281192722341747,ca_coordinates,PCA
train,4mkc,ALK,active,1,in,in,active,1,2.01,303,True,True,7.14065333796473,-1.0433044524727562,ca_coordinates,PCA
train,5o4a,FGFR1,active,1,in,in,active,1,2.01,291,True,True,-2.060775043433031,6.597551069328042,ca_coordinates,PCA
train,3rhx,FGFR1,active,1,in,in,active,1,2.01,275,True,True,-3.331953890682742,5.266331744222222,ca_coordinates,PCA
train,3mvh,AKT1,active,1,in,in,active,1,2.01,311,True,True,-1.937379001355028,1.5108654986108978,ca_coordinates,PCA
train,4ccb,ALK,active,1,in,in,active,1,2.03,287,True,True,4.457016717347942,5.096831063394937,ca_coordinates,PCA
train,4ctc,ALK,active,1,in,in,active,1,2.03,288,True,True,4.724631956385355,4.904356744424831,ca_coordinates,PCA
train,4dce,ALK,active,1,in,in,active,1,2.03,288,True,True,3.2626375663666694,4.442572908767819,ca_coordinates,PCA
train,6n0q,BRAF,inactive,0,out,in,dfg_out_alphac_in,1,2.04,257,True,True,2.4450627109412046,3.7807942468746885,ca_coordinates,PCA
train,6lud,EGFR,active,1,in,in,active,1,2.05,310,True,True,-4.363715667462873,0.7495163716625857,ca_coordinates,PCA
train,4f64,FGFR1,active,1,in,in,active,1,2.05,278,True,True,-3.378151720414983,6.54089066885769,ca_coordinates,PCA
train,5x2c,EGFR,inactive,0,in,out,dfg_in_alphac_out,1,2.05,304,True,True,-2.754723092109787,6.735653327009604,ca_coordinates,PCA
train,3w2r,EGFR,inactive,0,in,out,dfg_in_alphac_out,1,2.05,297,True,True,-7.343460171694338,-7.2101175180318355,ca_coordinates,PCA
train,3w2p,EGFR,active,1,in,in,active,1,2.05,308,True,True,-3.9887070251928964,3.074151254515957,ca_coordinates,PCA
train,7apj,AKT1,inactive,0,out,na,unknown,0,2.05,385,False,True,0.1578424522350862,-3.34954642170352,ca_coordinates,PCA
train,4cli,ALK,active,1,in,in,active,1,2.05,294,True,True,1.3081840314620863,6.755217141911943,ca_coordinates,PCA
train,6xl4,EGFR,inactive,0,in,out,dfg_in_alphac_out,1,2.06,293,True,True,-3.243461499972999,6.195301433344864,ca_coordinates,PCA
train,3c4f,FGFR1,active,1,in,in,active,1,2.07,290,True,True,-3.296840986004424,5.921242697134028,ca_coordinates,PCA
train,5a4c,FGFR1,active,1,in,in,active,1,2.09,286,True,True,-2.9645817715154843,6.5073250232001705,ca_coordinates,PCA
train,8fv3,EGFR,inactive,0,in,out,dfg_in_alphac_out,1,2.1,299,True,True,-2.870923476371492,6.311303573634702,ca_coordinates,PCA
train,5vam,BRAF,inactive,0,out,in,dfg_out_alphac_in,1,2.1,269,True,True,-1.7437036553635021,7.294146379689684,ca_coordinates,PCA
train,7zyq,EGFR,inactive,0,in,out,dfg_in_alphac_out,1,2.1,270,True,True,-2.9727456024805674,6.396940382931951,ca_coordinates,PCA
train,3qri,ABL1,inactive,0,out,in,dfg_out_alphac_in,1,2.1,262,True,True,-4.2255977688006086,2.7629621542035165,ca_coordinates,PCA
train,6v6o,EGFR,inactive,0,in,out,dfg_in_alphac_out,1,2.1,297,True,True,-2.8101774422681856,6.575891051569403,ca_coordinates,PCA
train,2hz0,ABL1,inactive,0,out,in,dfg_out_alphac_in,1,2.1,243,True,True,-7.058112292802701,-7.859073377415772,ca_coordinates,PCA
train,5cas,EGFR,active,1,in,in,active,1,2.1,299,True,True,-6.704580674478175,-8.658810595562342,ca_coordinates,PCA
train,5iuh,ALK,inactive,0,out,in,dfg_out_alphac_in,1,2.1,285,True,True,-2.720773634569828,5.537733781765366,ca_coordinates,PCA
train,3lct,ALK,active,1,in,in,active,1,2.1,308,True,True,7.121231596198703,-1.141151278380271,ca_coordinates,PCA
train,4tt7,ALK,active,1,in,in,active,1,2.1,291,True,True,5.759652774335483,5.3221033195908545,ca_coordinates,PCA
train,8uvy,AKT1,inactive,0,out,na,unknown,1,2.11,396,True,True,-2.386589940184161,4.669869642565443,ca_coordinates,PCA
train,6p3d,BRAF,inactive,0,out,in,dfg_out_alphac_in,1,2.11,264,True,True,3.0168223746496885,3.7740423193836534,ca_coordinates,PCA
train,4v04,FGFR1,active,1,in,in,active,0,2.12,292,True,True,-1.0762573774492652,6.130002699009676,ca_coordinates,PCA
train,6c19,FGFR1,active,1,in,in,active,1,2.12,276,True,True,-2.7783032033512396,5.422010516643462,ca_coordinates,PCA
train,6npz,AKT1,active,1,in,in,active,0,2.12,320,True,True,-1.64135538245966,1.4643891668532907,ca_coordinates,PCA
train,5imx,ALK,active,1,in,in,active,1,2.12,266,True,True,1.9098247551771583,6.005227576024818,ca_coordinates,PCA
train,5hg9,EGFR,inactive,0,out,out,inactive,1,2.15,280,True,True,-2.607188344080037,6.718414197660563,ca_coordinates,PCA
train,6npe,ABL1,inactive,0,out,in,dfg_out_alphac_in,1,2.15,256,True,True,-3.1966485590162086,3.7748804305673107,ca_coordinates,PCA
train,6c1c,FGFR1,active,1,in,in,active,1,2.15,276,True,True,-6.386811272507746,-6.722491078120532,ca_coordinates,PCA
train,5b7v,FGFR1,active,1,in,in,active,1,2.15,282,True,True,-3.197437534924749,5.633866536950985,ca_coordinates,PCA
train,3wj6,FGFR1,active,1,in,in,active,1,2.15,277,True,True,-3.429763478372484,5.4834528540862495,ca_coordinates,PCA
train,7jxp,EGFR,inactive,0,in,out,dfg_in_alphac_out,1,2.16,308,True,True,8.217566080052789,0.6449964358459436,ca_coordinates,PCA
train,5mo4,ABL1,inactive,0,out,in,dfg_out_alphac_in,1,2.17,429,False,True,-2.242590255597091,-2.9055271216680962,ca_coordinates,PCA
train,8d73,EGFR,active,1,in,in,active,1,2.17,309,True,True,-3.8492399292013286,2.932988510016066,ca_coordinates,PCA
train,6ccy,AKT1,active,1,in,in,active,1,2.18,325,True,True,-1.7653959790245437,1.1856537801155593,ca_coordinates,PCA
train,5jsm,BRAF,inactive,0,in,out,dfg_in_alphac_out,0,2.19,265,True,True,-1.4813272101363462,7.297321713153265,ca_coordinates,PCA
train,4nka,FGFR1,active,1,in,in,active,1,2.19,287,False,True,-1.3294766637946518,-4.409569579809027,ca_coordinates,PCA
train,4rwl,FGFR1,active,1,in,in,active,1,2.19,282,True,True,-3.3504402514391805,5.608755262300244,ca_coordinates,PCA
train,4ejn,AKT1,inactive,0,out,na,unknown,1,2.19,376,True,True,-5.559270581461105,-5.169533337874577,ca_coordinates,PCA
train,7jxm,EGFR,inactive,0,in,out,dfg_in_alphac_out,1,2.192,287,True,True,-7.471505812880254,-7.983884623296981,ca_coordinates,PCA
train,6v6k,EGFR,inactive,0,in,out,dfg_in_alphac_out,1,2.2,301,True,True,-3.139209483757172,6.273413487612628,ca_coordinates,PCA
train,5vnd,FGFR1,active,1,in,in,active,1,2.2,302,True,True,-0.8794827379954665,6.22702447150701,ca_coordinates,PCA
train,2e2b,ABL1,inactive,0,out,in,dfg_out_alphac_in,1,2.2,270,True,True,-4.0944673598696495,3.6356917866368006,ca_coordinates,PCA
train,2hiw,ABL1,inactive,0,out,in,dfg_out_alphac_in,1,2.2,274,True,True,-3.0135116963650455,6.489406693488241,ca_coordinates,PCA
train,6jrx,EGFR,active,1,in,in,active,1,2.2,300,True,True,-3.7705406078107395,5.009500221985731,ca_coordinates,PCA
train,7t4j,EGFR,active,1,in,in,active,1,2.2,279,True,True,-2.6429735095170797,-7.613491459178548,ca_coordinates,PCA
train,6mzw,FGFR1,active,1,in,in,active,1,2.2,258,False,True,-2.6214453888350935,-4.482805004325206,ca_coordinates,PCA
train,8uw2,AKT1,inactive,0,out,na,unknown,1,2.2,392,True,True,-2.6888189403485105,4.254612824976941,ca_coordinates,PCA
train,3w2q,EGFR,active,1,in,in,active,1,2.2,307,True,True,-3.907499152474956,3.4796438792969857,ca_coordinates,PCA
train,5x2f,EGFR,inactive,0,in,out,dfg_in_alphac_out,1,2.2,312,True,True,8.746494422778811,2.1567407681779116,ca_coordinates,PCA
train,5aab,ALK,active,1,in,in,active,1,2.2,293,True,True,6.398637992228039,4.6360891184296165,ca_coordinates,PCA
train,5ur1,FGFR1,active,1,in,in,active,1,2.2,278,True,True,-6.4195896677627164,-6.826959631270286,ca_coordinates,PCA
train,4wa9,ABL1,inactive,0,out-like,in,dfg_out_alphac_in,1,2.2,276,True,True,-1.3287485814719027,7.9290234645674005,ca_coordinates,PCA
train,6duk,EGFR,inactive,0,in,out,dfg_in_alphac_out,1,2.2,296,True,True,-2.7772210048329544,6.7406002218746695,ca_coordinates,PCA
train,3cqu,AKT1,active,1,in,in,active,1,2.2,318,True,True,-2.199382493750969,-6.352323813776182,ca_coordinates,PCA
train,8fv4,EGFR,inactive,0,in,out,dfg_in_alphac_out,1,2.2,298,True,True,-3.2133286211239636,5.9560783363419745,ca_coordinates,PCA
train,7n9g,ABL1,inactive,0,out-like,in,dfg_out_alphac_in,1,2.2,250,True,True,-2.725004834026259,5.536865387660102,ca_coordinates,PCA
train,6p69,FGFR1,active,1,in,in,active,1,2.2,286,True,True,-2.018343958584481,7.509409578898419,ca_coordinates,PCA
train,8hv4,EGFR,active,1,in,in,active,1,2.2,304,True,True,-4.089582819478473,3.622456158077863,ca_coordinates,PCA
train,8hv6,EGFR,active,1,in,in,active,1,2.2,307,True,True,-4.06387578146349,2.6720424216416583,ca_coordinates,PCA
train,8hv5,EGFR,active,1,in,in,active,1,2.2,306,True,True,-4.0178005182254,2.395179287415406,ca_coordinates,PCA
train,3qkm,AKT1,active,1,in,in,active,1,2.2,329,True,True,-2.1107601131622498,-6.250297410746647,ca_coordinates,PCA
train,3js2,FGFR1,active,1,in,in,active,1,2.2,295,True,True,-1.9754360113096974,6.999759060535149,ca_coordinates,PCA
train,7w7y,ABL1,inactive,0,out-like,in,dfg_out_alphac_in,1,2.20003,268,True,True,-3.924730734779323,2.433677299446005,ca_coordinates,PCA
train,3cs9,ABL1,inactive,0,out,in,dfg_out_alphac_in,1,2.21,247,True,True,-3.0032807720429258,4.683670801366325,ca_coordinates,PCA
train,5fto,ALK,active,1,in,in,active,1,2.22,298,True,True,-0.07990563178033319,7.2053509234864785,ca_coordinates,PCA
train,7jys,ALK,active,1,in,in,active,1,2.22,281,True,True,-2.325913704388616,6.436976535594109,ca_coordinates,PCA
train,4cd0,ALK,active,1,in,in,active,1,2.23,295,True,True,0.8900525253993433,6.860239335089534,ca_coordinates,PCA
train,3pp0,ERBB2,active,1,in,in,active,1,2.25,286,True,True,2.2124474466747044,-5.474683151091524,ca_coordinates,PCA
train,5cau,EGFR,active,1,in,in,active,1,2.25,297,True,True,-6.7744284893070414,-8.575248768403346,ca_coordinates,PCA
train,5val,BRAF,inactive,0,out,in,dfg_out_alphac_in,1,2.26,254,True,True,2.2689137824031973,3.784858736840953,ca_coordinates,PCA
train,4f65,FGFR1,active,1,in,in,active,1,2.26,279,False,True,-1.5085280081351233,-4.705586594586831,ca_coordinates,PCA
train,2fo0,ABL1,inactive,0,out-like,in,dfg_out_alphac_in,1,2.27,465,True,True,6.902219529557288,-0.9989756583258558,ca_coordinates,PCA
train,5l2s,CDK6,inactive,0,in,out,dfg_in_alphac_out,1,2.27,263,True,True,4.109046393725503,4.408462175840687,ca_coordinates,PCA
train,8h7h,ABL1,inactive,0,out-like,in,dfg_out_alphac_in,1,2.2779,268,True,True,-3.9334867616718032,2.8939101953192305,ca_coordinates,PCA
train,4rwi,FGFR1,active,1,in,in,active,0,2.29,280,True,True,-5.828294773100652,-7.734242961165176,ca_coordinates,PCA
train,5jrq,BRAF,inactive,0,in,out,dfg_in_alphac_out,1,2.29,258,True,True,-1.6224122124777423,7.13941536956809,ca_coordinates,PCA
train,6c1o,FGFR1,active,1,in,in,active,1,2.29,280,True,True,-6.502061741671175,-6.6904973012993745,ca_coordinates,PCA
train,6v5p,EGFR,inactive,0,in,out,dfg_in_alphac_out,1,2.3,308,True,True,-1.4611392390138085,8.0954592013993,ca_coordinates,PCA
train,3qkk,AKT1,active,1,in,in,active,1,2.3,326,True,True,-2.2635529882041725,-6.254996614184953,ca_coordinates,PCA
train,6e0r,ALK,active,1,in,in,active,1,2.3,279,True,True,-0.6295075264854699,7.034859927413955,ca_coordinates,PCA
train,4cqe,BRAF,inactive,0,in,out,dfg_in_alphac_out,1,2.3,248,True,True,-2.8054607445231685,5.359732467897278,ca_coordinates,PCA
train,8gk5,EGFR,inactive,0,in,out,dfg_in_alphac_out,1,2.3,294,True,True,-7.58533568873616,-7.259259288119593,ca_coordinates,PCA
train,6c18,FGFR1,active,1,in,in,active,1,2.3,255,False,True,-2.6676188770680693,-4.27039811879669,ca_coordinates,PCA
train,7dt2,ABL1,inactive,0,out-like,in,dfg_out_alphac_in,1,2.3,265,True,True,0.6798963114320279,-5.882379029633294,ca_coordinates,PCA
train,4uwy,FGFR1,active,1,in,in,active,0,2.3,273,True,True,-6.518040454745851,-7.826968490317873,ca_coordinates,PCA
train,3bel,EGFR,inactive,0,in,out,dfg_in_alphac_out,1,2.3,280,True,True,3.2920480249192443,4.1622683118934365,ca_coordinates,PCA
train,7ltx,EGFR,inactive,0,in,out,dfg_in_alphac_out,1,2.3,292,True,True,-7.589362149175539,-7.32907973155911,ca_coordinates,PCA
train,8f1x,EGFR,active,1,in,in,active,1,2.3,317,True,True,-2.9912306800199313,-8.272413065775273,ca_coordinates,PCA
train,3qrk,ABL1,inactive,0,out,in,dfg_out_alphac_in,1,2.3,270,True,True,-3.340824512547732,5.802422434798322,ca_coordinates,PCA
train,5kz0,ALK,active,1,in,in,active,1,2.3,293,True,True,0.244861121904948,7.157231960383929,ca_coordinates,PCA
train,7zyn,EGFR,active,1,in,in,active,1,2.3,317,True,True,-3.3738292563175887,-8.232367768061588,ca_coordinates,PCA
train,4zog,ABL1,inactive,0,out-like,in,dfg_out_alphac_in,1,2.3,268,True,True,3.6312929305374912,-4.138425358754505,ca_coordinates,PCA
train,6hhg,AKT1,inactive,0,out,na,unknown,1,2.3,386,True,True,-5.27892525330641,-5.5558415881150705,ca_coordinates,PCA
train,5uq0,FGFR1,active,1,in,in,active,1,2.3,256,True,True,2.0294487886766377,3.165318730667571,ca_coordinates,PCA
train,6hhj,AKT1,inactive,0,out,out,inactive,1,2.3,410,True,True,-0.8441888182843256,3.3152975836786966,ca_coordinates,PCA
train,2w96,CDK4,inactive,0,in,out,dfg_in_alphac_out,0,2.3,267,True,True,8.076574902521125,0.45524839125343486,ca_coordinates,PCA
train,6p8e,CDK4,inactive,0,in,out,dfg_in_alphac_out,0,2.3,260,True,False,-1.6611593682633752,4.862176567262863,ca_coordinates,PCA
train,7nh4,AKT1,inactive,0,out,na,unknown,1,2.3,383,True,True,-5.41084670388569,-5.545588504252427,ca_coordinates,PCA
train,6s9w,AKT1,inactive,0,out,out,inactive,1,2.3,411,True,True,0.820614944688361,0.6264463848004623,ca_coordinates,PCA
train,6jxt,EGFR,inactive,0,in,out,dfg_in_alphac_out,1,2.31,283,True,True,-0.12492458447354982,7.581794408187462,ca_coordinates,PCA
train,5d41,EGFR,inactive,0,in,out,dfg_in_alphac_out,1,2.31,300,True,True,-7.621307946559771,-7.135954794122555,ca_coordinates,PCA
train,4aua,CDK6,inactive,0,in,out,dfg_in_alphac_out,1,2.31,256,True,True,3.8954814398344477,3.310540226685676,ca_coordinates,PCA
train,4uwb,FGFR1,active,1,in,in,active,1,2.31,299,True,True,-0.9172794748749247,6.430726116323656,ca_coordinates,PCA
train,6lub,EGFR,active,1,in,in,active,1,2.315,301,True,True,-4.354750225125721,0.5381620548425348,ca_coordinates,PCA
train,7jyr,ALK,active,1,in,in,active,1,2.32,287,True,True,-1.4039263644320967,7.422594174173602,ca_coordinates,PCA
train,4v01,FGFR1,inactive,0,out,in,dfg_out_alphac_in,1,2.33,275,False,True,-1.6026180937296715,-3.9338470628091566,ca_coordinates,PCA
train,6npu,ABL1,inactive,0,out,in,dfg_out_alphac_in,1,2.33,257,True,True,-3.3283541441990616,3.708736839441352,ca_coordinates,PCA
train,3vjn,EGFR,active,1,in,in,active,1,2.34,297,True,True,-4.101891536609753,1.857979561901756,ca_coordinates,PCA
train,5xdk,EGFR,active,1,in,in,active,1,2.35,307,True,True,-4.048346658970683,2.891893059960134,ca_coordinates,PCA
train,3w2o,EGFR,active,1,in,in,active,1,2.35,305,True,True,-3.986171004251942,3.024074744586763,ca_coordinates,PCA
train,5l2t,CDK6,inactive,0,in,out,dfg_in_alphac_out,1,2.37,261,True,True,3.917038417973361,3.7257659213283723,ca_coordinates,PCA
train,6n0p,BRAF,inactive,0,out,in,dfg_out_alphac_in,1,2.37,268,True,True,-1.4676225744388678,7.42709749791118,ca_coordinates,PCA
train,7p3v,BRAF,inactive,0,in,out,dfg_in_alphac_out,1,2.37,258,True,True,8.14993398999026,2.9622779344689696,ca_coordinates,PCA
train,8dsw,EGFR,active,1,in,in,active,1,2.39,307,True,True,-3.307420735237337,4.269574954233225,ca_coordinates,PCA
train,7jxl,EGFR,inactive,0,in,out,dfg_in_alphac_out,1,2.4,294,True,True,-7.388615626668674,-8.025563212434314,ca_coordinates,PCA
train,7kxz,EGFR,active,1,in,in,active,1,2.4,299,True,True,-4.23864421242177,0.3762316161190941,ca_coordinates,PCA
train,7a6i,EGFR,active,1,in,in,active,1,2.4,282,True,True,-3.918951968685836,1.3137283068052938,ca_coordinates,PCA
train,7ukv,EGFR,active,1,in,in,active,1,2.4,290,True,True,-4.342443281693032,2.453029669935236,ca_coordinates,PCA
train,6v5n,EGFR,inactive,0,in,out,dfg_in_alphac_out,1,2.4,294,True,True,-3.226942070345429,6.295581426614201,ca_coordinates,PCA
train,6vhn,EGFR,active,1,in,in,active,1,2.4,286,True,True,-6.731973656138904,-8.606557803464073,ca_coordinates,PCA
train,8d76,EGFR,active,1,in,in,active,1,2.4,312,True,True,-3.821036861074108,2.715844605130712,ca_coordinates,PCA
train,6p1d,EGFR,inactive,0,in,out,dfg_in_alphac_out,1,2.4,300,True,True,-2.827350270300254,6.536040988973893,ca_coordinates,PCA
train,8f1z,EGFR,active,1,in,in,active,1,2.4,310,True,True,-4.046371297660725,0.5200128261094036,ca_coordinates,PCA
train,6wa2,EGFR,inactive,0,in,out,dfg_in_alphac_out,1,2.4,314,True,True,-2.5880111168971442,7.569473397466981,ca_coordinates,PCA
train,1agw,FGFR1,active,1,in,in,active,1,2.4,272,True,True,-3.3005547063119836,4.925033075199484,ca_coordinates,PCA
train,8hv8,EGFR,active,1,in,in,active,1,2.4,305,True,True,-4.023447542265154,2.26305498057101,ca_coordinates,PCA
train,8hv3,EGFR,active,1,in,in,active,1,2.4,307,True,True,-4.054887074523402,2.709539887747529,ca_coordinates,PCA
train,6wak,EGFR,inactive,0,in,out,dfg_in_alphac_out,1,2.4,297,True,True,-2.6594166701425386,6.9522498085994915,ca_coordinates,PCA
train,8hv1,EGFR,active,1,in,in,active,1,2.4,309,True,True,-4.071162989814887,2.1756580713889253,ca_coordinates,PCA
train,4twp,ABL1,active,1,in,in,active,1,2.4,266,True,True,0.20196218623728887,-5.78796526583328,ca_coordinates,PCA
train,5c8n,EGFR,active,1,in,in,active,1,2.4,300,True,True,-6.793308735534291,-8.535183130087283,ca_coordinates,PCA
train,5cap,EGFR,active,1,in,in,active,1,2.4,303,True,True,-7.025086143829347,-7.7092375571913685,ca_coordinates,PCA
train,6c0i,AKT1,active,1,in,in,active,0,2.4,316,True,True,-1.8474536829986166,1.6368259380850074,ca_coordinates,PCA
train,6buu,AKT1,active,1,in,in,active,0,2.4,320,True,True,-1.7843732875124105,1.69950013659363,ca_coordinates,PCA
train,1xkk,EGFR,inactive,0,in,out,dfg_in_alphac_out,1,2.4,289,True,True,2.9266356238807467,4.128692594228671,ca_coordinates,PCA
train,2hyy,ABL1,inactive,0,out,in,dfg_out_alphac_in,1,2.4,265,True,True,-2.6827618992130375,6.885689588589649,ca_coordinates,PCA
train,2gqg,ABL1,active,1,in,in,active,1,2.4,276,True,True,-2.780019596372858,-7.727625194404156,ca_coordinates,PCA
train,7vra,EGFR,active,1,in,in,active,1,2.41,289,True,True,-6.455439371736008,-8.706226016487946,ca_coordinates,PCA
train,3ue4,ABL1,inactive,0,out-like,in,dfg_out_alphac_in,1,2.42,268,True,True,-3.7880366771389298,4.445847199410494,ca_coordinates,PCA
train,7jy4,ALK,active,1,in,in,active,1,2.42,290,True,True,0.5578716707256194,6.946976839160162,ca_coordinates,PCA
train,2w9z,CDK4,inactive,0,in,out,dfg_in_alphac_out,0,2.45,287,True,True,13.804355594814528,-2.547749155692546,ca_coordinates,PCA
train,3og7,BRAF,inactive,0,in,out,dfg_in_alphac_out,1,2.45,254,True,True,2.78757845697738,4.030729814862703,ca_coordinates,PCA
train,6ebw,ALK,active,1,in,in,active,1,2.45,277,True,True,4.165198665279931,5.022236726492063,ca_coordinates,PCA
train,5z0s,FGFR1,active,1,in,in,active,1,2.45,285,True,True,-2.937512879202664,6.794427342190993,ca_coordinates,PCA
train,4fny,ALK,inactive,0,out,in,dfg_out_alphac_in,1,2.45,273,False,True,-3.3388295058575053,-1.6634201165928402,ca_coordinates,PCA
train,8h7f,ABL1,inactive,0,out-like,in,dfg_out_alphac_in,1,2.45013,266,True,True,-1.9799142141513575,-7.228313274770869,ca_coordinates,PCA
train,5hcy,EGFR,active,1,in,in,active,1,2.46,302,True,True,-6.709697517018694,-8.62087742183295,ca_coordinates,PCA
train,6v2v,BRAF,inactive,0,in,out,dfg_in_alphac_out,1,2.47,276,True,True,14.337582738219165,-4.040826465931139,ca_coordinates,PCA
train,2itn,EGFR,active,1,in,in,active,1,2.47,304,True,True,-3.8467804467043587,4.685657522210654,ca_coordinates,PCA
train,7m0x,BRAF,inactive,0,in,out,dfg_in_alphac_out,1,2.47,276,True,True,14.341336177555275,-4.039285522905393,ca_coordinates,PCA
train,2itv,EGFR,active,1,in,in,active,1,2.47,303,True,True,-3.8974863817840117,4.539635347675238,ca_coordinates,PCA
train,3mv5,AKT1,active,1,in,in,active,1,2.47,315,True,True,-1.7943461205185416,1.6483407998547666,ca_coordinates,PCA
train,4xv1,BRAF,active,1,in,in,active,0,2.47,249,True,True,-2.692810481182573,5.639966018707167,ca_coordinates,PCA
train,8to3,EGFR,inactive,0,in,out,dfg_in_alphac_out,1,2.49,291,True,True,-7.609987055000162,-7.241237489270953,ca_coordinates,PCA
train,4rwj,FGFR1,active,1,in,in,active,1,2.49,307,True,True,-1.246903023610748,6.505808000951061,ca_coordinates,PCA
train,6xlo,BRAF,inactive,0,out,in,dfg_out_alphac_in,1,2.493,258,True,True,-1.9858778421492842,7.204981686305121,ca_coordinates,PCA
train,7wcl,FGFR1,active,1,in,in,active,1,2.495,306,True,True,-1.1650837345255902,6.441407731373277,ca_coordinates,PCA
train,6u2h,BRAF,active,1,in,in,active,1,2.5,282,True,True,0.22839489091000953,7.501453609009262,ca_coordinates,PCA
train,2v7a,ABL1,active,1,in,in,active,1,2.5,269,True,True,-3.5529016337734602,5.306758936461466,ca_coordinates,PCA
train,7jxw,EGFR,inactive,0,in,out,dfg_in_alphac_out,1,2.5,288,True,True,-7.384258884541929,-8.106827558078988,ca_coordinates,PCA
train,6z4b,EGFR,inactive,0,in,out,dfg_in_alphac_out,1,2.5,271,True,True,-2.5782136630186465,6.908003085965508,ca_coordinates,PCA
train,7u99,EGFR,active,1,in,in,active,1,2.5,304,True,True,-3.9026870029778093,3.136195456683513,ca_coordinates,PCA
train,4lqm,EGFR,active,1,in,in,active,1,2.5,305,True,True,-5.975830539120229,-8.690595573014608,ca_coordinates,PCA
train,3ug2,EGFR,active,1,in,in,active,1,2.5,299,True,True,-4.467747664419864,0.9831394862949232,ca_coordinates,PCA
train,7b85,EGFR,active,1,in,in,active,1,2.5,312,True,True,-3.387645378867017,-8.2781393192391,ca_coordinates,PCA
train,7zym,EGFR,active,1,in,in,active,1,2.5,321,True,True,-2.5962065635108957,-8.00348777139721,ca_coordinates,PCA
train,4nks,FGFR1,active,1,in,in,active,1,2.5,271,True,True,-3.3692595535035808,4.75660911042919,ca_coordinates,PCA
train,8hv9,EGFR,active,1,in,in,active,1,2.5,306,True,True,-3.9963594898001333,2.5302621685404194,ca_coordinates,PCA
train,6bl8,ABL1,inactive,0,out-like,in,dfg_out_alphac_in,1,2.5,268,True,True,-3.7811611737539597,4.36192881865591,ca_coordinates,PCA
train,2xb7,ALK,active,1,in,in,active,1,2.5,286,True,True,4.61753108447595,4.91868786369328,ca_coordinates,PCA
train,1fgi,FGFR1,active,1,in,in,active,1,2.5,272,True,True,-3.3584137643584318,4.503305751999168,ca_coordinates,PCA
train,3gqi,FGFR1,active,1,in,in,active,1,2.5,304,True,True,7.4463787602822915,-1.6720820413010609,ca_coordinates,PCA
train,2fgi,FGFR1,active,1,in,in,active,1,2.5,274,True,True,-3.5060532564668514,5.934498169729445,ca_coordinates,PCA
train,4xv2,BRAF,inactive,0,in,out,dfg_in_alphac_out,1,2.5,249,True,True,2.7530281601331996,3.9100914365152324,ca_coordinates,PCA
train,2eb2,EGFR,active,1,in,in,active,0,2.5,305,True,True,-4.1520094418449975,2.9133296485200866,ca_coordinates,PCA
train,5hid,BRAF,inactive,0,out,in,dfg_out_alphac_in,1,2.5,257,True,True,-3.1678159660380416,5.291493610283444,ca_coordinates,PCA
train,8g63,EGFR,active,1,in,in,active,1,2.5,280,True,True,-4.061268042895089,3.7916119570086804,ca_coordinates,PCA
train,4rj8,EGFR,active,1,in,in,active,1,2.5,298,True,True,-6.784535959873332,-8.575193438383097,ca_coordinates,PCA
train,5caq,EGFR,active,1,in,in,active,1,2.5,301,True,True,-6.7998025177310275,-8.472394190934297,ca_coordinates,PCA
train,5j9z,EGFR,active,1,in,in,active,1,2.5,291,True,True,-6.951704404157666,-7.759482690658139,ca_coordinates,PCA
train,7vre,EGFR,active,1,in,in,active,1,2.507,312,True,True,-6.3928337919431355,-8.697785867344315,ca_coordinates,PCA
train,7sj3,CDK4,active,1,in,in,active,1,2.51,273,True,True,2.0102412338998565,0.961112021898115,ca_coordinates,PCA
train,5csx,BRAF,inactive,0,out,out,inactive,1,2.51,261,True,True,-2.3915740459364847,6.618236699530015,ca_coordinates,PCA
train,5hi2,BRAF,inactive,0,out,in,dfg_out_alphac_in,1,2.51,247,True,True,2.9143891753537683,3.5115669732969197,ca_coordinates,PCA
train,5ugb,EGFR,active,1,in,in,active,1,2.53,307,True,True,-4.057097571994316,1.2474797537693574,ca_coordinates,PCA
train,6jx4,EGFR,active,1,in,in,active,1,2.53,315,True,True,-3.546732511631706,5.4284026121574644,ca_coordinates,PCA
train,6jx0,EGFR,active,1,in,in,active,1,2.53,289,True,True,7.199988593483607,-1.398449649168706,ca_coordinates,PCA
train,6d8e,EGFR,active,1,in,in,active,1,2.54,304,True,True,-5.536592117005845,-8.579779387745834,ca_coordinates,PCA
train,4rj7,EGFR,active,1,in,in,active,1,2.55,295,True,True,-6.824791168812309,-8.592643069104646,ca_coordinates,PCA
train,6jwl,EGFR,active,1,in,in,active,1,2.55,319,True,True,-3.841848995065309,4.650905994794374,ca_coordinates,PCA
train,6cad,BRAF,inactive,0,out,in,dfg_out_alphac_in,1,2.55,248,False,True,-2.1088625223830992,-3.9293008945756713,ca_coordinates,PCA
train,4f63,FGFR1,active,1,in,in,active,1,2.55,271,True,True,-3.343973157188112,4.812712205898784,ca_coordinates,PCA
train,4e26,BRAF,active,1,in,in,active,1,2.55,270,True,True,-1.311699028156381,7.551561076932809,ca_coordinates,PCA
train,8wd4,EGFR,active,1,in,in,active,1,2.55,299,True,True,-6.298337363462363,-8.764656736064671,ca_coordinates,PCA
train,7oxb,EGFR,active,1,in,in,active,1,2.56,305,True,True,-5.364762728955172,-8.756278325540393,ca_coordinates,PCA
train,4nk9,FGFR1,active,1,in,in,active,1,2.57,282,True,True,-6.294671929393029,-7.599510051039521,ca_coordinates,PCA
train,3c4c,BRAF,inactive,0,in,out,dfg_in_alphac_out,1,2.57,258,True,True,3.3314372091051005,4.280320772581278,ca_coordinates,PCA
train,4v05,FGFR1,active,1,in,in,active,1,2.57,287,True,True,-3.1766520313462867,5.490030789115343,ca_coordinates,PCA
train,5flf,FGFR1,active,1,in,in,active,0,2.58,292,True,True,-3.0296444123692217,-8.271670567695546,ca_coordinates,PCA
train,8gb4,EGFR,inactive,0,in,out,dfg_in_alphac_out,1,2.59,292,True,True,-7.6064448863815155,-7.31018373691235,ca_coordinates,PCA
train,6pp9,BRAF,inactive,0,in,out,dfg_in_alphac_out,1,2.59,276,True,True,14.345536341441674,-4.028147044504732,ca_coordinates,PCA
train,5cao,EGFR,active,1,in,in,active,1,2.6,300,True,True,-6.896194353954042,-8.495693108524277,ca_coordinates,PCA
train,5edr,EGFR,active,1,in,in,active,1,2.6,299,True,True,-6.995663717439912,-8.265118043458848,ca_coordinates,PCA
train,5hic,EGFR,active,1,in,in,active,1,2.6,302,True,True,-6.681818430469564,-8.549211589217165,ca_coordinates,PCA
train,6s9x,AKT1,inactive,0,out,na,unknown,1,2.6,382,True,True,-5.56996342353155,-5.5369275406117096,ca_coordinates,PCA
train,1m17,EGFR,active,1,in,in,active,1,2.6,312,True,True,-3.9303048814293065,3.0838481881457733,ca_coordinates,PCA
train,3ow4,AKT1,active,1,in,in,active,1,2.6,317,True,True,-2.269970060361855,-6.2705881161073975,ca_coordinates,PCA
train,6s8a,EGFR,active,1,in,in,active,1,2.6,313,True,True,-3.814521893982276,3.9562850278080295,ca_coordinates,PCA
train,4fnz,ALK,active,1,in,in,active,1,2.6,287,True,True,-2.3553390865043773,5.927079980067782,ca_coordinates,PCA
train,7ukw,EGFR,inactive,0,in,out,dfg_in_alphac_out,0,2.6,306,True,True,-2.0700562034594467,7.912537559340659,ca_coordinates,PCA
train,7u9a,EGFR,active,1,in,in,active,1,2.6,295,True,True,-5.29104337707888,-8.521534888510475,ca_coordinates,PCA
train,2gs7,EGFR,inactive,0,in,out,dfg_in_alphac_out,1,2.6,281,True,True,-0.41634483877894873,7.688690642748714,ca_coordinates,PCA
train,2gs6,EGFR,active,1,in,in,active,0,2.6,311,True,True,-4.193045829056971,1.060759174025161,ca_coordinates,PCA
train,1m14,EGFR,active,1,in,in,active,0,2.6,307,True,True,-3.9582066047397277,3.0255626984925352,ca_coordinates,PCA
train,5czi,EGFR,active,1,in,in,active,0,2.6,310,True,True,-3.9590541615004957,3.5449135808268686,ca_coordinates,PCA
train,5hcx,EGFR,active,1,in,in,active,1,2.6,298,True,True,-6.686494368385347,-8.624143913446403,ca_coordinates,PCA
train,3nup,CDK6,inactive,0,in,out,dfg_in_alphac_out,1,2.6,252,True,True,-2.643199789212736,4.537966107829889,ca_coordinates,PCA
train,7k1h,EGFR,inactive,0,in,out,dfg_in_alphac_out,1,2.602,291,True,True,-3.2564280220464252,6.147109274851109,ca_coordinates,PCA
train,7t4i,EGFR,active,1,in,in,active,1,2.61,309,True,True,-3.9434726609444355,2.831641876082407,ca_coordinates,PCA
train,5hcz,EGFR,active,1,in,in,active,1,2.62,300,True,True,-6.655783170247493,-8.625164304851804,ca_coordinates,PCA
train,5a46,FGFR1,active,1,in,in,active,1,2.63,297,True,True,-1.7639603411030365,7.33283563778088,ca_coordinates,PCA
train,4li5,EGFR,active,1,in,in,active,1,2.64,306,True,True,-3.765714206709706,1.0746919790677256,ca_coordinates,PCA
train,3vjo,EGFR,active,1,in,in,active,1,2.64,298,True,True,-4.2092785907276955,0.9758057014285471,ca_coordinates,PCA
train,7aei,EGFR,active,1,in,in,active,1,2.65,315,True,True,-4.038475116609293,1.2293965566345195,ca_coordinates,PCA
train,7aem,EGFR,active,1,in,in,active,1,2.65,312,True,True,-2.976966351567078,-8.32095909919672,ca_coordinates,PCA
train,5fed,EGFR,active,1,in,in,active,1,2.65,288,True,True,-4.873443374315304,-8.285001853879798,ca_coordinates,PCA
train,5zto,EGFR,active,1,in,in,active,1,2.65,294,True,True,-7.060967974661146,-8.209347156449946,ca_coordinates,PCA
train,4fk3,BRAF,active,1,in,in,active,0,2.65,257,True,True,2.87586392321468,4.155878997822585,ca_coordinates,PCA
train,6p7g,BRAF,inactive,0,out,in,dfg_out_alphac_in,1,2.65,254,True,True,2.6542672012347213,3.8780393676082503,ca_coordinates,PCA
train,5em5,EGFR,active,1,in,in,active,1,2.65,298,True,True,-6.987745095741835,-8.443562875395214,ca_coordinates,PCA
train,5csw,BRAF,inactive,0,in,out,dfg_in_alphac_out,1,2.66,254,True,True,3.228614939563793,4.359925532806703,ca_coordinates,PCA
train,7er2,EGFR,active,1,in,in,active,1,2.662,292,True,True,-5.630909207557329,-8.745504582573146,ca_coordinates,PCA
train,6s9d,EGFR,active,1,in,in,active,1,2.67,300,True,True,-6.391820055320803,-8.740248554313814,ca_coordinates,PCA
train,2itq,EGFR,active,1,in,in,active,1,2.68,300,True,True,-3.92021314875548,3.2116456925712287,ca_coordinates,PCA
train,6b8u,BRAF,inactive,0,out,in,dfg_out_alphac_in,1,2.68,253,True,True,2.6906871319639323,3.9945571892554166,ca_coordinates,PCA
train,8hv7,EGFR,active,1,in,in,active,1,2.69,301,True,True,-3.961260287270319,4.153717911260459,ca_coordinates,PCA
train,4joa,ALK,active,1,in,in,active,1,2.7,250,True,True,-6.500916017020899,-7.576993313363879,ca_coordinates,PCA
train,6nvl,FGFR1,active,1,in,in,active,1,2.7,265,True,True,-3.4221076592593622,4.944818377837595,ca_coordinates,PCA
train,5c9c,BRAF,inactive,0,out,in,dfg_out_alphac_in,1,2.7,251,True,True,2.4532864328135773,3.5847467383392027,ca_coordinates,PCA
train,3idp,BRAF,inactive,0,out,in,dfg_out_alphac_in,1,2.7,256,True,True,2.567737458186345,3.8356136343679124,ca_coordinates,PCA
train,6s89,EGFR,active,1,in,in,active,1,2.7,310,True,True,-3.787796188431809,4.327099102680657,ca_coordinates,PCA
train,4zjv,EGFR,inactive,0,out,in,dfg_out_alphac_in,0,2.7,282,True,True,5.453142537481314,-2.787380118640593,ca_coordinates,PCA
train,8tjl,EGFR,active,1,in,in,active,1,2.7,306,True,True,-4.1455498228056955,2.5059942621771554,ca_coordinates,PCA
train,4rj6,EGFR,active,1,in,in,active,1,2.7,297,True,True,-6.82809014754665,-8.566297030534143,ca_coordinates,PCA
train,5cal,EGFR,active,1,in,in,active,1,2.7,300,True,True,-6.995004553304693,-8.333630863518183,ca_coordinates,PCA
train,3lzb,EGFR,inactive,0,in,out,dfg_in_alphac_out,1,2.7,261,True,True,-7.072096017218646,-8.366669895201664,ca_coordinates,PCA
train,4jr3,EGFR,active,1,in,in,active,1,2.7,303,True,True,-3.8845951665789626,2.677616853207121,ca_coordinates,PCA
train,4ez5,CDK6,inactive,0,in,out,dfg_in_alphac_out,1,2.7,258,True,True,3.98897882974201,3.773602339940405,ca_coordinates,PCA
train,2g2f,ABL1,inactive,0,out-like,in,dfg_out_alphac_in,1,2.7,275,True,True,2.54753671317334,-5.0223205167684135,ca_coordinates,PCA
train,3ky2,FGFR1,active,1,in,in,active,0,2.7,280,True,True,-5.7762801553597365,-7.8194896921261146,ca_coordinates,PCA
train,5jt2,BRAF,inactive,0,in,out,dfg_in_alphac_out,1,2.7,234,True,True,4.001797918725033,4.4657637359811275,ca_coordinates,PCA
train,3ocb,AKT1,active,1,in,in,active,1,2.7,319,True,True,-1.8485317086878554,1.6153485743827432,ca_coordinates,PCA
train,5xdl,EGFR,active,1,in,in,active,1,2.7,292,True,True,-7.063194454688306,-8.227230159111823,ca_coordinates,PCA
train,3o96,AKT1,inactive,0,out,na,unknown,1,2.7,367,True,True,-5.348135886770625,-5.3062142995020585,ca_coordinates,PCA
train,5kcv,AKT1,inactive,0,out,na,unknown,1,2.7,353,True,True,-5.158721117251256,-5.851730271100199,ca_coordinates,PCA
train,3nux,CDK6,inactive,0,in,out,dfg_in_alphac_out,1,2.7,261,True,True,3.7733382859800373,3.875498743100949,ca_coordinates,PCA
train,5fee,EGFR,active,1,in,in,active,1,2.7,287,True,True,-5.220955655577046,-8.383089633647542,ca_coordinates,PCA
train,6hhi,AKT1,inactive,0,out,na,unknown,1,2.7,389,True,True,-5.25065995173076,-5.656698465663745,ca_coordinates,PCA
train,6hhh,AKT1,inactive,0,out,na,unknown,1,2.7,379,True,True,-5.667720630644142,-5.2589904357386095,ca_coordinates,PCA
train,6oql,CDK6,inactive,0,in,out,dfg_in_alphac_out,1,2.707,263,True,True,4.100985039831687,4.4167260224107485,ca_coordinates,PCA
train,2itz,EGFR,active,1,in,in,active,1,2.72,302,True,True,-3.59449653849853,5.176775041511142,ca_coordinates,PCA
train,7cc2,ABL1,inactive,0,out-like,in,dfg_out_alphac_in,1,2.723,263,True,True,-3.6458921755639104,4.249839888207216,ca_coordinates,PCA
train,2itt,EGFR,active,1,in,in,active,1,2.73,302,True,True,-3.774133121697929,4.777159468113641,ca_coordinates,PCA
train,6s9c,EGFR,active,1,in,in,active,1,2.73,301,True,True,-6.732768917356267,-8.596023374297529,ca_coordinates,PCA
train,4jq7,EGFR,active,1,in,in,active,1,2.73,303,True,True,-3.9256676598359888,2.5551500094582478,ca_coordinates,PCA
train,5cav,EGFR,active,1,in,in,active,1,2.73,306,True,True,-3.9046327702714647,3.3110446260678748,ca_coordinates,PCA
train,2itp,EGFR,active,1,in,in,active,1,2.74,305,True,True,-3.9091254562642015,2.89606085075085,ca_coordinates,PCA
train,8f7p,BRAF,inactive,0,out,in,dfg_out_alphac_in,1,2.74,255,True,True,2.671980779739992,3.8489618173936897,ca_coordinates,PCA
train,8f1y,EGFR,active,1,in,in,active,1,2.75,293,True,True,-4.402728661477266,1.8367294224157065,ca_coordinates,PCA
train,4hjo,EGFR,inactive,0,in,out,dfg_in_alphac_out,1,2.75,278,True,True,5.990408802196196,3.9321420850448616,ca_coordinates,PCA
train,5l2i,CDK6,inactive,0,in,out,dfg_in_alphac_out,1,2.75,260,True,True,4.359143901351891,4.276060574732764,ca_coordinates,PCA
train,3ug1,EGFR,active,1,in,in,active,0,2.75,296,True,True,-4.426870570841728,0.6417850245614923,ca_coordinates,PCA
train,8hva,EGFR,active,1,in,in,active,1,2.77,301,True,True,-3.9598157193365786,4.278192112116983,ca_coordinates,PCA
train,8i0m,CDK6,inactive,0,in,out,dfg_in_alphac_out,1,2.7772,260,True,True,4.12200728205097,4.1010910505222125,ca_coordinates,PCA
train,5em6,EGFR,active,1,in,in,active,1,2.78,301,True,True,-6.732849710828439,-8.596194449016329,ca_coordinates,PCA
train,4rj4,EGFR,active,1,in,in,active,1,2.78,299,True,True,-6.879658922952917,-8.475750292908053,ca_coordinates,PCA
train,3ii5,BRAF,inactive,0,out,in,dfg_out_alphac_in,1,2.79,257,True,True,2.6695108715493885,3.939456239731001,ca_coordinates,PCA
train,5gmp,EGFR,active,1,in,in,active,1,2.8,305,True,True,-6.795721142601317,-7.922298111873157,ca_coordinates,PCA
train,2hz4,ABL1,active,1,in,in,active,1,2.8,262,True,True,1.8536274184798305,1.92184147729204,ca_coordinates,PCA
train,2f2c,CDK6,active,1,in,in,active,1,2.8,280,True,True,-1.7849321326084981,6.364657679555354,ca_coordinates,PCA
train,4mnf,BRAF,active,1,in,in,active,1,2.8,257,True,True,3.080005411397995,4.27341603601201,ca_coordinates,PCA
train,4xv3,BRAF,inactive,0,in,out,dfg_in_alphac_out,1,2.8,238,False,True,-3.4400353056761053,-3.1112051970480863,ca_coordinates,PCA
train,4g5j,EGFR,active,1,in,in,active,1,2.8,307,True,True,-4.03751788322982,0.245864087416092,ca_coordinates,PCA
train,2w99,CDK4,inactive,0,in,out,dfg_in_alphac_out,0,2.8,291,True,True,13.759048041215696,-2.440149386561458,ca_coordinates,PCA
train,3gql,FGFR1,active,1,in,in,active,1,2.8,275,True,True,-6.798752137474935,-7.429220033327625,ca_coordinates,PCA
train,6jrk,EGFR,active,1,in,in,active,1,2.8,283,True,True,-6.589168235825322,-8.251971213151515,ca_coordinates,PCA
train,6p1l,EGFR,inactive,0,in,out,dfg_in_alphac_out,1,2.8,288,True,True,-7.572722291620812,-7.656500422334395,ca_coordinates,PCA
train,5czh,EGFR,active,1,in,in,active,0,2.8,311,True,True,-3.970965134983201,3.5245718674192834,ca_coordinates,PCA
train,5j9y,EGFR,active,1,in,in,active,1,2.8,300,True,True,-4.00696174329202,3.872303509772473,ca_coordinates,PCA
train,8f1h,EGFR,active,1,in,in,active,1,2.8,307,True,True,-3.846613985465265,1.2099800878696172,ca_coordinates,PCA
train,5edq,EGFR,active,1,in,in,active,1,2.8,298,True,True,-6.996628564351554,-7.756073293565019,ca_coordinates,PCA
train,2gs2,EGFR,active,1,in,in,active,0,2.8,305,True,True,-4.239218492768866,1.7797054113185649,ca_coordinates,PCA
train,8hv2,EGFR,active,1,in,in,active,1,2.8,299,True,True,-3.9270906543404323,4.597159439732805,ca_coordinates,PCA
train,6p8g,CDK4,inactive,0,in,out,dfg_in_alphac_out,0,2.8,259,True,False,-1.877848215986741,4.121776847882526,ca_coordinates,PCA
train,2itu,EGFR,active,1,in,in,active,1,2.8,304,True,True,-3.8165154689127636,4.719858495115321,ca_coordinates,PCA
train,1bi8,CDK6,inactive,0,out,na,unknown,0,2.8,264,True,True,2.0620529872901048,0.9203418201102961,ca_coordinates,PCA
train,3tt0,FGFR1,active,1,in,in,active,1,2.8,272,True,True,-6.389135238490734,-7.766233816278167,ca_coordinates,PCA
train,3d4q,BRAF,active,1,in,in,active,1,2.8,264,True,True,3.329100709268419,4.4438075424770584,ca_coordinates,PCA
train,6edl,ALK,active,1,in,in,active,1,2.8,282,False,True,-3.789501950421627,-2.6856779506945387,ca_coordinates,PCA
train,6vh4,EGFR,active,1,in,in,active,1,2.8,295,True,True,-4.427965024909058,2.118214166774514,ca_coordinates,PCA
train,4jrv,EGFR,active,1,in,in,active,1,2.8,300,True,True,-3.0304803513793006,-8.238445625343886,ca_coordinates,PCA
train,3gop,EGFR,inactive,0,out-like,out,inactive,0,2.8,300,True,True,8.55458000695384,-0.2531535968920512,ca_coordinates,PCA
train,5can,EGFR,active,1,in,in,active,1,2.8,301,True,True,-6.815892181544012,-8.473879198022013,ca_coordinates,PCA
train,4zau,EGFR,active,1,in,in,active,1,2.8,283,True,True,-4.812915315498654,-8.016271930062858,ca_coordinates,PCA
train,4ekk,AKT1,active,1,in,in,active,1,2.8,318,True,True,-1.7213319548455164,1.8335064905085632,ca_coordinates,PCA
train,7zyp,EGFR,active,1,in,in,active,1,2.8,305,True,True,-3.9355814991357536,3.3948629124106984,ca_coordinates,PCA
train,5em8,EGFR,active,1,in,in,active,1,2.8,303,True,True,-4.263256998551253,2.0457557547967076,ca_coordinates,PCA
train,4i23,EGFR,active,1,in,in,active,1,2.8,304,True,True,-4.142018316332182,1.6155230663323235,ca_coordinates,PCA
train,5em7,EGFR,active,1,in,in,active,1,2.81,300,True,True,-6.86600106092468,-8.513136185355746,ca_coordinates,PCA
train,4wo5,BRAF,inactive,0,in,out,dfg_in_alphac_out,1,2.83,257,True,True,-1.7766324773674926,6.988980222863247,ca_coordinates,PCA
train,4jq8,EGFR,active,1,in,in,active,1,2.83,303,True,True,-3.8899140147781748,2.465131916404671,ca_coordinates,PCA
train,2eb3,EGFR,active,1,in,in,active,1,2.84,294,True,True,-3.7170162195831735,4.739065984153123,ca_coordinates,PCA
train,4mne,BRAF,active,1,in,in,active,0,2.85,258,True,True,-2.2701306388549574,6.411123308870782,ca_coordinates,PCA
train,5hib,EGFR,active,1,in,in,active,1,2.85,314,True,True,-3.7205429196854682,5.080663144302991,ca_coordinates,PCA
train,2w9f,CDK4,inactive,0,in,out,dfg_in_alphac_out,0,2.85,261,True,True,5.152657476862989,4.108150532734937,ca_coordinates,PCA
train,5zv2,FGFR1,active,1,in,in,active,1,2.86,284,True,True,-3.7247809560966116,4.626081400489771,ca_coordinates,PCA
train,6jz0,EGFR,active,1,in,in,active,1,2.86,311,True,True,-3.969609947144956,1.5715100148660521,ca_coordinates,PCA
train,8ssn,ABL1,inactive,0,in,out,dfg_in_alphac_out,1,2.86,420,True,True,4.277459107976804,4.417496413838185,ca_coordinates,PCA
train,2itw,EGFR,active,1,in,in,active,1,2.88,300,True,True,-3.906765299242756,3.5170125300008497,ca_coordinates,PCA
train,7shv,BRAF,active,1,in,in,active,1,2.88,261,True,True,3.119059881160318,4.218514474213955,ca_coordinates,PCA
train,6p8f,CDK4,inactive,0,in,out,dfg_in_alphac_out,0,2.89,262,True,False,-1.5558997146697633,4.987091311279768,ca_coordinates,PCA
train,6u2g,BRAF,inactive,0,in,out,dfg_in_alphac_out,1,2.89,264,True,True,0.09856263484422378,7.301007794923214,ca_coordinates,PCA
train,4xey,ABL1,inactive,0,out-like,in,dfg_out_alphac_in,1,2.89,359,True,True,-3.9073317863643307,-8.271563596397856,ca_coordinates,PCA
train,5fd2,BRAF,inactive,0,in,out,dfg_in_alphac_out,1,2.89,264,True,True,-0.6613454392527012,7.4328794956309645,ca_coordinates,PCA
train,6p68,FGFR1,active,1,in,in,active,1,2.9,287,True,True,-6.4408452067714785,-7.157227978432688,ca_coordinates,PCA
train,6hhf,AKT1,inactive,0,out,na,unknown,1,2.9,366,True,True,-5.179296273358773,-5.9812416263876464,ca_coordinates,PCA
train,4yc8,ABL1,inactive,0,out-like,in,dfg_out_alphac_in,1,2.9,264,True,True,-3.6220256727413114,4.749462972879546,ca_coordinates,PCA
train,3prf,BRAF,active,1,in,in,active,1,2.9,262,True,True,2.829535736088465,4.12357268408735,ca_coordinates,PCA
train,2fb8,BRAF,active,1,in,in,active,1,2.9,259,True,True,3.4312304662276287,4.550715737522969,ca_coordinates,PCA
train,2rfe,EGFR,inactive,0,in,out,dfg_in_alphac_out,0,2.9,262,True,True,-1.3629951821370252,7.2060656784690265,ca_coordinates,PCA
train,3ika,EGFR,inactive,0,out-like,out,inactive,0,2.9,310,True,True,1.1136444751607044,6.760480611592859,ca_coordinates,PCA
train,5c8m,EGFR,active,1,in,in,active,1,2.9,302,True,True,-6.880438821120153,-8.381934549944921,ca_coordinates,PCA
train,5zwj,EGFR,inactive,0,in,out,dfg_in_alphac_out,1,2.9,267,True,True,-7.5978387292323895,-7.34425453245796,ca_coordinates,PCA
train,5edp,EGFR,active,1,in,in,active,0,2.9,295,True,True,-6.97616635230128,-8.30323098570271,ca_coordinates,PCA
train,1xo2,CDK6,active,1,in,in,active,1,2.9,289,True,True,6.014111981431063,4.974459434902001,ca_coordinates,PCA
train,4tth,CDK6,active,1,in,in,active,1,2.9,256,True,True,-1.5401531837269842,-7.165953032793582,ca_coordinates,PCA
train,4r3p,EGFR,active,1,in,in,active,0,2.9,310,True,True,-3.9677247755098946,3.607568726489858,ca_coordinates,PCA
train,1g3n,CDK6,inactive,0,out,out,inactive,0,2.9,293,True,True,2.971505130809716,2.932844777813697,ca_coordinates,PCA
train,8hy7,EGFR,active,1,in,in,active,1,2.91,299,True,True,-6.883996644955607,-8.53809993550937,ca_coordinates,PCA
train,7lg8,EGFR,inactive,0,in,out,dfg_in_alphac_out,1,2.93,280,True,True,-2.998669406193816,6.378853404671153,ca_coordinates,PCA
train,4ksp,BRAF,inactive,0,out,in,dfg_out_alphac_in,1,2.93,256,True,True,2.597118339355508,3.8733588534750143,ca_coordinates,PCA
train,6jrj,EGFR,active,1,in,in,active,1,2.94,288,True,True,-7.189900559766436,-8.327029189779706,ca_coordinates,PCA
train,4fc0,BRAF,inactive,0,out,in,dfg_out_alphac_in,1,2.95,254,True,True,2.3945087364554025,3.549469967380042,ca_coordinates,PCA
train,5xgm,EGFR,active,1,in,in,active,1,2.95,288,True,True,-7.143972946526964,-8.290790501723984,ca_coordinates,PCA
train,1uwh,BRAF,inactive,0,out,in,dfg_out_alphac_in,1,2.95,264,True,True,-2.3460306151405965,6.293975066415847,ca_coordinates,PCA
train,5x27,EGFR,active,1,in,in,active,1,2.95,302,True,True,-3.576208589260595,5.221304138878626,ca_coordinates,PCA
train,5x26,EGFR,active,1,in,in,active,1,2.95,302,True,True,-3.540746893863435,5.2822749615751725,ca_coordinates,PCA
train,5x28,EGFR,active,1,in,in,active,1,2.95,310,True,True,-3.5377734077814487,5.281415173749988,ca_coordinates,PCA
train,3gt8,EGFR,inactive,0,in,out,dfg_in_alphac_out,1,2.96,296,True,True,-2.8055773623639406,6.736688881887991,ca_coordinates,PCA
train,7tvd,EGFR,active,1,in,in,active,0,2.96,292,True,True,-6.966191115544538,-8.319269745461364,ca_coordinates,PCA
train,8qqg,BRAF,inactive,0,out,in,dfg_out_alphac_in,1,2.979,269,False,True,-1.75121315874728,-2.974915827863813,ca_coordinates,PCA
train,4rwk,FGFR1,active,1,in,in,active,1,2.98,282,True,True,-5.995796730550782,-7.8940994861497495,ca_coordinates,PCA
train,4riy,EGFR,active,1,in,in,active,1,2.98,297,True,True,-0.7484280063499448,-7.451643103790142,ca_coordinates,PCA
train,2itx,EGFR,active,1,in,in,active,1,2.98,307,True,True,-3.9934341059410374,4.380432347277289,ca_coordinates,PCA
train,4rzv,BRAF,inactive,0,in,out,dfg_in_alphac_out,1,2.99,261,True,True,-1.4110342751852007,7.190614972027783,ca_coordinates,PCA
train,8to4,EGFR,inactive,0,in,out,dfg_in_alphac_out,1,2.99,300,True,True,-3.4058903171312225,5.618676195133204,ca_coordinates,PCA
train,5hie,BRAF,inactive,0,in,out,dfg_in_alphac_out,1,3.0,253,True,True,3.2945664940878023,2.924053767072966,ca_coordinates,PCA
train,3ppk,BRAF,active,1,in,in,active,1,3.0,264,True,True,3.2340025431599484,4.406694117234272,ca_coordinates,PCA
train,5xgn,EGFR,active,1,in,in,active,1,3.0,308,True,True,0.38393242190630966,7.070603240822862,ca_coordinates,PCA
train,4r5s,EGFR,active,1,in,in,active,1,3.0,299,True,True,-3.6744516670824217,5.173372067400014,ca_coordinates,PCA
train,7jxi,EGFR,inactive,0,in,out,dfg_in_alphac_out,1,3.0,290,True,True,-7.649395932937975,-7.261889600306804,ca_coordinates,PCA
train,5gtz,EGFR,active,1,in,in,active,1,3.0,317,True,True,-3.445834217787226,5.717965188234489,ca_coordinates,PCA
train,2j5f,EGFR,active,1,in,in,active,1,3.0,308,True,True,-6.288904784999308,-8.269468503140097,ca_coordinates,PCA
train,2euf,CDK6,active,1,in,in,active,1,3.0,282,True,True,4.164984004363851,4.782354910170362,ca_coordinates,PCA
train,3g33,CDK4,inactive,0,in,out,dfg_in_alphac_out,0,3.0,291,True,True,4.8159898512800305,3.444424141629993,ca_coordinates,PCA
train,4i1z,EGFR,inactive,0,out-like,in,dfg_out_alphac_in,0,3.0,287,True,True,8.289741071031578,0.4405374327009665,ca_coordinates,PCA
train,5c8k,EGFR,active,1,in,in,active,1,3.0,300,True,True,-7.057836656783867,-8.255549954569146,ca_coordinates,PCA
train,6nsq,BRAF,inactive,0,out,in,dfg_out_alphac_in,1,3.05,253,True,True,2.3155734254462756,3.4573812814706546,ca_coordinates,PCA
train,2jiu,EGFR,inactive,0,out-like,out,inactive,0,3.05,309,True,True,7.397503635174284,-1.4154566525783792,ca_coordinates,PCA
train,4yht,BRAF,active,1,in,in,active,1,3.05,258,True,True,3.405733383122391,4.514876268576324,ca_coordinates,PCA
train,5uwd,EGFR,inactive,0,out-like,out,inactive,1,3.06,271,True,True,-2.6875176704200867,6.5063945210523135,ca_coordinates,PCA
train,6v2x,BRAF,inactive,0,in,out,dfg_in_alphac_out,1,3.09,274,True,True,14.30756100875753,-4.000146112079721,ca_coordinates,PCA
train,4jvg,BRAF,inactive,0,out,in,dfg_out_alphac_in,1,3.09,259,True,True,2.440585070885606,3.941132295297754,ca_coordinates,PCA
train,7m0w,BRAF,inactive,0,in,out,dfg_in_alphac_out,1,3.09,274,True,True,14.344388859608287,-3.9393945199413545,ca_coordinates,PCA
train,6v30,BRAF,inactive,0,in,out,dfg_in_alphac_out,1,3.09,274,True,True,14.349053646500343,-3.941942975191848,ca_coordinates,PCA
train,7m0u,BRAF,inactive,0,in,out,dfg_in_alphac_out,1,3.09,274,True,True,14.314580978030587,-3.975716231658293,ca_coordinates,PCA
train,7lgs,EGFR,active,1,in,in,active,1,3.1,283,True,True,-1.4451151452906057,-7.462770918640019,ca_coordinates,PCA
train,4rj5,EGFR,active,1,in,in,active,1,3.1,296,True,True,-6.929946388111327,-8.524391023492901,ca_coordinates,PCA
train,4rix,EGFR,active,1,in,in,active,1,3.1,297,True,True,-1.852620345233323,-7.909348964144718,ca_coordinates,PCA
train,7jxk,EGFR,inactive,0,in,out,dfg_in_alphac_out,1,3.1,293,True,True,-3.1775563337600397,6.205448200155721,ca_coordinates,PCA
train,7syd,EGFR,inactive,0,in,out,dfg_in_alphac_out,0,3.1,614,False,False,-1.9727886340096121,-4.914315981576176,ca_coordinates,PCA
train,2jit,EGFR,inactive,0,out-like,out,inactive,0,3.1,299,True,True,7.3729054918774715,-1.4127076812898383,ca_coordinates,PCA
train,4h58,BRAF,inactive,0,out,in,dfg_out_alphac_in,0,3.1,272,True,True,-2.3662983850127515,6.543808384199242,ca_coordinates,PCA
train,4riw,EGFR,active,1,in,in,active,1,3.1,293,True,True,-2.6933681298043686,-8.208614147428577,ca_coordinates,PCA
train,7ky0,EGFR,inactive,0,in,out,dfg_in_alphac_out,1,3.1,288,True,True,-3.183422173120949,6.203592519429333,ca_coordinates,PCA
train,1jow,CDK6,active,1,in,in,active,0,3.1,277,True,True,2.604547625121392,3.8430973930499066,ca_coordinates,PCA
train,5y25,EGFR,active,1,in,in,active,1,3.1,292,True,True,-7.009556055863727,-8.38780533210307,ca_coordinates,PCA
train,3q96,BRAF,inactive,0,out,in,dfg_out_alphac_in,1,3.1,262,True,True,-2.4797349183987825,5.971721250131483,ca_coordinates,PCA
train,2j6m,EGFR,active,1,in,in,active,1,3.1,306,True,True,-3.86130843598121,3.440455836547208,ca_coordinates,PCA
train,2j5e,EGFR,active,1,in,in,active,0,3.1,309,True,True,-3.852326187706141,1.153722953578099,ca_coordinates,PCA
train,6v2w,BRAF,inactive,0,in,out,dfg_in_alphac_out,1,3.12,275,True,True,14.390127942874711,-3.900023399353145,ca_coordinates,PCA
train,6v31,BRAF,inactive,0,in,out,dfg_in_alphac_out,1,3.12,273,True,True,14.329265546704034,-3.9214573681891145,ca_coordinates,PCA
train,7m0z,BRAF,inactive,0,in,out,dfg_in_alphac_out,1,3.12,273,True,True,14.329265546704034,-3.9214573681891145,ca_coordinates,PCA
train,2g2i,ABL1,active,1,in,in,active,1,3.12,271,True,True,2.1745112207038573,1.436208262298152,ca_coordinates,PCA
train,5gty,EGFR,inactive,0,in,out,dfg_in_alphac_out,1,3.14,297,True,True,-7.044510958734315,-8.309543667580611,ca_coordinates,PCA
train,6v34,BRAF,inactive,0,out,in,dfg_out_alphac_in,1,3.15,247,True,True,2.4322786178402014,3.540588276056494,ca_coordinates,PCA
train,4dbn,BRAF,inactive,0,out,in,dfg_out_alphac_in,1,3.15,263,True,True,-2.3142724446805856,6.01748454473578,ca_coordinates,PCA
train,6v2z,BRAF,inactive,0,in,out,dfg_in_alphac_out,1,3.16,274,True,True,14.349641184484975,-3.9747233999385347,ca_coordinates,PCA
train,7m0v,BRAF,inactive,0,in,out,dfg_in_alphac_out,1,3.16,274,True,True,14.349057629487177,-3.9724229379502023,ca_coordinates,PCA
train,5ct7,BRAF,inactive,0,out,in,dfg_out_alphac_in,1,3.17,254,True,True,2.7910299943424457,4.07224797982665,ca_coordinates,PCA
train,4g5p,EGFR,inactive,0,out-like,out,inactive,0,3.17,303,True,True,-0.00892309807001799,7.435831416770789,ca_coordinates,PCA
train,6v32,BRAF,inactive,0,in,out,dfg_in_alphac_out,1,3.19,274,True,True,14.348671016265278,-3.899811004413127,ca_coordinates,PCA
train,6p8h,CDK4,inactive,0,in,out,dfg_in_alphac_out,0,3.19,258,True,False,-1.993964692330839,4.2750960572762935,ca_coordinates,PCA
train,7m0t,BRAF,inactive,0,in,out,dfg_in_alphac_out,1,3.19,274,True,True,14.352073209709081,-3.8933999673952235,ca_coordinates,PCA
train,3kxx,FGFR1,active,1,in,in,active,0,3.2,286,True,True,-3.3574529593904945,-8.251573167017225,ca_coordinates,PCA
train,5x2k,EGFR,active,1,in,in,active,1,3.2,314,True,True,-3.9311107430847034,4.715215412081364,ca_coordinates,PCA
train,4g9r,BRAF,inactive,0,out,in,dfg_out_alphac_in,1,3.2,262,True,True,3.137224584318472,4.241747718540267,ca_coordinates,PCA
train,3skc,BRAF,inactive,0,in,out,dfg_in_alphac_out,1,3.2,276,True,True,-1.1597754595390632,7.6862889831711145,ca_coordinates,PCA
train,4tks,EGFR,active,1,in,in,active,0,3.2,307,True,True,-4.139276501740897,0.843412155982297,ca_coordinates,PCA
train,8f1w,EGFR,inactive,0,in,out,dfg_in_alphac_out,1,3.2,303,True,True,-2.4897275935101626,7.564413528645782,ca_coordinates,PCA
train,3q4c,BRAF,active,1,in,in,active,1,3.2,264,True,True,3.099275128031428,4.37955908265832,ca_coordinates,PCA
train,7k1i,EGFR,inactive,0,in,out,dfg_in_alphac_out,1,3.202,288,True,True,-7.807420265475149,-6.6819444201117015,ca_coordinates,PCA
train,3rcd,ERBB2,inactive,0,in,out,dfg_in_alphac_out,1,3.21,271,True,True,-6.731100890079639,-8.490670650794872,ca_coordinates,PCA
train,8kfq,EGFR,active,1,in,in,active,1,3.22,301,True,True,-6.782609527894148,-8.554127612296513,ca_coordinates,PCA
train,2ito,EGFR,active,1,in,in,active,1,3.25,303,True,True,-3.720651818580756,4.861861412634148,ca_coordinates,PCA
train,6s9b,EGFR,active,1,in,in,active,1,3.25,291,True,True,-6.7975014317809155,-8.61086215398163,ca_coordinates,PCA
train,4r3r,EGFR,active,1,in,in,active,0,3.25,309,True,True,-4.193943142394518,2.4051198126852547,ca_coordinates,PCA
train,5y9t,EGFR,active,1,in,in,active,1,3.25,300,True,True,-4.1213407661422226,2.272367019609528,ca_coordinates,PCA
train,7jxh,ERBB2,inactive,0,in,out,dfg_in_alphac_out,1,3.27,272,True,True,-7.35491712858342,-7.501015977944733,ca_coordinates,PCA
train,6uuo,BRAF,inactive,0,in,out,dfg_in_alphac_out,1,3.29,254,False,True,-2.4610963759029607,-3.37651523835619,ca_coordinates,PCA
train,4ksq,BRAF,inactive,0,out,in,dfg_out_alphac_in,1,3.3,258,True,True,2.56148909036923,3.890251490025757,ca_coordinates,PCA
train,4ehe,BRAF,inactive,0,in,out,dfg_in_alphac_out,1,3.3,266,True,True,-1.1020594759836237,7.391848542610255,ca_coordinates,PCA
train,7sz0,EGFR,inactive,0,in,out,dfg_in_alphac_out,0,3.3,614,False,False,-4.0573995884338725,-5.093314582170983,ca_coordinates,PCA
train,4wd5,EGFR,inactive,0,out-like,out,inactive,0,3.3,304,True,True,0.5896791069620965,7.168762528152928,ca_coordinates,PCA
train,7sye,EGFR,inactive,0,in,out,dfg_in_alphac_out,0,3.3,614,False,False,-4.111515474405778,-4.969949837076293,ca_coordinates,PCA
train,6xag,BRAF,active,1,in,in,active,0,3.3,275,True,True,-0.5024056665327916,7.604670707935673,ca_coordinates,PCA
train,3tv6,BRAF,inactive,0,in,out,dfg_in_alphac_out,1,3.3,276,True,True,-1.0662105589992268,7.594021988972487,ca_coordinates,PCA
train,5jeb,EGFR,active,1,in,in,active,1,3.3,299,True,True,-1.4113154900221867,-7.772985960002514,ca_coordinates,PCA
train,8eme,EGFR,inactive,0,in,out,dfg_in_alphac_out,1,3.32,267,False,True,0.5074920114839635,-2.1132622863887294,ca_coordinates,PCA
train,4i20,EGFR,inactive,0,out,in,dfg_out_alphac_in,0,3.34,287,True,True,7.97177297157401,0.04052686165224013,ca_coordinates,PCA
train,4i21,EGFR,inactive,0,out-like,in,dfg_out_alphac_in,0,3.37,302,True,True,6.012306577527911,-2.3350067687532285,ca_coordinates,PCA
train,4pp7,BRAF,inactive,0,in,out,dfg_in_alphac_out,1,3.4,267,True,True,-0.5327065087415461,7.43493638465364,ca_coordinates,PCA
train,3psb,BRAF,active,1,in,in,active,1,3.4,264,True,True,3.277794169155212,4.4353807432015,ca_coordinates,PCA
train,1bi7,CDK6,inactive,0,out,na,unknown,0,3.4,269,True,True,2.768482276357154,1.6954301681557642,ca_coordinates,PCA
train,3tv4,BRAF,inactive,0,in,out,dfg_in_alphac_out,1,3.4,276,True,True,-1.115497543971164,7.638428595522359,ca_coordinates,PCA
train,5feq,EGFR,active,1,in,in,active,1,3.4,290,True,True,-5.535791473493152,-8.62165383403952,ca_coordinates,PCA
train,7sz1,EGFR,inactive,0,in,out,dfg_in_alphac_out,0,3.4,614,False,False,-4.091005080648767,-5.019810526724311,ca_coordinates,PCA
train,7sz7,EGFR,inactive,0,in,out,dfg_in_alphac_out,0,3.4,614,False,False,-4.104367452651904,-5.197072622899014,ca_coordinates,PCA
train,8h7x,EGFR,active,1,in,in,active,1,3.404,299,True,True,-0.04809419189823141,-7.062054567261125,ca_coordinates,PCA
train,2ity,EGFR,active,1,in,in,active,1,3.42,300,True,True,-3.7028575365250997,4.926983199381067,ca_coordinates,PCA
train,1opl,ABL1,inactive,0,out-like,in,dfg_out_alphac_in,1,3.42,365,True,True,-2.601591893546872,-7.710514990341249,ca_coordinates,PCA
train,7u98,EGFR,inactive,0,in,out,dfg_in_alphac_out,1,3.42,287,True,True,-7.28860031587922,-7.929987669478266,ca_coordinates,PCA
train,7m0y,BRAF,inactive,0,in,out,dfg_in_alphac_out,1,3.45,275,True,True,14.388245602057912,-3.886491131863919,ca_coordinates,PCA
train,6v2y,BRAF,inactive,0,in,out,dfg_in_alphac_out,1,3.451,275,True,True,14.388390205980336,-3.8865900001252176,ca_coordinates,PCA
train,4rzw,BRAF,inactive,0,out,in,dfg_out_alphac_in,1,3.49,252,True,True,2.1740497369468934,3.471873618225276,ca_coordinates,PCA
train,2rf9,EGFR,inactive,0,out-like,in,dfg_out_alphac_in,0,3.5,280,True,True,3.6124376938010188,-3.97755108463422,ca_coordinates,PCA
train,1uwj,BRAF,inactive,0,out,in,dfg_out_alphac_in,1,3.5,263,True,True,3.178307285332019,4.312000462673503,ca_coordinates,PCA
train,4g9c,BRAF,inactive,0,out,in,dfg_out_alphac_in,1,3.5,264,True,True,-2.2845523611667766,6.428775116189886,ca_coordinates,PCA
train,4ehg,BRAF,inactive,0,in,out,dfg_in_alphac_out,1,3.5,260,True,True,3.6856998122129427,4.369553730630217,ca_coordinates,PCA
train,2jiv,EGFR,inactive,0,in,out,dfg_in_alphac_out,1,3.5,270,True,True,-2.94232349746504,6.311630179191588,ca_coordinates,PCA
train,4r5y,BRAF,inactive,0,out,in,dfg_out_alphac_in,1,3.5,253,True,True,2.421774464008959,3.690382820188398,ca_coordinates,PCA
train,3pri,BRAF,active,1,in,in,active,1,3.5,264,True,True,2.917026166867921,4.098706432782063,ca_coordinates,PCA
train,4lrm,EGFR,active,1,in,in,active,1,3.53,293,True,True,2.589017122355414,-5.3445347121875955,ca_coordinates,PCA
train,8f7o,BRAF,inactive,0,out,in,dfg_out_alphac_in,1,3.54,263,True,True,3.2703046390583315,3.784196599438709,ca_coordinates,PCA
train,2rfd,EGFR,inactive,0,in,out,dfg_in_alphac_out,0,3.6,286,True,True,-1.388152024222271,7.484631971997361,ca_coordinates,PCA
train,3psd,BRAF,active,1,in,in,active,1,3.6,262,True,True,-2.3961252774257176,6.299731755003814,ca_coordinates,PCA
train,4e4x,BRAF,inactive,0,in,out,dfg_in_alphac_out,1,3.6,274,True,True,-1.1321867955518046,7.602301747821481,ca_coordinates,PCA
train,4mbj,BRAF,inactive,0,in,out,dfg_in_alphac_out,1,3.6,269,True,True,-0.7040427438973604,7.445744907003213,ca_coordinates,PCA
train,6vhp,EGFR,active,1,in,in,active,1,3.6,308,True,True,-3.710670058460849,5.1562349665056555,ca_coordinates,PCA
train,7sz5,EGFR,inactive,0,in,out,dfg_in_alphac_out,0,3.6,614,False,False,-4.096626155162089,-5.186049824639445,ca_coordinates,PCA
train,7mfd,BRAF,inactive,0,in,out,dfg_in_alphac_out,0,3.66,408,True,True,7.65806355258909,-1.101870172526459,ca_coordinates,PCA
train,3ppj,BRAF,active,1,in,in,active,1,3.7,262,True,True,-2.43714604575973,6.269886581660859,ca_coordinates,PCA
train,6v2u,BRAF,inactive,0,in,out,dfg_in_alphac_out,1,3.78,255,False,True,-2.4710825250382618,-4.775628776952315,ca_coordinates,PCA
train,5fwk,CDK4,active,1,in,na,unknown,0,3.9,209,True,False,-0.09804546548523037,-2.250089578753924,ca_coordinates,PCA
train,8dgt,BRAF,inactive,0,in,out,dfg_in_alphac_out,1,3.9,429,True,True,14.425522824422528,-3.846144599816571,ca_coordinates,PCA
train,4ll0,EGFR,active,1,in,in,active,1,4.0,291,True,True,-3.0981204283647066,6.210220450438716,ca_coordinates,PCA
train,7mfe,BRAF,inactive,0,in,out,dfg_in_alphac_out,0,4.07,407,True,True,7.735100335776157,-1.0693684240994898,ca_coordinates,PCA
train,8dgs,BRAF,inactive,0,in,out,dfg_in_alphac_out,1,4.3,425,True,True,7.815003250450615,-0.8297818314251798,ca_coordinates,PCA
train,5fwp,CDK4,active,1,in,na,unknown,0,7.2,209,True,False,-0.11612214130653303,-2.274357985725048,ca_coordinates,PCA
train,5fwm,CDK4,inactive,0,out-like,out,inactive,0,8.0,291,True,True,-5.181155656108527,-2.5459656926701753,ca_coordinates,PCA
train,5fwl,CDK4,inactive,0,in,out,dfg_in_alphac_out,0,9.0,291,True,True,-2.3229774869595006,-1.8632362287538007,ca_coordinates,PCA
val,4r1v,MET,inactive,0,in,out,dfg_in_alphac_out,1,1.2,289,True,True,-1.4753472808198913,-7.57665340295739,ca_coordinates,PCA
val,3f66,MET,inactive,0,in,out,dfg_in_alphac_out,1,1.4,269,True,True,-2.81543019254348,-0.37633055688733147,ca_coordinates,PCA
val,3zcl,MET,inactive,0,in,out,dfg_in_alphac_out,1,1.4,289,True,True,-3.225525285588049,-5.337525556461146,ca_coordinates,PCA
val,8pqd,KIT,active,1,in,in,active,1,1.5,297,True,True,8.246296262810896,-0.305197011631872,ca_coordinates,PCA
val,3dkc,MET,inactive,0,in,out,dfg_in_alphac_out,1,1.52,312,True,True,6.216343364832715,0.6360447541030518,ca_coordinates,PCA
val,9c1r,MET,inactive,0,out,in,dfg_out_alphac_in,1,1.59,285,True,True,-2.183000206347405,-5.380568427249423,ca_coordinates,PCA
val,3q6u,MET,active,1,in,in,active,0,1.6,287,True,True,12.490677781484528,-2.8720450992100797,ca_coordinates,PCA
val,3g0e,KIT,inactive,0,out,in,dfg_out_alphac_in,1,1.6,332,True,True,-0.47015265275999013,6.12939156617126,ca_coordinates,PCA
val,1t46,KIT,inactive,0,out,in,dfg_out_alphac_in,1,1.6,297,True,True,-3.0962976245015144,6.158713679777956,ca_coordinates,PCA
val,4mxc,MET,inactive,0,out,in,dfg_out_alphac_in,1,1.63,290,True,True,-1.3293250911460541,-5.928092918221105,ca_coordinates,PCA
val,8pqa,KIT,active,1,in,in,active,1,1.65,293,True,True,0.10063493456886438,7.586225117103,ca_coordinates,PCA
val,5hti,MET,inactive,0,out,in,dfg_out_alphac_in,1,1.66,290,True,True,-1.2161784338203043,-5.8889256720777485,ca_coordinates,PCA
val,6sdc,MET,inactive,0,out,in,dfg_out_alphac_in,1,1.67,286,True,True,-1.2093021258210894,-5.952070833914538,ca_coordinates,PCA
val,8pq9,KIT,active,1,in,in,active,1,1.7,296,True,True,8.324480338184093,-0.038744396385671516,ca_coordinates,PCA
val,7v3r,MET,inactive,0,out,in,dfg_out_alphac_in,1,1.7,285,True,True,-1.9482650824373613,-0.6098134646460971,ca_coordinates,PCA
val,5hni,MET,inactive,0,in,out,dfg_in_alphac_out,1,1.71,245,True,True,-1.102341049152339,-2.7837224998761037,ca_coordinates,PCA
val,4xmo,MET,inactive,0,in,out,dfg_in_alphac_out,1,1.75,289,True,True,-3.47388891857491,-4.790380387312365,ca_coordinates,PCA
val,7b3q,MET,inactive,0,in,out,dfg_in_alphac_out,1,1.75,283,True,True,-0.8179361101199787,-7.676446196986279,ca_coordinates,PCA
val,5eob,MET,inactive,0,in,out,dfg_in_alphac_out,1,1.75,288,True,True,-3.0524273825241846,-6.416032807228138,ca_coordinates,PCA
val,3q6w,MET,active,1,in,in,active,1,1.75,297,True,True,-1.2788897045001588,-3.8478177119561074,ca_coordinates,PCA
val,7b40,MET,inactive,0,in,out,dfg_in_alphac_out,1,1.76,279,True,True,-0.9188639235446203,-7.231104901332129,ca_coordinates,PCA
val,7b44,MET,inactive,0,in,out,dfg_in_alphac_out,1,1.76,282,True,True,-0.8041760577479896,-7.244277755043265,ca_coordinates,PCA
val,8ouu,MET,inactive,0,out,out,inactive,1,1.77,284,True,True,-1.8114333075170788,-5.388095508568926,ca_coordinates,PCA
val,8pqc,KIT,active,1,in,in,active,1,1.77,297,True,True,0.7983386201019633,7.005986381847408,ca_coordinates,PCA
val,8ouv,MET,inactive,0,out,out,inactive,1,1.783,294,True,True,1.6185597612589202,-3.9953972331520533,ca_coordinates,PCA
val,4ap7,MET,inactive,0,in,out,dfg_in_alphac_out,1,1.8,289,True,True,-3.1976085255878317,-5.382705028609897,ca_coordinates,PCA
val,3zxz,MET,inactive,0,in,out,dfg_in_alphac_out,1,1.8,289,True,True,-3.169881395738823,-5.43331576224124,ca_coordinates,PCA
val,5eyc,MET,inactive,0,in,out,dfg_in_alphac_out,1,1.8,288,True,True,-2.038944881729835,-7.0591991082821,ca_coordinates,PCA
val,3dkf,MET,inactive,0,in,out,dfg_in_alphac_out,1,1.8,294,True,True,-3.249301955211344,1.1270580473057445,ca_coordinates,PCA
val,4eev,MET,inactive,0,out,in,dfg_out_alphac_in,1,1.8,283,True,True,12.343426929291187,-1.2644203624196662,ca_coordinates,PCA
val,1r1w,MET,inactive,0,in,out,dfg_in_alphac_out,0,1.8,287,True,True,-2.3349939435551934,0.24192893690384437,ca_coordinates,PCA
val,1r0p,MET,inactive,0,in,out,dfg_in_alphac_out,1,1.8,301,True,True,-1.0604611196396718,-4.977407172457004,ca_coordinates,PCA
val,7b42,MET,inactive,0,in,out,dfg_in_alphac_out,1,1.8,279,True,True,0.8290527429732768,-6.41140205705148,ca_coordinates,PCA
val,6mob,KIT,inactive,0,out,in,dfg_out_alphac_in,1,1.8,306,True,True,-0.4957202388498233,5.860460538020953,ca_coordinates,PCA
val,7b3z,MET,inactive,0,in,out,dfg_in_alphac_out,1,1.8,277,True,True,-1.058603931364155,-7.4699396055634395,ca_coordinates,PCA
val,4xyf,MET,inactive,0,in,out,dfg_in_alphac_out,1,1.85,290,True,True,-3.45019460033104,-4.785267567706151,ca_coordinates,PCA
val,5eyd,MET,inactive,0,in,out,dfg_in_alphac_out,1,1.85,289,True,True,-2.0524729680149965,-7.063105144545704,ca_coordinates,PCA
val,7b43,MET,inactive,0,in,out,dfg_in_alphac_out,1,1.87,277,True,True,-1.0408484316307693,-7.494477289051509,ca_coordinates,PCA
val,3zze,MET,inactive,0,in,out,dfg_in_alphac_out,1,1.87,286,True,True,-3.1656724017212072,-5.323458128932086,ca_coordinates,PCA
val,8pqb,KIT,active,1,in,in,active,1,1.87,280,True,True,-1.0532667799543591,7.407669293945415,ca_coordinates,PCA
val,6itv,KIT,inactive,0,out,in,dfg_out_alphac_in,1,1.88,297,True,True,-1.3337427172481868,6.867171263242681,ca_coordinates,PCA
val,5ya5,MET,inactive,0,in,out,dfg_in_alphac_out,1,1.89,273,True,True,-3.5762326042191686,-4.6177008116457685,ca_coordinates,PCA
val,4hvs,KIT,inactive,0,out,in,dfg_out_alphac_in,1,1.9,326,True,True,8.838118349179299,-0.3980731760487167,ca_coordinates,PCA
val,7v3s,MET,inactive,0,out,in,dfg_out_alphac_in,1,1.9,284,True,True,-2.56940033932675,0.5552887467087613,ca_coordinates,PCA
val,1t45,KIT,inactive,0,out,in,dfg_out_alphac_in,0,1.9,331,True,True,-0.5020681225361286,6.13430074025819,ca_coordinates,PCA
val,8pqf,KIT,active,1,in,in,active,1,1.9,294,True,True,0.4700412259249869,7.285083670056233,ca_coordinates,PCA
val,3ccn,MET,inactive,0,in,out,dfg_in_alphac_out,1,1.9,275,True,True,-2.760550266428936,-4.851997691208244,ca_coordinates,PCA
val,5uab,MET,inactive,0,in,out,dfg_in_alphac_out,1,1.9,288,True,True,-3.402611571374752,-4.7705957019848295,ca_coordinates,PCA
val,4aoi,MET,inactive,0,in,out,dfg_in_alphac_out,1,1.9,289,True,True,-3.1504835167290186,-5.425294809130212,ca_coordinates,PCA
val,3dkg,MET,inactive,0,in,out,dfg_in_alphac_out,1,1.91,281,True,True,14.641986875934421,-1.76330677092436,ca_coordinates,PCA
val,7b3v,MET,inactive,0,in,out,dfg_in_alphac_out,1,1.93,274,True,True,-2.2392440130182343,0.37160646406948794,ca_coordinates,PCA
val,6sdd,MET,inactive,0,out,in,dfg_out_alphac_in,1,1.93,271,True,True,-1.7796319415322517,-6.694245304873022,ca_coordinates,PCA
val,3rhk,MET,inactive,0,out,out,inactive,1,1.94,298,True,True,-1.1770231407915408,-5.875884806320182,ca_coordinates,PCA
val,8ov7,MET,inactive,0,out,in,dfg_out_alphac_in,1,1.95,289,True,True,-0.783188819580635,-1.0016815876577672,ca_coordinates,PCA
val,5ho6,MET,inactive,0,in,out,dfg_in_alphac_out,1,1.97,240,True,True,14.648562703960359,-1.7512526536543964,ca_coordinates,PCA
val,5hlw,MET,inactive,0,in,out,dfg_in_alphac_out,1,1.97,284,True,True,-2.760619029775056,-1.3810858838436082,ca_coordinates,PCA
val,7b41,MET,inactive,0,in,out,dfg_in_alphac_out,1,1.97,281,True,True,0.9043494776985207,-6.374831492467738,ca_coordinates,PCA
val,4iwd,MET,active,1,in,in,active,1,1.99,299,True,True,-1.2389156847842575,-4.021688750877663,ca_coordinates,PCA
val,6ubw,MET,inactive,0,in,out,dfg_in_alphac_out,1,2.0,296,True,True,-3.4110270482825347,-4.81750736433811,ca_coordinates,PCA
val,3qti,MET,inactive,0,in,out,dfg_in_alphac_out,1,2.0,292,True,True,-1.8298371547172294,-0.1563851674525533,ca_coordinates,PCA
val,3cd8,MET,inactive,0,in,out,dfg_in_alphac_out,1,2.0,278,True,True,-2.6837019044004324,-4.8280706520539685,ca_coordinates,PCA
val,2wgj,MET,inactive,0,in,out,dfg_in_alphac_out,1,2.0,289,True,True,-3.176916444060772,-5.359695662791294,ca_coordinates,PCA
val,2wd1,MET,inactive,0,in,out,dfg_in_alphac_out,1,2.0,289,True,True,-1.7291879695744863,-7.379800541211418,ca_coordinates,PCA
val,5t3q,MET,inactive,0,na,out,unknown,1,2.0,278,False,True,4.771624741706411,-2.967731647170969,ca_coordinates,PCA
val,4u0i,KIT,inactive,0,out,in,dfg_out_alphac_in,1,2.0,297,True,True,9.016786209945806,1.725212609535892,ca_coordinates,PCA
val,4r1y,MET,inactive,0,in,out,dfg_in_alphac_out,1,2.0,265,True,True,-3.449162084299577,-6.4443680544243955,ca_coordinates,PCA
val,8pqe,KIT,inactive,0,na,in,unknown,1,2.0,277,False,True,-2.4902489756846253,-5.845049872882137,ca_coordinates,PCA
val,6gqm,KIT,inactive,0,out,in,dfg_out_alphac_in,1,2.0,288,True,True,-1.1935870633366958,7.0712840301557875,ca_coordinates,PCA
val,3u6h,MET,inactive,0,in,out,dfg_in_alphac_out,1,2.0,280,True,True,-1.9439611285711302,-6.039704729527442,ca_coordinates,PCA
val,3i5n,MET,inactive,0,in,out,dfg_in_alphac_out,1,2.0,280,True,True,-2.8626845604186353,-0.8089244309736409,ca_coordinates,PCA
val,4deh,MET,inactive,0,in,out,dfg_in_alphac_out,1,2.0,286,True,True,-2.032030244297933,-7.021356281230388,ca_coordinates,PCA
val,4deg,MET,inactive,0,in,out,dfg_in_alphac_out,1,2.0,286,True,True,-3.4297396556989304,-4.759942229922758,ca_coordinates,PCA
val,6gql,KIT,inactive,0,out,in,dfg_out_alphac_in,1,2.01,298,True,True,-0.4102364253789353,6.963321749615687,ca_coordinates,PCA
val,8ans,MET,inactive,0,out,in,dfg_out_alphac_in,1,2.01,277,True,True,-2.6123849970008175,0.051120664857617515,ca_coordinates,PCA
val,7b3w,MET,active,1,in,na,unknown,1,2.02,259,True,True,0.05856412643314898,-8.30391367459387,ca_coordinates,PCA
val,3lq8,MET,inactive,0,out,in,dfg_out_alphac_in,1,2.02,278,True,True,-2.3713713371808356,-1.1139452556864502,ca_coordinates,PCA
val,4dei,MET,inactive,0,in,out,dfg_in_alphac_out,1,2.05,287,True,True,-3.4164796186634843,-4.713834830111568,ca_coordinates,PCA
val,6itt,KIT,inactive,0,out,in,dfg_out_alphac_in,1,2.1,297,True,True,-0.6401561539607589,6.899929826975664,ca_coordinates,PCA
val,3vw8,MET,inactive,0,out,in,dfg_out_alphac_in,1,2.1,303,True,True,-1.8134205167535185,-5.757753298361669,ca_coordinates,PCA
val,3u6i,MET,inactive,0,in,out,dfg_in_alphac_out,1,2.1,281,True,True,12.991605032804086,-3.746061497801112,ca_coordinates,PCA
val,6kla,KIT,inactive,0,out,in,dfg_out_alphac_in,1,2.11,309,True,True,-1.3315229697222164,6.860329284622035,ca_coordinates,PCA
val,7zw8,KIT,inactive,0,out,in,dfg_out_alphac_in,1,2.119,301,True,True,-3.2503540950724092,5.708057413456725,ca_coordinates,PCA
val,8aw1,MET,inactive,0,in,out,dfg_in_alphac_out,1,2.14,263,True,True,-3.153837562064195,0.15569900399857559,ca_coordinates,PCA
val,5hoa,MET,inactive,0,in,out,dfg_in_alphac_out,1,2.14,225,True,True,14.70789712088618,-1.6931649904202286,ca_coordinates,PCA
val,2g15,MET,inactive,0,in,out,dfg_in_alphac_out,0,2.15,301,True,True,1.4081228747444425,-7.544018932241774,ca_coordinates,PCA
val,7khg,KIT,inactive,0,out,in,dfg_out_alphac_in,1,2.15,327,True,True,8.86898453113951,-0.325648986144244,ca_coordinates,PCA
val,6xvb,KIT,inactive,0,out,in,dfg_out_alphac_in,1,2.15,288,True,True,-1.1231756663581824,7.04352550761523,ca_coordinates,PCA
val,7y4t,MET,inactive,0,in,out,dfg_in_alphac_out,1,2.16,281,True,True,-0.35530246702919344,-8.165363665756773,ca_coordinates,PCA
val,3c1x,MET,inactive,0,out,in,dfg_out_alphac_in,1,2.17,290,False,True,4.4808491688275955,-5.24412593194384,ca_coordinates,PCA
val,2wkm,MET,inactive,0,in,out,dfg_in_alphac_out,1,2.2,286,True,True,-2.96258992341164,-5.4678648988699265,ca_coordinates,PCA
val,3efk,MET,active,1,in,in,active,1,2.2,276,False,True,2.036121594442501,-7.580126745295946,ca_coordinates,PCA
val,2rfs,MET,inactive,0,in,out,dfg_in_alphac_out,1,2.2,264,True,True,-3.4153313454704675,-6.406130573784259,ca_coordinates,PCA
val,3zbx,MET,inactive,0,in,out,dfg_in_alphac_out,1,2.2,282,True,True,-3.152403711819122,-5.449673716963858,ca_coordinates,PCA
val,3zc5,MET,inactive,0,in,out,dfg_in_alphac_out,1,2.2,289,True,True,-3.146810203989936,-5.483176089985742,ca_coordinates,PCA
val,5hor,MET,inactive,0,in,out,dfg_in_alphac_out,1,2.2,247,True,True,-2.1159373422236367,0.6384044701125821,ca_coordinates,PCA
val,8ovz,MET,inactive,0,out,out,inactive,1,2.206,286,True,True,1.2402546564732064,-3.8292633608766455,ca_coordinates,PCA
val,7b3t,MET,inactive,0,in,out,dfg_in_alphac_out,1,2.23,261,True,True,0.687571570247325,-6.49695239333919,ca_coordinates,PCA
val,6hh1,KIT,inactive,0,out,in,dfg_out_alphac_in,1,2.25,303,True,True,-0.9460834994858317,6.322629545911992,ca_coordinates,PCA
val,5uaf,MET,inactive,0,in,out,dfg_in_alphac_out,1,2.25,291,True,True,-3.32221804798402,-4.895309639236821,ca_coordinates,PCA
val,5uad,MET,inactive,0,in,out,dfg_in_alphac_out,1,2.25,291,True,True,-3.32221804798402,-4.895309639236821,ca_coordinates,PCA
val,8au3,MET,inactive,0,in,out,dfg_in_alphac_out,1,2.26,285,True,True,-2.0598597705575923,0.12945767329789495,ca_coordinates,PCA
val,7y4u,MET,inactive,0,in,out,dfg_in_alphac_out,1,2.26,281,True,True,-0.3017882236836314,-8.268084076432473,ca_coordinates,PCA
val,4gg7,MET,inactive,0,in,out,dfg_in_alphac_out,1,2.27,278,True,True,-2.728108537659026,-5.738624310713485,ca_coordinates,PCA
val,8ow3,MET,inactive,0,out,out,inactive,1,2.27,258,True,True,12.081061411891586,-2.308038279318787,ca_coordinates,PCA
val,3r7o,MET,active,1,in,in,active,1,2.3,299,True,True,-1.246631564165081,-3.9113796216322814,ca_coordinates,PCA
val,3cth,MET,inactive,0,out,in,dfg_out_alphac_in,1,2.3,295,True,True,-1.999861810016611,2.2268247240867414,ca_coordinates,PCA
val,6xva,KIT,inactive,0,out,in,dfg_out_alphac_in,1,2.3,288,True,True,-0.8885158599492937,7.009370613597588,ca_coordinates,PCA
val,6gqk,KIT,inactive,0,out,in,dfg_out_alphac_in,1,2.31,293,True,True,-0.9056456637101825,6.970098550552875,ca_coordinates,PCA
val,6gqj,KIT,inactive,0,out,in,dfg_out_alphac_in,1,2.33,298,True,True,-1.1817510125589192,7.102656935713542,ca_coordinates,PCA
val,7khk,KIT,active,1,in,in,active,1,2.34,291,True,True,1.8485146617651953,-5.7363745106179165,ca_coordinates,PCA
val,6sd9,MET,inactive,0,out,in,dfg_out_alphac_in,1,2.35,265,True,True,-0.9112280904849774,-0.08302605666427114,ca_coordinates,PCA
val,8an8,MET,inactive,0,out,in,dfg_out_alphac_in,1,2.394,244,True,True,-3.6716828322272823,-3.2832486278053046,ca_coordinates,PCA
val,4knb,MET,inactive,0,in,out,dfg_in_alphac_out,1,2.4,273,True,True,-1.755811099040846,-7.288277133409657,ca_coordinates,PCA
val,3l8v,MET,inactive,0,out,in,dfg_out_alphac_in,1,2.4,293,True,True,-1.4209505420530564,2.1921605769681407,ca_coordinates,PCA
val,8pqg,KIT,active,1,in,in,active,1,2.4,292,True,True,-0.24574657540436665,7.485179648425497,ca_coordinates,PCA
val,3ce3,MET,inactive,0,out,in,dfg_out_alphac_in,1,2.4,293,True,True,-1.9915124830931912,2.35189265951512,ca_coordinates,PCA
val,4gg5,MET,inactive,0,in,out,dfg_in_alphac_out,1,2.42,274,True,True,-0.24886402170530816,-8.313263090475344,ca_coordinates,PCA
val,6sde,MET,inactive,0,in,out,dfg_in_alphac_out,1,2.49,268,True,True,-3.358714366602915,-4.8809176982813565,ca_coordinates,PCA
val,3f82,MET,inactive,0,out,in,dfg_out_alphac_in,1,2.5,278,True,True,12.315401420216393,-1.2718503365800522,ca_coordinates,PCA
val,3ctj,MET,inactive,0,out,in,dfg_out_alphac_in,1,2.5,289,False,True,4.307798018812002,-5.264116301545447,ca_coordinates,PCA
val,2rfn,MET,inactive,0,na,in,unknown,1,2.5,268,False,True,1.906402339570921,-7.63128949792591,ca_coordinates,PCA
val,3a4p,MET,inactive,0,in,out,dfg_in_alphac_out,1,2.54,285,True,True,-1.8380521694897292,0.20538487987892254,ca_coordinates,PCA
val,5dg5,MET,inactive,0,out,in,dfg_out_alphac_in,1,2.6,297,True,True,-3.4891012549057185,-0.8754099016319313,ca_coordinates,PCA
val,3efj,MET,inactive,0,na,out,unknown,1,2.6,276,False,True,2.017165518401885,-7.606227995797918,ca_coordinates,PCA
val,3g0f,KIT,inactive,0,out,in,dfg_out_alphac_in,1,2.6,291,True,True,-3.2648130175257415,5.568044695441807,ca_coordinates,PCA
val,8owg,MET,inactive,0,out,out,inactive,1,2.631,244,True,True,14.792610325100096,-1.3567080744841287,ca_coordinates,PCA
val,8k78,MET,inactive,0,in,out,dfg_in_alphac_out,0,2.67,298,True,True,-0.32706640504480516,-8.257008152913032,ca_coordinates,PCA
val,8gvj,MET,inactive,0,in,out,dfg_in_alphac_out,1,2.71,285,True,True,-0.42510435832515264,-8.240030129371423,ca_coordinates,PCA
val,8au5,MET,inactive,0,in,out,dfg_in_alphac_out,1,2.72,265,True,True,-3.373438641035807,-6.956846787046239,ca_coordinates,PCA
val,7khj,KIT,active,1,in,in,active,1,2.8,288,True,True,-1.047115649405684,-7.3038926848694325,ca_coordinates,PCA
val,1pkg,KIT,active,1,in,in,active,1,2.9,277,True,True,-6.4908534030089085,-7.94033922208048,ca_coordinates,PCA
val,7zy6,KIT,inactive,0,out,in,dfg_out_alphac_in,1,3.09,293,True,True,-3.1597370716883195,5.993650967536681,ca_coordinates,PCA
val,8dfp,KIT,inactive,0,out,out,inactive,0,3.17,438,False,True,-4.112809305495211,-3.3544184518651394,ca_coordinates,PCA
val,6xv9,KIT,inactive,0,out,in,dfg_out_alphac_in,1,3.38,292,True,True,-1.5635456820239426,7.0345597641572795,ca_coordinates,PCA
val,8dfm,KIT,inactive,0,out-like,out,inactive,0,3.45,441,False,True,-3.1889814985669562,-3.8526644494548,ca_coordinates,PCA
val,8dfq,KIT,inactive,0,out-like,out,inactive,0,3.96,438,False,True,-3.2669076796762635,-3.796831422398012,ca_coordinates,PCA
test,5grn,PDGFRA,inactive,0,out,in,dfg_out_alphac_in,1,1.77,285,True,True,0.12240021625384703,6.932586259196783,ca_coordinates,PCA
test,8pqj,PDGFRA,inactive,0,out,in,dfg_out_alphac_in,0,1.82,329,True,True,7.680886131792053,-1.9387281770611529,ca_coordinates,PCA
test,6a32,PDGFRA,inactive,0,out,in,dfg_out_alphac_in,0,1.87,336,True,True,-0.25633706206160084,6.183626388204549,ca_coordinates,PCA
test,6jol,PDGFRA,inactive,0,out,in,dfg_out_alphac_in,1,1.9,279,True,True,-2.5776810007235516,6.711279665456318,ca_coordinates,PCA
test,8exl,PIK3CA,active,1,in,in,active,1,1.989,892,True,True,-3.566228341920026,-4.777003222027771,ca_coordinates,PCA
test,8pqk,PDGFRA,inactive,0,out,in,dfg_out_alphac_in,0,2.0,322,True,True,0.14792808807467608,6.697284646755147,ca_coordinates,PCA
test,7jiu,PIK3CA,active,1,in,in,active,1,2.12,900,True,True,-3.8132041556308933,-4.817729809878323,ca_coordinates,PCA
test,5k5x,PDGFRA,inactive,0,out,in,dfg_out_alphac_in,0,2.17,345,True,True,1.125643702384339,4.784076988731193,ca_coordinates,PCA
test,6pys,PIK3CA,active,1,in,in,active,1,2.19,890,True,True,-3.5652474489344876,-4.719002205709899,ca_coordinates,PCA
test,4jps,PIK3CA,active,1,in,in,active,1,2.2,999,True,True,13.231142072139368,-4.112200681517855,ca_coordinates,PCA
test,7pg5,PIK3CA,active,1,in,in,active,0,2.20029,1028,True,True,13.646125469293771,-3.805152464165639,ca_coordinates,PCA
test,5dxt,PIK3CA,active,1,in,in,active,1,2.25,879,True,True,-3.613386273685548,-4.376735983634986,ca_coordinates,PCA
test,8sbc,PIK3CA,active,1,in,in,active,1,2.3,970,True,True,11.90871954711055,-3.4066625456261104,ca_coordinates,PCA
test,4waf,PIK3CA,active,1,in,in,active,1,2.39,1017,True,True,13.23872334532232,-4.345282347563064,ca_coordinates,PCA
test,5ubr,PIK3CA,active,1,in,in,active,1,2.4,887,True,True,-3.542413892867478,-4.305089609228463,ca_coordinates,PCA
test,7tz7,PIK3CA,active,1,in,in,active,1,2.41,988,True,True,12.055635427794627,-3.6765534593154414,ca_coordinates,PCA
test,8dcp,PIK3CA,active,1,in,in,active,0,2.41,1005,True,True,13.585420121444926,-3.613604805398557,ca_coordinates,PCA
test,8bfu,PIK3CA,active,1,in,in,active,0,2.41,880,True,True,-3.328996098676223,-4.880613798454363,ca_coordinates,PCA
test,7k6m,PIK3CA,active,1,in,in,active,1,2.413,878,True,True,-3.971457220159024,-4.760228461768576,ca_coordinates,PCA
test,8exo,PIK3CA,active,1,in,in,active,1,2.46,900,True,True,-3.497712264220886,-4.717308224374004,ca_coordinates,PCA
test,8exv,PIK3CA,active,1,in,in,active,1,2.48,895,True,True,-3.568878063481107,-4.726778873106951,ca_coordinates,PCA
test,7pg6,PIK3CA,active,1,in,in,active,1,2.49944,1026,True,True,13.430032401800641,-3.95970673643354,ca_coordinates,PCA
test,5fi4,PIK3CA,active,1,in,in,active,1,2.5,1009,True,True,13.018825389359625,-4.307921353033521,ca_coordinates,PCA
test,5uk8,PIK3CA,active,1,in,in,active,1,2.5,1008,True,True,13.153475649817592,-4.421624758894433,ca_coordinates,PCA
test,8pqh,PDGFRA,active,1,in,in,active,1,2.5,321,True,True,6.765326935733525,-2.063982684231001,ca_coordinates,PCA
test,6gvf,PIK3CA,active,1,in,in,active,1,2.5,910,True,True,-2.9657242438462106,-5.380381999876144,ca_coordinates,PCA
test,4l23,PIK3CA,active,1,in,in,active,1,2.5,1014,True,True,13.752246175891454,-3.336565023145179,ca_coordinates,PCA
test,8tsa,PIK3CA,active,1,in,in,active,1,2.51,1005,True,True,12.368996656852824,-5.142798375364227,ca_coordinates,PCA
test,5xgi,PIK3CA,active,1,in,in,active,1,2.56,1013,True,True,13.54797072931689,-3.4881748049837826,ca_coordinates,PCA
test,8bfv,PIK3CA,active,1,in,in,active,1,2.57,895,True,True,-3.868686157067257,-5.330007733444317,ca_coordinates,PCA
test,8ow2,PIK3CA,active,1,in,in,active,1,2.57,895,True,True,-3.868216748913075,-5.326023385958701,ca_coordinates,PCA
test,4l1b,PIK3CA,active,1,in,in,active,0,2.59,994,True,True,13.746922093045802,-3.421944180375177,ca_coordinates,PCA
test,8pqi,PDGFRA,active,1,in,in,active,1,2.6,299,True,True,-1.6466581338536816,7.20416431985786,ca_coordinates,PCA
test,6joj,PDGFRA,inactive,0,out-like,in,dfg_out_alphac_in,1,2.6,338,True,True,1.125992285462937,5.58937578800936,ca_coordinates,PCA
test,8v8v,PIK3CA,active,1,in,in,active,1,2.61,1012,True,True,12.97815221761971,-4.540750551873039,ca_coordinates,PCA
test,8gud,PIK3CA,active,1,in,in,active,1,2.62,835,True,True,-4.060042567802519,-4.315272460847018,ca_coordinates,PCA
test,4zop,PIK3CA,active,1,in,in,active,1,2.62,1000,True,True,13.197719147373688,-3.9411386515234463,ca_coordinates,PCA
test,4tuu,PIK3CA,active,1,in,in,active,0,2.64,879,True,True,-3.574988770013956,-4.50667785511547,ca_coordinates,PCA
test,8twy,PIK3CA,active,1,in,in,active,1,2.67,853,True,True,-3.691343427062964,-4.541797351989295,ca_coordinates,PCA
test,8exu,PIK3CA,active,1,in,in,active,1,2.68,898,True,True,-3.5620548724859833,-4.752442338861333,ca_coordinates,PCA
test,7r9v,PIK3CA,active,1,in,in,active,1,2.69,855,True,True,-3.6801441066899705,-4.549416754287404,ca_coordinates,PCA
test,8w9a,PIK3CA,active,1,in,in,active,1,2.7,969,True,True,12.909114040896736,-3.9810204000822638,ca_coordinates,PCA
test,8tsd,PIK3CA,active,1,in,in,active,1,2.7,1005,True,True,12.138722576075017,-5.230292772836574,ca_coordinates,PCA
test,8ts7,PIK3CA,active,1,in,in,active,0,2.71,997,True,True,12.571786180357778,-4.995113005663916,ca_coordinates,PCA
test,8ts8,PIK3CA,active,1,in,in,active,0,2.72,992,True,True,12.46874100094398,-5.0392389235681145,ca_coordinates,PCA
test,8gub,PIK3CA,active,1,in,in,active,1,2.73,977,True,True,13.354382080941763,-3.4829678435465765,ca_coordinates,PCA
test,7k6o,PIK3CA,active,1,in,in,active,1,2.738,852,True,True,10.165391135995204,-1.499184276899891,ca_coordinates,PCA
test,6gvh,PIK3CA,active,1,in,in,active,1,2.74,913,True,True,-2.873156198810696,-5.199186286136534,ca_coordinates,PCA
test,7k6n,PIK3CA,active,1,in,in,active,1,2.77,875,True,True,-3.654921912971421,-4.631492691139268,ca_coordinates,PCA
test,8gua,PIK3CA,active,1,in,in,active,1,2.77,855,True,True,-4.37951152327685,-4.517768766600523,ca_coordinates,PCA
test,7myn,PIK3CA,inactive,0,out-like,in,dfg_out_alphac_in,0,2.79,977,True,True,12.947975239475733,-3.721852501864138,ca_coordinates,PCA
test,8dcx,PIK3CA,active,1,in,in,active,0,2.8,930,True,True,10.526834271552376,-5.487209594214093,ca_coordinates,PCA
test,4l2y,PIK3CA,active,1,in,in,active,1,2.8,991,True,True,13.669820250745692,-3.53118765549266,ca_coordinates,PCA
test,3hhm,PIK3CA,active,1,in,in,active,1,2.8,1032,True,True,8.251067930189418,1.7060026287061638,ca_coordinates,PCA
test,5ukj,PIK3CA,active,1,in,in,active,1,2.8,1009,True,True,13.238610196599055,-4.330931695141696,ca_coordinates,PCA
test,8am0,PIK3CA,active,1,in,in,active,1,2.818,1031,True,True,13.29809417403632,-4.259523141213046,ca_coordinates,PCA
test,8ts9,PIK3CA,active,1,in,in,active,1,2.83,1004,True,True,12.065188607098841,-5.334944661088328,ca_coordinates,PCA
test,3zim,PIK3CA,active,1,in,in,active,1,2.85,886,True,True,-3.368704735881319,-4.336161225105475,ca_coordinates,PCA
test,4tv3,PIK3CA,active,1,in,in,active,1,2.85,879,True,True,-3.6239035463959994,-4.508149752365265,ca_coordinates,PCA
test,7r9y,PIK3CA,active,1,in,in,active,1,2.85,853,True,True,-3.6875093293655983,-4.552489133448335,ca_coordinates,PCA
test,4ykn,PIK3CA,active,1,in,in,active,1,2.9,1205,True,True,9.901494530424594,-0.4183539606171467,ca_coordinates,PCA
test,6gvi,PIK3CA,active,1,in,in,active,1,2.9,910,True,True,-2.97938157601992,-5.416291492365994,ca_coordinates,PCA
test,7k71,PIK3CA,active,1,in,in,active,1,2.9,843,True,True,-4.095986170860892,-4.252396979827821,ca_coordinates,PCA
test,7mlk,PIK3CA,active,1,in,in,active,1,2.91,888,True,True,-3.6093234921710065,-4.453560168287409,ca_coordinates,PCA
test,7myo,PIK3CA,active,1,in,na,unknown,0,2.92,286,False,True,-1.3972966506483606,3.5165832226211804,ca_coordinates,PCA
test,8tgd,PIK3CA,active,1,in,in,active,1,2.928,1027,True,True,13.14818354623845,-4.501535541811407,ca_coordinates,PCA
test,8v8u,PIK3CA,active,1,in,in,active,1,2.93,1054,True,True,13.724552278353553,-3.1375330972919993,ca_coordinates,PCA
test,4ovu,PIK3CA,active,1,in,in,active,0,2.96,1044,True,True,13.86660462045173,-3.5269609292178146,ca_coordinates,PCA
test,5xgj,PIK3CA,active,1,in,in,active,1,2.97,980,True,True,12.361593431806245,-2.901006220722771,ca_coordinates,PCA
test,5xgh,PIK3CA,active,1,in,in,active,1,2.97,993,True,True,12.473924000311747,-4.060184378926966,ca_coordinates,PCA
test,6gvg,PIK3CA,active,1,in,in,active,1,3.0,910,True,True,-2.988242397505843,-5.401218388511821,ca_coordinates,PCA
test,5ul1,PIK3CA,active,1,in,in,active,1,3.0,1000,True,True,12.97649847825444,-4.368380260585358,ca_coordinates,PCA
test,8w9b,PIK3CA,active,1,in,in,active,1,3.0,966,True,True,12.428674513806826,-4.2536714984757324,ca_coordinates,PCA
test,5dxh,PIK3CA,active,1,in,in,active,1,3.0,981,True,True,13.190739299374929,-4.14705010652079,ca_coordinates,PCA
test,5itd,PIK3CA,active,1,in,in,active,1,3.02,995,True,True,13.365183264512584,-3.727112820435639,ca_coordinates,PCA
test,2rd0,PIK3CA,active,1,in,in,active,0,3.05,997,True,True,12.980393021808528,-3.8970133756937053,ca_coordinates,PCA
test,8ilr,PIK3CA,active,1,in,in,active,1,3.05,977,True,True,12.878468909782253,-3.798503696844956,ca_coordinates,PCA
test,6joi,PDGFRA,inactive,0,in,out,dfg_in_alphac_out,1,3.1,296,True,True,-6.905694481322926,-7.139660308290596,ca_coordinates,PCA
test,8dd4,PIK3CA,active,1,in,in,active,0,3.1,981,True,True,13.10302239432841,-3.705887376496695,ca_coordinates,PCA
test,8sbj,PIK3CA,active,1,in,in,active,1,3.1,986,True,True,13.350839650696503,-2.9304186743596023,ca_coordinates,PCA
test,8ils,PIK3CA,active,1,in,in,active,1,3.1,977,True,True,12.95581843316918,-3.716338073169958,ca_coordinates,PCA
test,5swg,PIK3CA,active,1,in,in,active,1,3.11,1041,True,True,13.866649747998519,-3.5140457004266663,ca_coordinates,PCA
test,8tdu,PIK3CA,active,1,in,in,active,1,3.11,1021,True,True,12.923530842213452,-4.487600951181685,ca_coordinates,PCA
test,8tu6,PIK3CA,active,1,in,in,active,0,3.12,981,True,True,12.882383835994727,-4.430395947260319,ca_coordinates,PCA
test,6oac,PIK3CA,active,1,in,in,active,1,3.15,847,True,True,-3.9233874617682774,-4.504576031309178,ca_coordinates,PCA
test,8ilv,PIK3CA,inactive,0,out-like,in,dfg_out_alphac_in,1,3.19,971,True,True,13.015717098362273,-3.679743354366508,ca_coordinates,PCA
test,8v8i,PIK3CA,active,1,in,in,active,1,3.2,990,True,True,12.900478636833403,-4.2555049494664505,ca_coordinates,PCA
test,5sxb,PIK3CA,active,1,in,in,active,0,3.3,1056,True,True,13.878887191191138,-3.430590653563843,ca_coordinates,PCA
test,5sw8,PIK3CA,active,1,in,in,active,1,3.3,1030,True,True,13.464856186930882,-3.940557697569725,ca_coordinates,PCA
test,3hiz,PIK3CA,active,1,in,in,active,0,3.3,1024,True,True,13.170107555347952,-4.023128641945029,ca_coordinates,PCA
test,5swr,PIK3CA,active,1,in,in,active,1,3.31,1051,True,True,13.780253617580966,-3.5410269536614614,ca_coordinates,PCA
test,6nct,PIK3CA,inactive,0,out-like,in,dfg_out_alphac_in,0,3.35,1039,True,True,13.688352188008798,-3.687078589649161,ca_coordinates,PCA
test,8v8j,PIK3CA,active,1,in,in,active,1,3.35,1017,True,True,12.54770536629314,-4.786889994062403,ca_coordinates,PCA
test,5sxa,PIK3CA,active,1,in,in,active,1,3.35,1049,True,True,13.89927326017701,-3.4315365942917353,ca_coordinates,PCA
test,8dd8,PIK3CA,active,1,in,in,active,0,3.4,1011,True,True,13.253529440522977,-4.0885147052098,ca_coordinates,PCA
test,5sxi,PIK3CA,active,1,in,in,active,0,3.4,1040,True,True,13.865508141196466,-3.4564292461201886,ca_coordinates,PCA
test,5swp,PIK3CA,active,1,in,in,active,1,3.41,1058,True,True,13.99622249956656,-3.299851688465606,ca_coordinates,PCA
test,5sxj,PIK3CA,active,1,in,in,active,1,3.42,1039,True,True,13.918211284248772,-3.70425868259317,ca_coordinates,PCA
test,5sxf,PIK3CA,active,1,in,in,active,1,3.46,1023,True,True,13.711615173616233,-3.809871380873777,ca_coordinates,PCA
test,5sx8,PIK3CA,active,1,in,in,active,1,3.47,1052,True,True,13.863975180735585,-3.625420260713899,ca_coordinates,PCA
test,5swt,PIK3CA,active,1,in,in,active,1,3.49,1057,True,True,13.894529773627154,-3.4128110548996586,ca_coordinates,PCA
test,5sxd,PIK3CA,active,1,in,in,active,0,3.5,1049,True,True,13.742833274706141,-3.6956534218104236,ca_coordinates,PCA
test,4ovv,PIK3CA,active,1,in,in,active,1,3.5,1042,True,True,13.712998581588241,-3.7018892356357505,ca_coordinates,PCA
test,5swo,PIK3CA,active,1,in,in,active,1,3.5,1050,True,True,13.942608339253187,-3.3571031442377004,ca_coordinates,PCA
test,5sxe,PIK3CA,inactive,0,out-like,in,dfg_out_alphac_in,1,3.51,1046,True,True,13.770758190058944,-3.626708977613604,ca_coordinates,PCA
test,5sx9,PIK3CA,active,1,in,in,active,1,3.52,1044,True,True,13.867320176034434,-3.5239784655006328,ca_coordinates,PCA
test,8tsb,PIK3CA,active,1,in,in,active,1,3.53,999,True,True,12.384906906421572,-5.137335683517825,ca_coordinates,PCA
test,5sxc,PIK3CA,active,1,in,in,active,1,3.55,1038,True,True,13.797162460134913,-3.580031792661684,ca_coordinates,PCA
test,5sxk,PIK3CA,active,1,in,in,active,0,3.55,1053,True,True,13.849376488520353,-3.632333981914684,ca_coordinates,PCA
test,8v8h,PIK3CA,active,1,in,in,active,1,3.58,1020,True,True,12.74463861395765,-4.540850086082307,ca_coordinates,PCA
test,8tsc,PIK3CA,active,1,in,in,active,1,3.62,1008,True,True,12.27067357672008,-5.203621157617415,ca_coordinates,PCA
test,6jok,PDGFRA,inactive,0,out,in,dfg_out_alphac_in,1,3.8,338,True,True,1.0248036983208306,5.414442418123072,ca_coordinates,PCA
train,5ug8,EGFR,inactive,0,out,out,inactive,1,0.0,280,True,True,-29.7759952545166,-2.312861680984497,ca_coordinates,tSNE
train,6xr7,ABL1,inactive,0,out-like,in,dfg_out_alphac_in,0,0.0,287,True,True,7.079232692718506,-30.89826202392578,ca_coordinates,tSNE
train,6xrg,ABL1,inactive,0,out,in,dfg_out_alphac_in,0,0.0,287,True,True,22.335994720458984,9.180929183959961,ca_coordinates,tSNE
train,6xr6,ABL1,active,1,in,in,active,0,0.0,287,True,True,8.013237953186035,-30.885940551757812,ca_coordinates,tSNE
train,6uan,BRAF,inactive,0,in,out,dfg_in_alphac_out,0,0.0,284,True,True,20.243892669677734,10.247335433959961,ca_coordinates,tSNE
train,6q0k,BRAF,active,1,in,in,active,0,0.0,280,True,True,4.613461017608643,31.662548065185547,ca_coordinates,tSNE
train,6q0t,BRAF,active,1,in,in,active,0,0.0,279,True,True,4.612783908843994,31.661083221435547,ca_coordinates,tSNE
train,6q0j,BRAF,active,1,in,in,active,0,0.0,280,True,True,4.612236499786377,31.6605167388916,ca_coordinates,tSNE
train,5ug9,EGFR,inactive,0,out,out,inactive,1,0.0,280,True,True,-29.79716682434082,-2.3146250247955322,ca_coordinates,tSNE
train,6nyb,BRAF,inactive,0,in,out,dfg_in_alphac_out,1,0.0,348,True,True,14.2642240524292,-28.48354148864746,ca_coordinates,tSNE
train,8a27,EGFR,inactive,0,in,out,dfg_in_alphac_out,1,1.07,269,True,True,-7.795854091644287,20.551712036132812,ca_coordinates,tSNE
train,8a2d,EGFR,inactive,0,in,out,dfg_in_alphac_out,1,1.11,281,True,True,-10.723479270935059,21.745759963989258,ca_coordinates,tSNE
train,5hg8,EGFR,inactive,0,out,out,inactive,1,1.42,300,True,True,-0.659622073173523,32.82233810424805,ca_coordinates,tSNE
train,8a2a,EGFR,inactive,0,in,out,dfg_in_alphac_out,1,1.43,306,True,True,-8.62908935546875,24.853694915771484,ca_coordinates,tSNE
train,4gv1,AKT1,active,1,in,in,active,1,1.49,329,True,True,-7.703401565551758,-39.54690933227539,ca_coordinates,tSNE
train,6tfv,EGFR,inactive,0,in,out,dfg_in_alphac_out,1,1.5,268,True,True,-9.870559692382812,-27.336383819580078,ca_coordinates,tSNE
train,6tg0,EGFR,inactive,0,in,out,dfg_in_alphac_out,1,1.5,267,True,True,-12.170966148376465,-33.998291015625,ca_coordinates,tSNE
train,3poz,EGFR,inactive,0,in,out,dfg_in_alphac_out,1,1.5,293,True,True,19.665546417236328,4.613495826721191,ca_coordinates,tSNE
train,5hg5,EGFR,inactive,0,out,out,inactive,1,1.52,302,True,True,-0.6569781303405762,32.822532653808594,ca_coordinates,tSNE
train,5hu9,ABL1,inactive,0,out,in,dfg_out_alphac_in,1,1.53,267,True,True,2.5890209674835205,24.049518585205078,ca_coordinates,tSNE
train,4z55,ALK,active,1,in,in,active,1,1.55,294,True,True,4.820279598236084,30.528789520263672,ca_coordinates,tSNE
train,5cno,EGFR,inactive,0,in,out,dfg_in_alphac_out,1,1.55,300,True,True,-6.80390739440918,16.936391830444336,ca_coordinates,tSNE
train,5ugc,EGFR,inactive,0,out,out,inactive,1,1.58,280,True,True,-30.178884506225586,-2.325787305831909,ca_coordinates,tSNE
train,6tg1,EGFR,inactive,0,in,out,dfg_in_alphac_out,1,1.6,268,True,True,-12.686614036560059,-34.40080261230469,ca_coordinates,tSNE
train,7si1,EGFR,active,1,in,in,active,0,1.6,280,True,True,19.108909606933594,12.281758308410645,ca_coordinates,tSNE
train,5u8l,EGFR,inactive,0,out,out,inactive,1,1.6,289,True,True,-0.6273248195648193,32.851524353027344,ca_coordinates,tSNE
train,5a9u,ALK,active,1,in,in,active,1,1.6,292,True,True,8.685627937316895,25.29758071899414,ca_coordinates,tSNE
train,5ew8,FGFR1,active,1,in,in,active,1,1.63,290,True,True,-15.38863754272461,27.29448127746582,ca_coordinates,tSNE
train,8arj,ALK,active,1,in,in,active,1,1.645,275,True,True,22.826818466186523,9.85663890838623,ca_coordinates,tSNE
train,4wun,FGFR1,active,1,in,in,active,1,1.65,282,True,True,-17.211416244506836,-32.98204040527344,ca_coordinates,tSNE
train,8c7x,BRAF,inactive,0,out,out,inactive,1,1.65,274,True,True,1.0034265518188477,29.39771270751953,ca_coordinates,tSNE
train,8c7y,BRAF,inactive,0,out,in,dfg_out_alphac_in,1,1.65,275,True,True,0.9930152893066406,29.381671905517578,ca_coordinates,tSNE
train,4clj,ALK,active,1,in,in,active,1,1.66,295,True,True,8.801233291625977,27.51556968688965,ca_coordinates,tSNE
train,8u8x,ERBB2,inactive,0,out-like,out,inactive,1,1.69,308,True,True,14.981219291687012,-29.69635772705078,ca_coordinates,tSNE
train,8a2b,EGFR,inactive,0,in,out,dfg_in_alphac_out,1,1.69,272,True,True,-13.081016540527344,-33.847328186035156,ca_coordinates,tSNE
train,5aac,ALK,active,1,in,in,active,1,1.7,292,True,True,8.128418922424316,24.937129974365234,ca_coordinates,tSNE
train,4fnx,ALK,active,1,in,in,active,0,1.7,292,True,True,1.0727382898330688,19.7268009185791,ca_coordinates,tSNE
train,2hzi,ABL1,inactive,0,out-like,in,dfg_out_alphac_in,1,1.7,264,True,True,6.7053070068359375,-31.812728881835938,ca_coordinates,tSNE
train,3w33,EGFR,inactive,0,in,out,dfg_in_alphac_out,1,1.7,297,True,True,-6.578403472900391,17.243879318237305,ca_coordinates,tSNE
train,4foc,ALK,active,1,in,in,active,1,1.7,296,True,True,7.722165107727051,26.71013641357422,ca_coordinates,tSNE
train,5ftq,ALK,active,1,in,in,active,1,1.7,293,True,True,7.17495059967041,25.71678924560547,ca_coordinates,tSNE
train,6tfy,EGFR,inactive,0,in,out,dfg_in_alphac_out,1,1.7,264,True,True,-8.595541954040527,-26.734294891357422,ca_coordinates,tSNE
train,4anl,ALK,active,1,in,in,active,0,1.7,292,True,True,8.024104118347168,25.63603973388672,ca_coordinates,tSNE
train,2yfx,ALK,active,1,in,in,active,1,1.7,292,True,True,8.895853042602539,26.077003479003906,ca_coordinates,tSNE
train,4i22,EGFR,inactive,0,in,out,dfg_in_alphac_out,1,1.71,297,True,True,-6.804516315460205,16.88174819946289,ca_coordinates,tSNE
train,7ozb,FGFR1,active,1,in,in,active,1,1.71,288,True,True,-14.014693260192871,31.12627410888672,ca_coordinates,tSNE
train,4cmt,ALK,active,1,in,in,active,1,1.73,284,True,True,1.7236692905426025,21.193180084228516,ca_coordinates,tSNE
train,5aaa,ALK,active,1,in,in,active,1,1.73,294,True,True,9.360491752624512,27.600128173828125,ca_coordinates,tSNE
train,3aox,ALK,active,1,in,in,active,1,1.75,298,True,True,6.549449443817139,24.152957916259766,ca_coordinates,tSNE
train,4fnw,ALK,active,1,in,in,active,0,1.75,304,True,True,22.8227596282959,10.045443534851074,ca_coordinates,tSNE
train,4anq,ALK,active,1,in,in,active,1,1.76,293,True,True,8.939433097839355,26.120769500732422,ca_coordinates,tSNE
train,6wxn,EGFR,inactive,0,in,out,dfg_in_alphac_out,0,1.76,298,True,True,-8.409893989562988,20.084152221679688,ca_coordinates,tSNE
train,7pcd,ERBB2,active,1,in,in,active,1,1.77,272,True,True,-8.455499649047852,25.16729736328125,ca_coordinates,tSNE
train,6v66,EGFR,inactive,0,in,out,dfg_in_alphac_out,1,1.79,314,True,True,-8.216609954833984,28.455808639526367,ca_coordinates,tSNE
train,4ctb,ALK,active,1,in,in,active,1,1.79,292,True,True,7.9374589920043945,25.11320686340332,ca_coordinates,tSNE
train,4i24,EGFR,inactive,0,in,out,dfg_in_alphac_out,1,1.8,304,True,True,-9.978622436523438,21.505964279174805,ca_coordinates,tSNE
train,3l9p,ALK,active,1,in,in,active,0,1.8,303,True,True,13.461587905883789,-29.451995849609375,ca_coordinates,tSNE
train,4cmu,ALK,active,1,in,in,active,1,1.8,294,True,True,9.429879188537598,27.227230072021484,ca_coordinates,tSNE
train,6cdt,ALK,active,1,in,in,active,0,1.8,292,True,True,8.21436882019043,25.797616958618164,ca_coordinates,tSNE
train,6tfz,EGFR,inactive,0,in,out,dfg_in_alphac_out,1,1.8,264,True,True,-11.365625381469727,-33.249053955078125,ca_coordinates,tSNE
train,2g1t,ABL1,inactive,0,in,out,dfg_in_alphac_out,0,1.8,277,True,True,14.090036392211914,-29.123844146728516,ca_coordinates,tSNE
train,5gnk,EGFR,active,1,in,in,active,1,1.8,277,True,True,-9.947505950927734,20.35919189453125,ca_coordinates,tSNE
train,3w32,EGFR,inactive,0,in,out,dfg_in_alphac_out,1,1.8,317,True,True,14.51180648803711,-29.81635093688965,ca_coordinates,tSNE
train,5uga,EGFR,inactive,0,out,out,inactive,1,1.82,283,True,True,-0.7501124739646912,32.73283004760742,ca_coordinates,tSNE
train,7ozd,FGFR1,active,1,in,in,active,1,1.82,282,True,True,-16.26964569091797,27.998523712158203,ca_coordinates,tSNE
train,3qrj,ABL1,inactive,0,out,in,dfg_out_alphac_in,1,1.82,258,True,True,-5.318055152893066,13.057706832885742,ca_coordinates,tSNE
train,7ozf,FGFR1,active,1,in,in,active,1,1.82,288,True,True,-15.429215431213379,29.30377960205078,ca_coordinates,tSNE
train,4cmo,ALK,active,1,in,in,active,1,1.83,295,True,True,9.237347602844238,26.948646545410156,ca_coordinates,tSNE
train,7jxq,EGFR,inactive,0,in,out,dfg_in_alphac_out,1,1.83,296,True,True,-9.479973793029785,21.2093448638916,ca_coordinates,tSNE
train,7r7k,ALK,active,1,in,in,active,1,1.831,290,True,True,8.488704681396484,25.060354232788086,ca_coordinates,tSNE
train,5x2a,EGFR,inactive,0,in,out,dfg_in_alphac_out,1,1.85,322,True,True,-8.318277359008789,28.349660873413086,ca_coordinates,tSNE
train,4ans,ALK,active,1,in,in,active,1,1.85,293,True,True,8.605032920837402,26.04297637939453,ca_coordinates,tSNE
train,3pyy,ABL1,inactive,0,out,in,dfg_out_alphac_in,1,1.85,257,True,True,-5.338962078094482,14.719680786132812,ca_coordinates,tSNE
train,5hg7,EGFR,inactive,0,out,out,inactive,1,1.85,280,True,True,14.069461822509766,-31.528846740722656,ca_coordinates,tSNE
train,4wkq,EGFR,active,1,in,in,active,1,1.85,296,True,True,-32.78601837158203,-2.446161985397339,ca_coordinates,tSNE
train,6npv,ABL1,inactive,0,out,in,dfg_out_alphac_in,1,1.86,264,True,True,-5.2850422859191895,13.377204895019531,ca_coordinates,tSNE
train,5aa8,ALK,active,1,in,in,active,1,1.86,292,True,True,8.315381050109863,25.308208465576172,ca_coordinates,tSNE
train,7btt,ALK,active,1,in,in,active,1,1.86,304,True,True,13.272134780883789,-29.43292808532715,ca_coordinates,tSNE
train,5iui,ALK,active,1,in,in,active,1,1.88,303,True,True,8.454398155212402,28.223600387573242,ca_coordinates,tSNE
train,5cnn,EGFR,inactive,0,in,out,dfg_in_alphac_out,1,1.9,300,True,True,-7.433073997497559,17.593334197998047,ca_coordinates,tSNE
train,1blx,CDK6,inactive,0,in,out,dfg_in_alphac_out,0,1.9,305,True,True,19.204940795898438,8.567419052124023,ca_coordinates,tSNE
train,7a2a,EGFR,inactive,0,in,out,dfg_in_alphac_out,1,1.9,266,True,True,-11.2825345993042,-33.16287612915039,ca_coordinates,tSNE
train,3w2s,EGFR,inactive,0,in,out,dfg_in_alphac_out,1,1.9,307,True,True,-8.461138725280762,22.79201316833496,ca_coordinates,tSNE
train,6p8q,EGFR,inactive,0,in,out,dfg_in_alphac_out,1,1.9,309,True,True,-9.16589641571045,21.867481231689453,ca_coordinates,tSNE
train,2xp2,ALK,active,1,in,in,active,1,1.9,285,True,True,23.90308952331543,9.189806938171387,ca_coordinates,tSNE
train,7nh5,AKT1,inactive,0,out,na,unknown,1,1.9,383,True,True,-11.737147331237793,-39.673118591308594,ca_coordinates,tSNE
train,8uw9,AKT1,inactive,0,out,na,unknown,1,1.9,388,True,True,-2.6907765865325928,24.82489585876465,ca_coordinates,tSNE
train,4wrg,EGFR,active,1,in,in,active,0,1.9,289,True,True,-32.3536491394043,-3.04042911529541,ca_coordinates,tSNE
train,2yjs,ALK,active,1,in,in,active,0,1.9,286,True,True,2.5549356937408447,21.369260787963867,ca_coordinates,tSNE
train,3qkl,AKT1,active,1,in,in,active,1,1.9,317,True,True,-21.861371994018555,4.20850133895874,ca_coordinates,tSNE
train,2yjr,ALK,active,1,in,in,active,0,1.9,278,True,True,23.366416931152344,9.91288948059082,ca_coordinates,tSNE
train,4cnh,ALK,active,1,in,in,active,1,1.9,285,True,True,3.0911169052124023,21.646507263183594,ca_coordinates,tSNE
train,4fob,ALK,active,1,in,in,active,1,1.9,295,True,True,5.975462913513184,24.9948787689209,ca_coordinates,tSNE
train,2yhv,ALK,active,1,in,in,active,0,1.9,291,True,True,7.5873284339904785,24.706249237060547,ca_coordinates,tSNE
train,5o49,FGFR1,active,1,in,in,active,1,1.91,286,True,True,-14.582350730895996,28.223342895507812,ca_coordinates,tSNE
train,2f4j,ABL1,active,1,in,in,active,1,1.91,287,True,True,5.6256842613220215,-30.84117889404297,ca_coordinates,tSNE
train,9bfb,BRAF,inactive,0,in,out,dfg_in_alphac_out,1,1.92,272,True,True,3.617175340652466,30.23503303527832,ca_coordinates,tSNE
train,5iug,ALK,inactive,0,out,in,dfg_out_alphac_in,1,1.93,285,True,True,0.15955808758735657,20.11491584777832,ca_coordinates,tSNE
train,7k0v,BRAF,inactive,0,out,in,dfg_out_alphac_in,1,1.93,262,True,True,0.25990453362464905,24.629838943481445,ca_coordinates,tSNE
train,5aa9,ALK,active,1,in,in,active,1,1.93,295,True,True,9.361652374267578,27.71689224243164,ca_coordinates,tSNE
train,7r7r,ALK,active,1,in,in,active,1,1.935,291,True,True,7.4674530029296875,24.908884048461914,ca_coordinates,tSNE
train,5yu9,EGFR,inactive,0,in,out,dfg_in_alphac_out,1,1.95,300,True,True,-9.440117835998535,20.411821365356445,ca_coordinates,tSNE
train,3lcs,ALK,active,1,in,in,active,1,1.95,304,True,True,13.705202102661133,-30.043399810791016,ca_coordinates,tSNE
train,5ita,BRAF,inactive,0,in,out,dfg_in_alphac_out,1,1.95,252,False,True,-18.11063575744629,-6.122552871704102,ca_coordinates,tSNE
train,2xba,ALK,active,1,in,in,active,1,1.95,283,True,True,2.548079490661621,21.309648513793945,ca_coordinates,tSNE
train,5am6,FGFR1,active,1,in,in,active,1,1.96,280,True,True,-15.316549301147461,-32.08808898925781,ca_coordinates,tSNE
train,5am7,FGFR1,active,1,in,in,active,1,1.96,287,True,True,-15.61311149597168,28.427959442138672,ca_coordinates,tSNE
train,4uwc,FGFR1,active,1,in,in,active,1,1.96,301,True,True,-13.913908958435059,34.012962341308594,ca_coordinates,tSNE
train,6mx8,ALK,active,1,in,in,active,1,1.96,282,True,True,24.708166122436523,9.104959487915039,ca_coordinates,tSNE
train,5j7h,ALK,active,1,in,in,active,1,1.96,291,True,True,5.3255767822265625,24.24285125732422,ca_coordinates,tSNE
train,4zse,EGFR,inactive,0,in,out,dfg_in_alphac_out,1,1.97,297,True,True,-7.9266438484191895,18.4442138671875,ca_coordinates,tSNE
train,8uw7,AKT1,inactive,0,out,out,inactive,1,1.972,397,True,True,-10.349721908569336,-39.456573486328125,ca_coordinates,tSNE
train,6oqo,CDK6,inactive,0,in,out,dfg_in_alphac_out,1,1.977,269,True,True,24.80304718017578,7.113677501678467,ca_coordinates,tSNE
train,8sc7,EGFR,active,1,in,in,active,1,1.984,320,True,True,-32.743961334228516,1.2322129011154175,ca_coordinates,tSNE
train,8jmz,FGFR1,active,1,in,in,active,1,1.988,306,True,True,-14.518657684326172,33.857845306396484,ca_coordinates,tSNE
train,6itj,FGFR1,active,1,in,in,active,1,1.99,293,True,True,-14.4876070022583,31.883407592773438,ca_coordinates,tSNE
train,2g2h,ABL1,inactive,0,out-like,in,dfg_out_alphac_in,1,2.0,272,True,True,5.617373466491699,-30.98061180114746,ca_coordinates,tSNE
train,4fod,ALK,active,1,in,in,active,1,2.0,308,True,True,8.099674224853516,27.074478149414062,ca_coordinates,tSNE
train,1fgk,FGFR1,active,1,in,in,active,0,2.0,278,True,True,-14.989141464233398,26.083951950073242,ca_coordinates,tSNE
train,7a6k,EGFR,inactive,0,in,out,dfg_in_alphac_out,1,2.0,266,True,True,-8.591024398803711,-26.404497146606445,ca_coordinates,tSNE
train,6tfw,EGFR,inactive,0,in,out,dfg_in_alphac_out,1,2.0,266,True,True,-7.501977920532227,17.19309425354004,ca_coordinates,tSNE
train,6tfu,EGFR,inactive,0,in,out,dfg_in_alphac_out,1,2.0,260,True,True,-6.960493564605713,-26.467164993286133,ca_coordinates,tSNE
train,7jyt,ALK,active,1,in,in,active,1,2.0,281,True,True,1.2881501913070679,20.814193725585938,ca_coordinates,tSNE
train,4zsa,FGFR1,active,1,in,in,active,1,2.0,282,True,True,-16.689302444458008,27.230451583862305,ca_coordinates,tSNE
train,6mzq,FGFR1,active,1,in,in,active,1,2.0,260,True,True,-13.970462799072266,-32.30499267578125,ca_coordinates,tSNE
train,6z4d,EGFR,inactive,0,in,out,dfg_in_alphac_out,1,2.0,269,True,True,-8.103638648986816,18.553813934326172,ca_coordinates,tSNE
train,3cqw,AKT1,active,1,in,in,active,1,2.0,318,True,True,-21.412290573120117,4.5379767417907715,ca_coordinates,tSNE
train,6c1b,FGFR1,active,1,in,in,active,1,2.0,265,True,True,-14.442283630371094,-32.16510772705078,ca_coordinates,tSNE
train,4ekl,AKT1,active,1,in,in,active,1,2.0,329,True,True,-21.82674217224121,4.196324825286865,ca_coordinates,tSNE
train,7a6j,EGFR,inactive,0,in,out,dfg_in_alphac_out,1,2.0,270,True,True,-8.710492134094238,20.835533142089844,ca_coordinates,tSNE
train,2rgp,EGFR,inactive,0,in,out,dfg_in_alphac_out,1,2.0,284,True,True,19.76544189453125,4.681784152984619,ca_coordinates,tSNE
train,6xfp,BRAF,inactive,0,out,in,dfg_out_alphac_in,1,2.0,272,True,True,1.4460679292678833,29.28599739074707,ca_coordinates,tSNE
train,4xv9,BRAF,inactive,0,out,out,inactive,1,2.0,261,True,True,0.1830434799194336,24.098886489868164,ca_coordinates,tSNE
train,4ccu,ALK,active,1,in,in,active,1,2.0,292,True,True,8.866022109985352,25.504474639892578,ca_coordinates,tSNE
train,7w7x,ABL1,inactive,0,out-like,in,dfg_out_alphac_in,1,2.00001,266,True,True,5.934792518615723,-31.575084686279297,ca_coordinates,tSNE
train,4mkc,ALK,active,1,in,in,active,1,2.01,303,True,True,13.364570617675781,-29.255390167236328,ca_coordinates,tSNE
train,5o4a,FGFR1,active,1,in,in,active,1,2.01,291,True,True,-14.367347717285156,31.79149627685547,ca_coordinates,tSNE
train,3rhx,FGFR1,active,1,in,in,active,1,2.01,275,True,True,-17.32512855529785,25.119598388671875,ca_coordinates,tSNE
train,3mvh,AKT1,active,1,in,in,active,1,2.01,311,True,True,-22.06294822692871,4.395423412322998,ca_coordinates,tSNE
train,4ccb,ALK,active,1,in,in,active,1,2.03,287,True,True,23.250030517578125,9.492443084716797,ca_coordinates,tSNE
train,4ctc,ALK,active,1,in,in,active,1,2.03,288,True,True,22.51582145690918,10.111616134643555,ca_coordinates,tSNE
train,4dce,ALK,active,1,in,in,active,1,2.03,288,True,True,24.893957138061523,9.277313232421875,ca_coordinates,tSNE
train,6n0q,BRAF,inactive,0,out,in,dfg_out_alphac_in,1,2.04,257,True,True,25.665363311767578,4.813858985900879,ca_coordinates,tSNE
train,6lud,EGFR,active,1,in,in,active,1,2.05,310,True,True,-32.58441925048828,-1.625227451324463,ca_coordinates,tSNE
train,4f64,FGFR1,active,1,in,in,active,1,2.05,278,True,True,-15.070865631103516,26.10205078125,ca_coordinates,tSNE
train,5x2c,EGFR,inactive,0,in,out,dfg_in_alphac_out,1,2.05,304,True,True,-9.020683288574219,21.90694236755371,ca_coordinates,tSNE
train,3w2r,EGFR,inactive,0,in,out,dfg_in_alphac_out,1,2.05,297,True,True,-14.034285545349121,-34.87514877319336,ca_coordinates,tSNE
train,3w2p,EGFR,active,1,in,in,active,1,2.05,308,True,True,-31.703824996948242,6.1235175132751465,ca_coordinates,tSNE
train,7apj,AKT1,inactive,0,out,na,unknown,0,2.05,385,False,True,-1.1318877935409546,0.3549228012561798,ca_coordinates,tSNE
train,4cli,ALK,active,1,in,in,active,1,2.05,294,True,True,9.4552640914917,27.23768424987793,ca_coordinates,tSNE
train,6xl4,EGFR,inactive,0,in,out,dfg_in_alphac_out,1,2.06,293,True,True,-8.377443313598633,20.86886978149414,ca_coordinates,tSNE
train,3c4f,FGFR1,active,1,in,in,active,1,2.07,290,True,True,-15.512467384338379,26.946340560913086,ca_coordinates,tSNE
train,5a4c,FGFR1,active,1,in,in,active,1,2.09,286,True,True,-14.56549072265625,28.062744140625,ca_coordinates,tSNE
train,8fv3,EGFR,inactive,0,in,out,dfg_in_alphac_out,1,2.1,299,True,True,-7.963425636291504,18.34699249267578,ca_coordinates,tSNE
train,5vam,BRAF,inactive,0,out,in,dfg_out_alphac_in,1,2.1,269,True,True,1.2221018075942993,28.23590087890625,ca_coordinates,tSNE
train,7zyq,EGFR,inactive,0,in,out,dfg_in_alphac_out,1,2.1,270,True,True,-8.029160499572754,21.5795841217041,ca_coordinates,tSNE
train,3qri,ABL1,inactive,0,out,in,dfg_out_alphac_in,1,2.1,262,True,True,-5.315395355224609,13.095979690551758,ca_coordinates,tSNE
train,6v6o,EGFR,inactive,0,in,out,dfg_in_alphac_out,1,2.1,297,True,True,-9.746942520141602,20.935258865356445,ca_coordinates,tSNE
train,2hz0,ABL1,inactive,0,out,in,dfg_out_alphac_in,1,2.1,243,True,True,-7.801808834075928,-25.47930145263672,ca_coordinates,tSNE
train,5cas,EGFR,active,1,in,in,active,1,2.1,299,True,True,-5.963559150695801,-29.749265670776367,ca_coordinates,tSNE
train,5iuh,ALK,inactive,0,out,in,dfg_out_alphac_in,1,2.1,285,True,True,0.20923681557178497,20.15603256225586,ca_coordinates,tSNE
train,3lct,ALK,active,1,in,in,active,1,2.1,308,True,True,13.927290916442871,-30.139741897583008,ca_coordinates,tSNE
train,4tt7,ALK,active,1,in,in,active,1,2.1,291,True,True,21.685890197753906,10.268228530883789,ca_coordinates,tSNE
train,8uvy,AKT1,inactive,0,out,na,unknown,1,2.11,396,True,True,-2.6570825576782227,24.738033294677734,ca_coordinates,tSNE
train,6p3d,BRAF,inactive,0,out,in,dfg_out_alphac_in,1,2.11,264,True,True,23.869503021240234,4.272354602813721,ca_coordinates,tSNE
train,4v04,FGFR1,active,1,in,in,active,0,2.12,292,True,True,-14.496889114379883,32.60735321044922,ca_coordinates,tSNE
train,6c19,FGFR1,active,1,in,in,active,1,2.12,276,True,True,-15.568371772766113,30.01087188720703,ca_coordinates,tSNE
train,6npz,AKT1,active,1,in,in,active,0,2.12,320,True,True,-21.39674186706543,4.32832145690918,ca_coordinates,tSNE
train,5imx,ALK,active,1,in,in,active,1,2.12,266,True,True,10.573156356811523,26.129859924316406,ca_coordinates,tSNE
train,5hg9,EGFR,inactive,0,out,out,inactive,1,2.15,280,True,True,-9.155024528503418,16.013010025024414,ca_coordinates,tSNE
train,6npe,ABL1,inactive,0,out,in,dfg_out_alphac_in,1,2.15,256,True,True,-5.349154949188232,14.896966934204102,ca_coordinates,tSNE
train,6c1c,FGFR1,active,1,in,in,active,1,2.15,276,True,True,-17.153310775756836,-32.97466278076172,ca_coordinates,tSNE
train,5b7v,FGFR1,active,1,in,in,active,1,2.15,282,True,True,-15.94217586517334,27.49001693725586,ca_coordinates,tSNE
train,3wj6,FGFR1,active,1,in,in,active,1,2.15,277,True,True,-16.77810287475586,26.601778030395508,ca_coordinates,tSNE
train,7jxp,EGFR,inactive,0,in,out,dfg_in_alphac_out,1,2.16,308,True,True,14.993245124816895,-29.79414939880371,ca_coordinates,tSNE
train,5mo4,ABL1,inactive,0,out,in,dfg_out_alphac_in,1,2.17,429,False,True,-1.2373888492584229,-0.7883378863334656,ca_coordinates,tSNE
train,8d73,EGFR,active,1,in,in,active,1,2.17,309,True,True,-30.30131721496582,4.982745170593262,ca_coordinates,tSNE
train,6ccy,AKT1,active,1,in,in,active,1,2.18,325,True,True,-21.51271629333496,4.203548431396484,ca_coordinates,tSNE
train,5jsm,BRAF,inactive,0,in,out,dfg_in_alphac_out,0,2.19,265,True,True,1.853527307510376,26.403602600097656,ca_coordinates,tSNE
train,4nka,FGFR1,active,1,in,in,active,1,2.19,287,False,True,-1.4463251829147339,-1.7474000453948975,ca_coordinates,tSNE
train,4rwl,FGFR1,active,1,in,in,active,1,2.19,282,True,True,-15.992280006408691,27.21359634399414,ca_coordinates,tSNE
train,4ejn,AKT1,inactive,0,out,na,unknown,1,2.19,376,True,True,-11.131002426147461,-39.792076110839844,ca_coordinates,tSNE
train,7jxm,EGFR,inactive,0,in,out,dfg_in_alphac_out,1,2.192,287,True,True,-8.572392463684082,-26.672710418701172,ca_coordinates,tSNE
train,6v6k,EGFR,inactive,0,in,out,dfg_in_alphac_out,1,2.2,301,True,True,-9.287154197692871,20.21307373046875,ca_coordinates,tSNE
train,5vnd,FGFR1,active,1,in,in,active,1,2.2,302,True,True,-14.361554145812988,33.5272216796875,ca_coordinates,tSNE
train,2e2b,ABL1,inactive,0,out,in,dfg_out_alphac_in,1,2.2,270,True,True,-5.3114213943481445,13.075118064880371,ca_coordinates,tSNE
train,2hiw,ABL1,inactive,0,out,in,dfg_out_alphac_in,1,2.2,274,True,True,-3.3589794635772705,20.734580993652344,ca_coordinates,tSNE
train,6jrx,EGFR,active,1,in,in,active,1,2.2,300,True,True,-25.691919326782227,11.471538543701172,ca_coordinates,tSNE
train,7t4j,EGFR,active,1,in,in,active,1,2.2,279,True,True,3.3530113697052,-31.661155700683594,ca_coordinates,tSNE
train,6mzw,FGFR1,active,1,in,in,active,1,2.2,258,False,True,-1.2681946754455566,-2.3862383365631104,ca_coordinates,tSNE
train,8uw2,AKT1,inactive,0,out,na,unknown,1,2.2,392,True,True,-2.7021327018737793,24.814802169799805,ca_coordinates,tSNE
train,3w2q,EGFR,active,1,in,in,active,1,2.2,307,True,True,-30.58829689025879,6.368891716003418,ca_coordinates,tSNE
train,5x2f,EGFR,inactive,0,in,out,dfg_in_alphac_out,1,2.2,312,True,True,15.618647575378418,-29.604496002197266,ca_coordinates,tSNE
train,5aab,ALK,active,1,in,in,active,1,2.2,293,True,True,21.49382209777832,10.437872886657715,ca_coordinates,tSNE
train,5ur1,FGFR1,active,1,in,in,active,1,2.2,278,True,True,-17.108440399169922,-32.96514129638672,ca_coordinates,tSNE
train,4wa9,ABL1,inactive,0,out-like,in,dfg_out_alphac_in,1,2.2,276,True,True,-0.6284842491149902,31.690284729003906,ca_coordinates,tSNE
train,6duk,EGFR,inactive,0,in,out,dfg_in_alphac_out,1,2.2,296,True,True,-8.677203178405762,21.58155632019043,ca_coordinates,tSNE
train,3cqu,AKT1,active,1,in,in,active,1,2.2,318,True,True,-7.676908016204834,-39.54417037963867,ca_coordinates,tSNE
train,8fv4,EGFR,inactive,0,in,out,dfg_in_alphac_out,1,2.2,298,True,True,-8.021410942077637,17.9534912109375,ca_coordinates,tSNE
train,7n9g,ABL1,inactive,0,out-like,in,dfg_out_alphac_in,1,2.2,250,True,True,-6.022804260253906,15.921551704406738,ca_coordinates,tSNE
train,6p69,FGFR1,active,1,in,in,active,1,2.2,286,True,True,-12.292354583740234,30.480852127075195,ca_coordinates,tSNE
train,8hv4,EGFR,active,1,in,in,active,1,2.2,304,True,True,-27.0107364654541,10.786883354187012,ca_coordinates,tSNE
train,8hv6,EGFR,active,1,in,in,active,1,2.2,307,True,True,-32.76371765136719,5.136473178863525,ca_coordinates,tSNE
train,8hv5,EGFR,active,1,in,in,active,1,2.2,306,True,True,-33.25974655151367,4.622352600097656,ca_coordinates,tSNE
train,3qkm,AKT1,active,1,in,in,active,1,2.2,329,True,True,-7.669150352478027,-39.54700469970703,ca_coordinates,tSNE
train,3js2,FGFR1,active,1,in,in,active,1,2.2,295,True,True,-13.927785873413086,31.471067428588867,ca_coordinates,tSNE
train,7w7y,ABL1,inactive,0,out-like,in,dfg_out_alphac_in,1,2.20003,268,True,True,-29.068008422851562,1.3062317371368408,ca_coordinates,tSNE
train,3cs9,ABL1,inactive,0,out,in,dfg_out_alphac_in,1,2.21,247,True,True,-5.607553482055664,15.446703910827637,ca_coordinates,tSNE
train,5fto,ALK,active,1,in,in,active,1,2.22,298,True,True,6.988078594207764,26.68246841430664,ca_coordinates,tSNE
train,7jys,ALK,active,1,in,in,active,1,2.22,281,True,True,1.2993351221084595,20.83744239807129,ca_coordinates,tSNE
train,4cd0,ALK,active,1,in,in,active,1,2.23,295,True,True,8.812911033630371,27.484142303466797,ca_coordinates,tSNE
train,3pp0,ERBB2,active,1,in,in,active,1,2.25,286,True,True,7.362422943115234,-30.2296085357666,ca_coordinates,tSNE
train,5cau,EGFR,active,1,in,in,active,1,2.25,297,True,True,-6.398947238922119,-29.484312057495117,ca_coordinates,tSNE
train,5val,BRAF,inactive,0,out,in,dfg_out_alphac_in,1,2.26,254,True,True,26.141756057739258,4.662545680999756,ca_coordinates,tSNE
train,4f65,FGFR1,active,1,in,in,active,1,2.26,279,False,True,-1.4801177978515625,-1.903417706489563,ca_coordinates,tSNE
train,2fo0,ABL1,inactive,0,out-like,in,dfg_out_alphac_in,1,2.27,465,True,True,12.728577613830566,-29.649091720581055,ca_coordinates,tSNE
train,5l2s,CDK6,inactive,0,in,out,dfg_in_alphac_out,1,2.27,263,True,True,27.724733352661133,9.641510963439941,ca_coordinates,tSNE
train,8h7h,ABL1,inactive,0,out-like,in,dfg_out_alphac_in,1,2.2779,268,True,True,-28.99193000793457,1.3649542331695557,ca_coordinates,tSNE
train,4rwi,FGFR1,active,1,in,in,active,0,2.29,280,True,True,-15.713980674743652,-29.686328887939453,ca_coordinates,tSNE
train,5jrq,BRAF,inactive,0,in,out,dfg_in_alphac_out,1,2.29,258,True,True,1.7495343685150146,26.19474983215332,ca_coordinates,tSNE
train,6c1o,FGFR1,active,1,in,in,active,1,2.29,280,True,True,-17.101835250854492,-32.966739654541016,ca_coordinates,tSNE
train,6v5p,EGFR,inactive,0,in,out,dfg_in_alphac_out,1,2.3,308,True,True,-8.367359161376953,28.281457901000977,ca_coordinates,tSNE
train,3qkk,AKT1,active,1,in,in,active,1,2.3,326,True,True,-7.675649166107178,-39.54739761352539,ca_coordinates,tSNE
train,6e0r,ALK,active,1,in,in,active,1,2.3,279,True,True,5.725935935974121,23.872724533081055,ca_coordinates,tSNE
train,4cqe,BRAF,inactive,0,in,out,dfg_in_alphac_out,1,2.3,248,True,True,-0.7057633399963379,23.07272720336914,ca_coordinates,tSNE
train,8gk5,EGFR,inactive,0,in,out,dfg_in_alphac_out,1,2.3,294,True,True,-12.974085807800293,-34.31442642211914,ca_coordinates,tSNE
train,6c18,FGFR1,active,1,in,in,active,1,2.3,255,False,True,-1.2662423849105835,-2.3925867080688477,ca_coordinates,tSNE
train,7dt2,ABL1,inactive,0,out-like,in,dfg_out_alphac_in,1,2.3,265,True,True,6.422431945800781,-31.64337730407715,ca_coordinates,tSNE
train,4uwy,FGFR1,active,1,in,in,active,0,2.3,273,True,True,-14.861312866210938,-31.78746795654297,ca_coordinates,tSNE
train,3bel,EGFR,inactive,0,in,out,dfg_in_alphac_out,1,2.3,280,True,True,19.73825454711914,4.644626617431641,ca_coordinates,tSNE
train,7ltx,EGFR,inactive,0,in,out,dfg_in_alphac_out,1,2.3,292,True,True,-13.57494831085205,-34.19247055053711,ca_coordinates,tSNE
train,8f1x,EGFR,active,1,in,in,active,1,2.3,317,True,True,3.477067470550537,-30.608842849731445,ca_coordinates,tSNE
train,3qrk,ABL1,inactive,0,out,in,dfg_out_alphac_in,1,2.3,270,True,True,-3.391788959503174,20.698637008666992,ca_coordinates,tSNE
train,5kz0,ALK,active,1,in,in,active,1,2.3,293,True,True,7.671669960021973,25.970619201660156,ca_coordinates,tSNE
train,7zyn,EGFR,active,1,in,in,active,1,2.3,317,True,True,3.029158115386963,-30.913740158081055,ca_coordinates,tSNE
train,4zog,ABL1,inactive,0,out-like,in,dfg_out_alphac_in,1,2.3,268,True,True,8.04477310180664,-30.928083419799805,ca_coordinates,tSNE
train,6hhg,AKT1,inactive,0,out,na,unknown,1,2.3,386,True,True,-11.817313194274902,-40.06448745727539,ca_coordinates,tSNE
train,5uq0,FGFR1,active,1,in,in,active,1,2.3,256,True,True,26.864953994750977,3.399775981903076,ca_coordinates,tSNE
train,6hhj,AKT1,inactive,0,out,out,inactive,1,2.3,410,True,True,-3.267275094985962,25.868865966796875,ca_coordinates,tSNE
train,2w96,CDK4,inactive,0,in,out,dfg_in_alphac_out,0,2.3,267,True,True,15.8965425491333,-28.97102165222168,ca_coordinates,tSNE
train,6p8e,CDK4,inactive,0,in,out,dfg_in_alphac_out,0,2.3,260,True,False,-3.0208687782287598,16.94866180419922,ca_coordinates,tSNE
train,7nh4,AKT1,inactive,0,out,na,unknown,1,2.3,383,True,True,-11.828152656555176,-39.80964660644531,ca_coordinates,tSNE
train,6s9w,AKT1,inactive,0,out,out,inactive,1,2.3,411,True,True,18.728580474853516,7.1340556144714355,ca_coordinates,tSNE
train,6jxt,EGFR,inactive,0,in,out,dfg_in_alphac_out,1,2.31,283,True,True,2.0360701084136963,33.18016052246094,ca_coordinates,tSNE
train,5d41,EGFR,inactive,0,in,out,dfg_in_alphac_out,1,2.31,300,True,True,-13.093446731567383,-34.5557861328125,ca_coordinates,tSNE
train,4aua,CDK6,inactive,0,in,out,dfg_in_alphac_out,1,2.31,256,True,True,28.38361167907715,10.034652709960938,ca_coordinates,tSNE
train,4uwb,FGFR1,active,1,in,in,active,1,2.31,299,True,True,-14.280229568481445,33.16535186767578,ca_coordinates,tSNE
train,6lub,EGFR,active,1,in,in,active,1,2.315,301,True,True,-33.01844787597656,-1.9204951524734497,ca_coordinates,tSNE
train,7jyr,ALK,active,1,in,in,active,1,2.32,287,True,True,3.852194309234619,24.000410079956055,ca_coordinates,tSNE
train,4v01,FGFR1,inactive,0,out,in,dfg_out_alphac_in,1,2.33,275,False,True,-1.4464778900146484,-1.9368369579315186,ca_coordinates,tSNE
train,6npu,ABL1,inactive,0,out,in,dfg_out_alphac_in,1,2.33,257,True,True,-5.340633869171143,14.74299144744873,ca_coordinates,tSNE
train,3vjn,EGFR,active,1,in,in,active,1,2.34,297,True,True,-32.6443977355957,2.113374710083008,ca_coordinates,tSNE
train,5xdk,EGFR,active,1,in,in,active,1,2.35,307,True,True,-31.42707061767578,3.4331367015838623,ca_coordinates,tSNE
train,3w2o,EGFR,active,1,in,in,active,1,2.35,305,True,True,-31.690038681030273,5.844429016113281,ca_coordinates,tSNE
train,5l2t,CDK6,inactive,0,in,out,dfg_in_alphac_out,1,2.37,261,True,True,28.137903213500977,9.610149383544922,ca_coordinates,tSNE
train,6n0p,BRAF,inactive,0,out,in,dfg_out_alphac_in,1,2.37,268,True,True,1.4074722528457642,28.499309539794922,ca_coordinates,tSNE
train,7p3v,BRAF,inactive,0,in,out,dfg_in_alphac_out,1,2.37,258,True,True,19.26161766052246,11.524212837219238,ca_coordinates,tSNE
train,8dsw,EGFR,active,1,in,in,active,1,2.39,307,True,True,-26.019874572753906,14.24661636352539,ca_coordinates,tSNE
train,7jxl,EGFR,inactive,0,in,out,dfg_in_alphac_out,1,2.4,294,True,True,-8.127606391906738,-26.70856475830078,ca_coordinates,tSNE
train,7kxz,EGFR,active,1,in,in,active,1,2.4,299,True,True,-33.051658630371094,-1.8013495206832886,ca_coordinates,tSNE
train,7a6i,EGFR,active,1,in,in,active,1,2.4,282,True,True,-33.54972457885742,2.363867998123169,ca_coordinates,tSNE
train,7ukv,EGFR,active,1,in,in,active,1,2.4,290,True,True,-31.061399459838867,-2.7677395343780518,ca_coordinates,tSNE
train,6v5n,EGFR,inactive,0,in,out,dfg_in_alphac_out,1,2.4,294,True,True,-9.2105073928833,20.64929962158203,ca_coordinates,tSNE
train,6vhn,EGFR,active,1,in,in,active,1,2.4,286,True,True,-6.009261608123779,-28.72953224182129,ca_coordinates,tSNE
train,8d76,EGFR,active,1,in,in,active,1,2.4,312,True,True,-30.690160751342773,4.56021785736084,ca_coordinates,tSNE
train,6p1d,EGFR,inactive,0,in,out,dfg_in_alphac_out,1,2.4,300,True,True,-9.647844314575195,21.06820297241211,ca_coordinates,tSNE
train,8f1z,EGFR,active,1,in,in,active,1,2.4,310,True,True,-33.21540832519531,-1.1973737478256226,ca_coordinates,tSNE
train,6wa2,EGFR,inactive,0,in,out,dfg_in_alphac_out,1,2.4,314,True,True,-9.434150695800781,27.08536720275879,ca_coordinates,tSNE
train,1agw,FGFR1,active,1,in,in,active,1,2.4,272,True,True,-17.642175674438477,24.842702865600586,ca_coordinates,tSNE
train,8hv8,EGFR,active,1,in,in,active,1,2.4,305,True,True,-33.24193572998047,4.369935035705566,ca_coordinates,tSNE
train,8hv3,EGFR,active,1,in,in,active,1,2.4,307,True,True,-32.71735763549805,5.078338146209717,ca_coordinates,tSNE
train,6wak,EGFR,inactive,0,in,out,dfg_in_alphac_out,1,2.4,297,True,True,-9.833971977233887,22.248828887939453,ca_coordinates,tSNE
train,8hv1,EGFR,active,1,in,in,active,1,2.4,309,True,True,-33.34828567504883,4.254659652709961,ca_coordinates,tSNE
train,4twp,ABL1,active,1,in,in,active,1,2.4,266,True,True,6.2062835693359375,-32.071014404296875,ca_coordinates,tSNE
train,5c8n,EGFR,active,1,in,in,active,1,2.4,300,True,True,-7.297969818115234,-30.695453643798828,ca_coordinates,tSNE
train,5cap,EGFR,active,1,in,in,active,1,2.4,303,True,True,-13.528371810913086,-31.55653190612793,ca_coordinates,tSNE
train,6c0i,AKT1,active,1,in,in,active,0,2.4,316,True,True,-21.80980110168457,4.811460494995117,ca_coordinates,tSNE
train,6buu,AKT1,active,1,in,in,active,0,2.4,320,True,True,-21.487567901611328,4.726851940155029,ca_coordinates,tSNE
train,1xkk,EGFR,inactive,0,in,out,dfg_in_alphac_out,1,2.4,289,True,True,19.849262237548828,4.720278263092041,ca_coordinates,tSNE
train,2hyy,ABL1,inactive,0,out,in,dfg_out_alphac_in,1,2.4,265,True,True,-3.314913749694824,20.736730575561523,ca_coordinates,tSNE
train,2gqg,ABL1,active,1,in,in,active,1,2.4,276,True,True,4.300161838531494,-31.20084571838379,ca_coordinates,tSNE
train,7vra,EGFR,active,1,in,in,active,1,2.41,289,True,True,-4.187687397003174,-30.65317153930664,ca_coordinates,tSNE
train,3ue4,ABL1,inactive,0,out-like,in,dfg_out_alphac_in,1,2.42,268,True,True,-27.653526306152344,2.5829410552978516,ca_coordinates,tSNE
train,7jy4,ALK,active,1,in,in,active,1,2.42,290,True,True,8.535689353942871,26.90073585510254,ca_coordinates,tSNE
train,2w9z,CDK4,inactive,0,in,out,dfg_in_alphac_out,0,2.45,287,True,True,22.49561309814453,-25.349519729614258,ca_coordinates,tSNE
train,3og7,BRAF,inactive,0,in,out,dfg_in_alphac_out,1,2.45,254,True,True,23.479515075683594,5.63444709777832,ca_coordinates,tSNE
train,6ebw,ALK,active,1,in,in,active,1,2.45,277,True,True,23.726289749145508,9.466300010681152,ca_coordinates,tSNE
train,5z0s,FGFR1,active,1,in,in,active,1,2.45,285,True,True,-14.83876895904541,27.134544372558594,ca_coordinates,tSNE
train,4fny,ALK,inactive,0,out,in,dfg_out_alphac_in,1,2.45,273,False,True,-18.196584701538086,-5.938399791717529,ca_coordinates,tSNE
train,8h7f,ABL1,inactive,0,out-like,in,dfg_out_alphac_in,1,2.45013,266,True,True,4.735375881195068,-31.721933364868164,ca_coordinates,tSNE
train,5hcy,EGFR,active,1,in,in,active,1,2.46,302,True,True,-7.266737461090088,-32.02268600463867,ca_coordinates,tSNE
train,6v2v,BRAF,inactive,0,in,out,dfg_in_alphac_out,1,2.47,276,True,True,23.333383560180664,-24.227258682250977,ca_coordinates,tSNE
train,2itn,EGFR,active,1,in,in,active,1,2.47,304,True,True,-25.256704330444336,13.3618803024292,ca_coordinates,tSNE
train,7m0x,BRAF,inactive,0,in,out,dfg_in_alphac_out,1,2.47,276,True,True,23.149070739746094,-24.49860954284668,ca_coordinates,tSNE
train,2itv,EGFR,active,1,in,in,active,1,2.47,303,True,True,-25.402212142944336,13.380151748657227,ca_coordinates,tSNE
train,3mv5,AKT1,active,1,in,in,active,1,2.47,315,True,True,-21.94207000732422,4.721479892730713,ca_coordinates,tSNE
train,4xv1,BRAF,active,1,in,in,active,0,2.47,249,True,True,-0.6855131387710571,22.988819122314453,ca_coordinates,tSNE
train,8to3,EGFR,inactive,0,in,out,dfg_in_alphac_out,1,2.49,291,True,True,-13.779899597167969,-34.26594161987305,ca_coordinates,tSNE
train,4rwj,FGFR1,active,1,in,in,active,1,2.49,307,True,True,-14.528207778930664,33.54783248901367,ca_coordinates,tSNE
train,6xlo,BRAF,inactive,0,out,in,dfg_out_alphac_in,1,2.493,258,True,True,3.8123509883880615,24.055795669555664,ca_coordinates,tSNE
train,7wcl,FGFR1,active,1,in,in,active,1,2.495,306,True,True,-14.44477653503418,33.98735809326172,ca_coordinates,tSNE
train,6u2h,BRAF,active,1,in,in,active,1,2.5,282,True,True,4.242236614227295,31.138599395751953,ca_coordinates,tSNE
train,2v7a,ABL1,active,1,in,in,active,1,2.5,269,True,True,-27.456449508666992,2.7795166969299316,ca_coordinates,tSNE
train,7jxw,EGFR,inactive,0,in,out,dfg_in_alphac_out,1,2.5,288,True,True,-8.94788932800293,-27.03585433959961,ca_coordinates,tSNE
train,6z4b,EGFR,inactive,0,in,out,dfg_in_alphac_out,1,2.5,271,True,True,-8.655174255371094,22.497663497924805,ca_coordinates,tSNE
train,7u99,EGFR,active,1,in,in,active,1,2.5,304,True,True,-30.855915069580078,5.334664821624756,ca_coordinates,tSNE
train,4lqm,EGFR,active,1,in,in,active,1,2.5,305,True,True,-2.386871099472046,-31.17580795288086,ca_coordinates,tSNE
train,3ug2,EGFR,active,1,in,in,active,1,2.5,299,True,True,-32.5084228515625,-2.42195987701416,ca_coordinates,tSNE
train,7b85,EGFR,active,1,in,in,active,1,2.5,312,True,True,2.8771040439605713,-30.996915817260742,ca_coordinates,tSNE
train,7zym,EGFR,active,1,in,in,active,1,2.5,321,True,True,3.4849791526794434,-31.08159065246582,ca_coordinates,tSNE
train,4nks,FGFR1,active,1,in,in,active,1,2.5,271,True,True,-17.680946350097656,24.85596466064453,ca_coordinates,tSNE
train,8hv9,EGFR,active,1,in,in,active,1,2.5,306,True,True,-33.13677215576172,4.7759904861450195,ca_coordinates,tSNE
train,6bl8,ABL1,inactive,0,out-like,in,dfg_out_alphac_in,1,2.5,268,True,True,-27.668603897094727,2.5446243286132812,ca_coordinates,tSNE
train,2xb7,ALK,active,1,in,in,active,1,2.5,286,True,True,23.238037109375,9.891860961914062,ca_coordinates,tSNE
train,1fgi,FGFR1,active,1,in,in,active,1,2.5,272,True,True,-17.710920333862305,24.866788864135742,ca_coordinates,tSNE
train,3gqi,FGFR1,active,1,in,in,active,1,2.5,304,True,True,15.017837524414062,-31.212215423583984,ca_coordinates,tSNE
train,2fgi,FGFR1,active,1,in,in,active,1,2.5,274,True,True,-15.383068084716797,25.87999153137207,ca_coordinates,tSNE
train,4xv2,BRAF,inactive,0,in,out,dfg_in_alphac_out,1,2.5,249,True,True,26.466371536254883,5.3567352294921875,ca_coordinates,tSNE
train,2eb2,EGFR,active,1,in,in,active,0,2.5,305,True,True,-31.31941795349121,3.0490128993988037,ca_coordinates,tSNE
train,5hid,BRAF,inactive,0,out,in,dfg_out_alphac_in,1,2.5,257,True,True,-0.6520451307296753,19.63020133972168,ca_coordinates,tSNE
train,8g63,EGFR,active,1,in,in,active,1,2.5,280,True,True,-7.366674900054932,15.95776653289795,ca_coordinates,tSNE
train,4rj8,EGFR,active,1,in,in,active,1,2.5,298,True,True,-6.35992956161499,-29.460418701171875,ca_coordinates,tSNE
train,5caq,EGFR,active,1,in,in,active,1,2.5,301,True,True,-8.129630088806152,-31.781469345092773,ca_coordinates,tSNE
train,5j9z,EGFR,active,1,in,in,active,1,2.5,291,True,True,-13.514078140258789,-31.49030113220215,ca_coordinates,tSNE
train,7vre,EGFR,active,1,in,in,active,1,2.507,312,True,True,-2.754056930541992,-31.161046981811523,ca_coordinates,tSNE
train,7sj3,CDK4,active,1,in,in,active,1,2.51,273,True,True,22.66106414794922,1.401613473892212,ca_coordinates,tSNE
train,5csx,BRAF,inactive,0,out,out,inactive,1,2.51,261,True,True,0.630832850933075,24.60181999206543,ca_coordinates,tSNE
train,5hi2,BRAF,inactive,0,out,in,dfg_out_alphac_in,1,2.51,247,True,True,27.152389526367188,8.605995178222656,ca_coordinates,tSNE
train,5ugb,EGFR,active,1,in,in,active,1,2.53,307,True,True,-32.86954879760742,0.03393518924713135,ca_coordinates,tSNE
train,6jx4,EGFR,active,1,in,in,active,1,2.53,315,True,True,-24.522342681884766,12.843636512756348,ca_coordinates,tSNE
train,6jx0,EGFR,active,1,in,in,active,1,2.53,289,True,True,13.227325439453125,-30.315113067626953,ca_coordinates,tSNE
train,6d8e,EGFR,active,1,in,in,active,1,2.54,304,True,True,-1.3596794605255127,-31.157840728759766,ca_coordinates,tSNE
train,4rj7,EGFR,active,1,in,in,active,1,2.55,295,True,True,-6.369719982147217,-28.511518478393555,ca_coordinates,tSNE
train,6jwl,EGFR,active,1,in,in,active,1,2.55,319,True,True,-25.623106002807617,12.321136474609375,ca_coordinates,tSNE
train,6cad,BRAF,inactive,0,out,in,dfg_out_alphac_in,1,2.55,248,False,True,-1.1255407333374023,-1.9698607921600342,ca_coordinates,tSNE
train,4f63,FGFR1,active,1,in,in,active,1,2.55,271,True,True,-17.678895950317383,24.853410720825195,ca_coordinates,tSNE
train,4e26,BRAF,active,1,in,in,active,1,2.55,270,True,True,1.6396540403366089,28.126953125,ca_coordinates,tSNE
train,8wd4,EGFR,active,1,in,in,active,1,2.55,299,True,True,-5.307312965393066,-31.263227462768555,ca_coordinates,tSNE
train,7oxb,EGFR,active,1,in,in,active,1,2.56,305,True,True,-1.886823058128357,-31.160720825195312,ca_coordinates,tSNE
train,4nk9,FGFR1,active,1,in,in,active,1,2.57,282,True,True,-15.608194351196289,-29.95125961303711,ca_coordinates,tSNE
train,3c4c,BRAF,inactive,0,in,out,dfg_in_alphac_out,1,2.57,258,True,True,24.571535110473633,5.800524711608887,ca_coordinates,tSNE
train,4v05,FGFR1,active,1,in,in,active,1,2.57,287,True,True,-16.14898109436035,27.647611618041992,ca_coordinates,tSNE
train,5flf,FGFR1,active,1,in,in,active,0,2.58,292,True,True,3.564664840698242,-28.93463706970215,ca_coordinates,tSNE
train,8gb4,EGFR,inactive,0,in,out,dfg_in_alphac_out,1,2.59,292,True,True,-13.517913818359375,-34.053436279296875,ca_coordinates,tSNE
train,6pp9,BRAF,inactive,0,in,out,dfg_in_alphac_out,1,2.59,276,True,True,23.140480041503906,-24.48269271850586,ca_coordinates,tSNE
train,5cao,EGFR,active,1,in,in,active,1,2.6,300,True,True,-9.20791244506836,-30.034114837646484,ca_coordinates,tSNE
train,5edr,EGFR,active,1,in,in,active,1,2.6,299,True,True,-9.932206153869629,-31.262413024902344,ca_coordinates,tSNE
train,5hic,EGFR,active,1,in,in,active,1,2.6,302,True,True,-7.721338748931885,-31.87254524230957,ca_coordinates,tSNE
train,6s9x,AKT1,inactive,0,out,na,unknown,1,2.6,382,True,True,-11.606369972229004,-39.70011520385742,ca_coordinates,tSNE
train,1m17,EGFR,active,1,in,in,active,1,2.6,312,True,True,-31.23444366455078,5.424612522125244,ca_coordinates,tSNE
train,3ow4,AKT1,active,1,in,in,active,1,2.6,317,True,True,-7.6794047355651855,-39.545616149902344,ca_coordinates,tSNE
train,6s8a,EGFR,active,1,in,in,active,1,2.6,313,True,True,-30.171567916870117,7.041849613189697,ca_coordinates,tSNE
train,4fnz,ALK,active,1,in,in,active,1,2.6,287,True,True,0.45590871572494507,20.22721290588379,ca_coordinates,tSNE
train,7ukw,EGFR,inactive,0,in,out,dfg_in_alphac_out,0,2.6,306,True,True,-9.101420402526855,27.32069206237793,ca_coordinates,tSNE
train,7u9a,EGFR,active,1,in,in,active,1,2.6,295,True,True,-0.7783498764038086,-31.131244659423828,ca_coordinates,tSNE
train,2gs7,EGFR,inactive,0,in,out,dfg_in_alphac_out,1,2.6,281,True,True,1.9476377964019775,33.108341217041016,ca_coordinates,tSNE
train,2gs6,EGFR,active,1,in,in,active,0,2.6,311,True,True,-32.70500564575195,-0.8975197672843933,ca_coordinates,tSNE
train,1m14,EGFR,active,1,in,in,active,0,2.6,307,True,True,-31.63744354248047,5.444225311279297,ca_coordinates,tSNE
train,5czi,EGFR,active,1,in,in,active,0,2.6,310,True,True,-31.014955520629883,6.900594234466553,ca_coordinates,tSNE
train,5hcx,EGFR,active,1,in,in,active,1,2.6,298,True,True,-6.791506290435791,-30.696428298950195,ca_coordinates,tSNE
train,3nup,CDK6,inactive,0,in,out,dfg_in_alphac_out,1,2.6,252,True,True,-5.298552513122559,15.220345497131348,ca_coordinates,tSNE
train,7k1h,EGFR,inactive,0,in,out,dfg_in_alphac_out,1,2.602,291,True,True,-8.083672523498535,20.447383880615234,ca_coordinates,tSNE
train,7t4i,EGFR,active,1,in,in,active,1,2.61,309,True,True,-31.375879287719727,4.8908586502075195,ca_coordinates,tSNE
train,5hcz,EGFR,active,1,in,in,active,1,2.62,300,True,True,-6.726238250732422,-30.72281837463379,ca_coordinates,tSNE
train,5a46,FGFR1,active,1,in,in,active,1,2.63,297,True,True,-13.354598045349121,31.556299209594727,ca_coordinates,tSNE
train,4li5,EGFR,active,1,in,in,active,1,2.64,306,True,True,-33.86990737915039,2.3343396186828613,ca_coordinates,tSNE
train,3vjo,EGFR,active,1,in,in,active,1,2.64,298,True,True,-32.89543914794922,-0.9646362662315369,ca_coordinates,tSNE
train,7aei,EGFR,active,1,in,in,active,1,2.65,315,True,True,-32.8905029296875,-0.12046042084693909,ca_coordinates,tSNE
train,7aem,EGFR,active,1,in,in,active,1,2.65,312,True,True,3.6810004711151123,-30.24697494506836,ca_coordinates,tSNE
train,5fed,EGFR,active,1,in,in,active,1,2.65,288,True,True,-0.3329748511314392,-31.0826416015625,ca_coordinates,tSNE
train,5zto,EGFR,active,1,in,in,active,1,2.65,294,True,True,-10.153914451599121,-31.210121154785156,ca_coordinates,tSNE
train,4fk3,BRAF,active,1,in,in,active,0,2.65,257,True,True,23.208370208740234,5.620428562164307,ca_coordinates,tSNE
train,6p7g,BRAF,inactive,0,out,in,dfg_out_alphac_in,1,2.65,254,True,True,25.57284927368164,4.620779514312744,ca_coordinates,tSNE
train,5em5,EGFR,active,1,in,in,active,1,2.65,298,True,True,-8.645045280456543,-29.179767608642578,ca_coordinates,tSNE
train,5csw,BRAF,inactive,0,in,out,dfg_in_alphac_out,1,2.66,254,True,True,25.46023178100586,5.775685787200928,ca_coordinates,tSNE
train,7er2,EGFR,active,1,in,in,active,1,2.662,292,True,True,-1.9127787351608276,-31.079753875732422,ca_coordinates,tSNE
train,6s9d,EGFR,active,1,in,in,active,1,2.67,300,True,True,-6.163703441619873,-32.167625427246094,ca_coordinates,tSNE
train,2itq,EGFR,active,1,in,in,active,1,2.68,300,True,True,-30.789243698120117,5.717907428741455,ca_coordinates,tSNE
train,6b8u,BRAF,inactive,0,out,in,dfg_out_alphac_in,1,2.68,253,True,True,25.398616790771484,5.180013656616211,ca_coordinates,tSNE
train,8hv7,EGFR,active,1,in,in,active,1,2.69,301,True,True,-26.279375076293945,12.365468978881836,ca_coordinates,tSNE
train,4joa,ALK,active,1,in,in,active,1,2.7,250,True,True,-7.0854973793029785,-25.3824462890625,ca_coordinates,tSNE
train,6nvl,FGFR1,active,1,in,in,active,1,2.7,265,True,True,-17.597684860229492,25.829320907592773,ca_coordinates,tSNE
train,5c9c,BRAF,inactive,0,out,in,dfg_out_alphac_in,1,2.7,251,True,True,26.014724731445312,4.868541717529297,ca_coordinates,tSNE
train,3idp,BRAF,inactive,0,out,in,dfg_out_alphac_in,1,2.7,256,True,True,24.683225631713867,4.097856521606445,ca_coordinates,tSNE
train,6s89,EGFR,active,1,in,in,active,1,2.7,310,True,True,-30.02684211730957,7.491949081420898,ca_coordinates,tSNE
train,4zjv,EGFR,inactive,0,out,in,dfg_out_alphac_in,0,2.7,282,True,True,12.113565444946289,-30.45891571044922,ca_coordinates,tSNE
train,8tjl,EGFR,active,1,in,in,active,1,2.7,306,True,True,-31.453969955444336,0.02431095577776432,ca_coordinates,tSNE
train,4rj6,EGFR,active,1,in,in,active,1,2.7,297,True,True,-6.523606777191162,-29.52630043029785,ca_coordinates,tSNE
train,5cal,EGFR,active,1,in,in,active,1,2.7,300,True,True,-8.799933433532715,-31.90022087097168,ca_coordinates,tSNE
train,3lzb,EGFR,inactive,0,in,out,dfg_in_alphac_out,1,2.7,261,True,True,-8.405049324035645,-27.516820907592773,ca_coordinates,tSNE
train,4jr3,EGFR,active,1,in,in,active,1,2.7,303,True,True,-31.579145431518555,4.60137414932251,ca_coordinates,tSNE
train,4ez5,CDK6,inactive,0,in,out,dfg_in_alphac_out,1,2.7,258,True,True,28.161710739135742,9.62255859375,ca_coordinates,tSNE
train,2g2f,ABL1,inactive,0,out-like,in,dfg_out_alphac_in,1,2.7,275,True,True,7.579213619232178,-30.924537658691406,ca_coordinates,tSNE
train,3ky2,FGFR1,active,1,in,in,active,0,2.7,280,True,True,-15.666913032531738,-29.690675735473633,ca_coordinates,tSNE
train,5jt2,BRAF,inactive,0,in,out,dfg_in_alphac_out,1,2.7,234,True,True,24.298139572143555,8.096031188964844,ca_coordinates,tSNE
train,3ocb,AKT1,active,1,in,in,active,1,2.7,319,True,True,-22.011667251586914,4.596002101898193,ca_coordinates,tSNE
train,5xdl,EGFR,active,1,in,in,active,1,2.7,292,True,True,-8.961851119995117,-31.774518966674805,ca_coordinates,tSNE
train,3o96,AKT1,inactive,0,out,na,unknown,1,2.7,367,True,True,-10.70651626586914,-39.43207931518555,ca_coordinates,tSNE
train,5kcv,AKT1,inactive,0,out,na,unknown,1,2.7,353,True,True,-11.887650489807129,-39.15388488769531,ca_coordinates,tSNE
train,3nux,CDK6,inactive,0,in,out,dfg_in_alphac_out,1,2.7,261,True,True,27.893909454345703,9.390865325927734,ca_coordinates,tSNE
train,5fee,EGFR,active,1,in,in,active,1,2.7,287,True,True,-0.6810343265533447,-31.056468963623047,ca_coordinates,tSNE
train,6hhi,AKT1,inactive,0,out,na,unknown,1,2.7,389,True,True,-11.671414375305176,-40.063472747802734,ca_coordinates,tSNE
train,6hhh,AKT1,inactive,0,out,na,unknown,1,2.7,379,True,True,-11.341285705566406,-39.35505294799805,ca_coordinates,tSNE
train,6oql,CDK6,inactive,0,in,out,dfg_in_alphac_out,1,2.707,263,True,True,27.74053955078125,9.597148895263672,ca_coordinates,tSNE
train,2itz,EGFR,active,1,in,in,active,1,2.72,302,True,True,-24.436954498291016,14.009834289550781,ca_coordinates,tSNE
train,7cc2,ABL1,inactive,0,out-like,in,dfg_out_alphac_in,1,2.723,263,True,True,-27.635215759277344,2.5904576778411865,ca_coordinates,tSNE
train,2itt,EGFR,active,1,in,in,active,1,2.73,302,True,True,-25.136428833007812,13.406020164489746,ca_coordinates,tSNE
train,6s9c,EGFR,active,1,in,in,active,1,2.73,301,True,True,-7.054280757904053,-32.1756591796875,ca_coordinates,tSNE
train,4jq7,EGFR,active,1,in,in,active,1,2.73,303,True,True,-31.743446350097656,4.437435150146484,ca_coordinates,tSNE
train,5cav,EGFR,active,1,in,in,active,1,2.73,306,True,True,-31.17730140686035,6.000079154968262,ca_coordinates,tSNE
train,2itp,EGFR,active,1,in,in,active,1,2.74,305,True,True,-31.428428649902344,5.012429714202881,ca_coordinates,tSNE
train,8f7p,BRAF,inactive,0,out,in,dfg_out_alphac_in,1,2.74,255,True,True,24.83925437927246,5.090654373168945,ca_coordinates,tSNE
train,8f1y,EGFR,active,1,in,in,active,1,2.75,293,True,True,-31.243701934814453,-2.6679952144622803,ca_coordinates,tSNE
train,4hjo,EGFR,inactive,0,in,out,dfg_in_alphac_out,1,2.75,278,True,True,19.81668472290039,10.13716983795166,ca_coordinates,tSNE
train,5l2i,CDK6,inactive,0,in,out,dfg_in_alphac_out,1,2.75,260,True,True,27.870208740234375,9.8255615234375,ca_coordinates,tSNE
train,3ug1,EGFR,active,1,in,in,active,0,2.75,296,True,True,-32.6954460144043,-2.460775852203369,ca_coordinates,tSNE
train,8hva,EGFR,active,1,in,in,active,1,2.77,301,True,True,-26.55011558532715,11.500093460083008,ca_coordinates,tSNE
train,8i0m,CDK6,inactive,0,in,out,dfg_in_alphac_out,1,2.7772,260,True,True,28.135658264160156,9.870240211486816,ca_coordinates,tSNE
train,5em6,EGFR,active,1,in,in,active,1,2.78,301,True,True,-6.861001968383789,-30.65610694885254,ca_coordinates,tSNE
train,4rj4,EGFR,active,1,in,in,active,1,2.78,299,True,True,-7.566380500793457,-30.762319564819336,ca_coordinates,tSNE
train,3ii5,BRAF,inactive,0,out,in,dfg_out_alphac_in,1,2.79,257,True,True,24.57798957824707,4.433739185333252,ca_coordinates,tSNE
train,5gmp,EGFR,active,1,in,in,active,1,2.8,305,True,True,-12.867670059204102,-30.697622299194336,ca_coordinates,tSNE
train,2hz4,ABL1,active,1,in,in,active,1,2.8,262,True,True,22.657899856567383,1.3825020790100098,ca_coordinates,tSNE
train,2f2c,CDK6,active,1,in,in,active,1,2.8,280,True,True,-14.709193229675293,24.615854263305664,ca_coordinates,tSNE
train,4mnf,BRAF,active,1,in,in,active,1,2.8,257,True,True,22.766937255859375,5.43842887878418,ca_coordinates,tSNE
train,4xv3,BRAF,inactive,0,in,out,dfg_in_alphac_out,1,2.8,238,False,True,-18.078763961791992,-6.136664390563965,ca_coordinates,tSNE
train,4g5j,EGFR,active,1,in,in,active,1,2.8,307,True,True,-32.299808502197266,-3.5771443843841553,ca_coordinates,tSNE
train,2w99,CDK4,inactive,0,in,out,dfg_in_alphac_out,0,2.8,291,True,True,22.485042572021484,-25.37003517150879,ca_coordinates,tSNE
train,3gql,FGFR1,active,1,in,in,active,1,2.8,275,True,True,-15.027969360351562,-32.38998794555664,ca_coordinates,tSNE
train,6jrk,EGFR,active,1,in,in,active,1,2.8,283,True,True,-6.5799078941345215,-26.729169845581055,ca_coordinates,tSNE
train,6p1l,EGFR,inactive,0,in,out,dfg_in_alphac_out,1,2.8,288,True,True,-11.522602081298828,-33.47404098510742,ca_coordinates,tSNE
train,5czh,EGFR,active,1,in,in,active,0,2.8,311,True,True,-31.236934661865234,6.854654312133789,ca_coordinates,tSNE
train,5j9y,EGFR,active,1,in,in,active,1,2.8,300,True,True,-26.897199630737305,10.846291542053223,ca_coordinates,tSNE
train,8f1h,EGFR,active,1,in,in,active,1,2.8,307,True,True,-33.75062942504883,2.5707576274871826,ca_coordinates,tSNE
train,5edq,EGFR,active,1,in,in,active,1,2.8,298,True,True,-13.565556526184082,-31.76116371154785,ca_coordinates,tSNE
train,2gs2,EGFR,active,1,in,in,active,0,2.8,305,True,True,-32.27401351928711,-0.5607287287712097,ca_coordinates,tSNE
train,8hv2,EGFR,active,1,in,in,active,1,2.8,299,True,True,-26.01741600036621,12.07222843170166,ca_coordinates,tSNE
train,6p8g,CDK4,inactive,0,in,out,dfg_in_alphac_out,0,2.8,259,True,False,-3.045651435852051,16.897695541381836,ca_coordinates,tSNE
train,2itu,EGFR,active,1,in,in,active,1,2.8,304,True,True,-24.99317741394043,13.914854049682617,ca_coordinates,tSNE
train,1bi8,CDK6,inactive,0,out,na,unknown,0,2.8,264,True,True,27.887928009033203,11.663352966308594,ca_coordinates,tSNE
train,3tt0,FGFR1,active,1,in,in,active,1,2.8,272,True,True,-14.259272575378418,-32.1310920715332,ca_coordinates,tSNE
train,3d4q,BRAF,active,1,in,in,active,1,2.8,264,True,True,22.065040588378906,5.003519058227539,ca_coordinates,tSNE
train,6edl,ALK,active,1,in,in,active,1,2.8,282,False,True,-18.135417938232422,-6.064012050628662,ca_coordinates,tSNE
train,6vh4,EGFR,active,1,in,in,active,1,2.8,295,True,True,-31.1928768157959,-2.5499188899993896,ca_coordinates,tSNE
train,4jrv,EGFR,active,1,in,in,active,1,2.8,300,True,True,3.4250452518463135,-30.61505889892578,ca_coordinates,tSNE
train,3gop,EGFR,inactive,0,out-like,out,inactive,0,2.8,300,True,True,18.851404190063477,-28.233110427856445,ca_coordinates,tSNE
train,5can,EGFR,active,1,in,in,active,1,2.8,301,True,True,-8.124670028686523,-31.830833435058594,ca_coordinates,tSNE
train,4zau,EGFR,active,1,in,in,active,1,2.8,283,True,True,-0.515276312828064,-30.508922576904297,ca_coordinates,tSNE
train,4ekk,AKT1,active,1,in,in,active,1,2.8,318,True,True,-21.562498092651367,4.788816928863525,ca_coordinates,tSNE
train,7zyp,EGFR,active,1,in,in,active,1,2.8,305,True,True,-31.254440307617188,6.361228942871094,ca_coordinates,tSNE
train,5em8,EGFR,active,1,in,in,active,1,2.8,303,True,True,-31.683162689208984,-0.8047322034835815,ca_coordinates,tSNE
train,4i23,EGFR,active,1,in,in,active,1,2.8,304,True,True,-32.70063018798828,0.3150375187397003,ca_coordinates,tSNE
train,5em7,EGFR,active,1,in,in,active,1,2.81,300,True,True,-7.4979166984558105,-30.66895866394043,ca_coordinates,tSNE
train,4wo5,BRAF,inactive,0,in,out,dfg_in_alphac_out,1,2.83,257,True,True,1.6660218238830566,26.050090789794922,ca_coordinates,tSNE
train,4jq8,EGFR,active,1,in,in,active,1,2.83,303,True,True,-31.872451782226562,4.238091945648193,ca_coordinates,tSNE
train,2eb3,EGFR,active,1,in,in,active,1,2.84,294,True,True,-23.31705665588379,15.00342845916748,ca_coordinates,tSNE
train,4mne,BRAF,active,1,in,in,active,0,2.85,258,True,True,0.21747712790966034,22.45087432861328,ca_coordinates,tSNE
train,5hib,EGFR,active,1,in,in,active,1,2.85,314,True,True,-25.353591918945312,12.1642484664917,ca_coordinates,tSNE
train,2w9f,CDK4,inactive,0,in,out,dfg_in_alphac_out,0,2.85,261,True,True,19.37528419494629,8.719563484191895,ca_coordinates,tSNE
train,5zv2,FGFR1,active,1,in,in,active,1,2.86,284,True,True,-16.221954345703125,26.479145050048828,ca_coordinates,tSNE
train,6jz0,EGFR,active,1,in,in,active,1,2.86,311,True,True,-33.119056701660156,1.7069969177246094,ca_coordinates,tSNE
train,8ssn,ABL1,inactive,0,in,out,dfg_in_alphac_out,1,2.86,420,True,True,24.709644317626953,8.710936546325684,ca_coordinates,tSNE
train,2itw,EGFR,active,1,in,in,active,1,2.88,300,True,True,-30.385135650634766,6.281693458557129,ca_coordinates,tSNE
train,7shv,BRAF,active,1,in,in,active,1,2.88,261,True,True,21.495349884033203,5.1441802978515625,ca_coordinates,tSNE
train,6p8f,CDK4,inactive,0,in,out,dfg_in_alphac_out,0,2.89,262,True,False,-3.0194485187530518,16.954612731933594,ca_coordinates,tSNE
train,6u2g,BRAF,inactive,0,in,out,dfg_in_alphac_out,1,2.89,264,True,True,3.4767708778381348,29.17655372619629,ca_coordinates,tSNE
train,4xey,ABL1,inactive,0,out-like,in,dfg_out_alphac_in,1,2.89,359,True,True,1.7947229146957397,-31.268840789794922,ca_coordinates,tSNE
train,5fd2,BRAF,inactive,0,in,out,dfg_in_alphac_out,1,2.89,264,True,True,2.8578786849975586,28.204120635986328,ca_coordinates,tSNE
train,6p68,FGFR1,active,1,in,in,active,1,2.9,287,True,True,-15.978108406066895,-29.92917823791504,ca_coordinates,tSNE
train,6hhf,AKT1,inactive,0,out,na,unknown,1,2.9,366,True,True,-11.906203269958496,-39.1956672668457,ca_coordinates,tSNE
train,4yc8,ABL1,inactive,0,out-like,in,dfg_out_alphac_in,1,2.9,264,True,True,-27.527687072753906,2.666590452194214,ca_coordinates,tSNE
train,3prf,BRAF,active,1,in,in,active,1,2.9,262,True,True,22.133384704589844,4.428712844848633,ca_coordinates,tSNE
train,2fb8,BRAF,active,1,in,in,active,1,2.9,259,True,True,22.248538970947266,5.466889381408691,ca_coordinates,tSNE
train,2rfe,EGFR,inactive,0,in,out,dfg_in_alphac_out,0,2.9,262,True,True,3.5243191719055176,24.61144256591797,ca_coordinates,tSNE
train,3ika,EGFR,inactive,0,out-like,out,inactive,0,2.9,310,True,True,3.1315577030181885,33.189300537109375,ca_coordinates,tSNE
train,5c8m,EGFR,active,1,in,in,active,1,2.9,302,True,True,-8.357806205749512,-31.8990535736084,ca_coordinates,tSNE
train,5zwj,EGFR,inactive,0,in,out,dfg_in_alphac_out,1,2.9,267,True,True,-13.11994743347168,-33.80950164794922,ca_coordinates,tSNE
train,5edp,EGFR,active,1,in,in,active,0,2.9,295,True,True,-9.719671249389648,-31.34231185913086,ca_coordinates,tSNE
train,1xo2,CDK6,active,1,in,in,active,1,2.9,289,True,True,19.836538314819336,9.481385231018066,ca_coordinates,tSNE
train,4tth,CDK6,active,1,in,in,active,1,2.9,256,True,True,4.924074649810791,-31.541969299316406,ca_coordinates,tSNE
train,4r3p,EGFR,active,1,in,in,active,0,2.9,310,True,True,-30.688718795776367,6.813642978668213,ca_coordinates,tSNE
train,1g3n,CDK6,inactive,0,out,out,inactive,0,2.9,293,True,True,18.85491943359375,7.797105312347412,ca_coordinates,tSNE
train,8hy7,EGFR,active,1,in,in,active,1,2.91,299,True,True,-6.690663814544678,-29.479808807373047,ca_coordinates,tSNE
train,7lg8,EGFR,inactive,0,in,out,dfg_in_alphac_out,1,2.93,280,True,True,-7.986134052276611,21.761539459228516,ca_coordinates,tSNE
train,4ksp,BRAF,inactive,0,out,in,dfg_out_alphac_in,1,2.93,256,True,True,24.829267501831055,4.500311374664307,ca_coordinates,tSNE
train,6jrj,EGFR,active,1,in,in,active,1,2.94,288,True,True,-7.308496475219727,-29.40822410583496,ca_coordinates,tSNE
train,4fc0,BRAF,inactive,0,out,in,dfg_out_alphac_in,1,2.95,254,True,True,26.0919132232666,4.258889198303223,ca_coordinates,tSNE
train,5xgm,EGFR,active,1,in,in,active,1,2.95,288,True,True,-9.47579574584961,-30.287765502929688,ca_coordinates,tSNE
train,1uwh,BRAF,inactive,0,out,in,dfg_out_alphac_in,1,2.95,264,True,True,0.10828487575054169,24.213062286376953,ca_coordinates,tSNE
train,5x27,EGFR,active,1,in,in,active,1,2.95,302,True,True,-24.518278121948242,13.44180965423584,ca_coordinates,tSNE
train,5x26,EGFR,active,1,in,in,active,1,2.95,302,True,True,-24.290117263793945,13.401177406311035,ca_coordinates,tSNE
train,5x28,EGFR,active,1,in,in,active,1,2.95,310,True,True,-24.301849365234375,13.405241012573242,ca_coordinates,tSNE
train,3gt8,EGFR,inactive,0,in,out,dfg_in_alphac_out,1,2.96,296,True,True,-8.947373390197754,21.373502731323242,ca_coordinates,tSNE
train,7tvd,EGFR,active,1,in,in,active,0,2.96,292,True,True,-9.456865310668945,-30.251766204833984,ca_coordinates,tSNE
train,8qqg,BRAF,inactive,0,out,in,dfg_out_alphac_in,1,2.979,269,False,True,-1.514689326286316,-1.38009512424469,ca_coordinates,tSNE
train,4rwk,FGFR1,active,1,in,in,active,1,2.98,282,True,True,-15.63149642944336,-29.759550094604492,ca_coordinates,tSNE
train,4riy,EGFR,active,1,in,in,active,1,2.98,297,True,True,5.066843509674072,-29.7069091796875,ca_coordinates,tSNE
train,2itx,EGFR,active,1,in,in,active,1,2.98,307,True,True,-26.289146423339844,11.448381423950195,ca_coordinates,tSNE
train,4rzv,BRAF,inactive,0,in,out,dfg_in_alphac_out,1,2.99,261,True,True,1.8311762809753418,26.322860717773438,ca_coordinates,tSNE
train,8to4,EGFR,inactive,0,in,out,dfg_in_alphac_out,1,2.99,300,True,True,-7.56282901763916,17.243314743041992,ca_coordinates,tSNE
train,5hie,BRAF,inactive,0,in,out,dfg_in_alphac_out,1,3.0,253,True,True,27.225975036621094,8.547938346862793,ca_coordinates,tSNE
train,3ppk,BRAF,active,1,in,in,active,1,3.0,264,True,True,21.923076629638672,5.012170791625977,ca_coordinates,tSNE
train,5xgn,EGFR,active,1,in,in,active,1,3.0,308,True,True,2.857577323913574,33.00749969482422,ca_coordinates,tSNE
train,4r5s,EGFR,active,1,in,in,active,1,3.0,299,True,True,-24.17024040222168,13.702628135681152,ca_coordinates,tSNE
train,7jxi,EGFR,inactive,0,in,out,dfg_in_alphac_out,1,3.0,290,True,True,-12.978757858276367,-34.168697357177734,ca_coordinates,tSNE
train,5gtz,EGFR,active,1,in,in,active,1,3.0,317,True,True,-24.271198272705078,12.766969680786133,ca_coordinates,tSNE
train,2j5f,EGFR,active,1,in,in,active,1,3.0,308,True,True,-6.554784297943115,-33.831302642822266,ca_coordinates,tSNE
train,2euf,CDK6,active,1,in,in,active,1,3.0,282,True,True,19.95335578918457,8.24587631225586,ca_coordinates,tSNE
train,3g33,CDK4,inactive,0,in,out,dfg_in_alphac_out,0,3.0,291,True,True,19.33403968811035,8.748076438903809,ca_coordinates,tSNE
train,4i1z,EGFR,inactive,0,out-like,in,dfg_out_alphac_in,0,3.0,287,True,True,13.68631649017334,-31.073017120361328,ca_coordinates,tSNE
train,5c8k,EGFR,active,1,in,in,active,1,3.0,300,True,True,-9.052529335021973,-31.960521697998047,ca_coordinates,tSNE
train,6nsq,BRAF,inactive,0,out,in,dfg_out_alphac_in,1,3.05,253,True,True,26.879756927490234,4.578359603881836,ca_coordinates,tSNE
train,2jiu,EGFR,inactive,0,out-like,out,inactive,0,3.05,309,True,True,13.087068557739258,-30.6361141204834,ca_coordinates,tSNE
train,4yht,BRAF,active,1,in,in,active,1,3.05,258,True,True,21.84610939025879,5.818986892700195,ca_coordinates,tSNE
train,5uwd,EGFR,inactive,0,out-like,out,inactive,1,3.06,271,True,True,-9.173172950744629,22.349428176879883,ca_coordinates,tSNE
train,6v2x,BRAF,inactive,0,in,out,dfg_in_alphac_out,1,3.09,274,True,True,23.781356811523438,-24.154361724853516,ca_coordinates,tSNE
train,4jvg,BRAF,inactive,0,out,in,dfg_out_alphac_in,1,3.09,259,True,True,24.477981567382812,3.992464065551758,ca_coordinates,tSNE
train,7m0w,BRAF,inactive,0,in,out,dfg_in_alphac_out,1,3.09,274,True,True,23.556344985961914,-25.385950088500977,ca_coordinates,tSNE
train,6v30,BRAF,inactive,0,in,out,dfg_in_alphac_out,1,3.09,274,True,True,24.110082626342773,-25.124855041503906,ca_coordinates,tSNE
train,7m0u,BRAF,inactive,0,in,out,dfg_in_alphac_out,1,3.09,274,True,True,24.265274047851562,-24.899513244628906,ca_coordinates,tSNE
train,7lgs,EGFR,active,1,in,in,active,1,3.1,283,True,True,4.822354793548584,-30.12908935546875,ca_coordinates,tSNE
train,4rj5,EGFR,active,1,in,in,active,1,3.1,296,True,True,-8.575639724731445,-29.109086990356445,ca_coordinates,tSNE
train,4rix,EGFR,active,1,in,in,active,1,3.1,297,True,True,4.375086307525635,-29.591428756713867,ca_coordinates,tSNE
train,7jxk,EGFR,inactive,0,in,out,dfg_in_alphac_out,1,3.1,293,True,True,-8.480839729309082,20.680187225341797,ca_coordinates,tSNE
train,7syd,EGFR,inactive,0,in,out,dfg_in_alphac_out,0,3.1,614,False,False,3.042419910430908,-4.122825622558594,ca_coordinates,tSNE
train,2jit,EGFR,inactive,0,out-like,out,inactive,0,3.1,299,True,True,12.853123664855957,-30.770559310913086,ca_coordinates,tSNE
train,4h58,BRAF,inactive,0,out,in,dfg_out_alphac_in,0,3.1,272,True,True,0.05992772430181503,29.0084228515625,ca_coordinates,tSNE
train,4riw,EGFR,active,1,in,in,active,1,3.1,293,True,True,3.7935292720794678,-29.585952758789062,ca_coordinates,tSNE
train,7ky0,EGFR,inactive,0,in,out,dfg_in_alphac_out,1,3.1,288,True,True,-9.02213191986084,20.14141845703125,ca_coordinates,tSNE
train,1jow,CDK6,active,1,in,in,active,0,3.1,277,True,True,20.19761085510254,7.6736345291137695,ca_coordinates,tSNE
train,5y25,EGFR,active,1,in,in,active,1,3.1,292,True,True,-9.34471321105957,-30.09576416015625,ca_coordinates,tSNE
train,3q96,BRAF,inactive,0,out,in,dfg_out_alphac_in,1,3.1,262,True,True,0.5843660235404968,24.415943145751953,ca_coordinates,tSNE
train,2j6m,EGFR,active,1,in,in,active,1,3.1,306,True,True,-30.50465965270996,5.8619256019592285,ca_coordinates,tSNE
train,2j5e,EGFR,active,1,in,in,active,0,3.1,309,True,True,-33.708152770996094,2.523124933242798,ca_coordinates,tSNE
train,6v2w,BRAF,inactive,0,in,out,dfg_in_alphac_out,1,3.12,275,True,True,23.707427978515625,-24.150352478027344,ca_coordinates,tSNE
train,6v31,BRAF,inactive,0,in,out,dfg_in_alphac_out,1,3.12,273,True,True,24.216283798217773,-24.465694427490234,ca_coordinates,tSNE
train,7m0z,BRAF,inactive,0,in,out,dfg_in_alphac_out,1,3.12,273,True,True,24.216283798217773,-24.465694427490234,ca_coordinates,tSNE
train,2g2i,ABL1,active,1,in,in,active,1,3.12,271,True,True,22.660175323486328,1.3781064748764038,ca_coordinates,tSNE
train,5gty,EGFR,inactive,0,in,out,dfg_in_alphac_out,1,3.14,297,True,True,-7.608821868896484,-27.082630157470703,ca_coordinates,tSNE
train,6v34,BRAF,inactive,0,out,in,dfg_out_alphac_in,1,3.15,247,True,True,26.73345184326172,4.482720851898193,ca_coordinates,tSNE
train,4dbn,BRAF,inactive,0,out,in,dfg_out_alphac_in,1,3.15,263,True,True,0.6971685886383057,24.533143997192383,ca_coordinates,tSNE
train,6v2z,BRAF,inactive,0,in,out,dfg_in_alphac_out,1,3.16,274,True,True,23.353641510009766,-24.886842727661133,ca_coordinates,tSNE
train,7m0v,BRAF,inactive,0,in,out,dfg_in_alphac_out,1,3.16,274,True,True,23.311399459838867,-24.857044219970703,ca_coordinates,tSNE
train,5ct7,BRAF,inactive,0,out,in,dfg_out_alphac_in,1,3.17,254,True,True,25.454673767089844,4.261638641357422,ca_coordinates,tSNE
train,4g5p,EGFR,inactive,0,out-like,out,inactive,0,3.17,303,True,True,2.181530714035034,32.992305755615234,ca_coordinates,tSNE
train,6v32,BRAF,inactive,0,in,out,dfg_in_alphac_out,1,3.19,274,True,True,24.24234390258789,-25.049266815185547,ca_coordinates,tSNE
train,6p8h,CDK4,inactive,0,in,out,dfg_in_alphac_out,0,3.19,258,True,False,-3.042808771133423,16.912158966064453,ca_coordinates,tSNE
train,7m0t,BRAF,inactive,0,in,out,dfg_in_alphac_out,1,3.19,274,True,True,23.83887481689453,-24.50608253479004,ca_coordinates,tSNE
train,3kxx,FGFR1,active,1,in,in,active,0,3.2,286,True,True,3.5179808139801025,-28.9158992767334,ca_coordinates,tSNE
train,5x2k,EGFR,active,1,in,in,active,1,3.2,314,True,True,-24.560428619384766,11.771950721740723,ca_coordinates,tSNE
train,4g9r,BRAF,inactive,0,out,in,dfg_out_alphac_in,1,3.2,262,True,True,22.985107421875,4.662871360778809,ca_coordinates,tSNE
train,3skc,BRAF,inactive,0,in,out,dfg_in_alphac_out,1,3.2,276,True,True,2.8217623233795166,29.98835563659668,ca_coordinates,tSNE
train,4tks,EGFR,active,1,in,in,active,0,3.2,307,True,True,-32.915870666503906,-1.02475106716156,ca_coordinates,tSNE
train,8f1w,EGFR,inactive,0,in,out,dfg_in_alphac_out,1,3.2,303,True,True,-9.413044929504395,26.81772232055664,ca_coordinates,tSNE
train,3q4c,BRAF,active,1,in,in,active,1,3.2,264,True,True,21.672197341918945,5.579241752624512,ca_coordinates,tSNE
train,7k1i,EGFR,inactive,0,in,out,dfg_in_alphac_out,1,3.202,288,True,True,-12.627535820007324,-34.92770004272461,ca_coordinates,tSNE
train,3rcd,ERBB2,inactive,0,in,out,dfg_in_alphac_out,1,3.21,271,True,True,-8.581664085388184,-27.808778762817383,ca_coordinates,tSNE
train,8kfq,EGFR,active,1,in,in,active,1,3.22,301,True,True,-7.249915599822998,-30.83059310913086,ca_coordinates,tSNE
train,2ito,EGFR,active,1,in,in,active,1,3.25,303,True,True,-24.960411071777344,13.266407012939453,ca_coordinates,tSNE
train,6s9b,EGFR,active,1,in,in,active,1,3.25,291,True,True,-6.344213962554932,-31.175668716430664,ca_coordinates,tSNE
train,4r3r,EGFR,active,1,in,in,active,0,3.25,309,True,True,-31.83282470703125,3.007882595062256,ca_coordinates,tSNE
train,5y9t,EGFR,active,1,in,in,active,1,3.25,300,True,True,-32.068965911865234,0.48416081070899963,ca_coordinates,tSNE
train,7jxh,ERBB2,inactive,0,in,out,dfg_in_alphac_out,1,3.27,272,True,True,-13.783699989318848,-34.532772064208984,ca_coordinates,tSNE
train,6uuo,BRAF,inactive,0,in,out,dfg_in_alphac_out,1,3.29,254,False,True,-18.156972885131836,-6.182826519012451,ca_coordinates,tSNE
train,4ksq,BRAF,inactive,0,out,in,dfg_out_alphac_in,1,3.3,258,True,True,24.902545928955078,3.9782638549804688,ca_coordinates,tSNE
train,4ehe,BRAF,inactive,0,in,out,dfg_in_alphac_out,1,3.3,266,True,True,2.4773926734924316,27.505216598510742,ca_coordinates,tSNE
train,7sz0,EGFR,inactive,0,in,out,dfg_in_alphac_out,0,3.3,614,False,False,2.3459489345550537,-5.331657409667969,ca_coordinates,tSNE
train,4wd5,EGFR,inactive,0,out-like,out,inactive,0,3.3,304,True,True,2.668658971786499,33.07477951049805,ca_coordinates,tSNE
train,7sye,EGFR,inactive,0,in,out,dfg_in_alphac_out,0,3.3,614,False,False,2.3479151725769043,-5.314101219177246,ca_coordinates,tSNE
train,6xag,BRAF,active,1,in,in,active,0,3.3,275,True,True,1.8741005659103394,28.246875762939453,ca_coordinates,tSNE
train,3tv6,BRAF,inactive,0,in,out,dfg_in_alphac_out,1,3.3,276,True,True,2.9628334045410156,30.046634674072266,ca_coordinates,tSNE
train,5jeb,EGFR,active,1,in,in,active,1,3.3,299,True,True,4.480175971984863,-30.344053268432617,ca_coordinates,tSNE
train,8eme,EGFR,inactive,0,in,out,dfg_in_alphac_out,1,3.32,267,False,True,-1.201479196548462,0.1546422690153122,ca_coordinates,tSNE
train,4i20,EGFR,inactive,0,out,in,dfg_out_alphac_in,0,3.34,287,True,True,13.538031578063965,-30.97442626953125,ca_coordinates,tSNE
train,4i21,EGFR,inactive,0,out-like,in,dfg_out_alphac_in,0,3.37,302,True,True,12.4139404296875,-30.51338005065918,ca_coordinates,tSNE
train,4pp7,BRAF,inactive,0,in,out,dfg_in_alphac_out,1,3.4,267,True,True,3.030824661254883,28.72541618347168,ca_coordinates,tSNE
train,3psb,BRAF,active,1,in,in,active,1,3.4,264,True,True,21.954986572265625,5.099394798278809,ca_coordinates,tSNE
train,1bi7,CDK6,inactive,0,out,na,unknown,0,3.4,269,True,True,27.878053665161133,11.67121696472168,ca_coordinates,tSNE
train,3tv4,BRAF,inactive,0,in,out,dfg_in_alphac_out,1,3.4,276,True,True,2.922739267349243,30.03317642211914,ca_coordinates,tSNE
train,5feq,EGFR,active,1,in,in,active,1,3.4,290,True,True,-1.0342586040496826,-31.06135368347168,ca_coordinates,tSNE
train,7sz1,EGFR,inactive,0,in,out,dfg_in_alphac_out,0,3.4,614,False,False,2.338456630706787,-5.342982769012451,ca_coordinates,tSNE
train,7sz7,EGFR,inactive,0,in,out,dfg_in_alphac_out,0,3.4,614,False,False,2.343822717666626,-5.339099884033203,ca_coordinates,tSNE
train,8h7x,EGFR,active,1,in,in,active,1,3.404,299,True,True,5.605551242828369,-29.84678840637207,ca_coordinates,tSNE
train,2ity,EGFR,active,1,in,in,active,1,3.42,300,True,True,-24.789920806884766,13.93820858001709,ca_coordinates,tSNE
train,1opl,ABL1,inactive,0,out-like,in,dfg_out_alphac_in,1,3.42,365,True,True,4.384398937225342,-31.13484764099121,ca_coordinates,tSNE
train,7u98,EGFR,inactive,0,in,out,dfg_in_alphac_out,1,3.42,287,True,True,-7.821908950805664,-26.575336456298828,ca_coordinates,tSNE
train,7m0y,BRAF,inactive,0,in,out,dfg_in_alphac_out,1,3.45,275,True,True,23.716053009033203,-25.438758850097656,ca_coordinates,tSNE
train,6v2y,BRAF,inactive,0,in,out,dfg_in_alphac_out,1,3.451,275,True,True,23.908843994140625,-25.410728454589844,ca_coordinates,tSNE
train,4rzw,BRAF,inactive,0,out,in,dfg_out_alphac_in,1,3.49,252,True,True,26.397491455078125,3.9326064586639404,ca_coordinates,tSNE
train,2rf9,EGFR,inactive,0,out-like,in,dfg_out_alphac_in,0,3.5,280,True,True,8.779023170471191,-30.692731857299805,ca_coordinates,tSNE
train,1uwj,BRAF,inactive,0,out,in,dfg_out_alphac_in,1,3.5,263,True,True,23.177404403686523,4.715946197509766,ca_coordinates,tSNE
train,4g9c,BRAF,inactive,0,out,in,dfg_out_alphac_in,1,3.5,264,True,True,0.218229740858078,24.349016189575195,ca_coordinates,tSNE
train,4ehg,BRAF,inactive,0,in,out,dfg_in_alphac_out,1,3.5,260,True,True,24.435382843017578,6.1282572746276855,ca_coordinates,tSNE
train,2jiv,EGFR,inactive,0,in,out,dfg_in_alphac_out,1,3.5,270,True,True,-8.603294372558594,19.157699584960938,ca_coordinates,tSNE
train,4r5y,BRAF,inactive,0,out,in,dfg_out_alphac_in,1,3.5,253,True,True,25.45049476623535,3.9070277214050293,ca_coordinates,tSNE
train,3pri,BRAF,active,1,in,in,active,1,3.5,264,True,True,21.93340492248535,4.438905239105225,ca_coordinates,tSNE
train,4lrm,EGFR,active,1,in,in,active,1,3.53,293,True,True,7.339700698852539,-29.66067123413086,ca_coordinates,tSNE
train,8f7o,BRAF,inactive,0,out,in,dfg_out_alphac_in,1,3.54,263,True,True,23.436065673828125,4.731512546539307,ca_coordinates,tSNE
train,2rfd,EGFR,inactive,0,in,out,dfg_in_alphac_out,0,3.6,286,True,True,-6.135486602783203,24.290142059326172,ca_coordinates,tSNE
train,3psd,BRAF,active,1,in,in,active,1,3.6,262,True,True,-0.03131141886115074,23.541162490844727,ca_coordinates,tSNE
train,4e4x,BRAF,inactive,0,in,out,dfg_in_alphac_out,1,3.6,274,True,True,2.9326047897338867,30.0360050201416,ca_coordinates,tSNE
train,4mbj,BRAF,inactive,0,in,out,dfg_in_alphac_out,1,3.6,269,True,True,2.9259631633758545,28.600873947143555,ca_coordinates,tSNE
train,6vhp,EGFR,active,1,in,in,active,1,3.6,308,True,True,-25.333097457885742,12.005067825317383,ca_coordinates,tSNE
train,7sz5,EGFR,inactive,0,in,out,dfg_in_alphac_out,0,3.6,614,False,False,2.3438191413879395,-5.335911750793457,ca_coordinates,tSNE
train,7mfd,BRAF,inactive,0,in,out,dfg_in_alphac_out,0,3.66,408,True,True,14.536039352416992,-28.64361000061035,ca_coordinates,tSNE
train,3ppj,BRAF,active,1,in,in,active,1,3.7,262,True,True,-0.03882068395614624,23.519062042236328,ca_coordinates,tSNE
train,6v2u,BRAF,inactive,0,in,out,dfg_in_alphac_out,1,3.78,255,False,True,-1.1417186260223389,-1.9303135871887207,ca_coordinates,tSNE
train,5fwk,CDK4,active,1,in,na,unknown,0,3.9,209,True,False,-25.82719612121582,-5.586892127990723,ca_coordinates,tSNE
train,8dgt,BRAF,inactive,0,in,out,dfg_in_alphac_out,1,3.9,429,True,True,23.393884658813477,-25.189064025878906,ca_coordinates,tSNE
train,4ll0,EGFR,active,1,in,in,active,1,4.0,291,True,True,-10.36777400970459,19.86785125732422,ca_coordinates,tSNE
train,7mfe,BRAF,inactive,0,in,out,dfg_in_alphac_out,0,4.07,407,True,True,14.389338493347168,-28.45987319946289,ca_coordinates,tSNE
train,8dgs,BRAF,inactive,0,in,out,dfg_in_alphac_out,1,4.3,425,True,True,14.465836524963379,-28.56047821044922,ca_coordinates,tSNE
train,5fwp,CDK4,active,1,in,na,unknown,0,7.2,209,True,False,-25.827125549316406,-5.587089538574219,ca_coordinates,tSNE
train,5fwm,CDK4,inactive,0,out-like,out,inactive,0,8.0,291,True,True,4.5512166023254395,-1.7639046907424927,ca_coordinates,tSNE
train,5fwl,CDK4,inactive,0,in,out,dfg_in_alphac_out,0,9.0,291,True,True,4.9244914054870605,-1.3382353782653809,ca_coordinates,tSNE
val,4r1v,MET,inactive,0,in,out,dfg_in_alphac_out,1,1.2,289,True,True,4.389529705047607,-10.856117248535156,ca_coordinates,tSNE
val,3f66,MET,inactive,0,in,out,dfg_in_alphac_out,1,1.4,269,True,True,6.005565643310547,2.136244773864746,ca_coordinates,tSNE
val,3zcl,MET,inactive,0,in,out,dfg_in_alphac_out,1,1.4,289,True,True,1.9672240018844604,-11.016608238220215,ca_coordinates,tSNE
val,8pqd,KIT,active,1,in,in,active,1,1.5,297,True,True,14.348382949829102,-30.71384048461914,ca_coordinates,tSNE
val,3dkc,MET,inactive,0,in,out,dfg_in_alphac_out,1,1.52,312,True,True,18.198354721069336,12.414223670959473,ca_coordinates,tSNE
val,9c1r,MET,inactive,0,out,in,dfg_out_alphac_in,1,1.59,285,True,True,5.254713535308838,-5.853195667266846,ca_coordinates,tSNE
val,3q6u,MET,active,1,in,in,active,0,1.6,287,True,True,17.621936798095703,-26.368553161621094,ca_coordinates,tSNE
val,3g0e,KIT,inactive,0,out,in,dfg_out_alphac_in,1,1.6,332,True,True,-13.808975219726562,35.77876281738281,ca_coordinates,tSNE
val,1t46,KIT,inactive,0,out,in,dfg_out_alphac_in,1,1.6,297,True,True,-13.431235313415527,26.978422164916992,ca_coordinates,tSNE
val,4mxc,MET,inactive,0,out,in,dfg_out_alphac_in,1,1.63,290,True,True,0.30682021379470825,-7.842179775238037,ca_coordinates,tSNE
val,8pqa,KIT,active,1,in,in,active,1,1.65,293,True,True,0.6940284371376038,34.11234664916992,ca_coordinates,tSNE
val,5hti,MET,inactive,0,out,in,dfg_out_alphac_in,1,1.66,290,True,True,0.31350284814834595,-7.841706275939941,ca_coordinates,tSNE
val,6sdc,MET,inactive,0,out,in,dfg_out_alphac_in,1,1.67,286,True,True,0.3225378096103668,-7.852781295776367,ca_coordinates,tSNE
val,8pq9,KIT,active,1,in,in,active,1,1.7,296,True,True,14.280038833618164,-30.732593536376953,ca_coordinates,tSNE
val,7v3r,MET,inactive,0,out,in,dfg_out_alphac_in,1,1.7,285,True,True,6.128310203552246,2.619222402572632,ca_coordinates,tSNE
val,5hni,MET,inactive,0,in,out,dfg_in_alphac_out,1,1.71,245,True,True,-1.2293401956558228,-0.20251484215259552,ca_coordinates,tSNE
val,4xmo,MET,inactive,0,in,out,dfg_in_alphac_out,1,1.75,289,True,True,-15.195748329162598,-18.610305786132812,ca_coordinates,tSNE
val,7b3q,MET,inactive,0,in,out,dfg_in_alphac_out,1,1.75,283,True,True,5.987432956695557,-6.007042407989502,ca_coordinates,tSNE
val,5eob,MET,inactive,0,in,out,dfg_in_alphac_out,1,1.75,288,True,True,1.5406999588012695,-9.041152954101562,ca_coordinates,tSNE
val,3q6w,MET,active,1,in,in,active,1,1.75,297,True,True,-16.418649673461914,-8.526043891906738,ca_coordinates,tSNE
val,7b40,MET,inactive,0,in,out,dfg_in_alphac_out,1,1.76,279,True,True,5.899580001831055,-5.9763102531433105,ca_coordinates,tSNE
val,7b44,MET,inactive,0,in,out,dfg_in_alphac_out,1,1.76,282,True,True,5.898359775543213,-5.958975315093994,ca_coordinates,tSNE
val,8ouu,MET,inactive,0,out,out,inactive,1,1.77,284,True,True,1.281930685043335,-11.812880516052246,ca_coordinates,tSNE
val,8pqc,KIT,active,1,in,in,active,1,1.77,297,True,True,0.928679347038269,34.5015983581543,ca_coordinates,tSNE
val,8ouv,MET,inactive,0,out,out,inactive,1,1.783,294,True,True,2.269683361053467,-1.3273067474365234,ca_coordinates,tSNE
val,4ap7,MET,inactive,0,in,out,dfg_in_alphac_out,1,1.8,289,True,True,2.1502983570098877,-11.173614501953125,ca_coordinates,tSNE
val,3zxz,MET,inactive,0,in,out,dfg_in_alphac_out,1,1.8,289,True,True,2.3542191982269287,-10.6397066116333,ca_coordinates,tSNE
val,5eyc,MET,inactive,0,in,out,dfg_in_alphac_out,1,1.8,288,True,True,3.61548113822937,-10.996915817260742,ca_coordinates,tSNE
val,3dkf,MET,inactive,0,in,out,dfg_in_alphac_out,1,1.8,294,True,True,6.244399547576904,4.59791374206543,ca_coordinates,tSNE
val,4eev,MET,inactive,0,out,in,dfg_out_alphac_in,1,1.8,283,True,True,17.613203048706055,-26.39069938659668,ca_coordinates,tSNE
val,1r1w,MET,inactive,0,in,out,dfg_in_alphac_out,0,1.8,287,True,True,9.01806640625,2.8643393516540527,ca_coordinates,tSNE
val,1r0p,MET,inactive,0,in,out,dfg_in_alphac_out,1,1.8,301,True,True,1.2317657470703125,-10.575946807861328,ca_coordinates,tSNE
val,7b42,MET,inactive,0,in,out,dfg_in_alphac_out,1,1.8,279,True,True,-2.1956238746643066,-7.2637939453125,ca_coordinates,tSNE
val,6mob,KIT,inactive,0,out,in,dfg_out_alphac_in,1,1.8,306,True,True,-13.800166130065918,35.46589279174805,ca_coordinates,tSNE
val,7b3z,MET,inactive,0,in,out,dfg_in_alphac_out,1,1.8,277,True,True,5.928495407104492,-5.983630657196045,ca_coordinates,tSNE
val,4xyf,MET,inactive,0,in,out,dfg_in_alphac_out,1,1.85,290,True,True,-15.667134284973145,-19.034460067749023,ca_coordinates,tSNE
val,5eyd,MET,inactive,0,in,out,dfg_in_alphac_out,1,1.85,289,True,True,3.6128671169281006,-10.959882736206055,ca_coordinates,tSNE
val,7b43,MET,inactive,0,in,out,dfg_in_alphac_out,1,1.87,277,True,True,5.929811477661133,-5.984463691711426,ca_coordinates,tSNE
val,3zze,MET,inactive,0,in,out,dfg_in_alphac_out,1,1.87,286,True,True,1.8825305700302124,-10.841934204101562,ca_coordinates,tSNE
val,8pqb,KIT,active,1,in,in,active,1,1.87,280,True,True,5.606566429138184,25.008039474487305,ca_coordinates,tSNE
val,6itv,KIT,inactive,0,out,in,dfg_out_alphac_in,1,1.88,297,True,True,-11.863091468811035,34.196571350097656,ca_coordinates,tSNE
val,5ya5,MET,inactive,0,in,out,dfg_in_alphac_out,1,1.89,273,True,True,-15.26975154876709,-18.98702621459961,ca_coordinates,tSNE
val,4hvs,KIT,inactive,0,out,in,dfg_out_alphac_in,1,1.9,326,True,True,16.303096771240234,-30.72739028930664,ca_coordinates,tSNE
val,7v3s,MET,inactive,0,out,in,dfg_out_alphac_in,1,1.9,284,True,True,8.200843811035156,2.7868025302886963,ca_coordinates,tSNE
val,1t45,KIT,inactive,0,out,in,dfg_out_alphac_in,0,1.9,331,True,True,-13.858969688415527,35.70880126953125,ca_coordinates,tSNE
val,8pqf,KIT,active,1,in,in,active,1,1.9,294,True,True,0.8947738409042358,34.381465911865234,ca_coordinates,tSNE
val,3ccn,MET,inactive,0,in,out,dfg_in_alphac_out,1,1.9,275,True,True,-16.01932716369629,-18.303417205810547,ca_coordinates,tSNE
val,5uab,MET,inactive,0,in,out,dfg_in_alphac_out,1,1.9,288,True,True,-15.821447372436523,-18.84626007080078,ca_coordinates,tSNE
val,4aoi,MET,inactive,0,in,out,dfg_in_alphac_out,1,1.9,289,True,True,2.2499332427978516,-11.158559799194336,ca_coordinates,tSNE
val,3dkg,MET,inactive,0,in,out,dfg_in_alphac_out,1,1.91,281,True,True,19.87820816040039,-27.00424575805664,ca_coordinates,tSNE
val,7b3v,MET,inactive,0,in,out,dfg_in_alphac_out,1,1.93,274,True,True,9.012200355529785,2.8630075454711914,ca_coordinates,tSNE
val,6sdd,MET,inactive,0,out,in,dfg_out_alphac_in,1,1.93,271,True,True,-13.681312561035156,-18.958452224731445,ca_coordinates,tSNE
val,3rhk,MET,inactive,0,out,out,inactive,1,1.94,298,True,True,-13.835897445678711,-18.936853408813477,ca_coordinates,tSNE
val,8ov7,MET,inactive,0,out,in,dfg_out_alphac_in,1,1.95,289,True,True,2.4059865474700928,-1.144740343093872,ca_coordinates,tSNE
val,5ho6,MET,inactive,0,in,out,dfg_in_alphac_out,1,1.97,240,True,True,19.87801742553711,-27.001340866088867,ca_coordinates,tSNE
val,5hlw,MET,inactive,0,in,out,dfg_in_alphac_out,1,1.97,284,True,True,6.044865131378174,1.9718152284622192,ca_coordinates,tSNE
val,7b41,MET,inactive,0,in,out,dfg_in_alphac_out,1,1.97,281,True,True,-2.1990392208099365,-7.263291358947754,ca_coordinates,tSNE
val,4iwd,MET,active,1,in,in,active,1,1.99,299,True,True,-16.416860580444336,-8.528204917907715,ca_coordinates,tSNE
val,6ubw,MET,inactive,0,in,out,dfg_in_alphac_out,1,2.0,296,True,True,-15.369978904724121,-18.44261360168457,ca_coordinates,tSNE
val,3qti,MET,inactive,0,in,out,dfg_in_alphac_out,1,2.0,292,True,True,8.419851303100586,2.648228168487549,ca_coordinates,tSNE
val,3cd8,MET,inactive,0,in,out,dfg_in_alphac_out,1,2.0,278,True,True,-16.02770233154297,-18.284637451171875,ca_coordinates,tSNE
val,2wgj,MET,inactive,0,in,out,dfg_in_alphac_out,1,2.0,289,True,True,1.8823586702346802,-10.838837623596191,ca_coordinates,tSNE
val,2wd1,MET,inactive,0,in,out,dfg_in_alphac_out,1,2.0,289,True,True,4.2831196784973145,-10.954221725463867,ca_coordinates,tSNE
val,5t3q,MET,inactive,0,na,out,unknown,1,2.0,278,False,True,10.45093822479248,-30.431928634643555,ca_coordinates,tSNE
val,4u0i,KIT,inactive,0,out,in,dfg_out_alphac_in,1,2.0,297,True,True,16.17049789428711,-29.9119815826416,ca_coordinates,tSNE
val,4r1y,MET,inactive,0,in,out,dfg_in_alphac_out,1,2.0,265,True,True,1.8571486473083496,-9.53776741027832,ca_coordinates,tSNE
val,8pqe,KIT,inactive,0,na,in,unknown,1,2.0,277,False,True,-1.2009352445602417,-2.573552131652832,ca_coordinates,tSNE
val,6gqm,KIT,inactive,0,out,in,dfg_out_alphac_in,1,2.0,288,True,True,-12.369609832763672,34.56147003173828,ca_coordinates,tSNE
val,3u6h,MET,inactive,0,in,out,dfg_in_alphac_out,1,2.0,280,True,True,5.438418388366699,-5.896463871002197,ca_coordinates,tSNE
val,3i5n,MET,inactive,0,in,out,dfg_in_alphac_out,1,2.0,280,True,True,6.054267883300781,1.983475923538208,ca_coordinates,tSNE
val,4deh,MET,inactive,0,in,out,dfg_in_alphac_out,1,2.0,286,True,True,3.6168036460876465,-10.685945510864258,ca_coordinates,tSNE
val,4deg,MET,inactive,0,in,out,dfg_in_alphac_out,1,2.0,286,True,True,-15.757452964782715,-18.947858810424805,ca_coordinates,tSNE
val,6gql,KIT,inactive,0,out,in,dfg_out_alphac_in,1,2.01,298,True,True,-12.458913803100586,35.482322692871094,ca_coordinates,tSNE
val,8ans,MET,inactive,0,out,in,dfg_out_alphac_in,1,2.01,277,True,True,6.421561241149902,4.61135196685791,ca_coordinates,tSNE
val,7b3w,MET,active,1,in,na,unknown,1,2.02,259,True,True,5.1329193115234375,-10.796578407287598,ca_coordinates,tSNE
val,3lq8,MET,inactive,0,out,in,dfg_out_alphac_in,1,2.02,278,True,True,6.0898542404174805,2.5093600749969482,ca_coordinates,tSNE
val,4dei,MET,inactive,0,in,out,dfg_in_alphac_out,1,2.05,287,True,True,-15.394388198852539,-19.063920974731445,ca_coordinates,tSNE
val,6itt,KIT,inactive,0,out,in,dfg_out_alphac_in,1,2.1,297,True,True,-11.645851135253906,34.89777374267578,ca_coordinates,tSNE
val,3vw8,MET,inactive,0,out,in,dfg_out_alphac_in,1,2.1,303,True,True,0.17659355700016022,-7.791461944580078,ca_coordinates,tSNE
val,3u6i,MET,inactive,0,in,out,dfg_in_alphac_out,1,2.1,281,True,True,19.962535858154297,-26.983064651489258,ca_coordinates,tSNE
val,6kla,KIT,inactive,0,out,in,dfg_out_alphac_in,1,2.11,309,True,True,-11.879152297973633,34.19502639770508,ca_coordinates,tSNE
val,7zw8,KIT,inactive,0,out,in,dfg_out_alphac_in,1,2.119,301,True,True,-13.643572807312012,26.848506927490234,ca_coordinates,tSNE
val,8aw1,MET,inactive,0,in,out,dfg_in_alphac_out,1,2.14,263,True,True,5.949300765991211,2.490880250930786,ca_coordinates,tSNE
val,5hoa,MET,inactive,0,in,out,dfg_in_alphac_out,1,2.14,225,True,True,19.884624481201172,-26.993499755859375,ca_coordinates,tSNE
val,2g15,MET,inactive,0,in,out,dfg_in_alphac_out,0,2.15,301,True,True,3.2817392349243164,-3.9368536472320557,ca_coordinates,tSNE
val,7khg,KIT,inactive,0,out,in,dfg_out_alphac_in,1,2.15,327,True,True,16.308565139770508,-30.722497940063477,ca_coordinates,tSNE
val,6xvb,KIT,inactive,0,out,in,dfg_out_alphac_in,1,2.15,288,True,True,-12.35267162322998,34.64739227294922,ca_coordinates,tSNE
val,7y4t,MET,inactive,0,in,out,dfg_in_alphac_out,1,2.16,281,True,True,5.228806972503662,-10.988367080688477,ca_coordinates,tSNE
val,3c1x,MET,inactive,0,out,in,dfg_out_alphac_in,1,2.17,290,False,True,9.678114891052246,-11.692133903503418,ca_coordinates,tSNE
val,2wkm,MET,inactive,0,in,out,dfg_in_alphac_out,1,2.2,286,True,True,2.1906280517578125,-10.50717544555664,ca_coordinates,tSNE
val,3efk,MET,active,1,in,in,active,1,2.2,276,False,True,2.5618462562561035,-24.449111938476562,ca_coordinates,tSNE
val,2rfs,MET,inactive,0,in,out,dfg_in_alphac_out,1,2.2,264,True,True,1.8646467924118042,-9.509919166564941,ca_coordinates,tSNE
val,3zbx,MET,inactive,0,in,out,dfg_in_alphac_out,1,2.2,282,True,True,2.347733974456787,-10.643399238586426,ca_coordinates,tSNE
val,3zc5,MET,inactive,0,in,out,dfg_in_alphac_out,1,2.2,289,True,True,2.3925724029541016,-11.080891609191895,ca_coordinates,tSNE
val,5hor,MET,inactive,0,in,out,dfg_in_alphac_out,1,2.2,247,True,True,9.08680534362793,2.899406909942627,ca_coordinates,tSNE
val,8ovz,MET,inactive,0,out,out,inactive,1,2.206,286,True,True,2.282090425491333,-1.2977409362792969,ca_coordinates,tSNE
val,7b3t,MET,inactive,0,in,out,dfg_in_alphac_out,1,2.23,261,True,True,-2.1833176612854004,-7.263782978057861,ca_coordinates,tSNE
val,6hh1,KIT,inactive,0,out,in,dfg_out_alphac_in,1,2.25,303,True,True,-13.206921577453613,35.29171371459961,ca_coordinates,tSNE
val,5uaf,MET,inactive,0,in,out,dfg_in_alphac_out,1,2.25,291,True,True,-15.362761497497559,-18.44363784790039,ca_coordinates,tSNE
val,5uad,MET,inactive,0,in,out,dfg_in_alphac_out,1,2.25,291,True,True,-15.362761497497559,-18.44363784790039,ca_coordinates,tSNE
val,8au3,MET,inactive,0,in,out,dfg_in_alphac_out,1,2.26,285,True,True,8.861976623535156,2.809818983078003,ca_coordinates,tSNE
val,7y4u,MET,inactive,0,in,out,dfg_in_alphac_out,1,2.26,281,True,True,5.124277591705322,-10.994029998779297,ca_coordinates,tSNE
val,4gg7,MET,inactive,0,in,out,dfg_in_alphac_out,1,2.27,278,True,True,-14.179819107055664,-18.925966262817383,ca_coordinates,tSNE
val,8ow3,MET,inactive,0,out,out,inactive,1,2.27,258,True,True,17.606319427490234,-26.378339767456055,ca_coordinates,tSNE
val,3r7o,MET,active,1,in,in,active,1,2.3,299,True,True,-16.417402267456055,-8.527515411376953,ca_coordinates,tSNE
val,3cth,MET,inactive,0,out,in,dfg_out_alphac_in,1,2.3,295,True,True,6.2482008934021,4.869929313659668,ca_coordinates,tSNE
val,6xva,KIT,inactive,0,out,in,dfg_out_alphac_in,1,2.3,288,True,True,-12.239089012145996,34.973243713378906,ca_coordinates,tSNE
val,6gqk,KIT,inactive,0,out,in,dfg_out_alphac_in,1,2.31,293,True,True,-12.173999786376953,35.01231002807617,ca_coordinates,tSNE
val,6gqj,KIT,inactive,0,out,in,dfg_out_alphac_in,1,2.33,298,True,True,-12.355932235717773,34.53590774536133,ca_coordinates,tSNE
val,7khk,KIT,active,1,in,in,active,1,2.34,291,True,True,6.803222179412842,-30.202890396118164,ca_coordinates,tSNE
val,6sd9,MET,inactive,0,out,in,dfg_out_alphac_in,1,2.35,265,True,True,6.190190315246582,2.9330813884735107,ca_coordinates,tSNE
val,8an8,MET,inactive,0,out,in,dfg_out_alphac_in,1,2.394,244,True,True,-17.96561622619629,-6.093291282653809,ca_coordinates,tSNE
val,4knb,MET,inactive,0,in,out,dfg_in_alphac_out,1,2.4,273,True,True,3.659606456756592,-10.58546257019043,ca_coordinates,tSNE
val,3l8v,MET,inactive,0,out,in,dfg_out_alphac_in,1,2.4,293,True,True,6.247453689575195,4.921542167663574,ca_coordinates,tSNE
val,8pqg,KIT,active,1,in,in,active,1,2.4,292,True,True,0.8095869421958923,34.379093170166016,ca_coordinates,tSNE
val,3ce3,MET,inactive,0,out,in,dfg_out_alphac_in,1,2.4,293,True,True,6.24544095993042,4.876713275909424,ca_coordinates,tSNE
val,4gg5,MET,inactive,0,in,out,dfg_in_alphac_out,1,2.42,274,True,True,5.102560997009277,-10.723917961120605,ca_coordinates,tSNE
val,6sde,MET,inactive,0,in,out,dfg_in_alphac_out,1,2.49,268,True,True,-15.380294799804688,-19.061325073242188,ca_coordinates,tSNE
val,3f82,MET,inactive,0,out,in,dfg_out_alphac_in,1,2.5,278,True,True,17.613414764404297,-26.3902530670166,ca_coordinates,tSNE
val,3ctj,MET,inactive,0,out,in,dfg_out_alphac_in,1,2.5,289,False,True,9.67746353149414,-11.691731452941895,ca_coordinates,tSNE
val,2rfn,MET,inactive,0,na,in,unknown,1,2.5,268,False,True,2.5602312088012695,-24.44961929321289,ca_coordinates,tSNE
val,3a4p,MET,inactive,0,in,out,dfg_in_alphac_out,1,2.54,285,True,True,8.388474464416504,2.691638946533203,ca_coordinates,tSNE
val,5dg5,MET,inactive,0,out,in,dfg_out_alphac_in,1,2.6,297,True,True,4.595828056335449,-1.6094120740890503,ca_coordinates,tSNE
val,3efj,MET,inactive,0,na,out,unknown,1,2.6,276,False,True,2.5612940788269043,-24.449132919311523,ca_coordinates,tSNE
val,3g0f,KIT,inactive,0,out,in,dfg_out_alphac_in,1,2.6,291,True,True,-13.470036506652832,26.737009048461914,ca_coordinates,tSNE
val,8owg,MET,inactive,0,out,out,inactive,1,2.631,244,True,True,19.834800720214844,-26.937393188476562,ca_coordinates,tSNE
val,8k78,MET,inactive,0,in,out,dfg_in_alphac_out,0,2.67,298,True,True,4.929254055023193,-10.653735160827637,ca_coordinates,tSNE
val,8gvj,MET,inactive,0,in,out,dfg_in_alphac_out,1,2.71,285,True,True,5.000280857086182,-10.982529640197754,ca_coordinates,tSNE
val,8au5,MET,inactive,0,in,out,dfg_in_alphac_out,1,2.72,265,True,True,2.0793638229370117,-9.478618621826172,ca_coordinates,tSNE
val,7khj,KIT,active,1,in,in,active,1,2.8,288,True,True,4.754264831542969,-30.399436950683594,ca_coordinates,tSNE
val,1pkg,KIT,active,1,in,in,active,1,2.9,277,True,True,-14.8319730758667,-31.33146858215332,ca_coordinates,tSNE
val,7zy6,KIT,inactive,0,out,in,dfg_out_alphac_in,1,3.09,293,True,True,-13.393370628356934,26.900732040405273,ca_coordinates,tSNE
val,8dfp,KIT,inactive,0,out,out,inactive,0,3.17,438,False,True,5.152918815612793,-0.7534005045890808,ca_coordinates,tSNE
val,6xv9,KIT,inactive,0,out,in,dfg_out_alphac_in,1,3.38,292,True,True,-12.12156867980957,34.03194046020508,ca_coordinates,tSNE
val,8dfm,KIT,inactive,0,out-like,out,inactive,0,3.45,441,False,True,5.130677700042725,-0.803433895111084,ca_coordinates,tSNE
val,8dfq,KIT,inactive,0,out-like,out,inactive,0,3.96,438,False,True,5.132922172546387,-0.7966170907020569,ca_coordinates,tSNE
test,5grn,PDGFRA,inactive,0,out,in,dfg_out_alphac_in,1,1.77,285,True,True,-12.075004577636719,35.84543991088867,ca_coordinates,tSNE
test,8pqj,PDGFRA,inactive,0,out,in,dfg_out_alphac_in,0,1.82,329,True,True,15.960467338562012,-30.777957916259766,ca_coordinates,tSNE
test,6a32,PDGFRA,inactive,0,out,in,dfg_out_alphac_in,0,1.87,336,True,True,-13.129862785339355,35.903594970703125,ca_coordinates,tSNE
test,6jol,PDGFRA,inactive,0,out,in,dfg_out_alphac_in,1,1.9,279,True,True,-13.140207290649414,27.10890007019043,ca_coordinates,tSNE
test,8exl,PIK3CA,active,1,in,in,active,1,1.989,892,True,True,-8.07435131072998,-5.629666328430176,ca_coordinates,tSNE
test,8pqk,PDGFRA,inactive,0,out,in,dfg_out_alphac_in,0,2.0,322,True,True,-12.253207206726074,36.00752258300781,ca_coordinates,tSNE
test,7jiu,PIK3CA,active,1,in,in,active,1,2.12,900,True,True,-7.805134296417236,-4.968111038208008,ca_coordinates,tSNE
test,5k5x,PDGFRA,inactive,0,out,in,dfg_out_alphac_in,0,2.17,345,True,True,-13.475077629089355,37.01068115234375,ca_coordinates,tSNE
test,6pys,PIK3CA,active,1,in,in,active,1,2.19,890,True,True,-8.015087127685547,-5.624077320098877,ca_coordinates,tSNE
test,4jps,PIK3CA,active,1,in,in,active,1,2.2,999,True,True,49.4006233215332,-6.364615440368652,ca_coordinates,tSNE
test,7pg5,PIK3CA,active,1,in,in,active,0,2.20029,1028,True,True,54.27280044555664,-8.563953399658203,ca_coordinates,tSNE
test,5dxt,PIK3CA,active,1,in,in,active,1,2.25,879,True,True,-8.099928855895996,-5.15967321395874,ca_coordinates,tSNE
test,8sbc,PIK3CA,active,1,in,in,active,1,2.3,970,True,True,46.07903289794922,-6.239648818969727,ca_coordinates,tSNE
test,4waf,PIK3CA,active,1,in,in,active,1,2.39,1017,True,True,54.269649505615234,-7.932937145233154,ca_coordinates,tSNE
test,5ubr,PIK3CA,active,1,in,in,active,1,2.4,887,True,True,-8.867597579956055,-5.0873308181762695,ca_coordinates,tSNE
test,7tz7,PIK3CA,active,1,in,in,active,1,2.41,988,True,True,46.15306854248047,-6.400169849395752,ca_coordinates,tSNE
test,8dcp,PIK3CA,active,1,in,in,active,0,2.41,1005,True,True,48.33493423461914,-8.471922874450684,ca_coordinates,tSNE
test,8bfu,PIK3CA,active,1,in,in,active,0,2.41,880,True,True,-8.634418487548828,-6.163527965545654,ca_coordinates,tSNE
test,7k6m,PIK3CA,active,1,in,in,active,1,2.413,878,True,True,-7.396545886993408,-3.6247622966766357,ca_coordinates,tSNE
test,8exo,PIK3CA,active,1,in,in,active,1,2.46,900,True,True,-8.879322052001953,-5.80072021484375,ca_coordinates,tSNE
test,8exv,PIK3CA,active,1,in,in,active,1,2.48,895,True,True,-8.822464942932129,-5.84529972076416,ca_coordinates,tSNE
test,7pg6,PIK3CA,active,1,in,in,active,1,2.49944,1026,True,True,54.32027053833008,-8.426153182983398,ca_coordinates,tSNE
test,5fi4,PIK3CA,active,1,in,in,active,1,2.5,1009,True,True,54.55192947387695,-7.539215564727783,ca_coordinates,tSNE
test,5uk8,PIK3CA,active,1,in,in,active,1,2.5,1008,True,True,53.79471969604492,-7.995737552642822,ca_coordinates,tSNE
test,8pqh,PDGFRA,active,1,in,in,active,1,2.5,321,True,True,12.9433012008667,-30.482053756713867,ca_coordinates,tSNE
test,6gvf,PIK3CA,active,1,in,in,active,1,2.5,910,True,True,-7.655037879943848,-6.225033760070801,ca_coordinates,tSNE
test,4l23,PIK3CA,active,1,in,in,active,1,2.5,1014,True,True,50.333885192871094,-10.27625560760498,ca_coordinates,tSNE
test,8tsa,PIK3CA,active,1,in,in,active,1,2.51,1005,True,True,54.306461334228516,-5.8032755851745605,ca_coordinates,tSNE
test,5xgi,PIK3CA,active,1,in,in,active,1,2.56,1013,True,True,50.84428787231445,-10.036152839660645,ca_coordinates,tSNE
test,8bfv,PIK3CA,active,1,in,in,active,1,2.57,895,True,True,-7.423070907592773,-5.529660224914551,ca_coordinates,tSNE
test,8ow2,PIK3CA,active,1,in,in,active,1,2.57,895,True,True,-7.424398422241211,-5.525386333465576,ca_coordinates,tSNE
test,4l1b,PIK3CA,active,1,in,in,active,0,2.59,994,True,True,48.069908142089844,-8.798101425170898,ca_coordinates,tSNE
test,8pqi,PDGFRA,active,1,in,in,active,1,2.6,299,True,True,-8.801053047180176,24.864641189575195,ca_coordinates,tSNE
test,6joj,PDGFRA,inactive,0,out-like,in,dfg_out_alphac_in,1,2.6,338,True,True,-13.249906539916992,36.797882080078125,ca_coordinates,tSNE
test,8v8v,PIK3CA,active,1,in,in,active,1,2.61,1012,True,True,53.3377685546875,-6.959827423095703,ca_coordinates,tSNE
test,8gud,PIK3CA,active,1,in,in,active,1,2.62,835,True,True,-8.216558456420898,-3.206636428833008,ca_coordinates,tSNE
test,4zop,PIK3CA,active,1,in,in,active,1,2.62,1000,True,True,49.325950622558594,-6.220755577087402,ca_coordinates,tSNE
test,4tuu,PIK3CA,active,1,in,in,active,0,2.64,879,True,True,-8.93714714050293,-5.2685723304748535,ca_coordinates,tSNE
test,8twy,PIK3CA,active,1,in,in,active,1,2.67,853,True,True,-7.720565319061279,-3.2872142791748047,ca_coordinates,tSNE
test,8exu,PIK3CA,active,1,in,in,active,1,2.68,898,True,True,-8.378637313842773,-5.7405805587768555,ca_coordinates,tSNE
test,7r9v,PIK3CA,active,1,in,in,active,1,2.69,855,True,True,-7.695525646209717,-3.2917044162750244,ca_coordinates,tSNE
test,8w9a,PIK3CA,active,1,in,in,active,1,2.7,969,True,True,48.31759262084961,-6.087724685668945,ca_coordinates,tSNE
test,8tsd,PIK3CA,active,1,in,in,active,1,2.7,1005,True,True,54.92877960205078,-6.267256259918213,ca_coordinates,tSNE
test,8ts7,PIK3CA,active,1,in,in,active,0,2.71,997,True,True,54.14812469482422,-5.867081642150879,ca_coordinates,tSNE
test,8ts8,PIK3CA,active,1,in,in,active,0,2.72,992,True,True,54.60190200805664,-5.815351963043213,ca_coordinates,tSNE
test,8gub,PIK3CA,active,1,in,in,active,1,2.73,977,True,True,47.9014892578125,-6.753750324249268,ca_coordinates,tSNE
test,7k6o,PIK3CA,active,1,in,in,active,1,2.738,852,True,True,19.652587890625,-25.03746795654297,ca_coordinates,tSNE
test,6gvh,PIK3CA,active,1,in,in,active,1,2.74,913,True,True,-8.273215293884277,-6.384471893310547,ca_coordinates,tSNE
test,7k6n,PIK3CA,active,1,in,in,active,1,2.77,875,True,True,-7.943178653717041,-4.2675251960754395,ca_coordinates,tSNE
test,8gua,PIK3CA,active,1,in,in,active,1,2.77,855,True,True,-7.631148338317871,-3.992438554763794,ca_coordinates,tSNE
test,7myn,PIK3CA,inactive,0,out-like,in,dfg_out_alphac_in,0,2.79,977,True,True,47.791221618652344,-6.347403049468994,ca_coordinates,tSNE
test,8dcx,PIK3CA,active,1,in,in,active,0,2.8,930,True,True,48.06174850463867,-4.932784557342529,ca_coordinates,tSNE
test,4l2y,PIK3CA,active,1,in,in,active,1,2.8,991,True,True,48.59235763549805,-9.324798583984375,ca_coordinates,tSNE
test,3hhm,PIK3CA,active,1,in,in,active,1,2.8,1032,True,True,18.155269622802734,12.35294246673584,ca_coordinates,tSNE
test,5ukj,PIK3CA,active,1,in,in,active,1,2.8,1009,True,True,52.63713836669922,-8.191243171691895,ca_coordinates,tSNE
test,8am0,PIK3CA,active,1,in,in,active,1,2.818,1031,True,True,53.94682312011719,-8.530653953552246,ca_coordinates,tSNE
test,8ts9,PIK3CA,active,1,in,in,active,1,2.83,1004,True,True,54.95135498046875,-5.97580623626709,ca_coordinates,tSNE
test,3zim,PIK3CA,active,1,in,in,active,1,2.85,886,True,True,-8.545462608337402,-4.2222700119018555,ca_coordinates,tSNE
test,4tv3,PIK3CA,active,1,in,in,active,1,2.85,879,True,True,-8.640711784362793,-5.234582424163818,ca_coordinates,tSNE
test,7r9y,PIK3CA,active,1,in,in,active,1,2.85,853,True,True,-7.748619556427002,-3.2716338634490967,ca_coordinates,tSNE
test,4ykn,PIK3CA,active,1,in,in,active,1,2.9,1205,True,True,19.832904815673828,-24.761539459228516,ca_coordinates,tSNE
test,6gvi,PIK3CA,active,1,in,in,active,1,2.9,910,True,True,-8.04847240447998,-6.415573596954346,ca_coordinates,tSNE
test,7k71,PIK3CA,active,1,in,in,active,1,2.9,843,True,True,-8.385130882263184,-3.6172685623168945,ca_coordinates,tSNE
test,7mlk,PIK3CA,active,1,in,in,active,1,2.91,888,True,True,-8.467071533203125,-4.4795355796813965,ca_coordinates,tSNE
test,7myo,PIK3CA,active,1,in,na,unknown,0,2.92,286,False,True,17.271892547607422,12.529815673828125,ca_coordinates,tSNE
test,8tgd,PIK3CA,active,1,in,in,active,1,2.928,1027,True,True,52.663909912109375,-7.1433024406433105,ca_coordinates,tSNE
test,8v8u,PIK3CA,active,1,in,in,active,1,2.93,1054,True,True,46.75214385986328,-10.788785934448242,ca_coordinates,tSNE
test,4ovu,PIK3CA,active,1,in,in,active,0,2.96,1044,True,True,48.81258010864258,-10.61616039276123,ca_coordinates,tSNE
test,5xgj,PIK3CA,active,1,in,in,active,1,2.97,980,True,True,46.090755462646484,-6.412990093231201,ca_coordinates,tSNE
test,5xgh,PIK3CA,active,1,in,in,active,1,2.97,993,True,True,46.30434036254883,-6.854292869567871,ca_coordinates,tSNE
test,6gvg,PIK3CA,active,1,in,in,active,1,3.0,910,True,True,-7.641941547393799,-6.222236633300781,ca_coordinates,tSNE
test,5ul1,PIK3CA,active,1,in,in,active,1,3.0,1000,True,True,53.36153793334961,-8.296233177185059,ca_coordinates,tSNE
test,8w9b,PIK3CA,active,1,in,in,active,1,3.0,966,True,True,47.86746597290039,-5.779142379760742,ca_coordinates,tSNE
test,5dxh,PIK3CA,active,1,in,in,active,1,3.0,981,True,True,53.11432647705078,-6.75440788269043,ca_coordinates,tSNE
test,5itd,PIK3CA,active,1,in,in,active,1,3.02,995,True,True,48.85332489013672,-6.488640308380127,ca_coordinates,tSNE
test,2rd0,PIK3CA,active,1,in,in,active,0,3.05,997,True,True,51.76570510864258,-6.71647834777832,ca_coordinates,tSNE
test,8ilr,PIK3CA,active,1,in,in,active,1,3.05,977,True,True,47.83558654785156,-6.1574296951293945,ca_coordinates,tSNE
test,6joi,PDGFRA,inactive,0,in,out,dfg_in_alphac_out,1,3.1,296,True,True,-15.18165397644043,-33.21208953857422,ca_coordinates,tSNE
test,8dd4,PIK3CA,active,1,in,in,active,0,3.1,981,True,True,48.4219856262207,-6.223433017730713,ca_coordinates,tSNE
test,8sbj,PIK3CA,active,1,in,in,active,1,3.1,986,True,True,47.00261688232422,-6.988102912902832,ca_coordinates,tSNE
test,8ils,PIK3CA,active,1,in,in,active,1,3.1,977,True,True,47.77311325073242,-6.296102046966553,ca_coordinates,tSNE
test,5swg,PIK3CA,active,1,in,in,active,1,3.11,1041,True,True,48.4474983215332,-10.782793998718262,ca_coordinates,tSNE
test,8tdu,PIK3CA,active,1,in,in,active,1,3.11,1021,True,True,52.48632049560547,-7.105405330657959,ca_coordinates,tSNE
test,8tu6,PIK3CA,active,1,in,in,active,0,3.12,981,True,True,54.886661529541016,-7.073841571807861,ca_coordinates,tSNE
test,6oac,PIK3CA,active,1,in,in,active,1,3.15,847,True,True,-8.196966171264648,-3.523277997970581,ca_coordinates,tSNE
test,8ilv,PIK3CA,inactive,0,out-like,in,dfg_out_alphac_in,1,3.19,971,True,True,47.94119644165039,-6.565155506134033,ca_coordinates,tSNE
test,8v8i,PIK3CA,active,1,in,in,active,1,3.2,990,True,True,54.125755310058594,-7.304222583770752,ca_coordinates,tSNE
test,5sxb,PIK3CA,active,1,in,in,active,0,3.3,1056,True,True,47.67275619506836,-10.543238639831543,ca_coordinates,tSNE
test,5sw8,PIK3CA,active,1,in,in,active,1,3.3,1030,True,True,49.739662170410156,-9.303297996520996,ca_coordinates,tSNE
test,3hiz,PIK3CA,active,1,in,in,active,0,3.3,1024,True,True,52.80832290649414,-8.967855453491211,ca_coordinates,tSNE
test,5swr,PIK3CA,active,1,in,in,active,1,3.31,1051,True,True,47.701377868652344,-10.385773658752441,ca_coordinates,tSNE
test,6nct,PIK3CA,inactive,0,out-like,in,dfg_out_alphac_in,0,3.35,1039,True,True,48.93998718261719,-9.611400604248047,ca_coordinates,tSNE
test,8v8j,PIK3CA,active,1,in,in,active,1,3.35,1017,True,True,53.73149490356445,-6.500414848327637,ca_coordinates,tSNE
test,5sxa,PIK3CA,active,1,in,in,active,1,3.35,1049,True,True,48.69428634643555,-10.17381477355957,ca_coordinates,tSNE
test,8dd8,PIK3CA,active,1,in,in,active,0,3.4,1011,True,True,54.66347885131836,-7.940195083618164,ca_coordinates,tSNE
test,5sxi,PIK3CA,active,1,in,in,active,0,3.4,1040,True,True,47.48847198486328,-10.050301551818848,ca_coordinates,tSNE
test,5swp,PIK3CA,active,1,in,in,active,1,3.41,1058,True,True,47.84409713745117,-11.181475639343262,ca_coordinates,tSNE
test,5sxj,PIK3CA,active,1,in,in,active,1,3.42,1039,True,True,49.331966400146484,-11.103004455566406,ca_coordinates,tSNE
test,5sxf,PIK3CA,active,1,in,in,active,1,3.46,1023,True,True,49.57920455932617,-10.077330589294434,ca_coordinates,tSNE
test,5sx8,PIK3CA,active,1,in,in,active,1,3.47,1052,True,True,49.04005813598633,-10.57132339477539,ca_coordinates,tSNE
test,5swt,PIK3CA,active,1,in,in,active,1,3.49,1057,True,True,47.716346740722656,-10.740283966064453,ca_coordinates,tSNE
test,5sxd,PIK3CA,active,1,in,in,active,0,3.5,1049,True,True,48.24778747558594,-10.155139923095703,ca_coordinates,tSNE
test,4ovv,PIK3CA,active,1,in,in,active,1,3.5,1042,True,True,48.917869567871094,-9.94373893737793,ca_coordinates,tSNE
test,5swo,PIK3CA,active,1,in,in,active,1,3.5,1050,True,True,47.90782165527344,-11.155749320983887,ca_coordinates,tSNE
test,5sxe,PIK3CA,inactive,0,out-like,in,dfg_out_alphac_in,1,3.51,1046,True,True,48.22862243652344,-9.966893196105957,ca_coordinates,tSNE
test,5sx9,PIK3CA,active,1,in,in,active,1,3.52,1044,True,True,48.39020919799805,-11.164360046386719,ca_coordinates,tSNE
test,8tsb,PIK3CA,active,1,in,in,active,1,3.53,999,True,True,54.27526092529297,-5.839669227600098,ca_coordinates,tSNE
test,5sxc,PIK3CA,active,1,in,in,active,1,3.55,1038,True,True,48.035621643066406,-9.87261962890625,ca_coordinates,tSNE
test,5sxk,PIK3CA,active,1,in,in,active,0,3.55,1053,True,True,48.64761734008789,-10.947556495666504,ca_coordinates,tSNE
test,8v8h,PIK3CA,active,1,in,in,active,1,3.58,1020,True,True,53.694786071777344,-6.653995037078857,ca_coordinates,tSNE
test,8tsc,PIK3CA,active,1,in,in,active,1,3.62,1008,True,True,54.77372360229492,-6.347745418548584,ca_coordinates,tSNE
test,6jok,PDGFRA,inactive,0,out,in,dfg_out_alphac_in,1,3.8,338,True,True,-13.360259056091309,36.8375358581543,ca_coordinates,tSNE
train,5ug8,EGFR,inactive,0,out,out,inactive,1,0.0,280,True,True,-7.475937535493881,0.23705659440831559,distance_matrix,PCA
train,6xr7,ABL1,inactive,0,out-like,in,dfg_out_alphac_in,0,0.0,287,True,True,-10.487670048652106,0.13814821200031016,distance_matrix,PCA
train,6xrg,ABL1,inactive,0,out,in,dfg_out_alphac_in,0,0.0,287,True,True,-9.763881028549019,-1.0816151943129106,distance_matrix,PCA
train,6xr6,ABL1,active,1,in,in,active,0,0.0,287,True,True,-10.529870075691148,-1.07002766454862,distance_matrix,PCA
train,6uan,BRAF,inactive,0,in,out,dfg_in_alphac_out,0,0.0,284,True,True,-6.231996038595622,-0.9758632032464518,distance_matrix,PCA
train,6q0k,BRAF,active,1,in,in,active,0,0.0,280,True,True,-7.438992346425913,-1.0110150794269113,distance_matrix,PCA
train,6q0t,BRAF,active,1,in,in,active,0,0.0,279,True,True,-7.435564038911592,-1.0182545631292927,distance_matrix,PCA
train,6q0j,BRAF,active,1,in,in,active,0,0.0,280,True,True,-7.4368265583348725,-1.01846989480402,distance_matrix,PCA
train,5ug9,EGFR,inactive,0,out,out,inactive,1,0.0,280,True,True,-7.656131537902102,0.22010817357739393,distance_matrix,PCA
train,6nyb,BRAF,inactive,0,in,out,dfg_in_alphac_out,1,0.0,348,True,True,-9.606623895933971,-3.4777399207077355,distance_matrix,PCA
train,8a27,EGFR,inactive,0,in,out,dfg_in_alphac_out,1,1.07,269,True,True,-10.419127504903697,0.1323378482635176,distance_matrix,PCA
train,8a2d,EGFR,inactive,0,in,out,dfg_in_alphac_out,1,1.11,281,True,True,-10.108905856453603,0.22202542718842141,distance_matrix,PCA
train,5hg8,EGFR,inactive,0,out,out,inactive,1,1.42,300,True,True,-6.869482348989275,-0.5465400920611079,distance_matrix,PCA
train,8a2a,EGFR,inactive,0,in,out,dfg_in_alphac_out,1,1.43,306,True,True,-9.490223177564053,-1.086586010710645,distance_matrix,PCA
train,4gv1,AKT1,active,1,in,in,active,1,1.49,329,True,True,-5.2063659223185486,5.209609066210356,distance_matrix,PCA
train,6tfv,EGFR,inactive,0,in,out,dfg_in_alphac_out,1,1.5,268,True,True,-9.758462233385028,-0.2888615042849837,distance_matrix,PCA
train,6tg0,EGFR,inactive,0,in,out,dfg_in_alphac_out,1,1.5,267,True,True,-10.567109331907409,0.2527933550671181,distance_matrix,PCA
train,3poz,EGFR,inactive,0,in,out,dfg_in_alphac_out,1,1.5,293,True,True,-11.675105325303962,-1.017890649375303,distance_matrix,PCA
train,5hg5,EGFR,inactive,0,out,out,inactive,1,1.52,302,True,True,-6.689466167571792,-0.49403989621084604,distance_matrix,PCA
train,5hu9,ABL1,inactive,0,out,in,dfg_out_alphac_in,1,1.53,267,True,True,-11.2754816872733,-0.7761200078334333,distance_matrix,PCA
train,4z55,ALK,active,1,in,in,active,1,1.55,294,True,True,-8.729895936520439,-0.48350766088743374,distance_matrix,PCA
train,5cno,EGFR,inactive,0,in,out,dfg_in_alphac_out,1,1.55,300,True,True,-11.287358263041355,-1.0410817353760233,distance_matrix,PCA
train,5ugc,EGFR,inactive,0,out,out,inactive,1,1.58,280,True,True,-7.809640289778205,0.16388804163577245,distance_matrix,PCA
train,6tg1,EGFR,inactive,0,in,out,dfg_in_alphac_out,1,1.6,268,True,True,-9.652328687822765,0.3189150122705592,distance_matrix,PCA
train,7si1,EGFR,active,1,in,in,active,0,1.6,280,True,True,-1.2058977398198079,7.676203480873755,distance_matrix,PCA
train,5u8l,EGFR,inactive,0,out,out,inactive,1,1.6,289,True,True,-6.925217309200372,-0.5447899907919163,distance_matrix,PCA
train,5a9u,ALK,active,1,in,in,active,1,1.6,292,True,True,-6.180082072054948,-1.1427443435719904,distance_matrix,PCA
train,5ew8,FGFR1,active,1,in,in,active,1,1.63,290,True,True,-6.051977087952244,1.7411757675887996,distance_matrix,PCA
train,8arj,ALK,active,1,in,in,active,1,1.645,275,True,True,-6.57268288807296,-0.9205356096485966,distance_matrix,PCA
train,4wun,FGFR1,active,1,in,in,active,1,1.65,282,True,True,-3.5987956172651043,0.9348414234033283,distance_matrix,PCA
train,8c7x,BRAF,inactive,0,out,out,inactive,1,1.65,274,True,True,-8.038877172391215,0.33247518257428565,distance_matrix,PCA
train,8c7y,BRAF,inactive,0,out,in,dfg_out_alphac_in,1,1.65,275,True,True,-7.957779987027945,0.3978570522949163,distance_matrix,PCA
train,4clj,ALK,active,1,in,in,active,1,1.66,295,True,True,-6.77328811225462,-1.1669712872353235,distance_matrix,PCA
train,8u8x,ERBB2,inactive,0,out-like,out,inactive,1,1.69,308,True,True,-6.171808079737195,-2.4737946262140382,distance_matrix,PCA
train,8a2b,EGFR,inactive,0,in,out,dfg_in_alphac_out,1,1.69,272,True,True,-9.933607200835771,-0.008089056469868097,distance_matrix,PCA
train,5aac,ALK,active,1,in,in,active,1,1.7,292,True,True,-5.923737418405437,-1.0476608521033564,distance_matrix,PCA
train,4fnx,ALK,active,1,in,in,active,0,1.7,292,True,True,-4.301137955484356,-0.440939714614928,distance_matrix,PCA
train,2hzi,ABL1,inactive,0,out-like,in,dfg_out_alphac_in,1,1.7,264,True,True,-9.049548973619403,-0.4878422689422321,distance_matrix,PCA
train,3w33,EGFR,inactive,0,in,out,dfg_in_alphac_out,1,1.7,297,True,True,-12.00595477252144,-1.7145426945275486,distance_matrix,PCA
train,4foc,ALK,active,1,in,in,active,1,1.7,296,True,True,-7.362391155716828,-1.146075546153101,distance_matrix,PCA
train,5ftq,ALK,active,1,in,in,active,1,1.7,293,True,True,-7.612067424482627,-1.4023322452998281,distance_matrix,PCA
train,6tfy,EGFR,inactive,0,in,out,dfg_in_alphac_out,1,1.7,264,True,True,-11.961322021536736,-0.15553517149607773,distance_matrix,PCA
train,4anl,ALK,active,1,in,in,active,0,1.7,292,True,True,-6.039739873129943,-0.8178123753142076,distance_matrix,PCA
train,2yfx,ALK,active,1,in,in,active,1,1.7,292,True,True,-6.256267711937497,-0.8843646037538138,distance_matrix,PCA
train,4i22,EGFR,inactive,0,in,out,dfg_in_alphac_out,1,1.71,297,True,True,-11.017162098928818,-1.0349766672595584,distance_matrix,PCA
train,7ozb,FGFR1,active,1,in,in,active,1,1.71,288,True,True,-4.184314064083341,0.6596918106750826,distance_matrix,PCA
train,4cmt,ALK,active,1,in,in,active,1,1.73,284,True,True,-7.92762580683599,-1.0987851908394424,distance_matrix,PCA
train,5aaa,ALK,active,1,in,in,active,1,1.73,294,True,True,-7.049236870464362,-1.1854377626811579,distance_matrix,PCA
train,3aox,ALK,active,1,in,in,active,1,1.75,298,True,True,-5.254413649549708,-0.7572346108536356,distance_matrix,PCA
train,4fnw,ALK,active,1,in,in,active,0,1.75,304,True,True,-6.0440513748425415,-0.8762826934167431,distance_matrix,PCA
train,4anq,ALK,active,1,in,in,active,1,1.76,293,True,True,-6.347893571954137,-0.9947120241586063,distance_matrix,PCA
train,6wxn,EGFR,inactive,0,in,out,dfg_in_alphac_out,0,1.76,298,True,True,-9.567695026413825,0.1693169608737634,distance_matrix,PCA
train,7pcd,ERBB2,active,1,in,in,active,1,1.77,272,True,True,-7.160093307209984,0.6090782709084562,distance_matrix,PCA
train,6v66,EGFR,inactive,0,in,out,dfg_in_alphac_out,1,1.79,314,True,True,-8.201348990570242,-1.033902294560157,distance_matrix,PCA
train,4ctb,ALK,active,1,in,in,active,1,1.79,292,True,True,-5.632706429382525,-0.8856529049991234,distance_matrix,PCA
train,4i24,EGFR,inactive,0,in,out,dfg_in_alphac_out,1,1.8,304,True,True,-9.938992004786288,-1.8403004716315043,distance_matrix,PCA
train,3l9p,ALK,active,1,in,in,active,0,1.8,303,True,True,-6.351573034337635,-1.4433837946676764,distance_matrix,PCA
train,4cmu,ALK,active,1,in,in,active,1,1.8,294,True,True,-6.8518233177239125,-1.0781933124337113,distance_matrix,PCA
train,6cdt,ALK,active,1,in,in,active,0,1.8,292,True,True,-6.2639881899252865,-0.7951438355989946,distance_matrix,PCA
train,6tfz,EGFR,inactive,0,in,out,dfg_in_alphac_out,1,1.8,264,True,True,-9.831251750312155,-0.01362620855728105,distance_matrix,PCA
train,2g1t,ABL1,inactive,0,in,out,dfg_in_alphac_out,0,1.8,277,True,True,-8.374836747542984,-1.8220417379859917,distance_matrix,PCA
train,5gnk,EGFR,active,1,in,in,active,1,1.8,277,True,True,-11.50350584492251,-2.1783821786082034,distance_matrix,PCA
train,3w32,EGFR,inactive,0,in,out,dfg_in_alphac_out,1,1.8,317,True,True,-8.880543284131884,-2.5186766940558223,distance_matrix,PCA
train,5uga,EGFR,inactive,0,out,out,inactive,1,1.82,283,True,True,-7.061461793076798,-0.4595995855486917,distance_matrix,PCA
train,7ozd,FGFR1,active,1,in,in,active,1,1.82,282,True,True,-5.324791310257386,1.1946801205159867,distance_matrix,PCA
train,3qrj,ABL1,inactive,0,out,in,dfg_out_alphac_in,1,1.82,258,True,True,-9.709584813265163,0.29397755664430425,distance_matrix,PCA
train,7ozf,FGFR1,active,1,in,in,active,1,1.82,288,True,True,-4.16899027332084,0.753479817460499,distance_matrix,PCA
train,4cmo,ALK,active,1,in,in,active,1,1.83,295,True,True,-6.75711676101479,-1.178490914173041,distance_matrix,PCA
train,7jxq,EGFR,inactive,0,in,out,dfg_in_alphac_out,1,1.83,296,True,True,-9.946229147848095,-0.9080537411764124,distance_matrix,PCA
train,7r7k,ALK,active,1,in,in,active,1,1.831,290,True,True,-5.700089657200204,-1.0688945380437518,distance_matrix,PCA
train,5x2a,EGFR,inactive,0,in,out,dfg_in_alphac_out,1,1.85,322,True,True,-8.82262349273387,-1.0483884657533786,distance_matrix,PCA
train,4ans,ALK,active,1,in,in,active,1,1.85,293,True,True,-6.24588995193711,-0.9232484704304154,distance_matrix,PCA
train,3pyy,ABL1,inactive,0,out,in,dfg_out_alphac_in,1,1.85,257,True,True,-11.110890507874892,-0.2539804614162973,distance_matrix,PCA
train,5hg7,EGFR,inactive,0,out,out,inactive,1,1.85,280,True,True,-6.880475219833604,-0.18127564424834064,distance_matrix,PCA
train,4wkq,EGFR,active,1,in,in,active,1,1.85,296,True,True,-8.839182171085202,0.5433781444304508,distance_matrix,PCA
train,6npv,ABL1,inactive,0,out,in,dfg_out_alphac_in,1,1.86,264,True,True,-9.840299974918645,-0.018147303189429555,distance_matrix,PCA
train,5aa8,ALK,active,1,in,in,active,1,1.86,292,True,True,-6.189920534530317,-1.1408592846792576,distance_matrix,PCA
train,7btt,ALK,active,1,in,in,active,1,1.86,304,True,True,-6.516293608917653,-1.6994267605144129,distance_matrix,PCA
train,5iui,ALK,active,1,in,in,active,1,1.88,303,True,True,-6.2635763917699085,-0.476003195183837,distance_matrix,PCA
train,5cnn,EGFR,inactive,0,in,out,dfg_in_alphac_out,1,1.9,300,True,True,-9.879322391978729,-1.5070838640481437,distance_matrix,PCA
train,1blx,CDK6,inactive,0,in,out,dfg_in_alphac_out,0,1.9,305,True,True,-3.113843020499338,0.20813459839809548,distance_matrix,PCA
train,7a2a,EGFR,inactive,0,in,out,dfg_in_alphac_out,1,1.9,266,True,True,-9.716640151041126,0.4325891325441064,distance_matrix,PCA
train,3w2s,EGFR,inactive,0,in,out,dfg_in_alphac_out,1,1.9,307,True,True,-10.179127124370732,-1.7679745036974832,distance_matrix,PCA
train,6p8q,EGFR,inactive,0,in,out,dfg_in_alphac_out,1,1.9,309,True,True,-10.040306620878034,-1.0700610770185774,distance_matrix,PCA
train,2xp2,ALK,active,1,in,in,active,1,1.9,285,True,True,-8.663846807216284,-1.0954296702657036,distance_matrix,PCA
train,7nh5,AKT1,inactive,0,out,na,unknown,1,1.9,383,True,True,-6.138058254783613,2.7133201465801813,distance_matrix,PCA
train,8uw9,AKT1,inactive,0,out,na,unknown,1,1.9,388,True,True,-5.290656226151099,3.189368774830599,distance_matrix,PCA
train,4wrg,EGFR,active,1,in,in,active,0,1.9,289,True,True,-8.47210597340441,1.0328949464554074,distance_matrix,PCA
train,2yjs,ALK,active,1,in,in,active,0,1.9,286,True,True,-5.840733059881837,-1.3426379876067258,distance_matrix,PCA
train,3qkl,AKT1,active,1,in,in,active,1,1.9,317,True,True,-5.622112869411877,5.0413469222155225,distance_matrix,PCA
train,2yjr,ALK,active,1,in,in,active,0,1.9,278,True,True,-6.051757080641067,-1.26423103340966,distance_matrix,PCA
train,4cnh,ALK,active,1,in,in,active,1,1.9,285,True,True,-5.754162960787214,-1.6638583388876045,distance_matrix,PCA
train,4fob,ALK,active,1,in,in,active,1,1.9,295,True,True,-7.914045397980372,-0.20840673567362142,distance_matrix,PCA
train,2yhv,ALK,active,1,in,in,active,0,1.9,291,True,True,-5.480487386411738,-0.730079565765959,distance_matrix,PCA
train,5o49,FGFR1,active,1,in,in,active,1,1.91,286,True,True,-6.4689687408659555,1.2104029956949478,distance_matrix,PCA
train,2f4j,ABL1,active,1,in,in,active,1,1.91,287,True,True,-8.573996676827228,0.18667600988159588,distance_matrix,PCA
train,9bfb,BRAF,inactive,0,in,out,dfg_in_alphac_out,1,1.92,272,True,True,-12.339918787634284,-3.2494172550749334,distance_matrix,PCA
train,5iug,ALK,inactive,0,out,in,dfg_out_alphac_in,1,1.93,285,True,True,-6.836552609014028,0.6105374409523842,distance_matrix,PCA
train,7k0v,BRAF,inactive,0,out,in,dfg_out_alphac_in,1,1.93,262,True,True,-8.13634945354912,0.22841597295857408,distance_matrix,PCA
train,5aa9,ALK,active,1,in,in,active,1,1.93,295,True,True,-6.783626537265442,-1.081097215042764,distance_matrix,PCA
train,7r7r,ALK,active,1,in,in,active,1,1.935,291,True,True,-6.268460360189228,-1.1938781706774713,distance_matrix,PCA
train,5yu9,EGFR,inactive,0,in,out,dfg_in_alphac_out,1,1.95,300,True,True,-9.706260286308115,-1.1433891199981807,distance_matrix,PCA
train,3lcs,ALK,active,1,in,in,active,1,1.95,304,True,True,-4.526502691479328,-0.3644128799999891,distance_matrix,PCA
train,5ita,BRAF,inactive,0,in,out,dfg_in_alphac_out,1,1.95,252,False,True,2.2392438624544613,14.573823847754415,distance_matrix,PCA
train,2xba,ALK,active,1,in,in,active,1,1.95,283,True,True,-6.129092024987016,-1.5250186837407327,distance_matrix,PCA
train,5am6,FGFR1,active,1,in,in,active,1,1.96,280,True,True,-7.724837964053265,-0.26362601169357947,distance_matrix,PCA
train,5am7,FGFR1,active,1,in,in,active,1,1.96,287,True,True,-5.572973207715905,0.9174143277660503,distance_matrix,PCA
train,4uwc,FGFR1,active,1,in,in,active,1,1.96,301,True,True,-2.666881504895652,0.8295896493118246,distance_matrix,PCA
train,6mx8,ALK,active,1,in,in,active,1,1.96,282,True,True,-7.703510792301152,-0.9640033202349094,distance_matrix,PCA
train,5j7h,ALK,active,1,in,in,active,1,1.96,291,True,True,-7.388008202388847,-1.0855977304476758,distance_matrix,PCA
train,4zse,EGFR,inactive,0,in,out,dfg_in_alphac_out,1,1.97,297,True,True,-10.871500528131714,-1.763812334013662,distance_matrix,PCA
train,8uw7,AKT1,inactive,0,out,out,inactive,1,1.972,397,True,True,-3.5417263595022295,4.309262952120202,distance_matrix,PCA
train,6oqo,CDK6,inactive,0,in,out,dfg_in_alphac_out,1,1.977,269,True,True,-9.375277835852748,-2.379774518382458,distance_matrix,PCA
train,8sc7,EGFR,active,1,in,in,active,1,1.984,320,True,True,-7.414136573028277,-0.08238368074154723,distance_matrix,PCA
train,8jmz,FGFR1,active,1,in,in,active,1,1.988,306,True,True,-1.3611578876012218,1.3055779646510741,distance_matrix,PCA
train,6itj,FGFR1,active,1,in,in,active,1,1.99,293,True,True,-2.5136836080554366,0.6018182050679926,distance_matrix,PCA
train,2g2h,ABL1,inactive,0,out-like,in,dfg_out_alphac_in,1,2.0,272,True,True,-9.072032220897828,-0.1718191632753095,distance_matrix,PCA
train,4fod,ALK,active,1,in,in,active,1,2.0,308,True,True,-6.798775738118472,-0.8071470935346422,distance_matrix,PCA
train,1fgk,FGFR1,active,1,in,in,active,0,2.0,278,True,True,-7.2800291327476385,1.4098319850473862,distance_matrix,PCA
train,7a6k,EGFR,inactive,0,in,out,dfg_in_alphac_out,1,2.0,266,True,True,-11.327430617021117,-1.117989545376109,distance_matrix,PCA
train,6tfw,EGFR,inactive,0,in,out,dfg_in_alphac_out,1,2.0,266,True,True,-9.94484090339209,-1.011838095355467,distance_matrix,PCA
train,6tfu,EGFR,inactive,0,in,out,dfg_in_alphac_out,1,2.0,260,True,True,-11.87796271978214,-0.34306801393799374,distance_matrix,PCA
train,7jyt,ALK,active,1,in,in,active,1,2.0,281,True,True,-7.350673855548039,0.03825674739289988,distance_matrix,PCA
train,4zsa,FGFR1,active,1,in,in,active,1,2.0,282,True,True,-6.416403340204075,1.661691374051843,distance_matrix,PCA
train,6mzq,FGFR1,active,1,in,in,active,1,2.0,260,True,True,-9.600268999148405,2.5624585098951185,distance_matrix,PCA
train,6z4d,EGFR,inactive,0,in,out,dfg_in_alphac_out,1,2.0,269,True,True,-10.461255822963524,-1.716000858398479,distance_matrix,PCA
train,3cqw,AKT1,active,1,in,in,active,1,2.0,318,True,True,-5.478426736638006,4.657698881090514,distance_matrix,PCA
train,6c1b,FGFR1,active,1,in,in,active,1,2.0,265,True,True,-8.342317641781985,1.3579046832744381,distance_matrix,PCA
train,4ekl,AKT1,active,1,in,in,active,1,2.0,329,True,True,-5.125660141568659,4.9756963523843885,distance_matrix,PCA
train,7a6j,EGFR,inactive,0,in,out,dfg_in_alphac_out,1,2.0,270,True,True,-9.42010497433627,-1.2934302698037883,distance_matrix,PCA
train,2rgp,EGFR,inactive,0,in,out,dfg_in_alphac_out,1,2.0,284,True,True,-9.77631230767094,-0.8779384046028955,distance_matrix,PCA
train,6xfp,BRAF,inactive,0,out,in,dfg_out_alphac_in,1,2.0,272,True,True,-10.50361979000703,-1.959749628095,distance_matrix,PCA
train,4xv9,BRAF,inactive,0,out,out,inactive,1,2.0,261,True,True,-9.743494193637604,-1.977257457673263,distance_matrix,PCA
train,4ccu,ALK,active,1,in,in,active,1,2.0,292,True,True,-5.943830748212195,-1.199174107649873,distance_matrix,PCA
train,7w7x,ABL1,inactive,0,out-like,in,dfg_out_alphac_in,1,2.00001,266,True,True,-9.146333977440092,-0.7233566440339727,distance_matrix,PCA
train,4mkc,ALK,active,1,in,in,active,1,2.01,303,True,True,-6.887040697904512,-1.7469979808945115,distance_matrix,PCA
train,5o4a,FGFR1,active,1,in,in,active,1,2.01,291,True,True,-2.116026749815583,0.8262205623187503,distance_matrix,PCA
train,3rhx,FGFR1,active,1,in,in,active,1,2.01,275,True,True,-8.410379075924066,1.304693257081814,distance_matrix,PCA
train,3mvh,AKT1,active,1,in,in,active,1,2.01,311,True,True,-5.552375052538578,4.045308517121485,distance_matrix,PCA
train,4ccb,ALK,active,1,in,in,active,1,2.03,287,True,True,-9.297704078003939,-1.3623733591795868,distance_matrix,PCA
train,4ctc,ALK,active,1,in,in,active,1,2.03,288,True,True,-6.50044919945882,-0.8501125996433482,distance_matrix,PCA
train,4dce,ALK,active,1,in,in,active,1,2.03,288,True,True,-4.876869606815505,-0.6759059808620187,distance_matrix,PCA
train,6n0q,BRAF,inactive,0,out,in,dfg_out_alphac_in,1,2.04,257,True,True,-10.770398564830607,-0.14725541983718932,distance_matrix,PCA
train,6lud,EGFR,active,1,in,in,active,1,2.05,310,True,True,-8.380275725475377,0.6855382330593158,distance_matrix,PCA
train,4f64,FGFR1,active,1,in,in,active,1,2.05,278,True,True,-6.890571522436219,1.5567783618586286,distance_matrix,PCA
train,5x2c,EGFR,inactive,0,in,out,dfg_in_alphac_out,1,2.05,304,True,True,-9.850419565013931,-1.3325631134581548,distance_matrix,PCA
train,3w2r,EGFR,inactive,0,in,out,dfg_in_alphac_out,1,2.05,297,True,True,-9.576211299763926,-1.3854108688509836,distance_matrix,PCA
train,3w2p,EGFR,active,1,in,in,active,1,2.05,308,True,True,-6.192982905013621,1.5261875023014642,distance_matrix,PCA
train,7apj,AKT1,inactive,0,out,na,unknown,0,2.05,385,False,True,11.974167999486308,12.175786776383687,distance_matrix,PCA
train,4cli,ALK,active,1,in,in,active,1,2.05,294,True,True,-7.145367562567137,-1.2194778666798993,distance_matrix,PCA
train,6xl4,EGFR,inactive,0,in,out,dfg_in_alphac_out,1,2.06,293,True,True,-9.596844655711138,-0.2756742666576639,distance_matrix,PCA
train,3c4f,FGFR1,active,1,in,in,active,1,2.07,290,True,True,-6.715271187298498,1.6386987264138384,distance_matrix,PCA
train,5a4c,FGFR1,active,1,in,in,active,1,2.09,286,True,True,-7.449296678998042,1.3530528023987074,distance_matrix,PCA
train,8fv3,EGFR,inactive,0,in,out,dfg_in_alphac_out,1,2.1,299,True,True,-10.752472998621046,-1.7338441349188076,distance_matrix,PCA
train,5vam,BRAF,inactive,0,out,in,dfg_out_alphac_in,1,2.1,269,True,True,-9.301452433415143,-0.8607069701791472,distance_matrix,PCA
train,7zyq,EGFR,inactive,0,in,out,dfg_in_alphac_out,1,2.1,270,True,True,-9.96422981046495,-1.2491695565190073,distance_matrix,PCA
train,3qri,ABL1,inactive,0,out,in,dfg_out_alphac_in,1,2.1,262,True,True,-9.861143266472194,0.2501701232325528,distance_matrix,PCA
train,6v6o,EGFR,inactive,0,in,out,dfg_in_alphac_out,1,2.1,297,True,True,-10.799342438630209,-2.059237911888727,distance_matrix,PCA
train,2hz0,ABL1,inactive,0,out,in,dfg_out_alphac_in,1,2.1,243,True,True,-11.56968543039155,-0.6767007418048684,distance_matrix,PCA
train,5cas,EGFR,active,1,in,in,active,1,2.1,299,True,True,-11.006112232871738,-0.7588174429663592,distance_matrix,PCA
train,5iuh,ALK,inactive,0,out,in,dfg_out_alphac_in,1,2.1,285,True,True,-6.628815508787465,-0.2067166423713077,distance_matrix,PCA
train,3lct,ALK,active,1,in,in,active,1,2.1,308,True,True,-4.314766575472681,-0.5929661445706338,distance_matrix,PCA
train,4tt7,ALK,active,1,in,in,active,1,2.1,291,True,True,-6.848048879639255,-0.73125392095669,distance_matrix,PCA
train,8uvy,AKT1,inactive,0,out,na,unknown,1,2.11,396,True,True,-5.8361713336951455,2.5099386049684433,distance_matrix,PCA
train,6p3d,BRAF,inactive,0,out,in,dfg_out_alphac_in,1,2.11,264,True,True,-9.571920585478376,-1.2958491701819301,distance_matrix,PCA
train,4v04,FGFR1,active,1,in,in,active,0,2.12,292,True,True,0.0054719877621834615,0.0830202523114809,distance_matrix,PCA
train,6c19,FGFR1,active,1,in,in,active,1,2.12,276,True,True,-5.971454574367681,-0.2573727776153811,distance_matrix,PCA
train,6npz,AKT1,active,1,in,in,active,0,2.12,320,True,True,-4.684974658481277,5.382710176469628,distance_matrix,PCA
train,5imx,ALK,active,1,in,in,active,1,2.12,266,True,True,-9.089108143731842,-1.303692770051218,distance_matrix,PCA
train,5hg9,EGFR,inactive,0,out,out,inactive,1,2.15,280,True,True,-7.7019624071662225,0.1170419688784143,distance_matrix,PCA
train,6npe,ABL1,inactive,0,out,in,dfg_out_alphac_in,1,2.15,256,True,True,-11.715282090906246,0.8153050219316049,distance_matrix,PCA
train,6c1c,FGFR1,active,1,in,in,active,1,2.15,276,True,True,-4.699757562893221,0.8641635144120703,distance_matrix,PCA
train,5b7v,FGFR1,active,1,in,in,active,1,2.15,282,True,True,-5.83795465485405,1.7430634733264858,distance_matrix,PCA
train,3wj6,FGFR1,active,1,in,in,active,1,2.15,277,True,True,-6.798301521443958,1.5511124620073848,distance_matrix,PCA
train,7jxp,EGFR,inactive,0,in,out,dfg_in_alphac_out,1,2.16,308,True,True,-8.025613455496732,-0.20683114194280922,distance_matrix,PCA
train,5mo4,ABL1,inactive,0,out,in,dfg_out_alphac_in,1,2.17,429,False,True,5.582329824424805,13.795012242640599,distance_matrix,PCA
train,8d73,EGFR,active,1,in,in,active,1,2.17,309,True,True,-6.740619922701037,1.5478000261784624,distance_matrix,PCA
train,6ccy,AKT1,active,1,in,in,active,1,2.18,325,True,True,-4.474128368043558,5.84252195233774,distance_matrix,PCA
train,5jsm,BRAF,inactive,0,in,out,dfg_in_alphac_out,0,2.19,265,True,True,-11.022976904940474,-2.9962952946248675,distance_matrix,PCA
train,4nka,FGFR1,active,1,in,in,active,1,2.19,287,False,True,5.021522488328025,13.767325559288894,distance_matrix,PCA
train,4rwl,FGFR1,active,1,in,in,active,1,2.19,282,True,True,-6.756744064145821,1.605492188784967,distance_matrix,PCA
train,4ejn,AKT1,inactive,0,out,na,unknown,1,2.19,376,True,True,-6.102379443901319,3.723571308446405,distance_matrix,PCA
train,7jxm,EGFR,inactive,0,in,out,dfg_in_alphac_out,1,2.192,287,True,True,-10.789922396915697,-1.4605048955649662,distance_matrix,PCA
train,6v6k,EGFR,inactive,0,in,out,dfg_in_alphac_out,1,2.2,301,True,True,-9.803024663306816,-1.0833097309362762,distance_matrix,PCA
train,5vnd,FGFR1,active,1,in,in,active,1,2.2,302,True,True,2.005577606407024,0.8184521824695733,distance_matrix,PCA
train,2e2b,ABL1,inactive,0,out,in,dfg_out_alphac_in,1,2.2,270,True,True,-9.803534907009203,0.21183395759190252,distance_matrix,PCA
train,2hiw,ABL1,inactive,0,out,in,dfg_out_alphac_in,1,2.2,274,True,True,-8.97413201891163,0.3695729883470547,distance_matrix,PCA
train,6jrx,EGFR,active,1,in,in,active,1,2.2,300,True,True,-8.012038957140271,1.0611898355262839,distance_matrix,PCA
train,7t4j,EGFR,active,1,in,in,active,1,2.2,279,True,True,-10.411528738976846,0.33618590985245767,distance_matrix,PCA
train,6mzw,FGFR1,active,1,in,in,active,1,2.2,258,False,True,2.4505195524376346,14.416717521911902,distance_matrix,PCA
train,8uw2,AKT1,inactive,0,out,na,unknown,1,2.2,392,True,True,-4.994297019856742,3.7443857804835132,distance_matrix,PCA
train,3w2q,EGFR,active,1,in,in,active,1,2.2,307,True,True,-6.485664088847981,1.1848362328222903,distance_matrix,PCA
train,5x2f,EGFR,inactive,0,in,out,dfg_in_alphac_out,1,2.2,312,True,True,-8.578502516751866,-1.1788364218396716,distance_matrix,PCA
train,5aab,ALK,active,1,in,in,active,1,2.2,293,True,True,-6.2561686735416115,-1.1033356038093087,distance_matrix,PCA
train,5ur1,FGFR1,active,1,in,in,active,1,2.2,278,True,True,-4.8712364236452865,0.9028239731130162,distance_matrix,PCA
train,4wa9,ABL1,inactive,0,out-like,in,dfg_out_alphac_in,1,2.2,276,True,True,-8.459190414414108,0.3957326089031682,distance_matrix,PCA
train,6duk,EGFR,inactive,0,in,out,dfg_in_alphac_out,1,2.2,296,True,True,-9.455518939608936,-1.1316630394608407,distance_matrix,PCA
train,3cqu,AKT1,active,1,in,in,active,1,2.2,318,True,True,-5.770138499352056,4.413798964964155,distance_matrix,PCA
train,8fv4,EGFR,inactive,0,in,out,dfg_in_alphac_out,1,2.2,298,True,True,-10.764022508460512,-1.7780120726061344,distance_matrix,PCA
train,7n9g,ABL1,inactive,0,out-like,in,dfg_out_alphac_in,1,2.2,250,True,True,-11.74063693837331,-1.64128780832457,distance_matrix,PCA
train,6p69,FGFR1,active,1,in,in,active,1,2.2,286,True,True,-6.980026965173363,1.4137806864735596,distance_matrix,PCA
train,8hv4,EGFR,active,1,in,in,active,1,2.2,304,True,True,-8.436511519900828,0.9232352544677651,distance_matrix,PCA
train,8hv6,EGFR,active,1,in,in,active,1,2.2,307,True,True,-7.352991302610509,1.2504729587069598,distance_matrix,PCA
train,8hv5,EGFR,active,1,in,in,active,1,2.2,306,True,True,-7.296036085989919,0.9927576764759994,distance_matrix,PCA
train,3qkm,AKT1,active,1,in,in,active,1,2.2,329,True,True,-5.255652790718854,5.010439175064993,distance_matrix,PCA
train,3js2,FGFR1,active,1,in,in,active,1,2.2,295,True,True,-3.716440677822435,0.6130021752186856,distance_matrix,PCA
train,7w7y,ABL1,inactive,0,out-like,in,dfg_out_alphac_in,1,2.20003,268,True,True,-8.718477554456449,0.08708289048685433,distance_matrix,PCA
train,3cs9,ABL1,inactive,0,out,in,dfg_out_alphac_in,1,2.21,247,True,True,-10.264598957436247,1.222491411133953,distance_matrix,PCA
train,5fto,ALK,active,1,in,in,active,1,2.22,298,True,True,-5.883971247687544,-0.5106373140760258,distance_matrix,PCA
train,7jys,ALK,active,1,in,in,active,1,2.22,281,True,True,-7.3203239363883315,0.03774827144251037,distance_matrix,PCA
train,4cd0,ALK,active,1,in,in,active,1,2.23,295,True,True,-6.76148676697186,-1.2197438143067516,distance_matrix,PCA
train,3pp0,ERBB2,active,1,in,in,active,1,2.25,286,True,True,-10.857443934065822,-0.8925362337396421,distance_matrix,PCA
train,5cau,EGFR,active,1,in,in,active,1,2.25,297,True,True,-11.154687883378068,-0.537747706617841,distance_matrix,PCA
train,5val,BRAF,inactive,0,out,in,dfg_out_alphac_in,1,2.26,254,True,True,-10.355402447907746,0.9159612648886895,distance_matrix,PCA
train,4f65,FGFR1,active,1,in,in,active,1,2.26,279,False,True,4.360343950089775,14.472080867889298,distance_matrix,PCA
train,2fo0,ABL1,inactive,0,out-like,in,dfg_out_alphac_in,1,2.27,465,True,True,-7.939913108772575,0.17901753140814172,distance_matrix,PCA
train,5l2s,CDK6,inactive,0,in,out,dfg_in_alphac_out,1,2.27,263,True,True,-11.208767630653783,-2.8337035426257247,distance_matrix,PCA
train,8h7h,ABL1,inactive,0,out-like,in,dfg_out_alphac_in,1,2.2779,268,True,True,-8.300738698872314,0.24007585306565815,distance_matrix,PCA
train,4rwi,FGFR1,active,1,in,in,active,0,2.29,280,True,True,-7.733367497443181,1.3794812695691159,distance_matrix,PCA
train,5jrq,BRAF,inactive,0,in,out,dfg_in_alphac_out,1,2.29,258,True,True,-12.570066302583696,-3.5624494524845245,distance_matrix,PCA
train,6c1o,FGFR1,active,1,in,in,active,1,2.29,280,True,True,-5.732378062495651,0.4937309662061228,distance_matrix,PCA
train,6v5p,EGFR,inactive,0,in,out,dfg_in_alphac_out,1,2.3,308,True,True,-9.010934722260725,-1.0885734228929755,distance_matrix,PCA
train,3qkk,AKT1,active,1,in,in,active,1,2.3,326,True,True,-5.296643974040695,5.135698500500306,distance_matrix,PCA
train,6e0r,ALK,active,1,in,in,active,1,2.3,279,True,True,-7.246128580317138,-2.29847848499076,distance_matrix,PCA
train,4cqe,BRAF,inactive,0,in,out,dfg_in_alphac_out,1,2.3,248,True,True,-9.934366250917812,-0.2868668718271624,distance_matrix,PCA
train,8gk5,EGFR,inactive,0,in,out,dfg_in_alphac_out,1,2.3,294,True,True,-9.300289834365381,0.6184645251606133,distance_matrix,PCA
train,6c18,FGFR1,active,1,in,in,active,1,2.3,255,False,True,1.9691006331275924,14.787559998862642,distance_matrix,PCA
train,7dt2,ABL1,inactive,0,out-like,in,dfg_out_alphac_in,1,2.3,265,True,True,-9.101657905440453,-0.642383854081133,distance_matrix,PCA
train,4uwy,FGFR1,active,1,in,in,active,0,2.3,273,True,True,-8.300080459902798,-0.3709790080432497,distance_matrix,PCA
train,3bel,EGFR,inactive,0,in,out,dfg_in_alphac_out,1,2.3,280,True,True,-10.440140905267485,-0.9711194006557505,distance_matrix,PCA
train,7ltx,EGFR,inactive,0,in,out,dfg_in_alphac_out,1,2.3,292,True,True,-9.662685283962363,0.2930732624386065,distance_matrix,PCA
train,8f1x,EGFR,active,1,in,in,active,1,2.3,317,True,True,-7.979266613811359,0.29973409492726716,distance_matrix,PCA
train,3qrk,ABL1,inactive,0,out,in,dfg_out_alphac_in,1,2.3,270,True,True,-7.975671376015652,0.7615774905420881,distance_matrix,PCA
train,5kz0,ALK,active,1,in,in,active,1,2.3,293,True,True,-7.342674964914083,-0.9051475452736875,distance_matrix,PCA
train,7zyn,EGFR,active,1,in,in,active,1,2.3,317,True,True,-8.513726758395954,0.5085682061524531,distance_matrix,PCA
train,4zog,ABL1,inactive,0,out-like,in,dfg_out_alphac_in,1,2.3,268,True,True,-8.24731638827789,0.07608921955101917,distance_matrix,PCA
train,6hhg,AKT1,inactive,0,out,na,unknown,1,2.3,386,True,True,-3.9961200897415488,4.987340557227581,distance_matrix,PCA
train,5uq0,FGFR1,active,1,in,in,active,1,2.3,256,True,True,-10.550343461818407,1.2363814312579622,distance_matrix,PCA
train,6hhj,AKT1,inactive,0,out,out,inactive,1,2.3,410,True,True,0.7038223881152358,6.4854736637418995,distance_matrix,PCA
train,2w96,CDK4,inactive,0,in,out,dfg_in_alphac_out,0,2.3,267,True,True,-5.686981956813708,-1.3560316049179633,distance_matrix,PCA
train,6p8e,CDK4,inactive,0,in,out,dfg_in_alphac_out,0,2.3,260,True,False,-6.099140390282786,0.15625893744944738,distance_matrix,PCA
train,7nh4,AKT1,inactive,0,out,na,unknown,1,2.3,383,True,True,-5.292179128602964,3.276246758768479,distance_matrix,PCA
train,6s9w,AKT1,inactive,0,out,out,inactive,1,2.3,411,True,True,0.23892436987623564,7.2120227451344325,distance_matrix,PCA
train,6jxt,EGFR,inactive,0,in,out,dfg_in_alphac_out,1,2.31,283,True,True,-8.540008213643342,-1.4133491847679365,distance_matrix,PCA
train,5d41,EGFR,inactive,0,in,out,dfg_in_alphac_out,1,2.31,300,True,True,-9.74922480748856,0.15064042439589878,distance_matrix,PCA
train,4aua,CDK6,inactive,0,in,out,dfg_in_alphac_out,1,2.31,256,True,True,-13.809438122837479,-2.597579475096955,distance_matrix,PCA
train,4uwb,FGFR1,active,1,in,in,active,1,2.31,299,True,True,0.8335856163708514,0.6088993588544006,distance_matrix,PCA
train,6lub,EGFR,active,1,in,in,active,1,2.315,301,True,True,-8.224074725021698,0.5804083549726611,distance_matrix,PCA
train,7jyr,ALK,active,1,in,in,active,1,2.32,287,True,True,-9.19458231485028,-0.15878759739957862,distance_matrix,PCA
train,4v01,FGFR1,inactive,0,out,in,dfg_out_alphac_in,1,2.33,275,False,True,4.113481514015892,14.130513284483962,distance_matrix,PCA
train,6npu,ABL1,inactive,0,out,in,dfg_out_alphac_in,1,2.33,257,True,True,-11.218418594033395,-0.30882652439738645,distance_matrix,PCA
train,3vjn,EGFR,active,1,in,in,active,1,2.34,297,True,True,-8.150719534893094,0.815166361746057,distance_matrix,PCA
train,5xdk,EGFR,active,1,in,in,active,1,2.35,307,True,True,-7.867610516054274,1.0779356049409459,distance_matrix,PCA
train,3w2o,EGFR,active,1,in,in,active,1,2.35,305,True,True,-6.5628217227801064,1.4217811425223696,distance_matrix,PCA
train,5l2t,CDK6,inactive,0,in,out,dfg_in_alphac_out,1,2.37,261,True,True,-11.811979391404552,-2.79890627354253,distance_matrix,PCA
train,6n0p,BRAF,inactive,0,out,in,dfg_out_alphac_in,1,2.37,268,True,True,-10.087881505296382,-0.9523613068051332,distance_matrix,PCA
train,7p3v,BRAF,inactive,0,in,out,dfg_in_alphac_out,1,2.37,258,True,True,-1.5087291181587739,2.184838332555233,distance_matrix,PCA
train,8dsw,EGFR,active,1,in,in,active,1,2.39,307,True,True,-7.070635100762602,0.9832659532550235,distance_matrix,PCA
train,7jxl,EGFR,inactive,0,in,out,dfg_in_alphac_out,1,2.4,294,True,True,-11.8684740830365,-0.9351912639090051,distance_matrix,PCA
train,7kxz,EGFR,active,1,in,in,active,1,2.4,299,True,True,-8.914100659083838,0.49669597488891587,distance_matrix,PCA
train,7a6i,EGFR,active,1,in,in,active,1,2.4,282,True,True,-7.6879417389707285,0.5172957991661964,distance_matrix,PCA
train,7ukv,EGFR,active,1,in,in,active,1,2.4,290,True,True,-9.992927551524852,0.8437089677444037,distance_matrix,PCA
train,6v5n,EGFR,inactive,0,in,out,dfg_in_alphac_out,1,2.4,294,True,True,-9.433433811066855,-1.0436814600218054,distance_matrix,PCA
train,6vhn,EGFR,active,1,in,in,active,1,2.4,286,True,True,-10.835005639986965,0.03485179585625371,distance_matrix,PCA
train,8d76,EGFR,active,1,in,in,active,1,2.4,312,True,True,-7.644567645257795,1.074600932244749,distance_matrix,PCA
train,6p1d,EGFR,inactive,0,in,out,dfg_in_alphac_out,1,2.4,300,True,True,-10.354328475366918,-1.8792381091232038,distance_matrix,PCA
train,8f1z,EGFR,active,1,in,in,active,1,2.4,310,True,True,-8.52382423344909,0.22862279232192229,distance_matrix,PCA
train,6wa2,EGFR,inactive,0,in,out,dfg_in_alphac_out,1,2.4,314,True,True,-8.057449249137656,-0.7863447805480158,distance_matrix,PCA
train,1agw,FGFR1,active,1,in,in,active,1,2.4,272,True,True,-8.354467040660449,1.304851736449999,distance_matrix,PCA
train,8hv8,EGFR,active,1,in,in,active,1,2.4,305,True,True,-7.6318998821350705,0.8744666722122408,distance_matrix,PCA
train,8hv3,EGFR,active,1,in,in,active,1,2.4,307,True,True,-6.950112664851188,1.2707661732560667,distance_matrix,PCA
train,6wak,EGFR,inactive,0,in,out,dfg_in_alphac_out,1,2.4,297,True,True,-10.21490215030076,-1.9087794476539273,distance_matrix,PCA
train,8hv1,EGFR,active,1,in,in,active,1,2.4,309,True,True,-7.062966688835527,0.8370634092642179,distance_matrix,PCA
train,4twp,ABL1,active,1,in,in,active,1,2.4,266,True,True,-9.822603405897523,-0.7482774982528198,distance_matrix,PCA
train,5c8n,EGFR,active,1,in,in,active,1,2.4,300,True,True,-10.395923105965046,-0.5757453110370224,distance_matrix,PCA
train,5cap,EGFR,active,1,in,in,active,1,2.4,303,True,True,-10.301570190346556,0.3072264704929402,distance_matrix,PCA
train,6c0i,AKT1,active,1,in,in,active,0,2.4,316,True,True,-5.003058266695336,4.989095415050091,distance_matrix,PCA
train,6buu,AKT1,active,1,in,in,active,0,2.4,320,True,True,-5.056161072896955,4.884794872476072,distance_matrix,PCA
train,1xkk,EGFR,inactive,0,in,out,dfg_in_alphac_out,1,2.4,289,True,True,-10.546438588546625,-0.1656430282142732,distance_matrix,PCA
train,2hyy,ABL1,inactive,0,out,in,dfg_out_alphac_in,1,2.4,265,True,True,-9.62528828129812,0.09043645037166462,distance_matrix,PCA
train,2gqg,ABL1,active,1,in,in,active,1,2.4,276,True,True,-9.735994494431388,-0.05691261107690825,distance_matrix,PCA
train,7vra,EGFR,active,1,in,in,active,1,2.41,289,True,True,-10.549627700621183,-0.251568950403258,distance_matrix,PCA
train,3ue4,ABL1,inactive,0,out-like,in,dfg_out_alphac_in,1,2.42,268,True,True,-7.258426733563408,0.9271115785586206,distance_matrix,PCA
train,7jy4,ALK,active,1,in,in,active,1,2.42,290,True,True,-7.07712118437482,-1.3630462357409767,distance_matrix,PCA
train,2w9z,CDK4,inactive,0,in,out,dfg_in_alphac_out,0,2.45,287,True,True,-5.915517816945089,-1.404280529158831,distance_matrix,PCA
train,3og7,BRAF,inactive,0,in,out,dfg_in_alphac_out,1,2.45,254,True,True,-11.55089620254438,-1.544195974872195,distance_matrix,PCA
train,6ebw,ALK,active,1,in,in,active,1,2.45,277,True,True,-7.951899495327516,-1.6789903714954104,distance_matrix,PCA
train,5z0s,FGFR1,active,1,in,in,active,1,2.45,285,True,True,-7.191673258109849,1.5370653180567615,distance_matrix,PCA
train,4fny,ALK,inactive,0,out,in,dfg_out_alphac_in,1,2.45,273,False,True,5.7531518074539925,12.668476894166062,distance_matrix,PCA
train,8h7f,ABL1,inactive,0,out-like,in,dfg_out_alphac_in,1,2.45013,266,True,True,-9.045936738369772,-0.4816493117505276,distance_matrix,PCA
train,5hcy,EGFR,active,1,in,in,active,1,2.46,302,True,True,-11.43194451580866,-0.9882199517568909,distance_matrix,PCA
train,6v2v,BRAF,inactive,0,in,out,dfg_in_alphac_out,1,2.47,276,True,True,-10.144922221032049,-3.5575199440917764,distance_matrix,PCA
train,2itn,EGFR,active,1,in,in,active,1,2.47,304,True,True,-9.059196642475055,0.23823098756351438,distance_matrix,PCA
train,7m0x,BRAF,inactive,0,in,out,dfg_in_alphac_out,1,2.47,276,True,True,-10.156220449597955,-3.575515862315384,distance_matrix,PCA
train,2itv,EGFR,active,1,in,in,active,1,2.47,303,True,True,-9.412433128693506,0.23676127786365286,distance_matrix,PCA
train,3mv5,AKT1,active,1,in,in,active,1,2.47,315,True,True,-5.411509146016359,4.612423555943192,distance_matrix,PCA
train,4xv1,BRAF,active,1,in,in,active,0,2.47,249,True,True,-10.686148343886247,-1.4199550734384947,distance_matrix,PCA
train,8to3,EGFR,inactive,0,in,out,dfg_in_alphac_out,1,2.49,291,True,True,-9.95970748303598,-0.36397079796697585,distance_matrix,PCA
train,4rwj,FGFR1,active,1,in,in,active,1,2.49,307,True,True,-0.6276357043548743,1.7107658187464971,distance_matrix,PCA
train,6xlo,BRAF,inactive,0,out,in,dfg_out_alphac_in,1,2.493,258,True,True,-12.492601251959833,-2.7871901726944786,distance_matrix,PCA
train,7wcl,FGFR1,active,1,in,in,active,1,2.495,306,True,True,-1.1341555815627933,1.29491280528218,distance_matrix,PCA
train,6u2h,BRAF,active,1,in,in,active,1,2.5,282,True,True,-10.099311435658556,-1.1091849684227955,distance_matrix,PCA
train,2v7a,ABL1,active,1,in,in,active,1,2.5,269,True,True,-8.929555203632143,0.10824050880932165,distance_matrix,PCA
train,7jxw,EGFR,inactive,0,in,out,dfg_in_alphac_out,1,2.5,288,True,True,-9.596621776437509,0.32802213105323397,distance_matrix,PCA
train,6z4b,EGFR,inactive,0,in,out,dfg_in_alphac_out,1,2.5,271,True,True,-9.90766130466459,-1.439029044563958,distance_matrix,PCA
train,7u99,EGFR,active,1,in,in,active,1,2.5,304,True,True,-7.875712576188232,0.8783542083652276,distance_matrix,PCA
train,4lqm,EGFR,active,1,in,in,active,1,2.5,305,True,True,-9.874586000088877,-0.30512132337373205,distance_matrix,PCA
train,3ug2,EGFR,active,1,in,in,active,1,2.5,299,True,True,-8.513333566610287,1.0538885351759506,distance_matrix,PCA
train,7b85,EGFR,active,1,in,in,active,1,2.5,312,True,True,-9.328641903889901,0.27594133952904665,distance_matrix,PCA
train,7zym,EGFR,active,1,in,in,active,1,2.5,321,True,True,-8.929000725479153,0.3326402339633675,distance_matrix,PCA
train,4nks,FGFR1,active,1,in,in,active,1,2.5,271,True,True,-8.288397467000902,1.3947220143010741,distance_matrix,PCA
train,8hv9,EGFR,active,1,in,in,active,1,2.5,306,True,True,-7.751762566529801,0.8418837505286464,distance_matrix,PCA
train,6bl8,ABL1,inactive,0,out-like,in,dfg_out_alphac_in,1,2.5,268,True,True,-7.2260286713163415,0.6944104205869536,distance_matrix,PCA
train,2xb7,ALK,active,1,in,in,active,1,2.5,286,True,True,-8.121014981647726,-1.5117479881461362,distance_matrix,PCA
train,1fgi,FGFR1,active,1,in,in,active,1,2.5,272,True,True,-8.87422166145493,1.3069758083900764,distance_matrix,PCA
train,3gqi,FGFR1,active,1,in,in,active,1,2.5,304,True,True,1.4069339306103095,-1.4156072151075025,distance_matrix,PCA
train,2fgi,FGFR1,active,1,in,in,active,1,2.5,274,True,True,-6.4066720354804465,1.2916443695189834,distance_matrix,PCA
train,4xv2,BRAF,inactive,0,in,out,dfg_in_alphac_out,1,2.5,249,True,True,-12.407370314557257,-0.30159754162866714,distance_matrix,PCA
train,2eb2,EGFR,active,1,in,in,active,0,2.5,305,True,True,-8.364528828151368,0.8408994500873572,distance_matrix,PCA
train,5hid,BRAF,inactive,0,out,in,dfg_out_alphac_in,1,2.5,257,True,True,-10.32438501584165,-1.1652820119736105,distance_matrix,PCA
train,8g63,EGFR,active,1,in,in,active,1,2.5,280,True,True,-10.987184939743443,-0.20970303206172458,distance_matrix,PCA
train,4rj8,EGFR,active,1,in,in,active,1,2.5,298,True,True,-10.893852341259976,-0.37915706057536214,distance_matrix,PCA
train,5caq,EGFR,active,1,in,in,active,1,2.5,301,True,True,-10.609015242717772,-0.31944838216530413,distance_matrix,PCA
train,5j9z,EGFR,active,1,in,in,active,1,2.5,291,True,True,-10.872722305075746,0.18035694921861184,distance_matrix,PCA
train,7vre,EGFR,active,1,in,in,active,1,2.507,312,True,True,-8.968585158800913,-0.23196164140728837,distance_matrix,PCA
train,7sj3,CDK4,active,1,in,in,active,1,2.51,273,True,True,-7.917644139122913,0.960359849340037,distance_matrix,PCA
train,5csx,BRAF,inactive,0,out,out,inactive,1,2.51,261,True,True,-9.789854154132518,-2.1597467990493664,distance_matrix,PCA
train,5hi2,BRAF,inactive,0,out,in,dfg_out_alphac_in,1,2.51,247,True,True,-12.640422019606024,-0.4757198499352929,distance_matrix,PCA
train,5ugb,EGFR,active,1,in,in,active,1,2.53,307,True,True,-7.889112775900513,0.8462820116758685,distance_matrix,PCA
train,6jx4,EGFR,active,1,in,in,active,1,2.53,315,True,True,-9.23370897923787,0.01920448938293872,distance_matrix,PCA
train,6jx0,EGFR,active,1,in,in,active,1,2.53,289,True,True,-9.23364757243704,-1.6211261123562757,distance_matrix,PCA
train,6d8e,EGFR,active,1,in,in,active,1,2.54,304,True,True,-8.975817979533245,0.7485404296265045,distance_matrix,PCA
train,4rj7,EGFR,active,1,in,in,active,1,2.55,295,True,True,-12.033985831060422,-0.28686653284271507,distance_matrix,PCA
train,6jwl,EGFR,active,1,in,in,active,1,2.55,319,True,True,-9.127743547610155,0.09037181079547811,distance_matrix,PCA
train,6cad,BRAF,inactive,0,out,in,dfg_out_alphac_in,1,2.55,248,False,True,4.823934988180185,15.269273044821105,distance_matrix,PCA
train,4f63,FGFR1,active,1,in,in,active,1,2.55,271,True,True,-8.69356636123079,1.1158769297298103,distance_matrix,PCA
train,4e26,BRAF,active,1,in,in,active,1,2.55,270,True,True,-9.791959608620862,-1.3373480627816507,distance_matrix,PCA
train,8wd4,EGFR,active,1,in,in,active,1,2.55,299,True,True,-10.25474277961086,-0.41375087538591654,distance_matrix,PCA
train,7oxb,EGFR,active,1,in,in,active,1,2.56,305,True,True,-9.255611818084322,-0.002524535597746394,distance_matrix,PCA
train,4nk9,FGFR1,active,1,in,in,active,1,2.57,282,True,True,-6.6608751256169905,1.8319434537948631,distance_matrix,PCA
train,3c4c,BRAF,inactive,0,in,out,dfg_in_alphac_out,1,2.57,258,True,True,-9.109652575293849,-1.9246762736645002,distance_matrix,PCA
train,4v05,FGFR1,active,1,in,in,active,1,2.57,287,True,True,-6.012684439573266,1.632477305400311,distance_matrix,PCA
train,5flf,FGFR1,active,1,in,in,active,0,2.58,292,True,True,-7.283746614211006,-0.005524567940976561,distance_matrix,PCA
train,8gb4,EGFR,inactive,0,in,out,dfg_in_alphac_out,1,2.59,292,True,True,-9.355990604341384,0.5234645479594521,distance_matrix,PCA
train,6pp9,BRAF,inactive,0,in,out,dfg_in_alphac_out,1,2.59,276,True,True,-9.979507666076431,-3.514500975287305,distance_matrix,PCA
train,5cao,EGFR,active,1,in,in,active,1,2.6,300,True,True,-9.434960723709604,0.7052619526248931,distance_matrix,PCA
train,5edr,EGFR,active,1,in,in,active,1,2.6,299,True,True,-9.60415508364498,1.3548362961892102,distance_matrix,PCA
train,5hic,EGFR,active,1,in,in,active,1,2.6,302,True,True,-11.224557267715666,-0.5389590776381716,distance_matrix,PCA
train,6s9x,AKT1,inactive,0,out,na,unknown,1,2.6,382,True,True,-5.773999846303813,2.889276984982025,distance_matrix,PCA
train,1m17,EGFR,active,1,in,in,active,1,2.6,312,True,True,-7.272712500102914,1.1057031115175988,distance_matrix,PCA
train,3ow4,AKT1,active,1,in,in,active,1,2.6,317,True,True,-4.921126419302311,5.229377800088823,distance_matrix,PCA
train,6s8a,EGFR,active,1,in,in,active,1,2.6,313,True,True,-7.75847908623502,0.6943498222056643,distance_matrix,PCA
train,4fnz,ALK,active,1,in,in,active,1,2.6,287,True,True,-4.9428696044796085,-0.5760756332848292,distance_matrix,PCA
train,7ukw,EGFR,inactive,0,in,out,dfg_in_alphac_out,0,2.6,306,True,True,-8.589697007363583,-0.7942092592981693,distance_matrix,PCA
train,7u9a,EGFR,active,1,in,in,active,1,2.6,295,True,True,-9.704218686951936,1.284144240107527,distance_matrix,PCA
train,2gs7,EGFR,inactive,0,in,out,dfg_in_alphac_out,1,2.6,281,True,True,-9.295869465781113,-1.350438978464847,distance_matrix,PCA
train,2gs6,EGFR,active,1,in,in,active,0,2.6,311,True,True,-7.935626003884907,0.5294313924557135,distance_matrix,PCA
train,1m14,EGFR,active,1,in,in,active,0,2.6,307,True,True,-7.163634324992766,1.294890671604908,distance_matrix,PCA
train,5czi,EGFR,active,1,in,in,active,0,2.6,310,True,True,-6.592751616362658,1.3616016940385878,distance_matrix,PCA
train,5hcx,EGFR,active,1,in,in,active,1,2.6,298,True,True,-10.92233807925048,-0.8228594139027356,distance_matrix,PCA
train,3nup,CDK6,inactive,0,in,out,dfg_in_alphac_out,1,2.6,252,True,True,-12.09176754954861,-1.9164595142045888,distance_matrix,PCA
train,7k1h,EGFR,inactive,0,in,out,dfg_in_alphac_out,1,2.602,291,True,True,-9.590938245952293,0.024272371817878734,distance_matrix,PCA
train,7t4i,EGFR,active,1,in,in,active,1,2.61,309,True,True,-7.559713986988145,1.0587659874109343,distance_matrix,PCA
train,5hcz,EGFR,active,1,in,in,active,1,2.62,300,True,True,-10.994905235993317,-0.8663027746734381,distance_matrix,PCA
train,5a46,FGFR1,active,1,in,in,active,1,2.63,297,True,True,-5.089478421107715,1.257433090198082,distance_matrix,PCA
train,4li5,EGFR,active,1,in,in,active,1,2.64,306,True,True,-8.565295894589578,-0.041824610160730774,distance_matrix,PCA
train,3vjo,EGFR,active,1,in,in,active,1,2.64,298,True,True,-7.651588159525293,0.69739707038525,distance_matrix,PCA
train,7aei,EGFR,active,1,in,in,active,1,2.65,315,True,True,-7.865488667908657,0.8752384036407393,distance_matrix,PCA
train,7aem,EGFR,active,1,in,in,active,1,2.65,312,True,True,-7.87281289171646,0.7747027454213832,distance_matrix,PCA
train,5fed,EGFR,active,1,in,in,active,1,2.65,288,True,True,-9.631997899814289,1.314288323855097,distance_matrix,PCA
train,5zto,EGFR,active,1,in,in,active,1,2.65,294,True,True,-10.000838203827998,0.9849230087866284,distance_matrix,PCA
train,4fk3,BRAF,active,1,in,in,active,0,2.65,257,True,True,-10.910198451865103,-1.602648337942531,distance_matrix,PCA
train,6p7g,BRAF,inactive,0,out,in,dfg_out_alphac_in,1,2.65,254,True,True,-10.785266989832538,-0.24137444420645496,distance_matrix,PCA
train,5em5,EGFR,active,1,in,in,active,1,2.65,298,True,True,-9.574367430680372,1.0908019343422921,distance_matrix,PCA
train,5csw,BRAF,inactive,0,in,out,dfg_in_alphac_out,1,2.66,254,True,True,-8.767111515757572,-0.848237482405987,distance_matrix,PCA
train,7er2,EGFR,active,1,in,in,active,1,2.662,292,True,True,-10.15344284742695,-0.07687901130184503,distance_matrix,PCA
train,6s9d,EGFR,active,1,in,in,active,1,2.67,300,True,True,-10.892961547144134,-0.4468090164483764,distance_matrix,PCA
train,2itq,EGFR,active,1,in,in,active,1,2.68,300,True,True,-7.845850621240073,0.7299291461085087,distance_matrix,PCA
train,6b8u,BRAF,inactive,0,out,in,dfg_out_alphac_in,1,2.68,253,True,True,-10.381085456369679,-0.7177596211517817,distance_matrix,PCA
train,8hv7,EGFR,active,1,in,in,active,1,2.69,301,True,True,-8.816118956627445,0.43905495121975874,distance_matrix,PCA
train,4joa,ALK,active,1,in,in,active,1,2.7,250,True,True,-11.243721204748093,-0.7792764558535538,distance_matrix,PCA
train,6nvl,FGFR1,active,1,in,in,active,1,2.7,265,True,True,-5.50766756846431,1.9221946728153272,distance_matrix,PCA
train,5c9c,BRAF,inactive,0,out,in,dfg_out_alphac_in,1,2.7,251,True,True,-10.655048967128922,0.02909122737176375,distance_matrix,PCA
train,3idp,BRAF,inactive,0,out,in,dfg_out_alphac_in,1,2.7,256,True,True,-9.142873402748393,-0.3224454219692944,distance_matrix,PCA
train,6s89,EGFR,active,1,in,in,active,1,2.7,310,True,True,-7.321472771498168,0.95571487861318,distance_matrix,PCA
train,4zjv,EGFR,inactive,0,out,in,dfg_out_alphac_in,0,2.7,282,True,True,-9.758369627938965,-2.009807206153299,distance_matrix,PCA
train,8tjl,EGFR,active,1,in,in,active,1,2.7,306,True,True,-9.226338453133772,0.5758037836347751,distance_matrix,PCA
train,4rj6,EGFR,active,1,in,in,active,1,2.7,297,True,True,-11.037564627787019,-0.4406047873479046,distance_matrix,PCA
train,5cal,EGFR,active,1,in,in,active,1,2.7,300,True,True,-11.283619068114364,-0.06387692106492746,distance_matrix,PCA
train,3lzb,EGFR,inactive,0,in,out,dfg_in_alphac_out,1,2.7,261,True,True,-10.087481009623923,0.24078231187823304,distance_matrix,PCA
train,4jr3,EGFR,active,1,in,in,active,1,2.7,303,True,True,-7.711294692038089,0.7658513822653068,distance_matrix,PCA
train,4ez5,CDK6,inactive,0,in,out,dfg_in_alphac_out,1,2.7,258,True,True,-11.497980252214045,-2.900820984974251,distance_matrix,PCA
train,2g2f,ABL1,inactive,0,out-like,in,dfg_out_alphac_in,1,2.7,275,True,True,-8.474121009812244,-0.05423266556198981,distance_matrix,PCA
train,3ky2,FGFR1,active,1,in,in,active,0,2.7,280,True,True,-7.749373004705665,1.5406551149598438,distance_matrix,PCA
train,5jt2,BRAF,inactive,0,in,out,dfg_in_alphac_out,1,2.7,234,True,True,-14.008881746525823,-2.437868649192501,distance_matrix,PCA
train,3ocb,AKT1,active,1,in,in,active,1,2.7,319,True,True,-5.135733326564816,4.870592458201337,distance_matrix,PCA
train,5xdl,EGFR,active,1,in,in,active,1,2.7,292,True,True,-10.85461398394851,0.3369538047692422,distance_matrix,PCA
train,3o96,AKT1,inactive,0,out,na,unknown,1,2.7,367,True,True,-5.771156746826581,3.4921593304326275,distance_matrix,PCA
train,5kcv,AKT1,inactive,0,out,na,unknown,1,2.7,353,True,True,-7.28397417735905,2.7913413173617814,distance_matrix,PCA
train,3nux,CDK6,inactive,0,in,out,dfg_in_alphac_out,1,2.7,261,True,True,-11.973291219454078,-2.654886050500792,distance_matrix,PCA
train,5fee,EGFR,active,1,in,in,active,1,2.7,287,True,True,-9.54861558501126,1.037442321126956,distance_matrix,PCA
train,6hhi,AKT1,inactive,0,out,na,unknown,1,2.7,389,True,True,-3.7685554512908266,5.07091353266312,distance_matrix,PCA
train,6hhh,AKT1,inactive,0,out,na,unknown,1,2.7,379,True,True,-6.50901749778875,2.5695118211131796,distance_matrix,PCA
train,6oql,CDK6,inactive,0,in,out,dfg_in_alphac_out,1,2.707,263,True,True,-11.854129595183075,-2.8233975504003603,distance_matrix,PCA
train,2itz,EGFR,active,1,in,in,active,1,2.72,302,True,True,-10.201780032723454,-0.268681425970047,distance_matrix,PCA
train,7cc2,ABL1,inactive,0,out-like,in,dfg_out_alphac_in,1,2.723,263,True,True,-6.9410814717128595,0.374829110411661,distance_matrix,PCA
train,2itt,EGFR,active,1,in,in,active,1,2.73,302,True,True,-9.373151580240783,0.04645545115064249,distance_matrix,PCA
train,6s9c,EGFR,active,1,in,in,active,1,2.73,301,True,True,-11.413428558233738,-0.8440407542024257,distance_matrix,PCA
train,4jq7,EGFR,active,1,in,in,active,1,2.73,303,True,True,-7.831680645220833,0.7808506133567812,distance_matrix,PCA
train,5cav,EGFR,active,1,in,in,active,1,2.73,306,True,True,-7.555211314926552,0.8874658266321347,distance_matrix,PCA
train,2itp,EGFR,active,1,in,in,active,1,2.74,305,True,True,-8.21900165190393,0.5651639387191185,distance_matrix,PCA
train,8f7p,BRAF,inactive,0,out,in,dfg_out_alphac_in,1,2.74,255,True,True,-9.933117122544038,-1.0060554485075517,distance_matrix,PCA
train,8f1y,EGFR,active,1,in,in,active,1,2.75,293,True,True,-9.577584894309034,1.340593852612877,distance_matrix,PCA
train,4hjo,EGFR,inactive,0,in,out,dfg_in_alphac_out,1,2.75,278,True,True,-8.64212706322011,0.0357069564373355,distance_matrix,PCA
train,5l2i,CDK6,inactive,0,in,out,dfg_in_alphac_out,1,2.75,260,True,True,-11.794227883025226,-2.690821904560282,distance_matrix,PCA
train,3ug1,EGFR,active,1,in,in,active,0,2.75,296,True,True,-8.85468180130057,0.9216509489314697,distance_matrix,PCA
train,8hva,EGFR,active,1,in,in,active,1,2.77,301,True,True,-8.84496968607875,0.7898725783870874,distance_matrix,PCA
train,8i0m,CDK6,inactive,0,in,out,dfg_in_alphac_out,1,2.7772,260,True,True,-11.706844522253348,-3.330404705603731,distance_matrix,PCA
train,5em6,EGFR,active,1,in,in,active,1,2.78,301,True,True,-10.839381928186949,-0.8498373078494722,distance_matrix,PCA
train,4rj4,EGFR,active,1,in,in,active,1,2.78,299,True,True,-9.913729283398958,-0.39797463570570557,distance_matrix,PCA
train,3ii5,BRAF,inactive,0,out,in,dfg_out_alphac_in,1,2.79,257,True,True,-8.794246222160732,-0.7306970804118147,distance_matrix,PCA
train,5gmp,EGFR,active,1,in,in,active,1,2.8,305,True,True,-9.722374379629755,0.2805577224425559,distance_matrix,PCA
train,2hz4,ABL1,active,1,in,in,active,1,2.8,262,True,True,-6.899548440675876,0.7303893628759407,distance_matrix,PCA
train,2f2c,CDK6,active,1,in,in,active,1,2.8,280,True,True,-3.478645943203939,2.5381980176018324,distance_matrix,PCA
train,4mnf,BRAF,active,1,in,in,active,1,2.8,257,True,True,-12.109199099472182,-2.002460083228212,distance_matrix,PCA
train,4xv3,BRAF,inactive,0,in,out,dfg_in_alphac_out,1,2.8,238,False,True,0.17624358985836086,13.894879260325807,distance_matrix,PCA
train,4g5j,EGFR,active,1,in,in,active,1,2.8,307,True,True,-9.051123804583785,0.8698465672239862,distance_matrix,PCA
train,2w99,CDK4,inactive,0,in,out,dfg_in_alphac_out,0,2.8,291,True,True,-5.39187719025349,-0.9935933413743733,distance_matrix,PCA
train,3gql,FGFR1,active,1,in,in,active,1,2.8,275,True,True,-7.352141503607122,1.0100867959029831,distance_matrix,PCA
train,6jrk,EGFR,active,1,in,in,active,1,2.8,283,True,True,-11.436483947343957,0.5853212033021945,distance_matrix,PCA
train,6p1l,EGFR,inactive,0,in,out,dfg_in_alphac_out,1,2.8,288,True,True,-10.496791988390598,-0.0734894787347664,distance_matrix,PCA
train,5czh,EGFR,active,1,in,in,active,0,2.8,311,True,True,-6.751909293145097,1.4257488734968597,distance_matrix,PCA
train,5j9y,EGFR,active,1,in,in,active,1,2.8,300,True,True,-8.613596139417918,1.043075183985083,distance_matrix,PCA
train,8f1h,EGFR,active,1,in,in,active,1,2.8,307,True,True,-8.242137382573247,0.4651639004844311,distance_matrix,PCA
train,5edq,EGFR,active,1,in,in,active,1,2.8,298,True,True,-9.62870300800709,1.28127168229257,distance_matrix,PCA
train,2gs2,EGFR,active,1,in,in,active,0,2.8,305,True,True,-7.074501633860048,1.0043502892664824,distance_matrix,PCA
train,8hv2,EGFR,active,1,in,in,active,1,2.8,299,True,True,-8.424471585958424,1.0010617545959144,distance_matrix,PCA
train,6p8g,CDK4,inactive,0,in,out,dfg_in_alphac_out,0,2.8,259,True,False,-5.990008862113488,0.044915231738655755,distance_matrix,PCA
train,2itu,EGFR,active,1,in,in,active,1,2.8,304,True,True,-9.666663477726745,0.24407695733704113,distance_matrix,PCA
train,1bi8,CDK6,inactive,0,out,na,unknown,0,2.8,264,True,True,-4.432871529920381,6.311924936909213,distance_matrix,PCA
train,3tt0,FGFR1,active,1,in,in,active,1,2.8,272,True,True,-8.827453809235328,0.9561304529054607,distance_matrix,PCA
train,3d4q,BRAF,active,1,in,in,active,1,2.8,264,True,True,-11.685715809647988,-1.9188613346721755,distance_matrix,PCA
train,6edl,ALK,active,1,in,in,active,1,2.8,282,False,True,4.2626646701463455,12.349994776605389,distance_matrix,PCA
train,6vh4,EGFR,active,1,in,in,active,1,2.8,295,True,True,-9.261641760515145,1.0475960928910462,distance_matrix,PCA
train,4jrv,EGFR,active,1,in,in,active,1,2.8,300,True,True,-7.768117576530184,0.3267747409744189,distance_matrix,PCA
train,3gop,EGFR,inactive,0,out-like,out,inactive,0,2.8,300,True,True,-37.40412270499924,-3.017230073880762,distance_matrix,PCA
train,5can,EGFR,active,1,in,in,active,1,2.8,301,True,True,-10.503351775726134,-0.2778674952031831,distance_matrix,PCA
train,4zau,EGFR,active,1,in,in,active,1,2.8,283,True,True,-9.787119053664755,1.268238692478378,distance_matrix,PCA
train,4ekk,AKT1,active,1,in,in,active,1,2.8,318,True,True,-5.5183904480661825,4.453292429967589,distance_matrix,PCA
train,7zyp,EGFR,active,1,in,in,active,1,2.8,305,True,True,-6.96132531310789,1.149653191233789,distance_matrix,PCA
train,5em8,EGFR,active,1,in,in,active,1,2.8,303,True,True,-7.7320157520880155,0.6311391389058384,distance_matrix,PCA
train,4i23,EGFR,active,1,in,in,active,1,2.8,304,True,True,-7.943543488671204,0.7390042266894368,distance_matrix,PCA
train,5em7,EGFR,active,1,in,in,active,1,2.81,300,True,True,-10.541777456702999,-0.5484089358741081,distance_matrix,PCA
train,4wo5,BRAF,inactive,0,in,out,dfg_in_alphac_out,1,2.83,257,True,True,-10.577563531189394,-2.5474221049517145,distance_matrix,PCA
train,4jq8,EGFR,active,1,in,in,active,1,2.83,303,True,True,-7.812928439489856,0.7146994957474998,distance_matrix,PCA
train,2eb3,EGFR,active,1,in,in,active,1,2.84,294,True,True,-10.46816202153063,0.09358176321903948,distance_matrix,PCA
train,4mne,BRAF,active,1,in,in,active,0,2.85,258,True,True,-8.806074285128876,-1.5611478647220594,distance_matrix,PCA
train,5hib,EGFR,active,1,in,in,active,1,2.85,314,True,True,-9.174759401911905,0.6345308251954609,distance_matrix,PCA
train,2w9f,CDK4,inactive,0,in,out,dfg_in_alphac_out,0,2.85,261,True,True,-5.742788253156381,-1.6437288135508936,distance_matrix,PCA
train,5zv2,FGFR1,active,1,in,in,active,1,2.86,284,True,True,-6.121201580520813,2.2876478420295787,distance_matrix,PCA
train,6jz0,EGFR,active,1,in,in,active,1,2.86,311,True,True,-8.33475199591799,0.6956623737944463,distance_matrix,PCA
train,8ssn,ABL1,inactive,0,in,out,dfg_in_alphac_out,1,2.86,420,True,True,-11.260711892928274,-3.165054411884495,distance_matrix,PCA
train,2itw,EGFR,active,1,in,in,active,1,2.88,300,True,True,-7.5205102432025175,0.9018057042971482,distance_matrix,PCA
train,7shv,BRAF,active,1,in,in,active,1,2.88,261,True,True,-12.001760850155442,-2.2075916113075564,distance_matrix,PCA
train,6p8f,CDK4,inactive,0,in,out,dfg_in_alphac_out,0,2.89,262,True,False,-5.730110717393722,-0.41131905423701953,distance_matrix,PCA
train,6u2g,BRAF,inactive,0,in,out,dfg_in_alphac_out,1,2.89,264,True,True,-10.435799340707911,-3.6296829828112407,distance_matrix,PCA
train,4xey,ABL1,inactive,0,out-like,in,dfg_out_alphac_in,1,2.89,359,True,True,-8.512183943021975,-0.661062556714428,distance_matrix,PCA
train,5fd2,BRAF,inactive,0,in,out,dfg_in_alphac_out,1,2.89,264,True,True,-9.468662998966066,-3.0360361636275615,distance_matrix,PCA
train,6p68,FGFR1,active,1,in,in,active,1,2.9,287,True,True,-5.503541554444431,2.1012605121256196,distance_matrix,PCA
train,6hhf,AKT1,inactive,0,out,na,unknown,1,2.9,366,True,True,-6.159246245925044,2.7777069056830217,distance_matrix,PCA
train,4yc8,ABL1,inactive,0,out-like,in,dfg_out_alphac_in,1,2.9,264,True,True,-5.657232880319274,1.1093377700789826,distance_matrix,PCA
train,3prf,BRAF,active,1,in,in,active,1,2.9,262,True,True,-11.101740992250125,-1.7737359743543444,distance_matrix,PCA
train,2fb8,BRAF,active,1,in,in,active,1,2.9,259,True,True,-11.948325932776337,-2.347613702406813,distance_matrix,PCA
train,2rfe,EGFR,inactive,0,in,out,dfg_in_alphac_out,0,2.9,262,True,True,-11.204098988219778,-3.0216387412384442,distance_matrix,PCA
train,3ika,EGFR,inactive,0,out-like,out,inactive,0,2.9,310,True,True,-10.32270792773592,-2.3376214126521195,distance_matrix,PCA
train,5c8m,EGFR,active,1,in,in,active,1,2.9,302,True,True,-9.787399784601602,0.023124427596730213,distance_matrix,PCA
train,5zwj,EGFR,inactive,0,in,out,dfg_in_alphac_out,1,2.9,267,True,True,-9.301259423932093,0.1591243543654369,distance_matrix,PCA
train,5edp,EGFR,active,1,in,in,active,0,2.9,295,True,True,-10.0158257171457,0.7609967855401764,distance_matrix,PCA
train,1xo2,CDK6,active,1,in,in,active,1,2.9,289,True,True,-6.09251655320279,1.4504315705794268,distance_matrix,PCA
train,4tth,CDK6,active,1,in,in,active,1,2.9,256,True,True,-8.44362063432526,-0.20979515031414653,distance_matrix,PCA
train,4r3p,EGFR,active,1,in,in,active,0,2.9,310,True,True,-6.555970534654426,1.4402696275537679,distance_matrix,PCA
train,1g3n,CDK6,inactive,0,out,out,inactive,0,2.9,293,True,True,-0.5233004378075837,4.497280788149498,distance_matrix,PCA
train,8hy7,EGFR,active,1,in,in,active,1,2.91,299,True,True,-10.711470142401613,-0.12748204596170729,distance_matrix,PCA
train,7lg8,EGFR,inactive,0,in,out,dfg_in_alphac_out,1,2.93,280,True,True,-9.016726198242944,-0.5599595306192069,distance_matrix,PCA
train,4ksp,BRAF,inactive,0,out,in,dfg_out_alphac_in,1,2.93,256,True,True,-8.98445281237283,-0.6663905878679314,distance_matrix,PCA
train,6jrj,EGFR,active,1,in,in,active,1,2.94,288,True,True,-10.346886565702848,0.45086201636071177,distance_matrix,PCA
train,4fc0,BRAF,inactive,0,out,in,dfg_out_alphac_in,1,2.95,254,True,True,-10.730605532162556,0.1265772445002787,distance_matrix,PCA
train,5xgm,EGFR,active,1,in,in,active,1,2.95,288,True,True,-8.995486767002221,1.2003858847600433,distance_matrix,PCA
train,1uwh,BRAF,inactive,0,out,in,dfg_out_alphac_in,1,2.95,264,True,True,-9.589949554543269,-1.1360922010530343,distance_matrix,PCA
train,5x27,EGFR,active,1,in,in,active,1,2.95,302,True,True,-9.320790225333221,-0.004027009835007777,distance_matrix,PCA
train,5x26,EGFR,active,1,in,in,active,1,2.95,302,True,True,-9.227479071823321,-0.014302451313723324,distance_matrix,PCA
train,5x28,EGFR,active,1,in,in,active,1,2.95,310,True,True,-9.198063535509604,-0.07165775998552205,distance_matrix,PCA
train,3gt8,EGFR,inactive,0,in,out,dfg_in_alphac_out,1,2.96,296,True,True,-10.738761284729822,-2.361094532337384,distance_matrix,PCA
train,7tvd,EGFR,active,1,in,in,active,0,2.96,292,True,True,-9.325388663786335,1.4817201389706007,distance_matrix,PCA
train,8qqg,BRAF,inactive,0,out,in,dfg_out_alphac_in,1,2.979,269,False,True,3.0981381871460383,11.797943682095307,distance_matrix,PCA
train,4rwk,FGFR1,active,1,in,in,active,1,2.98,282,True,True,-8.417372848707739,1.506390930505702,distance_matrix,PCA
train,4riy,EGFR,active,1,in,in,active,1,2.98,297,True,True,-8.038436608813806,0.009318550822957886,distance_matrix,PCA
train,2itx,EGFR,active,1,in,in,active,1,2.98,307,True,True,-8.653340760963687,1.47471292624238,distance_matrix,PCA
train,4rzv,BRAF,inactive,0,in,out,dfg_in_alphac_out,1,2.99,261,True,True,-10.366295016117235,-2.64232182340326,distance_matrix,PCA
train,8to4,EGFR,inactive,0,in,out,dfg_in_alphac_out,1,2.99,300,True,True,-10.619388878425251,-1.609654945765342,distance_matrix,PCA
train,5hie,BRAF,inactive,0,in,out,dfg_in_alphac_out,1,3.0,253,True,True,-13.448491683043974,-2.694675327486949,distance_matrix,PCA
train,3ppk,BRAF,active,1,in,in,active,1,3.0,264,True,True,-11.761821390502433,-2.257948725021206,distance_matrix,PCA
train,5xgn,EGFR,active,1,in,in,active,1,3.0,308,True,True,-10.095053136857638,-1.9831232443043385,distance_matrix,PCA
train,4r5s,EGFR,active,1,in,in,active,1,3.0,299,True,True,-7.910962241959676,0.9033621634502282,distance_matrix,PCA
train,7jxi,EGFR,inactive,0,in,out,dfg_in_alphac_out,1,3.0,290,True,True,-9.358230065694222,0.1807948347931709,distance_matrix,PCA
train,5gtz,EGFR,active,1,in,in,active,1,3.0,317,True,True,-9.540416278898014,0.07871178535112291,distance_matrix,PCA
train,2j5f,EGFR,active,1,in,in,active,1,3.0,308,True,True,-9.94875736322445,-0.4563340816566869,distance_matrix,PCA
train,2euf,CDK6,active,1,in,in,active,1,3.0,282,True,True,-4.4736032637295065,2.673570663221567,distance_matrix,PCA
train,3g33,CDK4,inactive,0,in,out,dfg_in_alphac_out,0,3.0,291,True,True,-2.123235181100919,-0.6092211275503057,distance_matrix,PCA
train,4i1z,EGFR,inactive,0,out-like,in,dfg_out_alphac_in,0,3.0,287,True,True,-9.214451224133446,-1.4517417475057772,distance_matrix,PCA
train,5c8k,EGFR,active,1,in,in,active,1,3.0,300,True,True,-10.832659984083515,0.0842555425693637,distance_matrix,PCA
train,6nsq,BRAF,inactive,0,out,in,dfg_out_alphac_in,1,3.05,253,True,True,-10.661519876233662,0.6480829325683067,distance_matrix,PCA
train,2jiu,EGFR,inactive,0,out-like,out,inactive,0,3.05,309,True,True,-9.029304222114245,-1.830859906256036,distance_matrix,PCA
train,4yht,BRAF,active,1,in,in,active,1,3.05,258,True,True,-12.098988432652972,-2.294904746484559,distance_matrix,PCA
train,5uwd,EGFR,inactive,0,out-like,out,inactive,1,3.06,271,True,True,-10.180610090953003,-1.4401781772923583,distance_matrix,PCA
train,6v2x,BRAF,inactive,0,in,out,dfg_in_alphac_out,1,3.09,274,True,True,-9.775841757787703,-3.50362108003066,distance_matrix,PCA
train,4jvg,BRAF,inactive,0,out,in,dfg_out_alphac_in,1,3.09,259,True,True,-9.388085906152758,-0.6192743865900534,distance_matrix,PCA
train,7m0w,BRAF,inactive,0,in,out,dfg_in_alphac_out,1,3.09,274,True,True,-9.529858295243232,-3.2603398051965606,distance_matrix,PCA
train,6v30,BRAF,inactive,0,in,out,dfg_in_alphac_out,1,3.09,274,True,True,-9.5398722183077,-3.27567704823971,distance_matrix,PCA
train,7m0u,BRAF,inactive,0,in,out,dfg_in_alphac_out,1,3.09,274,True,True,-9.811877031491642,-3.4791336293622512,distance_matrix,PCA
train,7lgs,EGFR,active,1,in,in,active,1,3.1,283,True,True,-9.115643499614476,0.16705073090658815,distance_matrix,PCA
train,4rj5,EGFR,active,1,in,in,active,1,3.1,296,True,True,-10.27978004872002,0.6679771049833723,distance_matrix,PCA
train,4rix,EGFR,active,1,in,in,active,1,3.1,297,True,True,-8.402158729253792,0.25153751367512434,distance_matrix,PCA
train,7jxk,EGFR,inactive,0,in,out,dfg_in_alphac_out,1,3.1,293,True,True,-9.894999532379911,-0.2216844771896603,distance_matrix,PCA
train,7syd,EGFR,inactive,0,in,out,dfg_in_alphac_out,0,3.1,614,False,False,89.66627155059876,46.038001768419676,distance_matrix,PCA
train,2jit,EGFR,inactive,0,out-like,out,inactive,0,3.1,299,True,True,-8.748166968810137,-0.2740769213615182,distance_matrix,PCA
train,4h58,BRAF,inactive,0,out,in,dfg_out_alphac_in,0,3.1,272,True,True,-8.43881528775108,-0.5776247390213779,distance_matrix,PCA
train,4riw,EGFR,active,1,in,in,active,1,3.1,293,True,True,-8.712359477609974,0.27824741099321965,distance_matrix,PCA
train,7ky0,EGFR,inactive,0,in,out,dfg_in_alphac_out,1,3.1,288,True,True,-9.723992577219526,-0.7951662483278907,distance_matrix,PCA
train,1jow,CDK6,active,1,in,in,active,0,3.1,277,True,True,-3.882132067804051,2.8427856993179055,distance_matrix,PCA
train,5y25,EGFR,active,1,in,in,active,1,3.1,292,True,True,-9.205205649713092,0.7612842958414777,distance_matrix,PCA
train,3q96,BRAF,inactive,0,out,in,dfg_out_alphac_in,1,3.1,262,True,True,-9.227048043038167,-0.7150156406990645,distance_matrix,PCA
train,2j6m,EGFR,active,1,in,in,active,1,3.1,306,True,True,-7.7614084979481515,0.6493370613233966,distance_matrix,PCA
train,2j5e,EGFR,active,1,in,in,active,0,3.1,309,True,True,-7.749540557321836,0.1624085087371143,distance_matrix,PCA
train,6v2w,BRAF,inactive,0,in,out,dfg_in_alphac_out,1,3.12,275,True,True,-9.766135889858376,-3.3530945740095377,distance_matrix,PCA
train,6v31,BRAF,inactive,0,in,out,dfg_in_alphac_out,1,3.12,273,True,True,-9.71481914863899,-3.33017836885094,distance_matrix,PCA
train,7m0z,BRAF,inactive,0,in,out,dfg_in_alphac_out,1,3.12,273,True,True,-9.71481914863899,-3.33017836885094,distance_matrix,PCA
train,2g2i,ABL1,active,1,in,in,active,1,3.12,271,True,True,-7.918822898031348,-0.005293654969933943,distance_matrix,PCA
train,5gty,EGFR,inactive,0,in,out,dfg_in_alphac_out,1,3.14,297,True,True,-11.256608756221848,-0.8252946423702527,distance_matrix,PCA
train,6v34,BRAF,inactive,0,out,in,dfg_out_alphac_in,1,3.15,247,True,True,-10.468406862529465,1.2322422629769112,distance_matrix,PCA
train,4dbn,BRAF,inactive,0,out,in,dfg_out_alphac_in,1,3.15,263,True,True,-10.065157620666568,-0.7181198578483,distance_matrix,PCA
train,6v2z,BRAF,inactive,0,in,out,dfg_in_alphac_out,1,3.16,274,True,True,-9.91069772737009,-3.44965394910368,distance_matrix,PCA
train,7m0v,BRAF,inactive,0,in,out,dfg_in_alphac_out,1,3.16,274,True,True,-10.03535679203144,-3.4980673015322177,distance_matrix,PCA
train,5ct7,BRAF,inactive,0,out,in,dfg_out_alphac_in,1,3.17,254,True,True,-10.397354328105573,-0.41359396486964295,distance_matrix,PCA
train,4g5p,EGFR,inactive,0,out-like,out,inactive,0,3.17,303,True,True,-9.002559175013948,-1.7257171706052503,distance_matrix,PCA
train,6v32,BRAF,inactive,0,in,out,dfg_in_alphac_out,1,3.19,274,True,True,-9.76956574100523,-3.393560137174289,distance_matrix,PCA
train,6p8h,CDK4,inactive,0,in,out,dfg_in_alphac_out,0,3.19,258,True,False,-5.861506735752867,0.6158388087194778,distance_matrix,PCA
train,7m0t,BRAF,inactive,0,in,out,dfg_in_alphac_out,1,3.19,274,True,True,-9.858408084215405,-3.3849727537554153,distance_matrix,PCA
train,3kxx,FGFR1,active,1,in,in,active,0,3.2,286,True,True,-8.537757316881978,0.29841813107974663,distance_matrix,PCA
train,5x2k,EGFR,active,1,in,in,active,1,3.2,314,True,True,-8.126801851937163,0.6620074974271707,distance_matrix,PCA
train,4g9r,BRAF,inactive,0,out,in,dfg_out_alphac_in,1,3.2,262,True,True,-9.681716009721022,-1.9741166749687291,distance_matrix,PCA
train,3skc,BRAF,inactive,0,in,out,dfg_in_alphac_out,1,3.2,276,True,True,-10.438340385768313,-2.2484848360576293,distance_matrix,PCA
train,4tks,EGFR,active,1,in,in,active,0,3.2,307,True,True,-7.599038640538079,0.5441288852794196,distance_matrix,PCA
train,8f1w,EGFR,inactive,0,in,out,dfg_in_alphac_out,1,3.2,303,True,True,-8.438678695022714,-0.0321457253318446,distance_matrix,PCA
train,3q4c,BRAF,active,1,in,in,active,1,3.2,264,True,True,-10.094810761140641,-1.627474240980696,distance_matrix,PCA
train,7k1i,EGFR,inactive,0,in,out,dfg_in_alphac_out,1,3.202,288,True,True,-10.410448671280074,0.909647675168333,distance_matrix,PCA
train,3rcd,ERBB2,inactive,0,in,out,dfg_in_alphac_out,1,3.21,271,True,True,-10.852154366714469,0.44529396476213157,distance_matrix,PCA
train,8kfq,EGFR,active,1,in,in,active,1,3.22,301,True,True,-10.175942801019422,-0.4320866762202748,distance_matrix,PCA
train,2ito,EGFR,active,1,in,in,active,1,3.25,303,True,True,-9.434370969956325,-0.005013424212660497,distance_matrix,PCA
train,6s9b,EGFR,active,1,in,in,active,1,3.25,291,True,True,-10.625714309584705,-0.6350334667299241,distance_matrix,PCA
train,4r3r,EGFR,active,1,in,in,active,0,3.25,309,True,True,-6.688282047521391,1.555868931131858,distance_matrix,PCA
train,5y9t,EGFR,active,1,in,in,active,1,3.25,300,True,True,-8.03532472871427,0.8583894319314787,distance_matrix,PCA
train,7jxh,ERBB2,inactive,0,in,out,dfg_in_alphac_out,1,3.27,272,True,True,-11.275115029884775,-1.3294222702541056,distance_matrix,PCA
train,6uuo,BRAF,inactive,0,in,out,dfg_in_alphac_out,1,3.29,254,False,True,13.046101406954435,13.849125583983326,distance_matrix,PCA
train,4ksq,BRAF,inactive,0,out,in,dfg_out_alphac_in,1,3.3,258,True,True,-9.38341931506152,-0.7537185584042067,distance_matrix,PCA
train,4ehe,BRAF,inactive,0,in,out,dfg_in_alphac_out,1,3.3,266,True,True,-9.96538074675703,-2.6960348854297944,distance_matrix,PCA
train,7sz0,EGFR,inactive,0,in,out,dfg_in_alphac_out,0,3.3,614,False,False,90.74970908363667,46.23940943168013,distance_matrix,PCA
train,4wd5,EGFR,inactive,0,out-like,out,inactive,0,3.3,304,True,True,-10.399594173810657,-2.058927064214586,distance_matrix,PCA
train,7sye,EGFR,inactive,0,in,out,dfg_in_alphac_out,0,3.3,614,False,False,89.353149095871,45.8457427085736,distance_matrix,PCA
train,6xag,BRAF,active,1,in,in,active,0,3.3,275,True,True,-10.197716610808115,-1.3191269657202587,distance_matrix,PCA
train,3tv6,BRAF,inactive,0,in,out,dfg_in_alphac_out,1,3.3,276,True,True,-9.911914624692182,-2.2765008097062363,distance_matrix,PCA
train,5jeb,EGFR,active,1,in,in,active,1,3.3,299,True,True,-8.63652275755986,-0.09952165802202408,distance_matrix,PCA
train,8eme,EGFR,inactive,0,in,out,dfg_in_alphac_out,1,3.32,267,False,True,3.8722393884596724,11.117530150663823,distance_matrix,PCA
train,4i20,EGFR,inactive,0,out,in,dfg_out_alphac_in,0,3.34,287,True,True,-9.462030884091128,-1.3891351516424324,distance_matrix,PCA
train,4i21,EGFR,inactive,0,out-like,in,dfg_out_alphac_in,0,3.37,302,True,True,-10.001860558332094,-2.1019837778588664,distance_matrix,PCA
train,4pp7,BRAF,inactive,0,in,out,dfg_in_alphac_out,1,3.4,267,True,True,-9.81376672426692,-2.366737667093883,distance_matrix,PCA
train,3psb,BRAF,active,1,in,in,active,1,3.4,264,True,True,-11.39316393307544,-2.086850469598744,distance_matrix,PCA
train,1bi7,CDK6,inactive,0,out,na,unknown,0,3.4,269,True,True,-4.062837519089905,5.866622807590907,distance_matrix,PCA
train,3tv4,BRAF,inactive,0,in,out,dfg_in_alphac_out,1,3.4,276,True,True,-9.545516003230908,-2.2338646806131495,distance_matrix,PCA
train,5feq,EGFR,active,1,in,in,active,1,3.4,290,True,True,-10.070322788629847,0.8315390434895688,distance_matrix,PCA
train,7sz1,EGFR,inactive,0,in,out,dfg_in_alphac_out,0,3.4,614,False,False,89.97239302676647,45.946652949392224,distance_matrix,PCA
train,7sz7,EGFR,inactive,0,in,out,dfg_in_alphac_out,0,3.4,614,False,False,91.11093329285319,46.11277226751439,distance_matrix,PCA
train,8h7x,EGFR,active,1,in,in,active,1,3.404,299,True,True,-8.257821481207651,-0.04997147586346278,distance_matrix,PCA
train,2ity,EGFR,active,1,in,in,active,1,3.42,300,True,True,-10.183965838259846,-0.07419556178526078,distance_matrix,PCA
train,1opl,ABL1,inactive,0,out-like,in,dfg_out_alphac_in,1,3.42,365,True,True,-8.395902810014992,0.1972476704424153,distance_matrix,PCA
train,7u98,EGFR,inactive,0,in,out,dfg_in_alphac_out,1,3.42,287,True,True,-11.377225441313024,-0.5518127843520896,distance_matrix,PCA
train,7m0y,BRAF,inactive,0,in,out,dfg_in_alphac_out,1,3.45,275,True,True,-9.937192775463155,-3.4072054421910725,distance_matrix,PCA
train,6v2y,BRAF,inactive,0,in,out,dfg_in_alphac_out,1,3.451,275,True,True,-9.936922337647873,-3.4075284487343396,distance_matrix,PCA
train,4rzw,BRAF,inactive,0,out,in,dfg_out_alphac_in,1,3.49,252,True,True,-9.67400607917179,1.1579135754747927,distance_matrix,PCA
train,2rf9,EGFR,inactive,0,out-like,in,dfg_out_alphac_in,0,3.5,280,True,True,-9.91918669057547,-1.1936142257762337,distance_matrix,PCA
train,1uwj,BRAF,inactive,0,out,in,dfg_out_alphac_in,1,3.5,263,True,True,-9.887708759572181,-2.0491555582343874,distance_matrix,PCA
train,4g9c,BRAF,inactive,0,out,in,dfg_out_alphac_in,1,3.5,264,True,True,-9.59305598325461,-1.0994615397498029,distance_matrix,PCA
train,4ehg,BRAF,inactive,0,in,out,dfg_in_alphac_out,1,3.5,260,True,True,-9.587174011280542,-2.038720788372796,distance_matrix,PCA
train,2jiv,EGFR,inactive,0,in,out,dfg_in_alphac_out,1,3.5,270,True,True,-11.311807662615404,-1.8048895841960841,distance_matrix,PCA
train,4r5y,BRAF,inactive,0,out,in,dfg_out_alphac_in,1,3.5,253,True,True,-8.944104305926617,0.18835071729312103,distance_matrix,PCA
train,3pri,BRAF,active,1,in,in,active,1,3.5,264,True,True,-11.323912785913,-1.5786753948335066,distance_matrix,PCA
train,4lrm,EGFR,active,1,in,in,active,1,3.53,293,True,True,-6.696449642445242,0.9533458498121046,distance_matrix,PCA
train,8f7o,BRAF,inactive,0,out,in,dfg_out_alphac_in,1,3.54,263,True,True,-10.297778993542442,-1.6655622244884691,distance_matrix,PCA
train,2rfd,EGFR,inactive,0,in,out,dfg_in_alphac_out,0,3.6,286,True,True,-11.12460974891064,-2.134091408393835,distance_matrix,PCA
train,3psd,BRAF,active,1,in,in,active,1,3.6,262,True,True,-11.387520858042755,-1.9190827781267001,distance_matrix,PCA
train,4e4x,BRAF,inactive,0,in,out,dfg_in_alphac_out,1,3.6,274,True,True,-10.0194512755598,-2.317426591724219,distance_matrix,PCA
train,4mbj,BRAF,inactive,0,in,out,dfg_in_alphac_out,1,3.6,269,True,True,-9.715021711751138,-2.1577040978433457,distance_matrix,PCA
train,6vhp,EGFR,active,1,in,in,active,1,3.6,308,True,True,-8.19145922988091,1.0395074787001195,distance_matrix,PCA
train,7sz5,EGFR,inactive,0,in,out,dfg_in_alphac_out,0,3.6,614,False,False,90.14180692702736,45.48825797015338,distance_matrix,PCA
train,7mfd,BRAF,inactive,0,in,out,dfg_in_alphac_out,0,3.66,408,True,True,-8.606661620851707,-3.4600065597269083,distance_matrix,PCA
train,3ppj,BRAF,active,1,in,in,active,1,3.7,262,True,True,-11.71881989561615,-2.0663845095528255,distance_matrix,PCA
train,6v2u,BRAF,inactive,0,in,out,dfg_in_alphac_out,1,3.78,255,False,True,2.311148765022163,15.180667121608991,distance_matrix,PCA
train,5fwk,CDK4,active,1,in,na,unknown,0,3.9,209,True,False,-11.536992502428358,-2.7180602712553465,distance_matrix,PCA
train,8dgt,BRAF,inactive,0,in,out,dfg_in_alphac_out,1,3.9,429,True,True,-9.990016972523922,-3.4868397650610485,distance_matrix,PCA
train,4ll0,EGFR,active,1,in,in,active,1,4.0,291,True,True,-10.083430525524,-1.3842266010456645,distance_matrix,PCA
train,7mfe,BRAF,inactive,0,in,out,dfg_in_alphac_out,0,4.07,407,True,True,-8.809562364160627,-3.6835973134001208,distance_matrix,PCA
train,8dgs,BRAF,inactive,0,in,out,dfg_in_alphac_out,1,4.3,425,True,True,-7.206254430771877,-2.876250643305462,distance_matrix,PCA
train,5fwp,CDK4,active,1,in,na,unknown,0,7.2,209,True,False,-12.024762007271535,-2.8033191165573164,distance_matrix,PCA
train,5fwm,CDK4,inactive,0,out-like,out,inactive,0,8.0,291,True,True,51.387540815800484,42.78783932069863,distance_matrix,PCA
train,5fwl,CDK4,inactive,0,in,out,dfg_in_alphac_out,0,9.0,291,True,True,49.504034336440064,40.01233142396076,distance_matrix,PCA
val,4r1v,MET,inactive,0,in,out,dfg_in_alphac_out,1,1.2,289,True,True,-47.50555624377713,-7.882276303690805,distance_matrix,PCA
val,3f66,MET,inactive,0,in,out,dfg_in_alphac_out,1,1.4,269,True,True,-41.07680273282897,-2.5826565389072638,distance_matrix,PCA
val,3zcl,MET,inactive,0,in,out,dfg_in_alphac_out,1,1.4,289,True,True,-48.532976805596356,-6.701715532042653,distance_matrix,PCA
val,8pqd,KIT,active,1,in,in,active,1,1.5,297,True,True,-4.744081477847087,-0.4899093414302411,distance_matrix,PCA
val,3dkc,MET,inactive,0,in,out,dfg_in_alphac_out,1,1.52,312,True,True,-51.755617014742256,-7.731596551160502,distance_matrix,PCA
val,9c1r,MET,inactive,0,out,in,dfg_out_alphac_in,1,1.59,285,True,True,13.56606276858835,15.969062784936662,distance_matrix,PCA
val,3q6u,MET,active,1,in,in,active,0,1.6,287,True,True,-39.60841357954685,-3.4986623200552405,distance_matrix,PCA
val,3g0e,KIT,inactive,0,out,in,dfg_out_alphac_in,1,1.6,332,True,True,-1.445230175976954,0.38348115424940854,distance_matrix,PCA
val,1t46,KIT,inactive,0,out,in,dfg_out_alphac_in,1,1.6,297,True,True,-7.6599895707246795,0.5650313329900103,distance_matrix,PCA
val,4mxc,MET,inactive,0,out,in,dfg_out_alphac_in,1,1.63,290,True,True,-43.705046676037774,-2.4383038035631106,distance_matrix,PCA
val,8pqa,KIT,active,1,in,in,active,1,1.65,293,True,True,-6.792979038302135,0.2381174091055042,distance_matrix,PCA
val,5hti,MET,inactive,0,out,in,dfg_out_alphac_in,1,1.66,290,True,True,-43.57661552253727,-2.3901795241692123,distance_matrix,PCA
val,6sdc,MET,inactive,0,out,in,dfg_out_alphac_in,1,1.67,286,True,True,-42.766804195487666,-2.017171535124481,distance_matrix,PCA
val,8pq9,KIT,active,1,in,in,active,1,1.7,296,True,True,-5.420525568310253,-0.2657679188672206,distance_matrix,PCA
val,7v3r,MET,inactive,0,out,in,dfg_out_alphac_in,1,1.7,285,True,True,-36.19067904044313,0.18940811768401572,distance_matrix,PCA
val,5hni,MET,inactive,0,in,out,dfg_in_alphac_out,1,1.71,245,True,True,6.683501965594412,13.278295767726636,distance_matrix,PCA
val,4xmo,MET,inactive,0,in,out,dfg_in_alphac_out,1,1.75,289,True,True,-47.07323724566662,-7.664213778883619,distance_matrix,PCA
val,7b3q,MET,inactive,0,in,out,dfg_in_alphac_out,1,1.75,283,True,True,13.28771544470416,15.56125897038262,distance_matrix,PCA
val,5eob,MET,inactive,0,in,out,dfg_in_alphac_out,1,1.75,288,True,True,-45.85947033001502,-2.575087084328414,distance_matrix,PCA
val,3q6w,MET,active,1,in,in,active,1,1.75,297,True,True,-39.92458992048992,-2.2855990399966672,distance_matrix,PCA
val,7b40,MET,inactive,0,in,out,dfg_in_alphac_out,1,1.76,279,True,True,11.905099242758697,15.538219179659581,distance_matrix,PCA
val,7b44,MET,inactive,0,in,out,dfg_in_alphac_out,1,1.76,282,True,True,12.388242287987348,16.649404281973062,distance_matrix,PCA
val,8ouu,MET,inactive,0,out,out,inactive,1,1.77,284,True,True,-47.00089653437121,-4.897274108158483,distance_matrix,PCA
val,8pqc,KIT,active,1,in,in,active,1,1.77,297,True,True,-4.776744901076208,-0.41086918308498643,distance_matrix,PCA
val,8ouv,MET,inactive,0,out,out,inactive,1,1.783,294,True,True,-50.27810814684624,-6.484469332656497,distance_matrix,PCA
val,4ap7,MET,inactive,0,in,out,dfg_in_alphac_out,1,1.8,289,True,True,-48.759013101071325,-6.756055310993573,distance_matrix,PCA
val,3zxz,MET,inactive,0,in,out,dfg_in_alphac_out,1,1.8,289,True,True,-48.55737672887604,-6.751792376570854,distance_matrix,PCA
val,5eyc,MET,inactive,0,in,out,dfg_in_alphac_out,1,1.8,288,True,True,-47.0401994770926,-7.700163720318186,distance_matrix,PCA
val,3dkf,MET,inactive,0,in,out,dfg_in_alphac_out,1,1.8,294,True,True,-33.54552128268299,7.842106155631247,distance_matrix,PCA
val,4eev,MET,inactive,0,out,in,dfg_out_alphac_in,1,1.8,283,True,True,-38.41621319979248,-1.693043858359062,distance_matrix,PCA
val,1r1w,MET,inactive,0,in,out,dfg_in_alphac_out,0,1.8,287,True,True,-33.33723786001387,8.859593299902063,distance_matrix,PCA
val,1r0p,MET,inactive,0,in,out,dfg_in_alphac_out,1,1.8,301,True,True,-49.53130468408346,-3.6387818046800904,distance_matrix,PCA
val,7b42,MET,inactive,0,in,out,dfg_in_alphac_out,1,1.8,279,True,True,-25.90117031712529,-1.7880844488638927,distance_matrix,PCA
val,6mob,KIT,inactive,0,out,in,dfg_out_alphac_in,1,1.8,306,True,True,2.523082650775846,-2.556802032408789,distance_matrix,PCA
val,7b3z,MET,inactive,0,in,out,dfg_in_alphac_out,1,1.8,277,True,True,12.133384377558475,15.883631143875292,distance_matrix,PCA
val,4xyf,MET,inactive,0,in,out,dfg_in_alphac_out,1,1.85,290,True,True,-47.145497191399585,-7.653323234750448,distance_matrix,PCA
val,5eyd,MET,inactive,0,in,out,dfg_in_alphac_out,1,1.85,289,True,True,-47.09620929755046,-7.678279517684079,distance_matrix,PCA
val,7b43,MET,inactive,0,in,out,dfg_in_alphac_out,1,1.87,277,True,True,12.510779838176866,16.00305643663213,distance_matrix,PCA
val,3zze,MET,inactive,0,in,out,dfg_in_alphac_out,1,1.87,286,True,True,-48.657471687159656,-6.755765932381632,distance_matrix,PCA
val,8pqb,KIT,active,1,in,in,active,1,1.87,280,True,True,-8.416902915780843,-1.977003198908555,distance_matrix,PCA
val,6itv,KIT,inactive,0,out,in,dfg_out_alphac_in,1,1.88,297,True,True,-4.389698883746274,-0.6809703648907911,distance_matrix,PCA
val,5ya5,MET,inactive,0,in,out,dfg_in_alphac_out,1,1.89,273,True,True,-46.51440297329973,-7.645915151267348,distance_matrix,PCA
val,4hvs,KIT,inactive,0,out,in,dfg_out_alphac_in,1,1.9,326,True,True,0.29261350483871557,-1.8111838740280541,distance_matrix,PCA
val,7v3s,MET,inactive,0,out,in,dfg_out_alphac_in,1,1.9,284,True,True,-33.24261634384947,2.1524468317831635,distance_matrix,PCA
val,1t45,KIT,inactive,0,out,in,dfg_out_alphac_in,0,1.9,331,True,True,-2.665945416331357,0.4490947217674672,distance_matrix,PCA
val,8pqf,KIT,active,1,in,in,active,1,1.9,294,True,True,-5.6332638848481835,-0.07125280016799126,distance_matrix,PCA
val,3ccn,MET,inactive,0,in,out,dfg_in_alphac_out,1,1.9,275,True,True,-46.882693216997815,-4.995999461547916,distance_matrix,PCA
val,5uab,MET,inactive,0,in,out,dfg_in_alphac_out,1,1.9,288,True,True,-46.83515770548001,-7.5926526161671894,distance_matrix,PCA
val,4aoi,MET,inactive,0,in,out,dfg_in_alphac_out,1,1.9,289,True,True,-48.572683280940716,-6.765465553517171,distance_matrix,PCA
val,3dkg,MET,inactive,0,in,out,dfg_in_alphac_out,1,1.91,281,True,True,-36.5766917828854,3.4656910901977547,distance_matrix,PCA
val,7b3v,MET,inactive,0,in,out,dfg_in_alphac_out,1,1.93,274,True,True,-33.76545007967753,8.444241265512638,distance_matrix,PCA
val,6sdd,MET,inactive,0,out,in,dfg_out_alphac_in,1,1.93,271,True,True,-50.43874605799256,-6.947381819483953,distance_matrix,PCA
val,3rhk,MET,inactive,0,out,out,inactive,1,1.94,298,True,True,-48.93390437503246,-5.981100644437738,distance_matrix,PCA
val,8ov7,MET,inactive,0,out,in,dfg_out_alphac_in,1,1.95,289,True,True,-52.543544141899964,-5.5911326447697824,distance_matrix,PCA
val,5ho6,MET,inactive,0,in,out,dfg_in_alphac_out,1,1.97,240,True,True,-36.674379096985554,3.2760652362425593,distance_matrix,PCA
val,5hlw,MET,inactive,0,in,out,dfg_in_alphac_out,1,1.97,284,True,True,-43.22662933563418,-2.653182461741521,distance_matrix,PCA
val,7b41,MET,inactive,0,in,out,dfg_in_alphac_out,1,1.97,281,True,True,-25.970713082511292,-1.8118249197099359,distance_matrix,PCA
val,4iwd,MET,active,1,in,in,active,1,1.99,299,True,True,-40.443608671681304,-2.2127101035019754,distance_matrix,PCA
val,6ubw,MET,inactive,0,in,out,dfg_in_alphac_out,1,2.0,296,True,True,-46.835846734474266,-7.615004132434141,distance_matrix,PCA
val,3qti,MET,inactive,0,in,out,dfg_in_alphac_out,1,2.0,292,True,True,-31.08588022773718,2.497409449546821,distance_matrix,PCA
val,3cd8,MET,inactive,0,in,out,dfg_in_alphac_out,1,2.0,278,True,True,-46.938454112264644,-4.942715921857404,distance_matrix,PCA
val,2wgj,MET,inactive,0,in,out,dfg_in_alphac_out,1,2.0,289,True,True,-48.70892877638993,-6.734433374256299,distance_matrix,PCA
val,2wd1,MET,inactive,0,in,out,dfg_in_alphac_out,1,2.0,289,True,True,-47.565652958358925,-7.851242504845567,distance_matrix,PCA
val,5t3q,MET,inactive,0,na,out,unknown,1,2.0,278,False,True,-18.11035067331464,1.343409209199843,distance_matrix,PCA
val,4u0i,KIT,inactive,0,out,in,dfg_out_alphac_in,1,2.0,297,True,True,-6.7396943631002335,-0.3961188499927858,distance_matrix,PCA
val,4r1y,MET,inactive,0,in,out,dfg_in_alphac_out,1,2.0,265,True,True,-47.12790921507619,-2.9024369044497655,distance_matrix,PCA
val,8pqe,KIT,inactive,0,na,in,unknown,1,2.0,277,False,True,3.4376305331937593,14.689556050966905,distance_matrix,PCA
val,6gqm,KIT,inactive,0,out,in,dfg_out_alphac_in,1,2.0,288,True,True,-3.8438926088394236,0.14097050557075125,distance_matrix,PCA
val,3u6h,MET,inactive,0,in,out,dfg_in_alphac_out,1,2.0,280,True,True,10.59394011601929,14.083968867606735,distance_matrix,PCA
val,3i5n,MET,inactive,0,in,out,dfg_in_alphac_out,1,2.0,280,True,True,-43.14676246050884,-3.2029183836626705,distance_matrix,PCA
val,4deh,MET,inactive,0,in,out,dfg_in_alphac_out,1,2.0,286,True,True,-46.949619167020614,-7.695740545640423,distance_matrix,PCA
val,4deg,MET,inactive,0,in,out,dfg_in_alphac_out,1,2.0,286,True,True,-46.964171830964716,-7.632069719060561,distance_matrix,PCA
val,6gql,KIT,inactive,0,out,in,dfg_out_alphac_in,1,2.01,298,True,True,-2.37631595581134,0.3652612534574825,distance_matrix,PCA
val,8ans,MET,inactive,0,out,in,dfg_out_alphac_in,1,2.01,277,True,True,-35.970059169152094,5.165721855607724,distance_matrix,PCA
val,7b3w,MET,active,1,in,na,unknown,1,2.02,259,True,True,-48.09792576682314,-7.57259486782416,distance_matrix,PCA
val,3lq8,MET,inactive,0,out,in,dfg_out_alphac_in,1,2.02,278,True,True,-35.764011581571644,0.27667826003206536,distance_matrix,PCA
val,4dei,MET,inactive,0,in,out,dfg_in_alphac_out,1,2.05,287,True,True,-47.229345246979946,-7.74021968112757,distance_matrix,PCA
val,6itt,KIT,inactive,0,out,in,dfg_out_alphac_in,1,2.1,297,True,True,-4.308932877185956,-1.3316472581683374,distance_matrix,PCA
val,3vw8,MET,inactive,0,out,in,dfg_out_alphac_in,1,2.1,303,True,True,-40.54952599118369,-1.3443049748052405,distance_matrix,PCA
val,3u6i,MET,inactive,0,in,out,dfg_in_alphac_out,1,2.1,281,True,True,-39.197716541983034,-3.3609842773045147,distance_matrix,PCA
val,6kla,KIT,inactive,0,out,in,dfg_out_alphac_in,1,2.11,309,True,True,-3.9855489706864113,-0.5840224393433057,distance_matrix,PCA
val,7zw8,KIT,inactive,0,out,in,dfg_out_alphac_in,1,2.119,301,True,True,-6.659263829930967,0.43465070648357895,distance_matrix,PCA
val,8aw1,MET,inactive,0,in,out,dfg_in_alphac_out,1,2.14,263,True,True,-36.17673492896894,-0.5738160662214762,distance_matrix,PCA
val,5hoa,MET,inactive,0,in,out,dfg_in_alphac_out,1,2.14,225,True,True,-36.74144123626977,3.3432709539106904,distance_matrix,PCA
val,2g15,MET,inactive,0,in,out,dfg_in_alphac_out,0,2.15,301,True,True,-43.379956784888506,-1.1145327039948263,distance_matrix,PCA
val,7khg,KIT,inactive,0,out,in,dfg_out_alphac_in,1,2.15,327,True,True,0.43980321223629215,-1.8580691376010292,distance_matrix,PCA
val,6xvb,KIT,inactive,0,out,in,dfg_out_alphac_in,1,2.15,288,True,True,-3.9807264149028256,0.10814132091890168,distance_matrix,PCA
val,7y4t,MET,inactive,0,in,out,dfg_in_alphac_out,1,2.16,281,True,True,-47.696167709453235,-7.552159324174946,distance_matrix,PCA
val,3c1x,MET,inactive,0,out,in,dfg_out_alphac_in,1,2.17,290,False,True,-16.699958067813913,-0.8535990472669251,distance_matrix,PCA
val,2wkm,MET,inactive,0,in,out,dfg_in_alphac_out,1,2.2,286,True,True,-48.08128356355281,-6.323316025379182,distance_matrix,PCA
val,3efk,MET,active,1,in,in,active,1,2.2,276,False,True,-28.236974399551613,-0.40281676182649695,distance_matrix,PCA
val,2rfs,MET,inactive,0,in,out,dfg_in_alphac_out,1,2.2,264,True,True,-46.9283410368777,-3.07976211222225,distance_matrix,PCA
val,3zbx,MET,inactive,0,in,out,dfg_in_alphac_out,1,2.2,282,True,True,-48.65296300564041,-6.763105533154144,distance_matrix,PCA
val,3zc5,MET,inactive,0,in,out,dfg_in_alphac_out,1,2.2,289,True,True,-48.33421729519518,-6.751956548472537,distance_matrix,PCA
val,5hor,MET,inactive,0,in,out,dfg_in_alphac_out,1,2.2,247,True,True,-35.1221349528142,6.996826560814665,distance_matrix,PCA
val,8ovz,MET,inactive,0,out,out,inactive,1,2.206,286,True,True,-50.21156366084006,-6.298057598645195,distance_matrix,PCA
val,7b3t,MET,inactive,0,in,out,dfg_in_alphac_out,1,2.23,261,True,True,-26.18604017139644,-1.8393499266879394,distance_matrix,PCA
val,6hh1,KIT,inactive,0,out,in,dfg_out_alphac_in,1,2.25,303,True,True,-1.2435589515096555,0.04003728937567731,distance_matrix,PCA
val,5uaf,MET,inactive,0,in,out,dfg_in_alphac_out,1,2.25,291,True,True,-47.00324666599428,-7.6744719312756615,distance_matrix,PCA
val,5uad,MET,inactive,0,in,out,dfg_in_alphac_out,1,2.25,291,True,True,-47.00324666599428,-7.6744719312756615,distance_matrix,PCA
val,8au3,MET,inactive,0,in,out,dfg_in_alphac_out,1,2.26,285,True,True,-33.56379478370575,7.803088723863533,distance_matrix,PCA
val,7y4u,MET,inactive,0,in,out,dfg_in_alphac_out,1,2.26,281,True,True,-47.76935632842103,-7.511489214764834,distance_matrix,PCA
val,4gg7,MET,inactive,0,in,out,dfg_in_alphac_out,1,2.27,278,True,True,-47.65942659234259,-7.132691186985529,distance_matrix,PCA
val,8ow3,MET,inactive,0,out,out,inactive,1,2.27,258,True,True,-38.69899682944752,-3.17879429221133,distance_matrix,PCA
val,3r7o,MET,active,1,in,in,active,1,2.3,299,True,True,-39.86954236257172,-2.1407194917466823,distance_matrix,PCA
val,3cth,MET,inactive,0,out,in,dfg_out_alphac_in,1,2.3,295,True,True,-33.726513245924075,4.784078768677337,distance_matrix,PCA
val,6xva,KIT,inactive,0,out,in,dfg_out_alphac_in,1,2.3,288,True,True,-4.082563275418238,-0.07682554365217831,distance_matrix,PCA
val,6gqk,KIT,inactive,0,out,in,dfg_out_alphac_in,1,2.31,293,True,True,-2.3716787239505304,0.15162197593635765,distance_matrix,PCA
val,6gqj,KIT,inactive,0,out,in,dfg_out_alphac_in,1,2.33,298,True,True,-4.288879678882501,0.02982337429838431,distance_matrix,PCA
val,7khk,KIT,active,1,in,in,active,1,2.34,291,True,True,-7.503707818182366,0.8166565742235748,distance_matrix,PCA
val,6sd9,MET,inactive,0,out,in,dfg_out_alphac_in,1,2.35,265,True,True,-33.025791249912494,-0.04908396640550277,distance_matrix,PCA
val,8an8,MET,inactive,0,out,in,dfg_out_alphac_in,1,2.394,244,True,True,2.84711331994697,11.929721376007032,distance_matrix,PCA
val,4knb,MET,inactive,0,in,out,dfg_in_alphac_out,1,2.4,273,True,True,-47.33798726477254,-7.615782384735424,distance_matrix,PCA
val,3l8v,MET,inactive,0,out,in,dfg_out_alphac_in,1,2.4,293,True,True,-31.914107892813718,4.247758511607117,distance_matrix,PCA
val,8pqg,KIT,active,1,in,in,active,1,2.4,292,True,True,-5.341971475299167,0.07650953701145323,distance_matrix,PCA
val,3ce3,MET,inactive,0,out,in,dfg_out_alphac_in,1,2.4,293,True,True,-32.09452750549682,5.116862750651542,distance_matrix,PCA
val,4gg5,MET,inactive,0,in,out,dfg_in_alphac_out,1,2.42,274,True,True,-47.51274517337477,-7.342206981613725,distance_matrix,PCA
val,6sde,MET,inactive,0,in,out,dfg_in_alphac_out,1,2.49,268,True,True,-47.032332883952854,-7.715758262519629,distance_matrix,PCA
val,3f82,MET,inactive,0,out,in,dfg_out_alphac_in,1,2.5,278,True,True,-38.25175844217971,-1.6283974135121349,distance_matrix,PCA
val,3ctj,MET,inactive,0,out,in,dfg_out_alphac_in,1,2.5,289,False,True,-16.108619603161515,-0.7229699189752296,distance_matrix,PCA
val,2rfn,MET,inactive,0,na,in,unknown,1,2.5,268,False,True,-28.05394577973862,-0.23604576381676526,distance_matrix,PCA
val,3a4p,MET,inactive,0,in,out,dfg_in_alphac_out,1,2.54,285,True,True,-32.072374987522664,2.0393768349103345,distance_matrix,PCA
val,5dg5,MET,inactive,0,out,in,dfg_out_alphac_in,1,2.6,297,True,True,-39.38436652404995,0.6988294263419994,distance_matrix,PCA
val,3efj,MET,inactive,0,na,out,unknown,1,2.6,276,False,True,-27.977266071710897,-0.35945653761955243,distance_matrix,PCA
val,3g0f,KIT,inactive,0,out,in,dfg_out_alphac_in,1,2.6,291,True,True,-6.310868353967718,0.31528814830429264,distance_matrix,PCA
val,8owg,MET,inactive,0,out,out,inactive,1,2.631,244,True,True,-36.98011988455714,2.7198913625080654,distance_matrix,PCA
val,8k78,MET,inactive,0,in,out,dfg_in_alphac_out,0,2.67,298,True,True,-47.585096470490676,-7.355764576430473,distance_matrix,PCA
val,8gvj,MET,inactive,0,in,out,dfg_in_alphac_out,1,2.71,285,True,True,-47.118291900797345,-7.437491350937409,distance_matrix,PCA
val,8au5,MET,inactive,0,in,out,dfg_in_alphac_out,1,2.72,265,True,True,-45.4420393981249,-2.9090596627594323,distance_matrix,PCA
val,7khj,KIT,active,1,in,in,active,1,2.8,288,True,True,-8.056030596162598,0.7599169555856599,distance_matrix,PCA
val,1pkg,KIT,active,1,in,in,active,1,2.9,277,True,True,-11.99145606156858,-1.265117091343061,distance_matrix,PCA
val,7zy6,KIT,inactive,0,out,in,dfg_out_alphac_in,1,3.09,293,True,True,-7.398663908356097,0.45532425314831393,distance_matrix,PCA
val,8dfp,KIT,inactive,0,out,out,inactive,0,3.17,438,False,True,114.90254186101694,70.40658732792497,distance_matrix,PCA
val,6xv9,KIT,inactive,0,out,in,dfg_out_alphac_in,1,3.38,292,True,True,-4.8804829388552315,-0.03158805807606901,distance_matrix,PCA
val,8dfm,KIT,inactive,0,out-like,out,inactive,0,3.45,441,False,True,117.6015145765082,70.4017201694032,distance_matrix,PCA
val,8dfq,KIT,inactive,0,out-like,out,inactive,0,3.96,438,False,True,123.42315243999091,73.76499307234336,distance_matrix,PCA
test,5grn,PDGFRA,inactive,0,out,in,dfg_out_alphac_in,1,1.77,285,True,True,-4.947899714469825,-0.5318133085851651,distance_matrix,PCA
test,8pqj,PDGFRA,inactive,0,out,in,dfg_out_alphac_in,0,1.82,329,True,True,-4.023265059766193,0.09816755378586696,distance_matrix,PCA
test,6a32,PDGFRA,inactive,0,out,in,dfg_out_alphac_in,0,1.87,336,True,True,-1.0788118661254862,-1.0260467255916277,distance_matrix,PCA
test,6jol,PDGFRA,inactive,0,out,in,dfg_out_alphac_in,1,1.9,279,True,True,-7.573491500332407,-0.21437096988184798,distance_matrix,PCA
test,8exl,PIK3CA,active,1,in,in,active,1,1.989,892,True,True,66.06904494255117,49.538877181941984,distance_matrix,PCA
test,8pqk,PDGFRA,inactive,0,out,in,dfg_out_alphac_in,0,2.0,322,True,True,-5.3160852633163875,0.35456968712549064,distance_matrix,PCA
test,7jiu,PIK3CA,active,1,in,in,active,1,2.12,900,True,True,67.61821146792383,51.44037384640329,distance_matrix,PCA
test,5k5x,PDGFRA,inactive,0,out,in,dfg_out_alphac_in,0,2.17,345,True,True,0.17912445565413226,-1.1869522363898692,distance_matrix,PCA
test,6pys,PIK3CA,active,1,in,in,active,1,2.19,890,True,True,66.28101237615704,49.638461582855534,distance_matrix,PCA
test,4jps,PIK3CA,active,1,in,in,active,1,2.2,999,True,True,78.96649529743924,-27.79296881684471,distance_matrix,PCA
test,7pg5,PIK3CA,active,1,in,in,active,0,2.20029,1028,True,True,81.73727718752296,-29.750982383198664,distance_matrix,PCA
test,5dxt,PIK3CA,active,1,in,in,active,1,2.25,879,True,True,66.0301806014576,49.76661137204933,distance_matrix,PCA
test,8sbc,PIK3CA,active,1,in,in,active,1,2.3,970,True,True,79.05893555960357,-19.536832282640038,distance_matrix,PCA
test,4waf,PIK3CA,active,1,in,in,active,1,2.39,1017,True,True,80.02804915946717,-30.709826169914635,distance_matrix,PCA
test,5ubr,PIK3CA,active,1,in,in,active,1,2.4,887,True,True,64.51078262959712,48.684036936999064,distance_matrix,PCA
test,7tz7,PIK3CA,active,1,in,in,active,1,2.41,988,True,True,77.67155665738947,-23.184448111438332,distance_matrix,PCA
test,8dcp,PIK3CA,active,1,in,in,active,0,2.41,1005,True,True,82.83829993887873,-30.429486803868873,distance_matrix,PCA
test,8bfu,PIK3CA,active,1,in,in,active,0,2.41,880,True,True,66.13285228525562,48.975876535521714,distance_matrix,PCA
test,7k6m,PIK3CA,active,1,in,in,active,1,2.413,878,True,True,64.01541298406568,49.446627010991676,distance_matrix,PCA
test,8exo,PIK3CA,active,1,in,in,active,1,2.46,900,True,True,66.01647539143025,49.26161546350845,distance_matrix,PCA
test,8exv,PIK3CA,active,1,in,in,active,1,2.48,895,True,True,66.34473250828631,49.46992018067412,distance_matrix,PCA
test,7pg6,PIK3CA,active,1,in,in,active,1,2.49944,1026,True,True,81.755104343829,-29.810917675313032,distance_matrix,PCA
test,5fi4,PIK3CA,active,1,in,in,active,1,2.5,1009,True,True,80.75701970896706,-29.14149806980396,distance_matrix,PCA
test,5uk8,PIK3CA,active,1,in,in,active,1,2.5,1008,True,True,79.49492440836246,-30.492524340357882,distance_matrix,PCA
test,8pqh,PDGFRA,active,1,in,in,active,1,2.5,321,True,True,-7.3017173856616235,-0.4429071752916628,distance_matrix,PCA
test,6gvf,PIK3CA,active,1,in,in,active,1,2.5,910,True,True,66.18170896458507,47.218536068805044,distance_matrix,PCA
test,4l23,PIK3CA,active,1,in,in,active,1,2.5,1014,True,True,80.15225190887884,-30.032232721435307,distance_matrix,PCA
test,8tsa,PIK3CA,active,1,in,in,active,1,2.51,1005,True,True,83.41621144578968,-29.015328275684144,distance_matrix,PCA
test,5xgi,PIK3CA,active,1,in,in,active,1,2.56,1013,True,True,80.67810336355214,-29.323392436342523,distance_matrix,PCA
test,8bfv,PIK3CA,active,1,in,in,active,1,2.57,895,True,True,67.80635867077314,51.262817870849375,distance_matrix,PCA
test,8ow2,PIK3CA,active,1,in,in,active,1,2.57,895,True,True,67.80872230866723,51.30249692945186,distance_matrix,PCA
test,4l1b,PIK3CA,active,1,in,in,active,0,2.59,994,True,True,79.61959440034096,-28.57663817458849,distance_matrix,PCA
test,8pqi,PDGFRA,active,1,in,in,active,1,2.6,299,True,True,-9.399455015987554,-1.0874917111202473,distance_matrix,PCA
test,6joj,PDGFRA,inactive,0,out-like,in,dfg_out_alphac_in,1,2.6,338,True,True,-2.6613594292579386,0.38338775490328736,distance_matrix,PCA
test,8v8v,PIK3CA,active,1,in,in,active,1,2.61,1012,True,True,84.41764636824327,-29.832592017941195,distance_matrix,PCA
test,8gud,PIK3CA,active,1,in,in,active,1,2.62,835,True,True,61.893450057672055,48.096922725315345,distance_matrix,PCA
test,4zop,PIK3CA,active,1,in,in,active,1,2.62,1000,True,True,79.75741783767045,-27.116056673818925,distance_matrix,PCA
test,4tuu,PIK3CA,active,1,in,in,active,0,2.64,879,True,True,65.95939439763598,49.68697111598414,distance_matrix,PCA
test,8twy,PIK3CA,active,1,in,in,active,1,2.67,853,True,True,62.417387030855295,47.14865715481073,distance_matrix,PCA
test,8exu,PIK3CA,active,1,in,in,active,1,2.68,898,True,True,65.85502326639732,49.29234400896851,distance_matrix,PCA
test,7r9v,PIK3CA,active,1,in,in,active,1,2.69,855,True,True,62.65139909710183,47.165697541624844,distance_matrix,PCA
test,8w9a,PIK3CA,active,1,in,in,active,1,2.7,969,True,True,84.29999943185386,-26.486091734234453,distance_matrix,PCA
test,8tsd,PIK3CA,active,1,in,in,active,1,2.7,1005,True,True,84.1562499483488,-29.858302911839964,distance_matrix,PCA
test,8ts7,PIK3CA,active,1,in,in,active,0,2.71,997,True,True,84.31369904880991,-28.33010749635954,distance_matrix,PCA
test,8ts8,PIK3CA,active,1,in,in,active,0,2.72,992,True,True,84.38768289480328,-29.08654965804525,distance_matrix,PCA
test,8gub,PIK3CA,active,1,in,in,active,1,2.73,977,True,True,80.3550695698807,-26.43032258150652,distance_matrix,PCA
test,7k6o,PIK3CA,active,1,in,in,active,1,2.738,852,True,True,63.15386083466377,49.307525481714045,distance_matrix,PCA
test,6gvh,PIK3CA,active,1,in,in,active,1,2.74,913,True,True,66.96947108263966,48.260535943473066,distance_matrix,PCA
test,7k6n,PIK3CA,active,1,in,in,active,1,2.77,875,True,True,66.3575312169142,49.08928984748513,distance_matrix,PCA
test,8gua,PIK3CA,active,1,in,in,active,1,2.77,855,True,True,62.525987008932205,48.22378549156758,distance_matrix,PCA
test,7myn,PIK3CA,inactive,0,out-like,in,dfg_out_alphac_in,0,2.79,977,True,True,77.69567221432764,-26.034469435387294,distance_matrix,PCA
test,8dcx,PIK3CA,active,1,in,in,active,0,2.8,930,True,True,76.78891012233,-23.404470150113443,distance_matrix,PCA
test,4l2y,PIK3CA,active,1,in,in,active,1,2.8,991,True,True,80.04144939682462,-30.15836425697617,distance_matrix,PCA
test,3hhm,PIK3CA,active,1,in,in,active,1,2.8,1032,True,True,86.82623876185808,-32.22081333492161,distance_matrix,PCA
test,5ukj,PIK3CA,active,1,in,in,active,1,2.8,1009,True,True,81.2894666585082,-30.816888473403136,distance_matrix,PCA
test,8am0,PIK3CA,active,1,in,in,active,1,2.818,1031,True,True,80.6347059696376,-29.80906216319732,distance_matrix,PCA
test,8ts9,PIK3CA,active,1,in,in,active,1,2.83,1004,True,True,83.76419006100099,-29.613503650238272,distance_matrix,PCA
test,3zim,PIK3CA,active,1,in,in,active,1,2.85,886,True,True,67.70927891917336,50.2590730453269,distance_matrix,PCA
test,4tv3,PIK3CA,active,1,in,in,active,1,2.85,879,True,True,65.87566381236576,49.807930221341906,distance_matrix,PCA
test,7r9y,PIK3CA,active,1,in,in,active,1,2.85,853,True,True,62.22376306700481,47.00335994753904,distance_matrix,PCA
test,4ykn,PIK3CA,active,1,in,in,active,1,2.9,1205,True,True,95.52928287059866,19.128783974045593,distance_matrix,PCA
test,6gvi,PIK3CA,active,1,in,in,active,1,2.9,910,True,True,66.21107502752305,47.179239234499505,distance_matrix,PCA
test,7k71,PIK3CA,active,1,in,in,active,1,2.9,843,True,True,63.126630331920545,46.29265624767704,distance_matrix,PCA
test,7mlk,PIK3CA,active,1,in,in,active,1,2.91,888,True,True,65.88148068904209,50.008245124575815,distance_matrix,PCA
test,7myo,PIK3CA,active,1,in,na,unknown,0,2.92,286,False,True,93.38340747505052,11.030989765603962,distance_matrix,PCA
test,8tgd,PIK3CA,active,1,in,in,active,1,2.928,1027,True,True,83.53346074632394,-30.277168678431295,distance_matrix,PCA
test,8v8u,PIK3CA,active,1,in,in,active,1,2.93,1054,True,True,83.43228850344275,-30.216328865823336,distance_matrix,PCA
test,4ovu,PIK3CA,active,1,in,in,active,0,2.96,1044,True,True,83.24168280303586,-32.07696871019793,distance_matrix,PCA
test,5xgj,PIK3CA,active,1,in,in,active,1,2.97,980,True,True,80.15156639571588,-21.864677934509277,distance_matrix,PCA
test,5xgh,PIK3CA,active,1,in,in,active,1,2.97,993,True,True,81.8516299817393,-25.6826423819657,distance_matrix,PCA
test,6gvg,PIK3CA,active,1,in,in,active,1,3.0,910,True,True,66.3453575804532,47.35008185968912,distance_matrix,PCA
test,5ul1,PIK3CA,active,1,in,in,active,1,3.0,1000,True,True,81.16755458728996,-30.251402351635296,distance_matrix,PCA
test,8w9b,PIK3CA,active,1,in,in,active,1,3.0,966,True,True,84.2293880145779,-26.21969223035947,distance_matrix,PCA
test,5dxh,PIK3CA,active,1,in,in,active,1,3.0,981,True,True,81.16413817632728,-26.261223527921693,distance_matrix,PCA
test,5itd,PIK3CA,active,1,in,in,active,1,3.02,995,True,True,79.16603046512625,-26.988777910435303,distance_matrix,PCA
test,2rd0,PIK3CA,active,1,in,in,active,0,3.05,997,True,True,83.33818379468015,-26.676929017631736,distance_matrix,PCA
test,8ilr,PIK3CA,active,1,in,in,active,1,3.05,977,True,True,82.35245790787651,-26.16625382385756,distance_matrix,PCA
test,6joi,PDGFRA,inactive,0,in,out,dfg_in_alphac_out,1,3.1,296,True,True,-8.912836877063175,-0.10682908909696251,distance_matrix,PCA
test,8dd4,PIK3CA,active,1,in,in,active,0,3.1,981,True,True,81.37046148664,-26.21408720913398,distance_matrix,PCA
test,8sbj,PIK3CA,active,1,in,in,active,1,3.1,986,True,True,75.98353233441591,-25.604075640764428,distance_matrix,PCA
test,8ils,PIK3CA,active,1,in,in,active,1,3.1,977,True,True,82.0843825169648,-26.035191332042093,distance_matrix,PCA
test,5swg,PIK3CA,active,1,in,in,active,1,3.11,1041,True,True,84.13913229324343,-32.388336991411826,distance_matrix,PCA
test,8tdu,PIK3CA,active,1,in,in,active,1,3.11,1021,True,True,84.91396912169954,-29.499543169390545,distance_matrix,PCA
test,8tu6,PIK3CA,active,1,in,in,active,0,3.12,981,True,True,80.41925512388339,-29.01595432325013,distance_matrix,PCA
test,6oac,PIK3CA,active,1,in,in,active,1,3.15,847,True,True,61.67382908459827,46.80469714618859,distance_matrix,PCA
test,8ilv,PIK3CA,inactive,0,out-like,in,dfg_out_alphac_in,1,3.19,971,True,True,81.58683357447136,-25.853210273007367,distance_matrix,PCA
test,8v8i,PIK3CA,active,1,in,in,active,1,3.2,990,True,True,82.6407180320573,-28.61762179063631,distance_matrix,PCA
test,5sxb,PIK3CA,active,1,in,in,active,0,3.3,1056,True,True,83.55279033597255,-31.994960173686643,distance_matrix,PCA
test,5sw8,PIK3CA,active,1,in,in,active,1,3.3,1030,True,True,85.92092146589962,-32.1472775219698,distance_matrix,PCA
test,3hiz,PIK3CA,active,1,in,in,active,0,3.3,1024,True,True,82.95487845584911,-27.788115270445534,distance_matrix,PCA
test,5swr,PIK3CA,active,1,in,in,active,1,3.31,1051,True,True,82.48527240291276,-31.799915832294133,distance_matrix,PCA
test,6nct,PIK3CA,inactive,0,out-like,in,dfg_out_alphac_in,0,3.35,1039,True,True,85.69655884830877,-31.722588165449462,distance_matrix,PCA
test,8v8j,PIK3CA,active,1,in,in,active,1,3.35,1017,True,True,82.44685445007656,-27.268173078399624,distance_matrix,PCA
test,5sxa,PIK3CA,active,1,in,in,active,1,3.35,1049,True,True,84.79177898182284,-31.628627214029304,distance_matrix,PCA
test,8dd8,PIK3CA,active,1,in,in,active,0,3.4,1011,True,True,82.31895422685771,-29.101328914444256,distance_matrix,PCA
test,5sxi,PIK3CA,active,1,in,in,active,0,3.4,1040,True,True,84.45594500120782,-31.141478830796462,distance_matrix,PCA
test,5swp,PIK3CA,active,1,in,in,active,1,3.41,1058,True,True,83.60215929531763,-32.08907349753317,distance_matrix,PCA
test,5sxj,PIK3CA,active,1,in,in,active,1,3.42,1039,True,True,85.67520666555998,-31.746928161493706,distance_matrix,PCA
test,5sxf,PIK3CA,active,1,in,in,active,1,3.46,1023,True,True,83.72916613648773,-32.826255088169994,distance_matrix,PCA
test,5sx8,PIK3CA,active,1,in,in,active,1,3.47,1052,True,True,84.4725993881588,-32.429094503691566,distance_matrix,PCA
test,5swt,PIK3CA,active,1,in,in,active,1,3.49,1057,True,True,83.20692154371012,-32.03243921379707,distance_matrix,PCA
test,5sxd,PIK3CA,active,1,in,in,active,0,3.5,1049,True,True,84.09561338579515,-31.510416353946276,distance_matrix,PCA
test,4ovv,PIK3CA,active,1,in,in,active,1,3.5,1042,True,True,84.60596718373814,-32.502386028975025,distance_matrix,PCA
test,5swo,PIK3CA,active,1,in,in,active,1,3.5,1050,True,True,83.89674049432082,-32.15558863393204,distance_matrix,PCA
test,5sxe,PIK3CA,inactive,0,out-like,in,dfg_out_alphac_in,1,3.51,1046,True,True,84.10539994904606,-31.098566197893216,distance_matrix,PCA
test,5sx9,PIK3CA,active,1,in,in,active,1,3.52,1044,True,True,84.36153573282128,-31.67203568965051,distance_matrix,PCA
test,8tsb,PIK3CA,active,1,in,in,active,1,3.53,999,True,True,83.56189028934193,-29.075161057779905,distance_matrix,PCA
test,5sxc,PIK3CA,active,1,in,in,active,1,3.55,1038,True,True,85.13090188593242,-30.868709622749403,distance_matrix,PCA
test,5sxk,PIK3CA,active,1,in,in,active,0,3.55,1053,True,True,83.23198081779692,-32.454240429673064,distance_matrix,PCA
test,8v8h,PIK3CA,active,1,in,in,active,1,3.58,1020,True,True,82.22487982867115,-27.290779795618725,distance_matrix,PCA
test,8tsc,PIK3CA,active,1,in,in,active,1,3.62,1008,True,True,84.0290094515075,-29.963938654519126,distance_matrix,PCA
test,6jok,PDGFRA,inactive,0,out,in,dfg_out_alphac_in,1,3.8,338,True,True,-2.1009274487244594,-0.17699126182439695,distance_matrix,PCA
train,5ug8,EGFR,inactive,0,out,out,inactive,1,0.0,280,True,True,2.188267707824707,-3.049238443374634,distance_matrix,tSNE
train,6xr7,ABL1,inactive,0,out-like,in,dfg_out_alphac_in,0,0.0,287,True,True,-1.8303629159927368,4.877155303955078,distance_matrix,tSNE
train,6xrg,ABL1,inactive,0,out,in,dfg_out_alphac_in,0,0.0,287,True,True,-1.8354475498199463,7.651166915893555,distance_matrix,tSNE
train,6xr6,ABL1,active,1,in,in,active,0,0.0,287,True,True,-2.3558123111724854,4.666909217834473,distance_matrix,tSNE
train,6uan,BRAF,inactive,0,in,out,dfg_in_alphac_out,0,0.0,284,True,True,-15.058795928955078,31.29929542541504,distance_matrix,tSNE
train,6q0k,BRAF,active,1,in,in,active,0,0.0,280,True,True,-14.82791519165039,31.385845184326172,distance_matrix,tSNE
train,6q0t,BRAF,active,1,in,in,active,0,0.0,279,True,True,-14.829978942871094,31.382984161376953,distance_matrix,tSNE
train,6q0j,BRAF,active,1,in,in,active,0,0.0,280,True,True,-14.830048561096191,31.383041381835938,distance_matrix,tSNE
train,5ug9,EGFR,inactive,0,out,out,inactive,1,0.0,280,True,True,2.177145004272461,-3.0532355308532715,distance_matrix,tSNE
train,6nyb,BRAF,inactive,0,in,out,dfg_in_alphac_out,1,0.0,348,True,True,-15.509427070617676,34.94208908081055,distance_matrix,tSNE
train,8a27,EGFR,inactive,0,in,out,dfg_in_alphac_out,1,1.07,269,True,True,-2.4218192100524902,-27.617889404296875,distance_matrix,tSNE
train,8a2d,EGFR,inactive,0,in,out,dfg_in_alphac_out,1,1.11,281,True,True,3.5287463665008545,-25.678590774536133,distance_matrix,tSNE
train,5hg8,EGFR,inactive,0,out,out,inactive,1,1.42,300,True,True,17.992210388183594,-9.870339393615723,distance_matrix,tSNE
train,8a2a,EGFR,inactive,0,in,out,dfg_in_alphac_out,1,1.43,306,True,True,11.455852508544922,-19.01181983947754,distance_matrix,tSNE
train,4gv1,AKT1,active,1,in,in,active,1,1.49,329,True,True,-17.768634796142578,14.169336318969727,distance_matrix,tSNE
train,6tfv,EGFR,inactive,0,in,out,dfg_in_alphac_out,1,1.5,268,True,True,-12.253523826599121,-17.168621063232422,distance_matrix,tSNE
train,6tg0,EGFR,inactive,0,in,out,dfg_in_alphac_out,1,1.5,267,True,True,-4.327943325042725,-27.909067153930664,distance_matrix,tSNE
train,3poz,EGFR,inactive,0,in,out,dfg_in_alphac_out,1,1.5,293,True,True,-17.47625732421875,25.34749412536621,distance_matrix,tSNE
train,5hg5,EGFR,inactive,0,out,out,inactive,1,1.52,302,True,True,18.002649307250977,-9.86266803741455,distance_matrix,tSNE
train,5hu9,ABL1,inactive,0,out,in,dfg_out_alphac_in,1,1.53,267,True,True,-0.5479146838188171,16.469234466552734,distance_matrix,tSNE
train,4z55,ALK,active,1,in,in,active,1,1.55,294,True,True,-1.4147608280181885,5.896327972412109,distance_matrix,tSNE
train,5cno,EGFR,inactive,0,in,out,dfg_in_alphac_out,1,1.55,300,True,True,-6.593236446380615,-13.112167358398438,distance_matrix,tSNE
train,5ugc,EGFR,inactive,0,out,out,inactive,1,1.58,280,True,True,2.1802845001220703,-3.106332778930664,distance_matrix,tSNE
train,6tg1,EGFR,inactive,0,in,out,dfg_in_alphac_out,1,1.6,268,True,True,-3.731459140777588,-27.94396209716797,distance_matrix,tSNE
train,7si1,EGFR,active,1,in,in,active,0,1.6,280,True,True,-18.650474548339844,13.770164489746094,distance_matrix,tSNE
train,5u8l,EGFR,inactive,0,out,out,inactive,1,1.6,289,True,True,17.978683471679688,-9.875550270080566,distance_matrix,tSNE
train,5a9u,ALK,active,1,in,in,active,1,1.6,292,True,True,3.5536611080169678,22.68682289123535,distance_matrix,tSNE
train,5ew8,FGFR1,active,1,in,in,active,1,1.63,290,True,True,20.54570198059082,7.352563381195068,distance_matrix,tSNE
train,8arj,ALK,active,1,in,in,active,1,1.645,275,True,True,1.6296510696411133,19.95643424987793,distance_matrix,tSNE
train,4wun,FGFR1,active,1,in,in,active,1,1.65,282,True,True,19.186607360839844,16.272512435913086,distance_matrix,tSNE
train,8c7x,BRAF,inactive,0,out,out,inactive,1,1.65,274,True,True,-16.487957000732422,32.41792297363281,distance_matrix,tSNE
train,8c7y,BRAF,inactive,0,out,in,dfg_out_alphac_in,1,1.65,275,True,True,-16.458284378051758,32.39542770385742,distance_matrix,tSNE
train,4clj,ALK,active,1,in,in,active,1,1.66,295,True,True,4.808844089508057,20.92194366455078,distance_matrix,tSNE
train,8u8x,ERBB2,inactive,0,out-like,out,inactive,1,1.69,308,True,True,19.304141998291016,-15.272645950317383,distance_matrix,tSNE
train,8a2b,EGFR,inactive,0,in,out,dfg_in_alphac_out,1,1.69,272,True,True,-3.235353946685791,-27.590927124023438,distance_matrix,tSNE
train,5aac,ALK,active,1,in,in,active,1,1.7,292,True,True,3.576444625854492,22.833091735839844,distance_matrix,tSNE
train,4fnx,ALK,active,1,in,in,active,0,1.7,292,True,True,1.514210820198059,22.0245304107666,distance_matrix,tSNE
train,2hzi,ABL1,inactive,0,out-like,in,dfg_out_alphac_in,1,1.7,264,True,True,-2.7279629707336426,-1.5542021989822388,distance_matrix,tSNE
train,3w33,EGFR,inactive,0,in,out,dfg_in_alphac_out,1,1.7,297,True,True,-6.9786057472229,-13.136066436767578,distance_matrix,tSNE
train,4foc,ALK,active,1,in,in,active,1,1.7,296,True,True,4.219347953796387,19.914527893066406,distance_matrix,tSNE
train,5ftq,ALK,active,1,in,in,active,1,1.7,293,True,True,3.590864419937134,20.329504013061523,distance_matrix,tSNE
train,6tfy,EGFR,inactive,0,in,out,dfg_in_alphac_out,1,1.7,264,True,True,-11.952095985412598,-14.020271301269531,distance_matrix,tSNE
train,4anl,ALK,active,1,in,in,active,0,1.7,292,True,True,3.820502519607544,22.007503509521484,distance_matrix,tSNE
train,2yfx,ALK,active,1,in,in,active,1,1.7,292,True,True,4.61434268951416,22.383501052856445,distance_matrix,tSNE
train,4i22,EGFR,inactive,0,in,out,dfg_in_alphac_out,1,1.71,297,True,True,-7.521945953369141,-13.248710632324219,distance_matrix,tSNE
train,7ozb,FGFR1,active,1,in,in,active,1,1.71,288,True,True,20.093334197998047,11.678204536437988,distance_matrix,tSNE
train,4cmt,ALK,active,1,in,in,active,1,1.73,284,True,True,0.4124801754951477,19.230581283569336,distance_matrix,tSNE
train,5aaa,ALK,active,1,in,in,active,1,1.73,294,True,True,4.990131378173828,21.694507598876953,distance_matrix,tSNE
train,3aox,ALK,active,1,in,in,active,1,1.75,298,True,True,2.949767589569092,22.369539260864258,distance_matrix,tSNE
train,4fnw,ALK,active,1,in,in,active,0,1.75,304,True,True,2.7945637702941895,21.30023765563965,distance_matrix,tSNE
train,4anq,ALK,active,1,in,in,active,1,1.76,293,True,True,4.258384704589844,22.210493087768555,distance_matrix,tSNE
train,6wxn,EGFR,inactive,0,in,out,dfg_in_alphac_out,0,1.76,298,True,True,-2.0697855949401855,-28.404359817504883,distance_matrix,tSNE
train,7pcd,ERBB2,active,1,in,in,active,1,1.77,272,True,True,10.65578556060791,-19.99047088623047,distance_matrix,tSNE
train,6v66,EGFR,inactive,0,in,out,dfg_in_alphac_out,1,1.79,314,True,True,18.56037139892578,-15.587355613708496,distance_matrix,tSNE
train,4ctb,ALK,active,1,in,in,active,1,1.79,292,True,True,4.10040807723999,23.002050399780273,distance_matrix,tSNE
train,4i24,EGFR,inactive,0,in,out,dfg_in_alphac_out,1,1.8,304,True,True,3.7356574535369873,-27.15234375,distance_matrix,tSNE
train,3l9p,ALK,active,1,in,in,active,0,1.8,303,True,True,7.312191009521484,18.4903621673584,distance_matrix,tSNE
train,4cmu,ALK,active,1,in,in,active,1,1.8,294,True,True,4.400557041168213,21.42580795288086,distance_matrix,tSNE
train,6cdt,ALK,active,1,in,in,active,0,1.8,292,True,True,3.892625570297241,21.947479248046875,distance_matrix,tSNE
train,6tfz,EGFR,inactive,0,in,out,dfg_in_alphac_out,1,1.8,264,True,True,-11.92016887664795,-18.34234046936035,distance_matrix,tSNE
train,2g1t,ABL1,inactive,0,in,out,dfg_in_alphac_out,0,1.8,277,True,True,-2.219191551208496,6.4171271324157715,distance_matrix,tSNE
train,5gnk,EGFR,active,1,in,in,active,1,1.8,277,True,True,3.5291683673858643,-27.431119918823242,distance_matrix,tSNE
train,3w32,EGFR,inactive,0,in,out,dfg_in_alphac_out,1,1.8,317,True,True,18.499483108520508,-15.066129684448242,distance_matrix,tSNE
train,5uga,EGFR,inactive,0,out,out,inactive,1,1.82,283,True,True,17.994802474975586,-9.881348609924316,distance_matrix,tSNE
train,7ozd,FGFR1,active,1,in,in,active,1,1.82,282,True,True,19.614315032958984,8.739843368530273,distance_matrix,tSNE
train,3qrj,ABL1,inactive,0,out,in,dfg_out_alphac_in,1,1.82,258,True,True,-4.925361156463623,-2.7807116508483887,distance_matrix,tSNE
train,7ozf,FGFR1,active,1,in,in,active,1,1.82,288,True,True,20.07290267944336,10.17099666595459,distance_matrix,tSNE
train,4cmo,ALK,active,1,in,in,active,1,1.83,295,True,True,4.832850456237793,21.659717559814453,distance_matrix,tSNE
train,7jxq,EGFR,inactive,0,in,out,dfg_in_alphac_out,1,1.83,296,True,True,2.5705862045288086,-26.96099090576172,distance_matrix,tSNE
train,7r7k,ALK,active,1,in,in,active,1,1.831,290,True,True,4.3149518966674805,22.982051849365234,distance_matrix,tSNE
train,5x2a,EGFR,inactive,0,in,out,dfg_in_alphac_out,1,1.85,322,True,True,18.432695388793945,-15.599112510681152,distance_matrix,tSNE
train,4ans,ALK,active,1,in,in,active,1,1.85,293,True,True,3.9412031173706055,22.037002563476562,distance_matrix,tSNE
train,3pyy,ABL1,inactive,0,out,in,dfg_out_alphac_in,1,1.85,257,True,True,-11.312454223632812,-8.8533935546875,distance_matrix,tSNE
train,5hg7,EGFR,inactive,0,out,out,inactive,1,1.85,280,True,True,3.5080642700195312,-2.9503235816955566,distance_matrix,tSNE
train,4wkq,EGFR,active,1,in,in,active,1,1.85,296,True,True,0.34881675243377686,-4.107130527496338,distance_matrix,tSNE
train,6npv,ABL1,inactive,0,out,in,dfg_out_alphac_in,1,1.86,264,True,True,-4.917018413543701,-2.7779312133789062,distance_matrix,tSNE
train,5aa8,ALK,active,1,in,in,active,1,1.86,292,True,True,3.6577847003936768,22.582807540893555,distance_matrix,tSNE
train,7btt,ALK,active,1,in,in,active,1,1.86,304,True,True,7.316141605377197,18.48947525024414,distance_matrix,tSNE
train,5iui,ALK,active,1,in,in,active,1,1.88,303,True,True,5.661674499511719,19.289705276489258,distance_matrix,tSNE
train,5cnn,EGFR,inactive,0,in,out,dfg_in_alphac_out,1,1.9,300,True,True,-5.549112319946289,-17.435609817504883,distance_matrix,tSNE
train,1blx,CDK6,inactive,0,in,out,dfg_in_alphac_out,0,1.9,305,True,True,13.742768287658691,3.990323543548584,distance_matrix,tSNE
train,7a2a,EGFR,inactive,0,in,out,dfg_in_alphac_out,1,1.9,266,True,True,-11.83486270904541,-18.317617416381836,distance_matrix,tSNE
train,3w2s,EGFR,inactive,0,in,out,dfg_in_alphac_out,1,1.9,307,True,True,2.9969711303710938,-26.513225555419922,distance_matrix,tSNE
train,6p8q,EGFR,inactive,0,in,out,dfg_in_alphac_out,1,1.9,309,True,True,2.9173057079315186,-26.875507354736328,distance_matrix,tSNE
train,2xp2,ALK,active,1,in,in,active,1,1.9,285,True,True,0.3796294629573822,19.13019561767578,distance_matrix,tSNE
train,7nh5,AKT1,inactive,0,out,na,unknown,1,1.9,383,True,True,-11.46776008605957,19.263545989990234,distance_matrix,tSNE
train,8uw9,AKT1,inactive,0,out,na,unknown,1,1.9,388,True,True,-12.634757041931152,19.616090774536133,distance_matrix,tSNE
train,4wrg,EGFR,active,1,in,in,active,0,1.9,289,True,True,-1.0485836267471313,-4.513863563537598,distance_matrix,tSNE
train,2yjs,ALK,active,1,in,in,active,0,1.9,286,True,True,1.5426334142684937,21.439470291137695,distance_matrix,tSNE
train,3qkl,AKT1,active,1,in,in,active,1,1.9,317,True,True,-17.592538833618164,13.50378704071045,distance_matrix,tSNE
train,2yjr,ALK,active,1,in,in,active,0,1.9,278,True,True,-2.1869611740112305,20.195507049560547,distance_matrix,tSNE
train,4cnh,ALK,active,1,in,in,active,1,1.9,285,True,True,1.1628224849700928,21.502397537231445,distance_matrix,tSNE
train,4fob,ALK,active,1,in,in,active,1,1.9,295,True,True,2.0104775428771973,18.106382369995117,distance_matrix,tSNE
train,2yhv,ALK,active,1,in,in,active,0,1.9,291,True,True,3.639139175415039,23.049205780029297,distance_matrix,tSNE
train,5o49,FGFR1,active,1,in,in,active,1,1.91,286,True,True,19.74874496459961,7.055377006530762,distance_matrix,tSNE
train,2f4j,ABL1,active,1,in,in,active,1,1.91,287,True,True,-1.4244952201843262,4.435164928436279,distance_matrix,tSNE
train,9bfb,BRAF,inactive,0,in,out,dfg_in_alphac_out,1,1.92,272,True,True,-17.048076629638672,34.627559661865234,distance_matrix,tSNE
train,5iug,ALK,inactive,0,out,in,dfg_out_alphac_in,1,1.93,285,True,True,-1.4307551383972168,18.886720657348633,distance_matrix,tSNE
train,7k0v,BRAF,inactive,0,out,in,dfg_out_alphac_in,1,1.93,262,True,True,-22.414947509765625,29.00760841369629,distance_matrix,tSNE
train,5aa9,ALK,active,1,in,in,active,1,1.93,295,True,True,4.885204792022705,21.737138748168945,distance_matrix,tSNE
train,7r7r,ALK,active,1,in,in,active,1,1.935,291,True,True,3.055655002593994,22.132648468017578,distance_matrix,tSNE
train,5yu9,EGFR,inactive,0,in,out,dfg_in_alphac_out,1,1.95,300,True,True,2.0831923484802246,-27.3236141204834,distance_matrix,tSNE
train,3lcs,ALK,active,1,in,in,active,1,1.95,304,True,True,8.630032539367676,17.607091903686523,distance_matrix,tSNE
train,5ita,BRAF,inactive,0,in,out,dfg_in_alphac_out,1,1.95,252,False,True,-23.101770401000977,2.498518705368042,distance_matrix,tSNE
train,2xba,ALK,active,1,in,in,active,1,1.95,283,True,True,1.1006455421447754,21.46992301940918,distance_matrix,tSNE
train,5am6,FGFR1,active,1,in,in,active,1,1.96,280,True,True,-1.6873092651367188,-23.204341888427734,distance_matrix,tSNE
train,5am7,FGFR1,active,1,in,in,active,1,1.96,287,True,True,19.84288787841797,8.980341911315918,distance_matrix,tSNE
train,4uwc,FGFR1,active,1,in,in,active,1,1.96,301,True,True,21.44194984436035,15.862264633178711,distance_matrix,tSNE
train,6mx8,ALK,active,1,in,in,active,1,1.96,282,True,True,-1.5023398399353027,19.500701904296875,distance_matrix,tSNE
train,5j7h,ALK,active,1,in,in,active,1,1.96,291,True,True,-1.3781132698059082,20.59685516357422,distance_matrix,tSNE
train,4zse,EGFR,inactive,0,in,out,dfg_in_alphac_out,1,1.97,297,True,True,-5.0140862464904785,-18.47464370727539,distance_matrix,tSNE
train,8uw7,AKT1,inactive,0,out,out,inactive,1,1.972,397,True,True,-16.488656997680664,15.502137184143066,distance_matrix,tSNE
train,6oqo,CDK6,inactive,0,in,out,dfg_in_alphac_out,1,1.977,269,True,True,-2.3011372089385986,-29.691455841064453,distance_matrix,tSNE
train,8sc7,EGFR,active,1,in,in,active,1,1.984,320,True,True,6.695796489715576,-4.760622978210449,distance_matrix,tSNE
train,8jmz,FGFR1,active,1,in,in,active,1,1.988,306,True,True,21.722505569458008,16.512447357177734,distance_matrix,tSNE
train,6itj,FGFR1,active,1,in,in,active,1,1.99,293,True,True,20.415969848632812,13.973893165588379,distance_matrix,tSNE
train,2g2h,ABL1,inactive,0,out-like,in,dfg_out_alphac_in,1,2.0,272,True,True,-2.026538372039795,4.348059177398682,distance_matrix,tSNE
train,4fod,ALK,active,1,in,in,active,1,2.0,308,True,True,4.659416198730469,19.98992919921875,distance_matrix,tSNE
train,1fgk,FGFR1,active,1,in,in,active,0,2.0,278,True,True,21.492172241210938,7.609996795654297,distance_matrix,tSNE
train,7a6k,EGFR,inactive,0,in,out,dfg_in_alphac_out,1,2.0,266,True,True,-8.192438125610352,-13.364392280578613,distance_matrix,tSNE
train,6tfw,EGFR,inactive,0,in,out,dfg_in_alphac_out,1,2.0,266,True,True,-7.599727630615234,-16.732954025268555,distance_matrix,tSNE
train,6tfu,EGFR,inactive,0,in,out,dfg_in_alphac_out,1,2.0,260,True,True,-10.234405517578125,-9.563905715942383,distance_matrix,tSNE
train,7jyt,ALK,active,1,in,in,active,1,2.0,281,True,True,1.2084224224090576,18.59056854248047,distance_matrix,tSNE
train,4zsa,FGFR1,active,1,in,in,active,1,2.0,282,True,True,19.526363372802734,7.303050994873047,distance_matrix,tSNE
train,6mzq,FGFR1,active,1,in,in,active,1,2.0,260,True,True,-3.7889747619628906,-25.861621856689453,distance_matrix,tSNE
train,6z4d,EGFR,inactive,0,in,out,dfg_in_alphac_out,1,2.0,269,True,True,-5.679771900177002,-18.330888748168945,distance_matrix,tSNE
train,3cqw,AKT1,active,1,in,in,active,1,2.0,318,True,True,-16.929107666015625,13.488353729248047,distance_matrix,tSNE
train,6c1b,FGFR1,active,1,in,in,active,1,2.0,265,True,True,-2.933741807937622,-24.685352325439453,distance_matrix,tSNE
train,4ekl,AKT1,active,1,in,in,active,1,2.0,329,True,True,-16.87986183166504,13.51364803314209,distance_matrix,tSNE
train,7a6j,EGFR,inactive,0,in,out,dfg_in_alphac_out,1,2.0,270,True,True,0.31303244829177856,-27.401660919189453,distance_matrix,tSNE
train,2rgp,EGFR,inactive,0,in,out,dfg_in_alphac_out,1,2.0,284,True,True,-17.3775634765625,25.466068267822266,distance_matrix,tSNE
train,6xfp,BRAF,inactive,0,out,in,dfg_out_alphac_in,1,2.0,272,True,True,-16.988391876220703,33.07027053833008,distance_matrix,tSNE
train,4xv9,BRAF,inactive,0,out,out,inactive,1,2.0,261,True,True,-24.70502471923828,26.450284957885742,distance_matrix,tSNE
train,4ccu,ALK,active,1,in,in,active,1,2.0,292,True,True,4.243643760681152,22.93189239501953,distance_matrix,tSNE
train,7w7x,ABL1,inactive,0,out-like,in,dfg_out_alphac_in,1,2.00001,266,True,True,-2.2362470626831055,0.08941744267940521,distance_matrix,tSNE
train,4mkc,ALK,active,1,in,in,active,1,2.01,303,True,True,7.224461078643799,18.567867279052734,distance_matrix,tSNE
train,5o4a,FGFR1,active,1,in,in,active,1,2.01,291,True,True,20.338640213012695,13.459202766418457,distance_matrix,tSNE
train,3rhx,FGFR1,active,1,in,in,active,1,2.01,275,True,True,19.773590087890625,3.9469869136810303,distance_matrix,tSNE
train,3mvh,AKT1,active,1,in,in,active,1,2.01,311,True,True,-17.732507705688477,13.355669021606445,distance_matrix,tSNE
train,4ccb,ALK,active,1,in,in,active,1,2.03,287,True,True,0.3275478780269623,19.049428939819336,distance_matrix,tSNE
train,4ctc,ALK,active,1,in,in,active,1,2.03,288,True,True,2.5112268924713135,21.52794647216797,distance_matrix,tSNE
train,4dce,ALK,active,1,in,in,active,1,2.03,288,True,True,-2.1722867488861084,20.288002014160156,distance_matrix,tSNE
train,6n0q,BRAF,inactive,0,out,in,dfg_out_alphac_in,1,2.04,257,True,True,-28.200551986694336,24.402908325195312,distance_matrix,tSNE
train,6lud,EGFR,active,1,in,in,active,1,2.05,310,True,True,1.9428894519805908,-4.155433177947998,distance_matrix,tSNE
train,4f64,FGFR1,active,1,in,in,active,1,2.05,278,True,True,21.49211311340332,7.607602596282959,distance_matrix,tSNE
train,5x2c,EGFR,inactive,0,in,out,dfg_in_alphac_out,1,2.05,304,True,True,2.895066976547241,-27.027929306030273,distance_matrix,tSNE
train,3w2r,EGFR,inactive,0,in,out,dfg_in_alphac_out,1,2.05,297,True,True,0.41003915667533875,-27.345518112182617,distance_matrix,tSNE
train,3w2p,EGFR,active,1,in,in,active,1,2.05,308,True,True,13.77411937713623,-5.772467136383057,distance_matrix,tSNE
train,7apj,AKT1,inactive,0,out,na,unknown,0,2.05,385,False,True,-21.065357208251953,4.500569820404053,distance_matrix,tSNE
train,4cli,ALK,active,1,in,in,active,1,2.05,294,True,True,4.356033802032471,21.38396644592285,distance_matrix,tSNE
train,6xl4,EGFR,inactive,0,in,out,dfg_in_alphac_out,1,2.06,293,True,True,-1.099827527999878,-27.940248489379883,distance_matrix,tSNE
train,3c4f,FGFR1,active,1,in,in,active,1,2.07,290,True,True,20.903900146484375,8.289677619934082,distance_matrix,tSNE
train,5a4c,FGFR1,active,1,in,in,active,1,2.09,286,True,True,19.868732452392578,6.34732723236084,distance_matrix,tSNE
train,8fv3,EGFR,inactive,0,in,out,dfg_in_alphac_out,1,2.1,299,True,True,-5.0592041015625,-18.434892654418945,distance_matrix,tSNE
train,5vam,BRAF,inactive,0,out,in,dfg_out_alphac_in,1,2.1,269,True,True,-17.97112464904785,30.746349334716797,distance_matrix,tSNE
train,7zyq,EGFR,inactive,0,in,out,dfg_in_alphac_out,1,2.1,270,True,True,-0.7263868451118469,-27.71918487548828,distance_matrix,tSNE
train,3qri,ABL1,inactive,0,out,in,dfg_out_alphac_in,1,2.1,262,True,True,-4.932165622711182,-2.785335063934326,distance_matrix,tSNE
train,6v6o,EGFR,inactive,0,in,out,dfg_in_alphac_out,1,2.1,297,True,True,3.259125232696533,-27.52549934387207,distance_matrix,tSNE
train,2hz0,ABL1,inactive,0,out,in,dfg_out_alphac_in,1,2.1,243,True,True,-12.677996635437012,-9.182750701904297,distance_matrix,tSNE
train,5cas,EGFR,active,1,in,in,active,1,2.1,299,True,True,-8.321160316467285,-14.811625480651855,distance_matrix,tSNE
train,5iuh,ALK,inactive,0,out,in,dfg_out_alphac_in,1,2.1,285,True,True,-1.6033498048782349,19.22037696838379,distance_matrix,tSNE
train,3lct,ALK,active,1,in,in,active,1,2.1,308,True,True,8.563873291015625,17.657339096069336,distance_matrix,tSNE
train,4tt7,ALK,active,1,in,in,active,1,2.1,291,True,True,3.0587031841278076,16.773805618286133,distance_matrix,tSNE
train,8uvy,AKT1,inactive,0,out,na,unknown,1,2.11,396,True,True,-12.229199409484863,19.540647506713867,distance_matrix,tSNE
train,6p3d,BRAF,inactive,0,out,in,dfg_out_alphac_in,1,2.11,264,True,True,-23.914098739624023,27.32567024230957,distance_matrix,tSNE
train,4v04,FGFR1,active,1,in,in,active,0,2.12,292,True,True,20.889602661132812,15.442312240600586,distance_matrix,tSNE
train,6c19,FGFR1,active,1,in,in,active,1,2.12,276,True,True,18.65118408203125,16.11296844482422,distance_matrix,tSNE
train,6npz,AKT1,active,1,in,in,active,0,2.12,320,True,True,-17.75601577758789,14.222212791442871,distance_matrix,tSNE
train,5imx,ALK,active,1,in,in,active,1,2.12,266,True,True,-9.193078994750977,-6.879817485809326,distance_matrix,tSNE
train,5hg9,EGFR,inactive,0,out,out,inactive,1,2.15,280,True,True,2.24086856842041,-3.057546377182007,distance_matrix,tSNE
train,6npe,ABL1,inactive,0,out,in,dfg_out_alphac_in,1,2.15,256,True,True,-11.410629272460938,-8.695290565490723,distance_matrix,tSNE
train,6c1c,FGFR1,active,1,in,in,active,1,2.15,276,True,True,18.747961044311523,16.13475799560547,distance_matrix,tSNE
train,5b7v,FGFR1,active,1,in,in,active,1,2.15,282,True,True,20.046363830566406,8.426750183105469,distance_matrix,tSNE
train,3wj6,FGFR1,active,1,in,in,active,1,2.15,277,True,True,19.706653594970703,6.261280059814453,distance_matrix,tSNE
train,7jxp,EGFR,inactive,0,in,out,dfg_in_alphac_out,1,2.16,308,True,True,18.33721160888672,-15.210661888122559,distance_matrix,tSNE
train,5mo4,ABL1,inactive,0,out,in,dfg_out_alphac_in,1,2.17,429,False,True,-21.84334945678711,3.9291672706604004,distance_matrix,tSNE
train,8d73,EGFR,active,1,in,in,active,1,2.17,309,True,True,17.164220809936523,-7.560589790344238,distance_matrix,tSNE
train,6ccy,AKT1,active,1,in,in,active,1,2.18,325,True,True,-17.894224166870117,13.988886833190918,distance_matrix,tSNE
train,5jsm,BRAF,inactive,0,in,out,dfg_in_alphac_out,0,2.19,265,True,True,-22.018966674804688,26.278915405273438,distance_matrix,tSNE
train,4nka,FGFR1,active,1,in,in,active,1,2.19,287,False,True,-22.6193904876709,3.2370896339416504,distance_matrix,tSNE
train,4rwl,FGFR1,active,1,in,in,active,1,2.19,282,True,True,20.130765914916992,7.827263355255127,distance_matrix,tSNE
train,4ejn,AKT1,inactive,0,out,na,unknown,1,2.19,376,True,True,-12.337908744812012,19.614334106445312,distance_matrix,tSNE
train,7jxm,EGFR,inactive,0,in,out,dfg_in_alphac_out,1,2.192,287,True,True,-7.57524299621582,-14.189441680908203,distance_matrix,tSNE
train,6v6k,EGFR,inactive,0,in,out,dfg_in_alphac_out,1,2.2,301,True,True,1.226749300956726,-27.38082504272461,distance_matrix,tSNE
train,5vnd,FGFR1,active,1,in,in,active,1,2.2,302,True,True,21.378690719604492,16.499486923217773,distance_matrix,tSNE
train,2e2b,ABL1,inactive,0,out,in,dfg_out_alphac_in,1,2.2,270,True,True,-4.740224838256836,-2.776993989944458,distance_matrix,tSNE
train,2hiw,ABL1,inactive,0,out,in,dfg_out_alphac_in,1,2.2,274,True,True,-1.8578673601150513,7.434578895568848,distance_matrix,tSNE
train,6jrx,EGFR,active,1,in,in,active,1,2.2,300,True,True,12.158255577087402,-14.72093677520752,distance_matrix,tSNE
train,7t4j,EGFR,active,1,in,in,active,1,2.2,279,True,True,0.0852925106883049,-3.8537228107452393,distance_matrix,tSNE
train,6mzw,FGFR1,active,1,in,in,active,1,2.2,258,False,True,-22.905948638916016,2.1710689067840576,distance_matrix,tSNE
train,8uw2,AKT1,inactive,0,out,na,unknown,1,2.2,392,True,True,-12.654114723205566,19.580406188964844,distance_matrix,tSNE
train,3w2q,EGFR,active,1,in,in,active,1,2.2,307,True,True,13.877197265625,-6.171109676361084,distance_matrix,tSNE
train,5x2f,EGFR,inactive,0,in,out,dfg_in_alphac_out,1,2.2,312,True,True,18.47554588317871,-15.60053825378418,distance_matrix,tSNE
train,5aab,ALK,active,1,in,in,active,1,2.2,293,True,True,4.66242790222168,22.46990966796875,distance_matrix,tSNE
train,5ur1,FGFR1,active,1,in,in,active,1,2.2,278,True,True,18.66758918762207,16.110557556152344,distance_matrix,tSNE
train,4wa9,ABL1,inactive,0,out-like,in,dfg_out_alphac_in,1,2.2,276,True,True,-1.3501923084259033,4.16122579574585,distance_matrix,tSNE
train,6duk,EGFR,inactive,0,in,out,dfg_in_alphac_out,1,2.2,296,True,True,2.014918565750122,-27.25417709350586,distance_matrix,tSNE
train,3cqu,AKT1,active,1,in,in,active,1,2.2,318,True,True,-16.7108154296875,13.839566230773926,distance_matrix,tSNE
train,8fv4,EGFR,inactive,0,in,out,dfg_in_alphac_out,1,2.2,298,True,True,-5.278753280639648,-18.272979736328125,distance_matrix,tSNE
train,7n9g,ABL1,inactive,0,out-like,in,dfg_out_alphac_in,1,2.2,250,True,True,-9.968308448791504,-12.599445343017578,distance_matrix,tSNE
train,6p69,FGFR1,active,1,in,in,active,1,2.2,286,True,True,21.26811408996582,7.905015468597412,distance_matrix,tSNE
train,8hv4,EGFR,active,1,in,in,active,1,2.2,304,True,True,12.112832069396973,-14.736406326293945,distance_matrix,tSNE
train,8hv6,EGFR,active,1,in,in,active,1,2.2,307,True,True,12.42825698852539,-6.564381122589111,distance_matrix,tSNE
train,8hv5,EGFR,active,1,in,in,active,1,2.2,306,True,True,12.148200035095215,-6.904831886291504,distance_matrix,tSNE
train,3qkm,AKT1,active,1,in,in,active,1,2.2,329,True,True,-17.19846534729004,13.326815605163574,distance_matrix,tSNE
train,3js2,FGFR1,active,1,in,in,active,1,2.2,295,True,True,20.20694923400879,12.074414253234863,distance_matrix,tSNE
train,7w7y,ABL1,inactive,0,out-like,in,dfg_out_alphac_in,1,2.20003,268,True,True,-1.776541829109192,3.701268434524536,distance_matrix,tSNE
train,3cs9,ABL1,inactive,0,out,in,dfg_out_alphac_in,1,2.21,247,True,True,-12.851276397705078,-9.610018730163574,distance_matrix,tSNE
train,5fto,ALK,active,1,in,in,active,1,2.22,298,True,True,5.368910312652588,19.37217903137207,distance_matrix,tSNE
train,7jys,ALK,active,1,in,in,active,1,2.22,281,True,True,1.2052195072174072,18.58826446533203,distance_matrix,tSNE
train,4cd0,ALK,active,1,in,in,active,1,2.23,295,True,True,4.873347759246826,20.94622039794922,distance_matrix,tSNE
train,3pp0,ERBB2,active,1,in,in,active,1,2.25,286,True,True,15.63381576538086,-11.601305961608887,distance_matrix,tSNE
train,5cau,EGFR,active,1,in,in,active,1,2.25,297,True,True,-8.82017993927002,-14.806722640991211,distance_matrix,tSNE
train,5val,BRAF,inactive,0,out,in,dfg_out_alphac_in,1,2.26,254,True,True,-28.936222076416016,23.434040069580078,distance_matrix,tSNE
train,4f65,FGFR1,active,1,in,in,active,1,2.26,279,False,True,-22.788528442382812,2.9439992904663086,distance_matrix,tSNE
train,2fo0,ABL1,inactive,0,out-like,in,dfg_out_alphac_in,1,2.27,465,True,True,-1.8659512996673584,4.124269485473633,distance_matrix,tSNE
train,5l2s,CDK6,inactive,0,in,out,dfg_in_alphac_out,1,2.27,263,True,True,-11.928872108459473,-10.794662475585938,distance_matrix,tSNE
train,8h7h,ABL1,inactive,0,out-like,in,dfg_out_alphac_in,1,2.2779,268,True,True,-1.535370111465454,3.66312313079834,distance_matrix,tSNE
train,4rwi,FGFR1,active,1,in,in,active,0,2.29,280,True,True,19.915668487548828,4.554968357086182,distance_matrix,tSNE
train,5jrq,BRAF,inactive,0,in,out,dfg_in_alphac_out,1,2.29,258,True,True,-22.812589645385742,25.803791046142578,distance_matrix,tSNE
train,6c1o,FGFR1,active,1,in,in,active,1,2.29,280,True,True,18.661527633666992,16.11026382446289,distance_matrix,tSNE
train,6v5p,EGFR,inactive,0,in,out,dfg_in_alphac_out,1,2.3,308,True,True,18.4404239654541,-15.669686317443848,distance_matrix,tSNE
train,3qkk,AKT1,active,1,in,in,active,1,2.3,326,True,True,-17.311677932739258,13.321915626525879,distance_matrix,tSNE
train,6e0r,ALK,active,1,in,in,active,1,2.3,279,True,True,0.7129208445549011,21.195730209350586,distance_matrix,tSNE
train,4cqe,BRAF,inactive,0,in,out,dfg_in_alphac_out,1,2.3,248,True,True,-29.165430068969727,24.33881950378418,distance_matrix,tSNE
train,8gk5,EGFR,inactive,0,in,out,dfg_in_alphac_out,1,2.3,294,True,True,-3.115022659301758,-28.127304077148438,distance_matrix,tSNE
train,6c18,FGFR1,active,1,in,in,active,1,2.3,255,False,True,-22.939298629760742,2.168071746826172,distance_matrix,tSNE
train,7dt2,ABL1,inactive,0,out-like,in,dfg_out_alphac_in,1,2.3,265,True,True,-2.5213701725006104,-1.0206538438796997,distance_matrix,tSNE
train,4uwy,FGFR1,active,1,in,in,active,0,2.3,273,True,True,-2.020986318588257,-23.722396850585938,distance_matrix,tSNE
train,3bel,EGFR,inactive,0,in,out,dfg_in_alphac_out,1,2.3,280,True,True,-17.4510440826416,25.412240982055664,distance_matrix,tSNE
train,7ltx,EGFR,inactive,0,in,out,dfg_in_alphac_out,1,2.3,292,True,True,-2.0527358055114746,-28.288314819335938,distance_matrix,tSNE
train,8f1x,EGFR,active,1,in,in,active,1,2.3,317,True,True,3.882155656814575,-3.744699478149414,distance_matrix,tSNE
train,3qrk,ABL1,inactive,0,out,in,dfg_out_alphac_in,1,2.3,270,True,True,-1.8368470668792725,7.515100955963135,distance_matrix,tSNE
train,5kz0,ALK,active,1,in,in,active,1,2.3,293,True,True,3.2597947120666504,20.77422523498535,distance_matrix,tSNE
train,7zyn,EGFR,active,1,in,in,active,1,2.3,317,True,True,1.957379698753357,-4.0939507484436035,distance_matrix,tSNE
train,4zog,ABL1,inactive,0,out-like,in,dfg_out_alphac_in,1,2.3,268,True,True,-1.3537341356277466,3.2674121856689453,distance_matrix,tSNE
train,6hhg,AKT1,inactive,0,out,na,unknown,1,2.3,386,True,True,-11.069901466369629,19.302324295043945,distance_matrix,tSNE
train,5uq0,FGFR1,active,1,in,in,active,1,2.3,256,True,True,-29.48773193359375,22.625768661499023,distance_matrix,tSNE
train,6hhj,AKT1,inactive,0,out,out,inactive,1,2.3,410,True,True,-17.30687141418457,15.135828018188477,distance_matrix,tSNE
train,2w96,CDK4,inactive,0,in,out,dfg_in_alphac_out,0,2.3,267,True,True,13.547314643859863,3.956519365310669,distance_matrix,tSNE
train,6p8e,CDK4,inactive,0,in,out,dfg_in_alphac_out,0,2.3,260,True,False,-15.555750846862793,-10.346921920776367,distance_matrix,tSNE
train,7nh4,AKT1,inactive,0,out,na,unknown,1,2.3,383,True,True,-11.261920928955078,19.266944885253906,distance_matrix,tSNE
train,6s9w,AKT1,inactive,0,out,out,inactive,1,2.3,411,True,True,-17.467344284057617,15.023066520690918,distance_matrix,tSNE
train,6jxt,EGFR,inactive,0,in,out,dfg_in_alphac_out,1,2.31,283,True,True,17.195405960083008,-16.183334350585938,distance_matrix,tSNE
train,5d41,EGFR,inactive,0,in,out,dfg_in_alphac_out,1,2.31,300,True,True,-2.988564968109131,-28.39092254638672,distance_matrix,tSNE
train,4aua,CDK6,inactive,0,in,out,dfg_in_alphac_out,1,2.31,256,True,True,-10.725102424621582,-8.711135864257812,distance_matrix,tSNE
train,4uwb,FGFR1,active,1,in,in,active,1,2.31,299,True,True,21.22925567626953,16.108074188232422,distance_matrix,tSNE
train,6lub,EGFR,active,1,in,in,active,1,2.315,301,True,True,1.4810653924942017,-4.014935493469238,distance_matrix,tSNE
train,7jyr,ALK,active,1,in,in,active,1,2.32,287,True,True,1.3571369647979736,18.066566467285156,distance_matrix,tSNE
train,4v01,FGFR1,inactive,0,out,in,dfg_out_alphac_in,1,2.33,275,False,True,-22.74558448791504,2.9467194080352783,distance_matrix,tSNE
train,6npu,ABL1,inactive,0,out,in,dfg_out_alphac_in,1,2.33,257,True,True,-11.329639434814453,-8.84394645690918,distance_matrix,tSNE
train,3vjn,EGFR,active,1,in,in,active,1,2.34,297,True,True,8.22620964050293,-5.094168663024902,distance_matrix,tSNE
train,5xdk,EGFR,active,1,in,in,active,1,2.35,307,True,True,8.376179695129395,-5.04329776763916,distance_matrix,tSNE
train,3w2o,EGFR,active,1,in,in,active,1,2.35,305,True,True,14.087637901306152,-6.119081497192383,distance_matrix,tSNE
train,5l2t,CDK6,inactive,0,in,out,dfg_in_alphac_out,1,2.37,261,True,True,-11.389880180358887,-9.897862434387207,distance_matrix,tSNE
train,6n0p,BRAF,inactive,0,out,in,dfg_out_alphac_in,1,2.37,268,True,True,-18.171459197998047,30.507659912109375,distance_matrix,tSNE
train,7p3v,BRAF,inactive,0,in,out,dfg_in_alphac_out,1,2.37,258,True,True,-16.023319244384766,31.664813995361328,distance_matrix,tSNE
train,8dsw,EGFR,active,1,in,in,active,1,2.39,307,True,True,8.564824104309082,-16.239458084106445,distance_matrix,tSNE
train,7jxl,EGFR,inactive,0,in,out,dfg_in_alphac_out,1,2.4,294,True,True,-7.809422492980957,-13.195643424987793,distance_matrix,tSNE
train,7kxz,EGFR,active,1,in,in,active,1,2.4,299,True,True,1.697251796722412,-3.8660290241241455,distance_matrix,tSNE
train,7a6i,EGFR,active,1,in,in,active,1,2.4,282,True,True,15.958863258361816,-8.268845558166504,distance_matrix,tSNE
train,7ukv,EGFR,active,1,in,in,active,1,2.4,290,True,True,-1.2711009979248047,-6.736756324768066,distance_matrix,tSNE
train,6v5n,EGFR,inactive,0,in,out,dfg_in_alphac_out,1,2.4,294,True,True,1.9972487688064575,-27.123882293701172,distance_matrix,tSNE
train,6vhn,EGFR,active,1,in,in,active,1,2.4,286,True,True,-8.72220516204834,-13.687398910522461,distance_matrix,tSNE
train,8d76,EGFR,active,1,in,in,active,1,2.4,312,True,True,17.016754150390625,-7.71207857131958,distance_matrix,tSNE
train,6p1d,EGFR,inactive,0,in,out,dfg_in_alphac_out,1,2.4,300,True,True,3.2217459678649902,-27.477378845214844,distance_matrix,tSNE
train,8f1z,EGFR,active,1,in,in,active,1,2.4,310,True,True,3.465546131134033,-3.6697161197662354,distance_matrix,tSNE
train,6wa2,EGFR,inactive,0,in,out,dfg_in_alphac_out,1,2.4,314,True,True,18.558549880981445,-15.653331756591797,distance_matrix,tSNE
train,1agw,FGFR1,active,1,in,in,active,1,2.4,272,True,True,19.6668701171875,3.2611303329467773,distance_matrix,tSNE
train,8hv8,EGFR,active,1,in,in,active,1,2.4,305,True,True,12.170426368713379,-7.185434341430664,distance_matrix,tSNE
train,8hv3,EGFR,active,1,in,in,active,1,2.4,307,True,True,12.623954772949219,-6.75969123840332,distance_matrix,tSNE
train,6wak,EGFR,inactive,0,in,out,dfg_in_alphac_out,1,2.4,297,True,True,4.120753288269043,-27.083721160888672,distance_matrix,tSNE
train,8hv1,EGFR,active,1,in,in,active,1,2.4,309,True,True,12.036065101623535,-6.868500232696533,distance_matrix,tSNE
train,4twp,ABL1,active,1,in,in,active,1,2.4,266,True,True,-2.8305530548095703,-1.8588922023773193,distance_matrix,tSNE
train,5c8n,EGFR,active,1,in,in,active,1,2.4,300,True,True,-8.644815444946289,-16.662090301513672,distance_matrix,tSNE
train,5cap,EGFR,active,1,in,in,active,1,2.4,303,True,True,-1.5114725828170776,-26.6865234375,distance_matrix,tSNE
train,6c0i,AKT1,active,1,in,in,active,0,2.4,316,True,True,-17.1098575592041,14.178070068359375,distance_matrix,tSNE
train,6buu,AKT1,active,1,in,in,active,0,2.4,320,True,True,-17.22049903869629,14.212621688842773,distance_matrix,tSNE
train,1xkk,EGFR,inactive,0,in,out,dfg_in_alphac_out,1,2.4,289,True,True,-17.225797653198242,25.512813568115234,distance_matrix,tSNE
train,2hyy,ABL1,inactive,0,out,in,dfg_out_alphac_in,1,2.4,265,True,True,-1.8688825368881226,7.389097690582275,distance_matrix,tSNE
train,2gqg,ABL1,active,1,in,in,active,1,2.4,276,True,True,-1.8342241048812866,3.640556573867798,distance_matrix,tSNE
train,7vra,EGFR,active,1,in,in,active,1,2.41,289,True,True,-6.528876781463623,-14.981891632080078,distance_matrix,tSNE
train,3ue4,ABL1,inactive,0,out-like,in,dfg_out_alphac_in,1,2.42,268,True,True,-0.8616764545440674,4.233666896820068,distance_matrix,tSNE
train,7jy4,ALK,active,1,in,in,active,1,2.42,290,True,True,4.1685357093811035,20.520824432373047,distance_matrix,tSNE
train,2w9z,CDK4,inactive,0,in,out,dfg_in_alphac_out,0,2.45,287,True,True,13.5274658203125,3.970796585083008,distance_matrix,tSNE
train,3og7,BRAF,inactive,0,in,out,dfg_in_alphac_out,1,2.45,254,True,True,-26.219680786132812,25.093233108520508,distance_matrix,tSNE
train,6ebw,ALK,active,1,in,in,active,1,2.45,277,True,True,-1.6701465845108032,19.748027801513672,distance_matrix,tSNE
train,5z0s,FGFR1,active,1,in,in,active,1,2.45,285,True,True,21.1004638671875,8.182015419006348,distance_matrix,tSNE
train,4fny,ALK,inactive,0,out,in,dfg_out_alphac_in,1,2.45,273,False,True,-22.009611129760742,3.8847575187683105,distance_matrix,tSNE
train,8h7f,ABL1,inactive,0,out-like,in,dfg_out_alphac_in,1,2.45013,266,True,True,-2.2394886016845703,0.04667137190699577,distance_matrix,tSNE
train,5hcy,EGFR,active,1,in,in,active,1,2.46,302,True,True,-7.547130584716797,-18.15065574645996,distance_matrix,tSNE
train,6v2v,BRAF,inactive,0,in,out,dfg_in_alphac_out,1,2.47,276,True,True,-15.1600923538208,35.64572525024414,distance_matrix,tSNE
train,2itn,EGFR,active,1,in,in,active,1,2.47,304,True,True,9.776429176330566,-18.014354705810547,distance_matrix,tSNE
train,7m0x,BRAF,inactive,0,in,out,dfg_in_alphac_out,1,2.47,276,True,True,-15.404853820800781,35.542518615722656,distance_matrix,tSNE
train,2itv,EGFR,active,1,in,in,active,1,2.47,303,True,True,9.707869529724121,-18.05195426940918,distance_matrix,tSNE
train,3mv5,AKT1,active,1,in,in,active,1,2.47,315,True,True,-16.768163681030273,13.985952377319336,distance_matrix,tSNE
train,4xv1,BRAF,active,1,in,in,active,0,2.47,249,True,True,-27.920743942260742,25.344497680664062,distance_matrix,tSNE
train,8to3,EGFR,inactive,0,in,out,dfg_in_alphac_out,1,2.49,291,True,True,-0.8398168087005615,-28.095293045043945,distance_matrix,tSNE
train,4rwj,FGFR1,active,1,in,in,active,1,2.49,307,True,True,21.617795944213867,16.469078063964844,distance_matrix,tSNE
train,6xlo,BRAF,inactive,0,out,in,dfg_out_alphac_in,1,2.493,258,True,True,-0.31501176953315735,16.82037925720215,distance_matrix,tSNE
train,7wcl,FGFR1,active,1,in,in,active,1,2.495,306,True,True,21.719451904296875,16.51270294189453,distance_matrix,tSNE
train,6u2h,BRAF,active,1,in,in,active,1,2.5,282,True,True,-17.215431213378906,30.595544815063477,distance_matrix,tSNE
train,2v7a,ABL1,active,1,in,in,active,1,2.5,269,True,True,-1.3066537380218506,3.6816024780273438,distance_matrix,tSNE
train,7jxw,EGFR,inactive,0,in,out,dfg_in_alphac_out,1,2.5,288,True,True,-11.976361274719238,-15.382730484008789,distance_matrix,tSNE
train,6z4b,EGFR,inactive,0,in,out,dfg_in_alphac_out,1,2.5,271,True,True,3.232550621032715,-26.668045043945312,distance_matrix,tSNE
train,7u99,EGFR,active,1,in,in,active,1,2.5,304,True,True,14.325451850891113,-7.755692481994629,distance_matrix,tSNE
train,4lqm,EGFR,active,1,in,in,active,1,2.5,305,True,True,-1.0801517963409424,-8.595721244812012,distance_matrix,tSNE
train,3ug2,EGFR,active,1,in,in,active,1,2.5,299,True,True,0.48409783840179443,-4.039153099060059,distance_matrix,tSNE
train,7b85,EGFR,active,1,in,in,active,1,2.5,312,True,True,1.4944041967391968,-4.499853134155273,distance_matrix,tSNE
train,7zym,EGFR,active,1,in,in,active,1,2.5,321,True,True,1.864410161972046,-3.897209405899048,distance_matrix,tSNE
train,4nks,FGFR1,active,1,in,in,active,1,2.5,271,True,True,19.662824630737305,3.2381985187530518,distance_matrix,tSNE
train,8hv9,EGFR,active,1,in,in,active,1,2.5,306,True,True,12.207825660705566,-7.232495307922363,distance_matrix,tSNE
train,6bl8,ABL1,inactive,0,out-like,in,dfg_out_alphac_in,1,2.5,268,True,True,-0.6845492124557495,3.8934988975524902,distance_matrix,tSNE
train,2xb7,ALK,active,1,in,in,active,1,2.5,286,True,True,-1.7217360734939575,20.2370662689209,distance_matrix,tSNE
train,1fgi,FGFR1,active,1,in,in,active,1,2.5,272,True,True,19.668254852294922,3.2497966289520264,distance_matrix,tSNE
train,3gqi,FGFR1,active,1,in,in,active,1,2.5,304,True,True,21.417203903198242,17.070465087890625,distance_matrix,tSNE
train,2fgi,FGFR1,active,1,in,in,active,1,2.5,274,True,True,21.271705627441406,6.670917510986328,distance_matrix,tSNE
train,4xv2,BRAF,inactive,0,in,out,dfg_in_alphac_out,1,2.5,249,True,True,-29.641090393066406,24.01922035217285,distance_matrix,tSNE
train,2eb2,EGFR,active,1,in,in,active,0,2.5,305,True,True,7.914196491241455,-5.260250091552734,distance_matrix,tSNE
train,5hid,BRAF,inactive,0,out,in,dfg_out_alphac_in,1,2.5,257,True,True,-1.7711971998214722,16.62700843811035,distance_matrix,tSNE
train,8g63,EGFR,active,1,in,in,active,1,2.5,280,True,True,-9.254206657409668,-14.587809562683105,distance_matrix,tSNE
train,4rj8,EGFR,active,1,in,in,active,1,2.5,298,True,True,-8.854324340820312,-14.82405948638916,distance_matrix,tSNE
train,5caq,EGFR,active,1,in,in,active,1,2.5,301,True,True,-8.572501182556152,-18.155912399291992,distance_matrix,tSNE
train,5j9z,EGFR,active,1,in,in,active,1,2.5,291,True,True,-1.466113567352295,-26.62298011779785,distance_matrix,tSNE
train,7vre,EGFR,active,1,in,in,active,1,2.507,312,True,True,-1.1922792196273804,-8.695755004882812,distance_matrix,tSNE
train,7sj3,CDK4,active,1,in,in,active,1,2.51,273,True,True,13.4895658493042,1.6387094259262085,distance_matrix,tSNE
train,5csx,BRAF,inactive,0,out,out,inactive,1,2.51,261,True,True,-21.86102294921875,28.17998695373535,distance_matrix,tSNE
train,5hi2,BRAF,inactive,0,out,in,dfg_out_alphac_in,1,2.51,247,True,True,-13.321171760559082,-9.146393775939941,distance_matrix,tSNE
train,5ugb,EGFR,active,1,in,in,active,1,2.53,307,True,True,5.706192970275879,-4.219494342803955,distance_matrix,tSNE
train,6jx4,EGFR,active,1,in,in,active,1,2.53,315,True,True,10.48887825012207,-17.79024314880371,distance_matrix,tSNE
train,6jx0,EGFR,active,1,in,in,active,1,2.53,289,True,True,16.37396812438965,-12.51917552947998,distance_matrix,tSNE
train,6d8e,EGFR,active,1,in,in,active,1,2.54,304,True,True,-1.0574895143508911,-7.289133548736572,distance_matrix,tSNE
train,4rj7,EGFR,active,1,in,in,active,1,2.55,295,True,True,-8.760236740112305,-13.61967945098877,distance_matrix,tSNE
train,6jwl,EGFR,active,1,in,in,active,1,2.55,319,True,True,11.425036430358887,-16.80933380126953,distance_matrix,tSNE
train,6cad,BRAF,inactive,0,out,in,dfg_out_alphac_in,1,2.55,248,False,True,-23.193801879882812,2.437835216522217,distance_matrix,tSNE
train,4f63,FGFR1,active,1,in,in,active,1,2.55,271,True,True,19.663026809692383,3.232603073120117,distance_matrix,tSNE
train,4e26,BRAF,active,1,in,in,active,1,2.55,270,True,True,-18.438392639160156,29.877405166625977,distance_matrix,tSNE
train,8wd4,EGFR,active,1,in,in,active,1,2.55,299,True,True,-6.444098472595215,-16.459686279296875,distance_matrix,tSNE
train,7oxb,EGFR,active,1,in,in,active,1,2.56,305,True,True,-0.9913317561149597,-8.515057563781738,distance_matrix,tSNE
train,4nk9,FGFR1,active,1,in,in,active,1,2.57,282,True,True,19.568513870239258,4.95098352432251,distance_matrix,tSNE
train,3c4c,BRAF,inactive,0,in,out,dfg_in_alphac_out,1,2.57,258,True,True,-26.958999633789062,24.325849533081055,distance_matrix,tSNE
train,4v05,FGFR1,active,1,in,in,active,1,2.57,287,True,True,19.857376098632812,8.35871410369873,distance_matrix,tSNE
train,5flf,FGFR1,active,1,in,in,active,0,2.58,292,True,True,16.557905197143555,-2.1244266033172607,distance_matrix,tSNE
train,8gb4,EGFR,inactive,0,in,out,dfg_in_alphac_out,1,2.59,292,True,True,-2.211294412612915,-28.177175521850586,distance_matrix,tSNE
train,6pp9,BRAF,inactive,0,in,out,dfg_in_alphac_out,1,2.59,276,True,True,-15.537776947021484,35.366947174072266,distance_matrix,tSNE
train,5cao,EGFR,active,1,in,in,active,1,2.6,300,True,True,-11.50036907196045,-16.85741424560547,distance_matrix,tSNE
train,5edr,EGFR,active,1,in,in,active,1,2.6,299,True,True,-11.070951461791992,-18.148983001708984,distance_matrix,tSNE
train,5hic,EGFR,active,1,in,in,active,1,2.6,302,True,True,-8.285140037536621,-18.11311912536621,distance_matrix,tSNE
train,6s9x,AKT1,inactive,0,out,na,unknown,1,2.6,382,True,True,-11.650595664978027,19.346141815185547,distance_matrix,tSNE
train,1m17,EGFR,active,1,in,in,active,1,2.6,312,True,True,14.689210891723633,-6.743741989135742,distance_matrix,tSNE
train,3ow4,AKT1,active,1,in,in,active,1,2.6,317,True,True,-17.687326431274414,13.63958740234375,distance_matrix,tSNE
train,6s8a,EGFR,active,1,in,in,active,1,2.6,313,True,True,13.9254150390625,-7.591446399688721,distance_matrix,tSNE
train,4fnz,ALK,active,1,in,in,active,1,2.6,287,True,True,-2.266831636428833,20.259733200073242,distance_matrix,tSNE
train,7ukw,EGFR,inactive,0,in,out,dfg_in_alphac_out,0,2.6,306,True,True,18.101329803466797,-15.863901138305664,distance_matrix,tSNE
train,7u9a,EGFR,active,1,in,in,active,1,2.6,295,True,True,-0.9235371947288513,-6.015440464019775,distance_matrix,tSNE
train,2gs7,EGFR,inactive,0,in,out,dfg_in_alphac_out,1,2.6,281,True,True,17.584857940673828,-15.912328720092773,distance_matrix,tSNE
train,2gs6,EGFR,active,1,in,in,active,0,2.6,311,True,True,3.5849950313568115,-3.9632411003112793,distance_matrix,tSNE
train,1m14,EGFR,active,1,in,in,active,0,2.6,307,True,True,14.691909790039062,-6.568739891052246,distance_matrix,tSNE
train,5czi,EGFR,active,1,in,in,active,0,2.6,310,True,True,13.326053619384766,-6.148071765899658,distance_matrix,tSNE
train,5hcx,EGFR,active,1,in,in,active,1,2.6,298,True,True,-8.235316276550293,-16.536773681640625,distance_matrix,tSNE
train,3nup,CDK6,inactive,0,in,out,dfg_in_alphac_out,1,2.6,252,True,True,-11.607413291931152,-9.143495559692383,distance_matrix,tSNE
train,7k1h,EGFR,inactive,0,in,out,dfg_in_alphac_out,1,2.602,291,True,True,-2.1977081298828125,-28.265426635742188,distance_matrix,tSNE
train,7t4i,EGFR,active,1,in,in,active,1,2.61,309,True,True,14.805713653564453,-7.2171430587768555,distance_matrix,tSNE
train,5hcz,EGFR,active,1,in,in,active,1,2.62,300,True,True,-8.225665092468262,-16.542165756225586,distance_matrix,tSNE
train,5a46,FGFR1,active,1,in,in,active,1,2.63,297,True,True,20.122568130493164,11.278610229492188,distance_matrix,tSNE
train,4li5,EGFR,active,1,in,in,active,1,2.64,306,True,True,16.199779510498047,-8.669365882873535,distance_matrix,tSNE
train,3vjo,EGFR,active,1,in,in,active,1,2.64,298,True,True,3.679995059967041,-4.192779064178467,distance_matrix,tSNE
train,7aei,EGFR,active,1,in,in,active,1,2.65,315,True,True,5.4934797286987305,-4.147200107574463,distance_matrix,tSNE
train,7aem,EGFR,active,1,in,in,active,1,2.65,312,True,True,5.449937343597412,-4.09595251083374,distance_matrix,tSNE
train,5fed,EGFR,active,1,in,in,active,1,2.65,288,True,True,-1.1309313774108887,-6.115955352783203,distance_matrix,tSNE
train,5zto,EGFR,active,1,in,in,active,1,2.65,294,True,True,-11.346736907958984,-18.133647918701172,distance_matrix,tSNE
train,4fk3,BRAF,active,1,in,in,active,0,2.65,257,True,True,-25.627084732055664,25.709962844848633,distance_matrix,tSNE
train,6p7g,BRAF,inactive,0,out,in,dfg_out_alphac_in,1,2.65,254,True,True,-27.796438217163086,24.24199676513672,distance_matrix,tSNE
train,5em5,EGFR,active,1,in,in,active,1,2.65,298,True,True,-11.327168464660645,-15.445533752441406,distance_matrix,tSNE
train,5csw,BRAF,inactive,0,in,out,dfg_in_alphac_out,1,2.66,254,True,True,-28.1954402923584,23.4190616607666,distance_matrix,tSNE
train,7er2,EGFR,active,1,in,in,active,1,2.662,292,True,True,-1.3253915309906006,-7.9956583976745605,distance_matrix,tSNE
train,6s9d,EGFR,active,1,in,in,active,1,2.67,300,True,True,-6.615584850311279,-18.06878662109375,distance_matrix,tSNE
train,2itq,EGFR,active,1,in,in,active,1,2.68,300,True,True,14.785592079162598,-8.018586158752441,distance_matrix,tSNE
train,6b8u,BRAF,inactive,0,out,in,dfg_out_alphac_in,1,2.68,253,True,True,-27.696144104003906,24.43954086303711,distance_matrix,tSNE
train,8hv7,EGFR,active,1,in,in,active,1,2.69,301,True,True,11.101214408874512,-16.569927215576172,distance_matrix,tSNE
train,4joa,ALK,active,1,in,in,active,1,2.7,250,True,True,-9.305318832397461,-6.9654459953308105,distance_matrix,tSNE
train,6nvl,FGFR1,active,1,in,in,active,1,2.7,265,True,True,18.598371505737305,6.003300666809082,distance_matrix,tSNE
train,5c9c,BRAF,inactive,0,out,in,dfg_out_alphac_in,1,2.7,251,True,True,-28.94183349609375,24.082738876342773,distance_matrix,tSNE
train,3idp,BRAF,inactive,0,out,in,dfg_out_alphac_in,1,2.7,256,True,True,-26.941722869873047,25.084535598754883,distance_matrix,tSNE
train,6s89,EGFR,active,1,in,in,active,1,2.7,310,True,True,13.599695205688477,-7.151195526123047,distance_matrix,tSNE
train,4zjv,EGFR,inactive,0,out,in,dfg_out_alphac_in,0,2.7,282,True,True,16.633085250854492,-11.358019828796387,distance_matrix,tSNE
train,8tjl,EGFR,active,1,in,in,active,1,2.7,306,True,True,4.813056945800781,-4.989063739776611,distance_matrix,tSNE
train,4rj6,EGFR,active,1,in,in,active,1,2.7,297,True,True,-8.902146339416504,-14.838698387145996,distance_matrix,tSNE
train,5cal,EGFR,active,1,in,in,active,1,2.7,300,True,True,-9.625690460205078,-18.34990119934082,distance_matrix,tSNE
train,3lzb,EGFR,inactive,0,in,out,dfg_in_alphac_out,1,2.7,261,True,True,-12.166769027709961,-15.132041931152344,distance_matrix,tSNE
train,4jr3,EGFR,active,1,in,in,active,1,2.7,303,True,True,15.08983325958252,-7.189696311950684,distance_matrix,tSNE
train,4ez5,CDK6,inactive,0,in,out,dfg_in_alphac_out,1,2.7,258,True,True,-11.448212623596191,-9.80976676940918,distance_matrix,tSNE
train,2g2f,ABL1,inactive,0,out-like,in,dfg_out_alphac_in,1,2.7,275,True,True,-1.7208499908447266,4.591253280639648,distance_matrix,tSNE
train,3ky2,FGFR1,active,1,in,in,active,0,2.7,280,True,True,19.830902099609375,4.383349418640137,distance_matrix,tSNE
train,5jt2,BRAF,inactive,0,in,out,dfg_in_alphac_out,1,2.7,234,True,True,-26.307802200317383,23.507917404174805,distance_matrix,tSNE
train,3ocb,AKT1,active,1,in,in,active,1,2.7,319,True,True,-17.40620231628418,14.105563163757324,distance_matrix,tSNE
train,5xdl,EGFR,active,1,in,in,active,1,2.7,292,True,True,-9.715892791748047,-18.254926681518555,distance_matrix,tSNE
train,3o96,AKT1,inactive,0,out,na,unknown,1,2.7,367,True,True,-13.275283813476562,19.02698516845703,distance_matrix,tSNE
train,5kcv,AKT1,inactive,0,out,na,unknown,1,2.7,353,True,True,-10.956921577453613,18.210824966430664,distance_matrix,tSNE
train,3nux,CDK6,inactive,0,in,out,dfg_in_alphac_out,1,2.7,261,True,True,-11.775757789611816,-10.320926666259766,distance_matrix,tSNE
train,5fee,EGFR,active,1,in,in,active,1,2.7,287,True,True,-1.3363932371139526,-6.545224666595459,distance_matrix,tSNE
train,6hhi,AKT1,inactive,0,out,na,unknown,1,2.7,389,True,True,-11.280755043029785,19.402507781982422,distance_matrix,tSNE
train,6hhh,AKT1,inactive,0,out,na,unknown,1,2.7,379,True,True,-12.43379020690918,19.175580978393555,distance_matrix,tSNE
train,6oql,CDK6,inactive,0,in,out,dfg_in_alphac_out,1,2.707,263,True,True,-11.928049087524414,-10.802144050598145,distance_matrix,tSNE
train,2itz,EGFR,active,1,in,in,active,1,2.72,302,True,True,9.573277473449707,-18.95648765563965,distance_matrix,tSNE
train,7cc2,ABL1,inactive,0,out-like,in,dfg_out_alphac_in,1,2.723,263,True,True,-0.2308425009250641,4.51945686340332,distance_matrix,tSNE
train,2itt,EGFR,active,1,in,in,active,1,2.73,302,True,True,9.835923194885254,-18.21160125732422,distance_matrix,tSNE
train,6s9c,EGFR,active,1,in,in,active,1,2.73,301,True,True,-6.856194972991943,-18.132402420043945,distance_matrix,tSNE
train,4jq7,EGFR,active,1,in,in,active,1,2.73,303,True,True,15.096041679382324,-7.424405574798584,distance_matrix,tSNE
train,5cav,EGFR,active,1,in,in,active,1,2.73,306,True,True,14.353014945983887,-7.30061149597168,distance_matrix,tSNE
train,2itp,EGFR,active,1,in,in,active,1,2.74,305,True,True,14.933564186096191,-8.179641723632812,distance_matrix,tSNE
train,8f7p,BRAF,inactive,0,out,in,dfg_out_alphac_in,1,2.74,255,True,True,-26.711349487304688,25.41275405883789,distance_matrix,tSNE
train,8f1y,EGFR,active,1,in,in,active,1,2.75,293,True,True,-1.1466915607452393,-5.463922500610352,distance_matrix,tSNE
train,4hjo,EGFR,inactive,0,in,out,dfg_in_alphac_out,1,2.75,278,True,True,-16.485912322998047,25.71031951904297,distance_matrix,tSNE
train,5l2i,CDK6,inactive,0,in,out,dfg_in_alphac_out,1,2.75,260,True,True,-11.843400001525879,-10.270831108093262,distance_matrix,tSNE
train,3ug1,EGFR,active,1,in,in,active,0,2.75,296,True,True,0.4486902058124542,-4.0295329093933105,distance_matrix,tSNE
train,8hva,EGFR,active,1,in,in,active,1,2.77,301,True,True,11.926753044128418,-15.236465454101562,distance_matrix,tSNE
train,8i0m,CDK6,inactive,0,in,out,dfg_in_alphac_out,1,2.7772,260,True,True,-11.279111862182617,-9.785664558410645,distance_matrix,tSNE
train,5em6,EGFR,active,1,in,in,active,1,2.78,301,True,True,-8.394477844238281,-16.42657470703125,distance_matrix,tSNE
train,4rj4,EGFR,active,1,in,in,active,1,2.78,299,True,True,-8.770663261413574,-16.788471221923828,distance_matrix,tSNE
train,3ii5,BRAF,inactive,0,out,in,dfg_out_alphac_in,1,2.79,257,True,True,-26.669597625732422,25.23063850402832,distance_matrix,tSNE
train,5gmp,EGFR,active,1,in,in,active,1,2.8,305,True,True,8.87977123260498,-19.31705665588379,distance_matrix,tSNE
train,2hz4,ABL1,active,1,in,in,active,1,2.8,262,True,True,-0.44112566113471985,4.508608818054199,distance_matrix,tSNE
train,2f2c,CDK6,active,1,in,in,active,1,2.8,280,True,True,13.619231224060059,2.918217658996582,distance_matrix,tSNE
train,4mnf,BRAF,active,1,in,in,active,1,2.8,257,True,True,-24.85462188720703,25.874420166015625,distance_matrix,tSNE
train,4xv3,BRAF,inactive,0,in,out,dfg_in_alphac_out,1,2.8,238,False,True,-22.744211196899414,2.176093578338623,distance_matrix,tSNE
train,4g5j,EGFR,active,1,in,in,active,1,2.8,307,True,True,-2.0869226455688477,-4.419192790985107,distance_matrix,tSNE
train,2w99,CDK4,inactive,0,in,out,dfg_in_alphac_out,0,2.8,291,True,True,13.55346965789795,3.9636480808258057,distance_matrix,tSNE
train,3gql,FGFR1,active,1,in,in,active,1,2.8,275,True,True,-2.456073522567749,-24.152997970581055,distance_matrix,tSNE
train,6jrk,EGFR,active,1,in,in,active,1,2.8,283,True,True,-10.173620223999023,-9.507513999938965,distance_matrix,tSNE
train,6p1l,EGFR,inactive,0,in,out,dfg_in_alphac_out,1,2.8,288,True,True,-12.106453895568848,-18.546306610107422,distance_matrix,tSNE
train,5czh,EGFR,active,1,in,in,active,0,2.8,311,True,True,13.325861930847168,-6.288459777832031,distance_matrix,tSNE
train,5j9y,EGFR,active,1,in,in,active,1,2.8,300,True,True,12.243400573730469,-14.68790340423584,distance_matrix,tSNE
train,8f1h,EGFR,active,1,in,in,active,1,2.8,307,True,True,15.564094543457031,-8.12512493133545,distance_matrix,tSNE
train,5edq,EGFR,active,1,in,in,active,1,2.8,298,True,True,-2.5432701110839844,-26.90813636779785,distance_matrix,tSNE
train,2gs2,EGFR,active,1,in,in,active,0,2.8,305,True,True,3.935880661010742,-4.174229145050049,distance_matrix,tSNE
train,8hv2,EGFR,active,1,in,in,active,1,2.8,299,True,True,11.54739761352539,-15.976663589477539,distance_matrix,tSNE
train,6p8g,CDK4,inactive,0,in,out,dfg_in_alphac_out,0,2.8,259,True,False,-15.341171264648438,-10.266241073608398,distance_matrix,tSNE
train,2itu,EGFR,active,1,in,in,active,1,2.8,304,True,True,9.340924263000488,-18.754032135009766,distance_matrix,tSNE
train,1bi8,CDK6,inactive,0,out,na,unknown,0,2.8,264,True,True,-7.6687541007995605,-5.286932945251465,distance_matrix,tSNE
train,3tt0,FGFR1,active,1,in,in,active,1,2.8,272,True,True,-3.3948416709899902,-25.442584991455078,distance_matrix,tSNE
train,3d4q,BRAF,active,1,in,in,active,1,2.8,264,True,True,-22.308595657348633,27.356836318969727,distance_matrix,tSNE
train,6edl,ALK,active,1,in,in,active,1,2.8,282,False,True,-22.548978805541992,3.325026512145996,distance_matrix,tSNE
train,6vh4,EGFR,active,1,in,in,active,1,2.8,295,True,True,-0.7807329893112183,-5.800098896026611,distance_matrix,tSNE
train,4jrv,EGFR,active,1,in,in,active,1,2.8,300,True,True,3.8632586002349854,-3.704887866973877,distance_matrix,tSNE
train,3gop,EGFR,inactive,0,out-like,out,inactive,0,2.8,300,True,True,-43.610416412353516,-8.809107780456543,distance_matrix,tSNE
train,5can,EGFR,active,1,in,in,active,1,2.8,301,True,True,-8.487585067749023,-18.189739227294922,distance_matrix,tSNE
train,4zau,EGFR,active,1,in,in,active,1,2.8,283,True,True,-2.1802055835723877,-4.919854164123535,distance_matrix,tSNE
train,4ekk,AKT1,active,1,in,in,active,1,2.8,318,True,True,-16.866220474243164,14.178199768066406,distance_matrix,tSNE
train,7zyp,EGFR,active,1,in,in,active,1,2.8,305,True,True,14.142964363098145,-6.751703262329102,distance_matrix,tSNE
train,5em8,EGFR,active,1,in,in,active,1,2.8,303,True,True,3.2694029808044434,-4.743765354156494,distance_matrix,tSNE
train,4i23,EGFR,active,1,in,in,active,1,2.8,304,True,True,5.66469669342041,-4.451208591461182,distance_matrix,tSNE
train,5em7,EGFR,active,1,in,in,active,1,2.81,300,True,True,-8.569283485412598,-16.714345932006836,distance_matrix,tSNE
train,4wo5,BRAF,inactive,0,in,out,dfg_in_alphac_out,1,2.83,257,True,True,-24.72019386291504,25.538768768310547,distance_matrix,tSNE
train,4jq8,EGFR,active,1,in,in,active,1,2.83,303,True,True,15.25615406036377,-7.540129661560059,distance_matrix,tSNE
train,2eb3,EGFR,active,1,in,in,active,1,2.84,294,True,True,-1.0210323333740234,-26.223608016967773,distance_matrix,tSNE
train,4mne,BRAF,active,1,in,in,active,0,2.85,258,True,True,-19.507719039916992,28.47820472717285,distance_matrix,tSNE
train,5hib,EGFR,active,1,in,in,active,1,2.85,314,True,True,11.816282272338867,-16.253864288330078,distance_matrix,tSNE
train,2w9f,CDK4,inactive,0,in,out,dfg_in_alphac_out,0,2.85,261,True,True,13.271821975708008,4.036287307739258,distance_matrix,tSNE
train,5zv2,FGFR1,active,1,in,in,active,1,2.86,284,True,True,20.7092227935791,6.869898319244385,distance_matrix,tSNE
train,6jz0,EGFR,active,1,in,in,active,1,2.86,311,True,True,8.1217622756958,-4.910602569580078,distance_matrix,tSNE
train,8ssn,ABL1,inactive,0,in,out,dfg_in_alphac_out,1,2.86,420,True,True,-1.755983591079712,16.978849411010742,distance_matrix,tSNE
train,2itw,EGFR,active,1,in,in,active,1,2.88,300,True,True,13.980256080627441,-7.272677898406982,distance_matrix,tSNE
train,7shv,BRAF,active,1,in,in,active,1,2.88,261,True,True,-21.7247257232666,26.968257904052734,distance_matrix,tSNE
train,6p8f,CDK4,inactive,0,in,out,dfg_in_alphac_out,0,2.89,262,True,False,-15.575104713439941,-10.356017112731934,distance_matrix,tSNE
train,6u2g,BRAF,inactive,0,in,out,dfg_in_alphac_out,1,2.89,264,True,True,-19.56209945678711,29.520851135253906,distance_matrix,tSNE
train,4xey,ABL1,inactive,0,out-like,in,dfg_out_alphac_in,1,2.89,359,True,True,-2.479344606399536,-0.8770599961280823,distance_matrix,tSNE
train,5fd2,BRAF,inactive,0,in,out,dfg_in_alphac_out,1,2.89,264,True,True,-19.81979751586914,29.2147216796875,distance_matrix,tSNE
train,6p68,FGFR1,active,1,in,in,active,1,2.9,287,True,True,20.001192092895508,7.841998100280762,distance_matrix,tSNE
train,6hhf,AKT1,inactive,0,out,na,unknown,1,2.9,366,True,True,-10.982001304626465,18.271493911743164,distance_matrix,tSNE
train,4yc8,ABL1,inactive,0,out-like,in,dfg_out_alphac_in,1,2.9,264,True,True,-0.10108334571123123,4.390487194061279,distance_matrix,tSNE
train,3prf,BRAF,active,1,in,in,active,1,2.9,262,True,True,-23.9520320892334,26.407527923583984,distance_matrix,tSNE
train,2fb8,BRAF,active,1,in,in,active,1,2.9,259,True,True,-23.11791229248047,26.691164016723633,distance_matrix,tSNE
train,2rfe,EGFR,inactive,0,in,out,dfg_in_alphac_out,0,2.9,262,True,True,-1.6482311487197876,16.862958908081055,distance_matrix,tSNE
train,3ika,EGFR,inactive,0,out-like,out,inactive,0,2.9,310,True,True,15.542445182800293,-12.478215217590332,distance_matrix,tSNE
train,5c8m,EGFR,active,1,in,in,active,1,2.9,302,True,True,-8.671095848083496,-18.31279945373535,distance_matrix,tSNE
train,5zwj,EGFR,inactive,0,in,out,dfg_in_alphac_out,1,2.9,267,True,True,-3.1572775840759277,-27.48890495300293,distance_matrix,tSNE
train,5edp,EGFR,active,1,in,in,active,0,2.9,295,True,True,-10.212596893310547,-18.28954315185547,distance_matrix,tSNE
train,1xo2,CDK6,active,1,in,in,active,1,2.9,289,True,True,13.579876899719238,2.5750808715820312,distance_matrix,tSNE
train,4tth,CDK6,active,1,in,in,active,1,2.9,256,True,True,-1.8537497520446777,0.7656570672988892,distance_matrix,tSNE
train,4r3p,EGFR,active,1,in,in,active,0,2.9,310,True,True,13.52652359008789,-6.304859161376953,distance_matrix,tSNE
train,1g3n,CDK6,inactive,0,out,out,inactive,0,2.9,293,True,True,14.182670593261719,3.8838977813720703,distance_matrix,tSNE
train,8hy7,EGFR,active,1,in,in,active,1,2.91,299,True,True,-9.025609016418457,-14.888463020324707,distance_matrix,tSNE
train,7lg8,EGFR,inactive,0,in,out,dfg_in_alphac_out,1,2.93,280,True,True,-1.2500158548355103,-27.73125457763672,distance_matrix,tSNE
train,4ksp,BRAF,inactive,0,out,in,dfg_out_alphac_in,1,2.93,256,True,True,-27.409996032714844,24.806753158569336,distance_matrix,tSNE
train,6jrj,EGFR,active,1,in,in,active,1,2.94,288,True,True,-10.168834686279297,-15.050579071044922,distance_matrix,tSNE
train,4fc0,BRAF,inactive,0,out,in,dfg_out_alphac_in,1,2.95,254,True,True,-28.898502349853516,24.11764907836914,distance_matrix,tSNE
train,5xgm,EGFR,active,1,in,in,active,1,2.95,288,True,True,-11.34826374053955,-16.897422790527344,distance_matrix,tSNE
train,1uwh,BRAF,inactive,0,out,in,dfg_out_alphac_in,1,2.95,264,True,True,-22.89772605895996,27.90462875366211,distance_matrix,tSNE
train,5x27,EGFR,active,1,in,in,active,1,2.95,302,True,True,10.107474327087402,-18.4611759185791,distance_matrix,tSNE
train,5x26,EGFR,active,1,in,in,active,1,2.95,302,True,True,9.961438179016113,-18.03445053100586,distance_matrix,tSNE
train,5x28,EGFR,active,1,in,in,active,1,2.95,310,True,True,10.13359260559082,-18.451114654541016,distance_matrix,tSNE
train,3gt8,EGFR,inactive,0,in,out,dfg_in_alphac_out,1,2.96,296,True,True,2.612109661102295,-27.664684295654297,distance_matrix,tSNE
train,7tvd,EGFR,active,1,in,in,active,0,2.96,292,True,True,-11.420004844665527,-16.90911293029785,distance_matrix,tSNE
train,8qqg,BRAF,inactive,0,out,in,dfg_out_alphac_in,1,2.979,269,False,True,-22.07571029663086,3.4675562381744385,distance_matrix,tSNE
train,4rwk,FGFR1,active,1,in,in,active,1,2.98,282,True,True,19.804792404174805,4.235090255737305,distance_matrix,tSNE
train,4riy,EGFR,active,1,in,in,active,1,2.98,297,True,True,15.720166206359863,-8.918474197387695,distance_matrix,tSNE
train,2itx,EGFR,active,1,in,in,active,1,2.98,307,True,True,11.935349464416504,-15.36052131652832,distance_matrix,tSNE
train,4rzv,BRAF,inactive,0,in,out,dfg_in_alphac_out,1,2.99,261,True,True,-22.13777732849121,26.40601348876953,distance_matrix,tSNE
train,8to4,EGFR,inactive,0,in,out,dfg_in_alphac_out,1,2.99,300,True,True,-5.548182964324951,-17.449485778808594,distance_matrix,tSNE
train,5hie,BRAF,inactive,0,in,out,dfg_in_alphac_out,1,3.0,253,True,True,-13.481439590454102,-8.939502716064453,distance_matrix,tSNE
train,3ppk,BRAF,active,1,in,in,active,1,3.0,264,True,True,-22.162261962890625,27.09596061706543,distance_matrix,tSNE
train,5xgn,EGFR,active,1,in,in,active,1,3.0,308,True,True,12.821343421936035,-16.738237380981445,distance_matrix,tSNE
train,4r5s,EGFR,active,1,in,in,active,1,3.0,299,True,True,9.346028327941895,-17.92173957824707,distance_matrix,tSNE
train,7jxi,EGFR,inactive,0,in,out,dfg_in_alphac_out,1,3.0,290,True,True,-2.986839532852173,-28.17603302001953,distance_matrix,tSNE
train,5gtz,EGFR,active,1,in,in,active,1,3.0,317,True,True,10.791030883789062,-17.189620971679688,distance_matrix,tSNE
train,2j5f,EGFR,active,1,in,in,active,1,3.0,308,True,True,10.678096771240234,-17.9727840423584,distance_matrix,tSNE
train,2euf,CDK6,active,1,in,in,active,1,3.0,282,True,True,13.644113540649414,3.1105008125305176,distance_matrix,tSNE
train,3g33,CDK4,inactive,0,in,out,dfg_in_alphac_out,0,3.0,291,True,True,13.706778526306152,4.234724998474121,distance_matrix,tSNE
train,4i1z,EGFR,inactive,0,out-like,in,dfg_out_alphac_in,0,3.0,287,True,True,16.966062545776367,-11.436583518981934,distance_matrix,tSNE
train,5c8k,EGFR,active,1,in,in,active,1,3.0,300,True,True,-9.707918167114258,-18.310298919677734,distance_matrix,tSNE
train,6nsq,BRAF,inactive,0,out,in,dfg_out_alphac_in,1,3.05,253,True,True,-29.214879989624023,23.770503997802734,distance_matrix,tSNE
train,2jiu,EGFR,inactive,0,out-like,out,inactive,0,3.05,309,True,True,16.286043167114258,-10.403639793395996,distance_matrix,tSNE
train,4yht,BRAF,active,1,in,in,active,1,3.05,258,True,True,-22.639936447143555,26.65195083618164,distance_matrix,tSNE
train,5uwd,EGFR,inactive,0,out-like,out,inactive,1,3.06,271,True,True,3.0630812644958496,-26.22369956970215,distance_matrix,tSNE
train,6v2x,BRAF,inactive,0,in,out,dfg_in_alphac_out,1,3.09,274,True,True,-14.699650764465332,34.16118621826172,distance_matrix,tSNE
train,4jvg,BRAF,inactive,0,out,in,dfg_out_alphac_in,1,3.09,259,True,True,-26.546247482299805,25.400644302368164,distance_matrix,tSNE
train,7m0w,BRAF,inactive,0,in,out,dfg_in_alphac_out,1,3.09,274,True,True,-14.327313423156738,34.97516632080078,distance_matrix,tSNE
train,6v30,BRAF,inactive,0,in,out,dfg_in_alphac_out,1,3.09,274,True,True,-14.410139083862305,35.291343688964844,distance_matrix,tSNE
train,7m0u,BRAF,inactive,0,in,out,dfg_in_alphac_out,1,3.09,274,True,True,-14.784957885742188,35.1346321105957,distance_matrix,tSNE
train,7lgs,EGFR,active,1,in,in,active,1,3.1,283,True,True,7.2050981521606445,-4.293255805969238,distance_matrix,tSNE
train,4rj5,EGFR,active,1,in,in,active,1,3.1,296,True,True,-11.30311107635498,-15.255271911621094,distance_matrix,tSNE
train,4rix,EGFR,active,1,in,in,active,1,3.1,297,True,True,15.60333251953125,-8.819317817687988,distance_matrix,tSNE
train,7jxk,EGFR,inactive,0,in,out,dfg_in_alphac_out,1,3.1,293,True,True,-0.9455664157867432,-28.1224308013916,distance_matrix,tSNE
train,7syd,EGFR,inactive,0,in,out,dfg_in_alphac_out,0,3.1,614,False,False,49.221221923828125,0.8653169274330139,distance_matrix,tSNE
train,2jit,EGFR,inactive,0,out-like,out,inactive,0,3.1,299,True,True,15.605203628540039,-9.469766616821289,distance_matrix,tSNE
train,4h58,BRAF,inactive,0,out,in,dfg_out_alphac_in,0,3.1,272,True,True,-17.531574249267578,32.555198669433594,distance_matrix,tSNE
train,4riw,EGFR,active,1,in,in,active,1,3.1,293,True,True,12.466692924499512,-14.327350616455078,distance_matrix,tSNE
train,7ky0,EGFR,inactive,0,in,out,dfg_in_alphac_out,1,3.1,288,True,True,0.6034027338027954,-27.474760055541992,distance_matrix,tSNE
train,1jow,CDK6,active,1,in,in,active,0,3.1,277,True,True,13.625513076782227,3.0017037391662598,distance_matrix,tSNE
train,5y25,EGFR,active,1,in,in,active,1,3.1,292,True,True,-11.44111156463623,-16.86402130126953,distance_matrix,tSNE
train,3q96,BRAF,inactive,0,out,in,dfg_out_alphac_in,1,3.1,262,True,True,-22.697832107543945,28.831174850463867,distance_matrix,tSNE
train,2j6m,EGFR,active,1,in,in,active,1,3.1,306,True,True,14.393098831176758,-7.908308506011963,distance_matrix,tSNE
train,2j5e,EGFR,active,1,in,in,active,0,3.1,309,True,True,16.12828254699707,-7.202350616455078,distance_matrix,tSNE
train,6v2w,BRAF,inactive,0,in,out,dfg_in_alphac_out,1,3.12,275,True,True,-15.04456901550293,34.2799072265625,distance_matrix,tSNE
train,6v31,BRAF,inactive,0,in,out,dfg_in_alphac_out,1,3.12,273,True,True,-14.420984268188477,34.52341079711914,distance_matrix,tSNE
train,7m0z,BRAF,inactive,0,in,out,dfg_in_alphac_out,1,3.12,273,True,True,-14.420984268188477,34.52341079711914,distance_matrix,tSNE
train,2g2i,ABL1,active,1,in,in,active,1,3.12,271,True,True,-0.8799706697463989,4.693256855010986,distance_matrix,tSNE
train,5gty,EGFR,inactive,0,in,out,dfg_in_alphac_out,1,3.14,297,True,True,-6.9175310134887695,-13.205794334411621,distance_matrix,tSNE
train,6v34,BRAF,inactive,0,out,in,dfg_out_alphac_in,1,3.15,247,True,True,-29.311847686767578,23.520292282104492,distance_matrix,tSNE
train,4dbn,BRAF,inactive,0,out,in,dfg_out_alphac_in,1,3.15,263,True,True,-22.722951889038086,28.80170440673828,distance_matrix,tSNE
train,6v2z,BRAF,inactive,0,in,out,dfg_in_alphac_out,1,3.16,274,True,True,-14.675163269042969,35.6437873840332,distance_matrix,tSNE
train,7m0v,BRAF,inactive,0,in,out,dfg_in_alphac_out,1,3.16,274,True,True,-14.857353210449219,35.66594696044922,distance_matrix,tSNE
train,5ct7,BRAF,inactive,0,out,in,dfg_out_alphac_in,1,3.17,254,True,True,-28.346389770507812,23.869306564331055,distance_matrix,tSNE
train,4g5p,EGFR,inactive,0,out-like,out,inactive,0,3.17,303,True,True,11.115391731262207,-18.664518356323242,distance_matrix,tSNE
train,6v32,BRAF,inactive,0,in,out,dfg_in_alphac_out,1,3.19,274,True,True,-14.884464263916016,34.18838882446289,distance_matrix,tSNE
train,6p8h,CDK4,inactive,0,in,out,dfg_in_alphac_out,0,3.19,258,True,False,-15.412923812866211,-10.291560173034668,distance_matrix,tSNE
train,7m0t,BRAF,inactive,0,in,out,dfg_in_alphac_out,1,3.19,274,True,True,-15.217884063720703,34.585289001464844,distance_matrix,tSNE
train,3kxx,FGFR1,active,1,in,in,active,0,3.2,286,True,True,16.341880798339844,-5.519036769866943,distance_matrix,tSNE
train,5x2k,EGFR,active,1,in,in,active,1,3.2,314,True,True,-0.5777499079704285,-9.116104125976562,distance_matrix,tSNE
train,4g9r,BRAF,inactive,0,out,in,dfg_out_alphac_in,1,3.2,262,True,True,-22.695274353027344,27.69729995727539,distance_matrix,tSNE
train,3skc,BRAF,inactive,0,in,out,dfg_in_alphac_out,1,3.2,276,True,True,-16.42577362060547,33.88727951049805,distance_matrix,tSNE
train,4tks,EGFR,active,1,in,in,active,0,3.2,307,True,True,3.6114885807037354,-3.922309398651123,distance_matrix,tSNE
train,8f1w,EGFR,inactive,0,in,out,dfg_in_alphac_out,1,3.2,303,True,True,17.850154876708984,-16.100963592529297,distance_matrix,tSNE
train,3q4c,BRAF,active,1,in,in,active,1,3.2,264,True,True,-21.780902862548828,27.353622436523438,distance_matrix,tSNE
train,7k1i,EGFR,inactive,0,in,out,dfg_in_alphac_out,1,3.202,288,True,True,-3.6527814865112305,-28.368488311767578,distance_matrix,tSNE
train,3rcd,ERBB2,inactive,0,in,out,dfg_in_alphac_out,1,3.21,271,True,True,-11.910848617553711,-14.362309455871582,distance_matrix,tSNE
train,8kfq,EGFR,active,1,in,in,active,1,3.22,301,True,True,-8.686553955078125,-16.717065811157227,distance_matrix,tSNE
train,2ito,EGFR,active,1,in,in,active,1,3.25,303,True,True,10.183672904968262,-18.508089065551758,distance_matrix,tSNE
train,6s9b,EGFR,active,1,in,in,active,1,3.25,291,True,True,-6.870040416717529,-16.633136749267578,distance_matrix,tSNE
train,4r3r,EGFR,active,1,in,in,active,0,3.25,309,True,True,8.608430862426758,-5.103254795074463,distance_matrix,tSNE
train,5y9t,EGFR,active,1,in,in,active,1,3.25,300,True,True,5.909018516540527,-4.347611904144287,distance_matrix,tSNE
train,7jxh,ERBB2,inactive,0,in,out,dfg_in_alphac_out,1,3.27,272,True,True,-0.7000992298126221,-27.24713897705078,distance_matrix,tSNE
train,6uuo,BRAF,inactive,0,in,out,dfg_in_alphac_out,1,3.29,254,False,True,-23.226221084594727,3.542742967605591,distance_matrix,tSNE
train,4ksq,BRAF,inactive,0,out,in,dfg_out_alphac_in,1,3.3,258,True,True,-27.345964431762695,24.718015670776367,distance_matrix,tSNE
train,4ehe,BRAF,inactive,0,in,out,dfg_in_alphac_out,1,3.3,266,True,True,-20.863269805908203,28.380168914794922,distance_matrix,tSNE
train,7sz0,EGFR,inactive,0,in,out,dfg_in_alphac_out,0,3.3,614,False,False,49.223182678222656,0.8648132085800171,distance_matrix,tSNE
train,4wd5,EGFR,inactive,0,out-like,out,inactive,0,3.3,304,True,True,12.782021522521973,-17.004968643188477,distance_matrix,tSNE
train,7sye,EGFR,inactive,0,in,out,dfg_in_alphac_out,0,3.3,614,False,False,49.21982955932617,0.8652551174163818,distance_matrix,tSNE
train,6xag,BRAF,active,1,in,in,active,0,3.3,275,True,True,-18.33517074584961,29.799213409423828,distance_matrix,tSNE
train,3tv6,BRAF,inactive,0,in,out,dfg_in_alphac_out,1,3.3,276,True,True,-16.393978118896484,33.882476806640625,distance_matrix,tSNE
train,5jeb,EGFR,active,1,in,in,active,1,3.3,299,True,True,5.443019866943359,-3.8159003257751465,distance_matrix,tSNE
train,8eme,EGFR,inactive,0,in,out,dfg_in_alphac_out,1,3.32,267,False,True,-21.301801681518555,4.325929641723633,distance_matrix,tSNE
train,4i20,EGFR,inactive,0,out,in,dfg_out_alphac_in,0,3.34,287,True,True,16.9417724609375,-11.431724548339844,distance_matrix,tSNE
train,4i21,EGFR,inactive,0,out-like,in,dfg_out_alphac_in,0,3.37,302,True,True,16.689891815185547,-11.358790397644043,distance_matrix,tSNE
train,4pp7,BRAF,inactive,0,in,out,dfg_in_alphac_out,1,3.4,267,True,True,-19.196853637695312,29.733152389526367,distance_matrix,tSNE
train,3psb,BRAF,active,1,in,in,active,1,3.4,264,True,True,-22.154273986816406,27.13136863708496,distance_matrix,tSNE
train,1bi7,CDK6,inactive,0,out,na,unknown,0,3.4,269,True,True,-7.662184238433838,-5.292377471923828,distance_matrix,tSNE
train,3tv4,BRAF,inactive,0,in,out,dfg_in_alphac_out,1,3.4,276,True,True,-16.272855758666992,33.89646530151367,distance_matrix,tSNE
train,5feq,EGFR,active,1,in,in,active,1,3.4,290,True,True,-1.1779896020889282,-6.538237571716309,distance_matrix,tSNE
train,7sz1,EGFR,inactive,0,in,out,dfg_in_alphac_out,0,3.4,614,False,False,49.22111129760742,0.8653365969657898,distance_matrix,tSNE
train,7sz7,EGFR,inactive,0,in,out,dfg_in_alphac_out,0,3.4,614,False,False,49.224971771240234,0.8643863201141357,distance_matrix,tSNE
train,8h7x,EGFR,active,1,in,in,active,1,3.404,299,True,True,15.906254768371582,-9.185296058654785,distance_matrix,tSNE
train,2ity,EGFR,active,1,in,in,active,1,3.42,300,True,True,9.484853744506836,-18.851097106933594,distance_matrix,tSNE
train,1opl,ABL1,inactive,0,out-like,in,dfg_out_alphac_in,1,3.42,365,True,True,-1.6996935606002808,4.254344463348389,distance_matrix,tSNE
train,7u98,EGFR,inactive,0,in,out,dfg_in_alphac_out,1,3.42,287,True,True,-7.9726715087890625,-12.71390438079834,distance_matrix,tSNE
train,7m0y,BRAF,inactive,0,in,out,dfg_in_alphac_out,1,3.45,275,True,True,-15.256712913513184,34.65827178955078,distance_matrix,tSNE
train,6v2y,BRAF,inactive,0,in,out,dfg_in_alphac_out,1,3.451,275,True,True,-14.980278015136719,34.94086456298828,distance_matrix,tSNE
train,4rzw,BRAF,inactive,0,out,in,dfg_out_alphac_in,1,3.49,252,True,True,-28.96513557434082,23.421039581298828,distance_matrix,tSNE
train,2rf9,EGFR,inactive,0,out-like,in,dfg_out_alphac_in,0,3.5,280,True,True,2.9561617374420166,-2.437276601791382,distance_matrix,tSNE
train,1uwj,BRAF,inactive,0,out,in,dfg_out_alphac_in,1,3.5,263,True,True,-23.484527587890625,27.232955932617188,distance_matrix,tSNE
train,4g9c,BRAF,inactive,0,out,in,dfg_out_alphac_in,1,3.5,264,True,True,-22.827695846557617,27.97623634338379,distance_matrix,tSNE
train,4ehg,BRAF,inactive,0,in,out,dfg_in_alphac_out,1,3.5,260,True,True,-26.398088455200195,24.58182716369629,distance_matrix,tSNE
train,2jiv,EGFR,inactive,0,in,out,dfg_in_alphac_out,1,3.5,270,True,True,0.5431102514266968,-26.10235023498535,distance_matrix,tSNE
train,4r5y,BRAF,inactive,0,out,in,dfg_out_alphac_in,1,3.5,253,True,True,-28.336776733398438,23.736007690429688,distance_matrix,tSNE
train,3pri,BRAF,active,1,in,in,active,1,3.5,264,True,True,-22.374574661254883,27.358095169067383,distance_matrix,tSNE
train,4lrm,EGFR,active,1,in,in,active,1,3.53,293,True,True,16.33611297607422,-5.362497806549072,distance_matrix,tSNE
train,8f7o,BRAF,inactive,0,out,in,dfg_out_alphac_in,1,3.54,263,True,True,-23.537551879882812,27.89943504333496,distance_matrix,tSNE
train,2rfd,EGFR,inactive,0,in,out,dfg_in_alphac_out,0,3.6,286,True,True,-2.5489327907562256,-9.691372871398926,distance_matrix,tSNE
train,3psd,BRAF,active,1,in,in,active,1,3.6,262,True,True,-23.99030303955078,26.391090393066406,distance_matrix,tSNE
train,4e4x,BRAF,inactive,0,in,out,dfg_in_alphac_out,1,3.6,274,True,True,-16.404342651367188,33.865333557128906,distance_matrix,tSNE
train,4mbj,BRAF,inactive,0,in,out,dfg_in_alphac_out,1,3.6,269,True,True,-19.233856201171875,29.68476676940918,distance_matrix,tSNE
train,6vhp,EGFR,active,1,in,in,active,1,3.6,308,True,True,11.580914497375488,-15.846620559692383,distance_matrix,tSNE
train,7sz5,EGFR,inactive,0,in,out,dfg_in_alphac_out,0,3.6,614,False,False,49.223445892333984,0.8643032312393188,distance_matrix,tSNE
train,7mfd,BRAF,inactive,0,in,out,dfg_in_alphac_out,0,3.66,408,True,True,-13.948159217834473,34.9425048828125,distance_matrix,tSNE
train,3ppj,BRAF,active,1,in,in,active,1,3.7,262,True,True,-23.878841400146484,26.384166717529297,distance_matrix,tSNE
train,6v2u,BRAF,inactive,0,in,out,dfg_in_alphac_out,1,3.78,255,False,True,-23.12928581237793,2.550055980682373,distance_matrix,tSNE
train,5fwk,CDK4,active,1,in,na,unknown,0,3.9,209,True,False,-38.933921813964844,-4.728016376495361,distance_matrix,tSNE
train,8dgt,BRAF,inactive,0,in,out,dfg_in_alphac_out,1,3.9,429,True,True,-15.614372253417969,35.071163177490234,distance_matrix,tSNE
train,4ll0,EGFR,active,1,in,in,active,1,4.0,291,True,True,1.6412193775177002,-26.704099655151367,distance_matrix,tSNE
train,7mfe,BRAF,inactive,0,in,out,dfg_in_alphac_out,0,4.07,407,True,True,-14.114774703979492,35.44599533081055,distance_matrix,tSNE
train,8dgs,BRAF,inactive,0,in,out,dfg_in_alphac_out,1,4.3,425,True,True,-13.990395545959473,34.29387664794922,distance_matrix,tSNE
train,5fwp,CDK4,active,1,in,na,unknown,0,7.2,209,True,False,-38.936317443847656,-4.729870796203613,distance_matrix,tSNE
train,5fwm,CDK4,inactive,0,out-like,out,inactive,0,8.0,291,True,True,44.93990707397461,5.043395519256592,distance_matrix,tSNE
train,5fwl,CDK4,inactive,0,in,out,dfg_in_alphac_out,0,9.0,291,True,True,44.940216064453125,5.066651344299316,distance_matrix,tSNE
val,4r1v,MET,inactive,0,in,out,dfg_in_alphac_out,1,1.2,289,True,True,-50.07848358154297,-3.8372855186462402,distance_matrix,tSNE
val,3f66,MET,inactive,0,in,out,dfg_in_alphac_out,1,1.4,269,True,True,-43.97269058227539,-6.754257678985596,distance_matrix,tSNE
val,3zcl,MET,inactive,0,in,out,dfg_in_alphac_out,1,1.4,289,True,True,-50.27460479736328,-5.98063850402832,distance_matrix,tSNE
val,8pqd,KIT,active,1,in,in,active,1,1.5,297,True,True,18.311952590942383,11.404715538024902,distance_matrix,tSNE
val,3dkc,MET,inactive,0,in,out,dfg_in_alphac_out,1,1.52,312,True,True,-46.25572967529297,-3.3908026218414307,distance_matrix,tSNE
val,9c1r,MET,inactive,0,out,in,dfg_out_alphac_in,1,1.59,285,True,True,-20.10896873474121,2.2003684043884277,distance_matrix,tSNE
val,3q6u,MET,active,1,in,in,active,0,1.6,287,True,True,-43.8387451171875,-13.011539459228516,distance_matrix,tSNE
val,3g0e,KIT,inactive,0,out,in,dfg_out_alphac_in,1,1.6,332,True,True,23.14385986328125,16.74881362915039,distance_matrix,tSNE
val,1t46,KIT,inactive,0,out,in,dfg_out_alphac_in,1,1.6,297,True,True,23.155349731445312,9.605321884155273,distance_matrix,tSNE
val,4mxc,MET,inactive,0,out,in,dfg_out_alphac_in,1,1.63,290,True,True,-44.52114486694336,-6.394983291625977,distance_matrix,tSNE
val,8pqa,KIT,active,1,in,in,active,1,1.65,293,True,True,16.586103439331055,-2.029829263687134,distance_matrix,tSNE
val,5hti,MET,inactive,0,out,in,dfg_out_alphac_in,1,1.66,290,True,True,-44.51355743408203,-6.388240814208984,distance_matrix,tSNE
val,6sdc,MET,inactive,0,out,in,dfg_out_alphac_in,1,1.67,286,True,True,-44.51498794555664,-6.396944522857666,distance_matrix,tSNE
val,8pq9,KIT,active,1,in,in,active,1,1.7,296,True,True,18.182802200317383,11.298593521118164,distance_matrix,tSNE
val,7v3r,MET,inactive,0,out,in,dfg_out_alphac_in,1,1.7,285,True,True,-42.31901168823242,-7.133829116821289,distance_matrix,tSNE
val,5hni,MET,inactive,0,in,out,dfg_in_alphac_out,1,1.71,245,True,True,-21.55377769470215,4.156232833862305,distance_matrix,tSNE
val,4xmo,MET,inactive,0,in,out,dfg_in_alphac_out,1,1.75,289,True,True,-50.735443115234375,-4.057220935821533,distance_matrix,tSNE
val,7b3q,MET,inactive,0,in,out,dfg_in_alphac_out,1,1.75,283,True,True,-19.177358627319336,1.9065135717391968,distance_matrix,tSNE
val,5eob,MET,inactive,0,in,out,dfg_in_alphac_out,1,1.75,288,True,True,-46.585567474365234,-6.814477443695068,distance_matrix,tSNE
val,3q6w,MET,active,1,in,in,active,1,1.75,297,True,True,-43.28078842163086,-7.927292823791504,distance_matrix,tSNE
val,7b40,MET,inactive,0,in,out,dfg_in_alphac_out,1,1.76,279,True,True,-19.17131996154785,1.9050185680389404,distance_matrix,tSNE
val,7b44,MET,inactive,0,in,out,dfg_in_alphac_out,1,1.76,282,True,True,-19.17108726501465,1.9061120748519897,distance_matrix,tSNE
val,8ouu,MET,inactive,0,out,out,inactive,1,1.77,284,True,True,-44.44609069824219,-5.449878215789795,distance_matrix,tSNE
val,8pqc,KIT,active,1,in,in,active,1,1.77,297,True,True,18.656435012817383,11.457073211669922,distance_matrix,tSNE
val,8ouv,MET,inactive,0,out,out,inactive,1,1.783,294,True,True,-46.362579345703125,-3.2815825939178467,distance_matrix,tSNE
val,4ap7,MET,inactive,0,in,out,dfg_in_alphac_out,1,1.8,289,True,True,-49.68381118774414,-5.586005210876465,distance_matrix,tSNE
val,3zxz,MET,inactive,0,in,out,dfg_in_alphac_out,1,1.8,289,True,True,-50.382381439208984,-5.8512797355651855,distance_matrix,tSNE
val,5eyc,MET,inactive,0,in,out,dfg_in_alphac_out,1,1.8,288,True,True,-51.049072265625,-4.484653949737549,distance_matrix,tSNE
val,3dkf,MET,inactive,0,in,out,dfg_in_alphac_out,1,1.8,294,True,True,-41.62158966064453,-10.79664421081543,distance_matrix,tSNE
val,4eev,MET,inactive,0,out,in,dfg_out_alphac_in,1,1.8,283,True,True,-43.56563186645508,-12.880911827087402,distance_matrix,tSNE
val,1r1w,MET,inactive,0,in,out,dfg_in_alphac_out,0,1.8,287,True,True,-41.959510803222656,-11.175619125366211,distance_matrix,tSNE
val,1r0p,MET,inactive,0,in,out,dfg_in_alphac_out,1,1.8,301,True,True,-47.588417053222656,-4.056872844696045,distance_matrix,tSNE
val,7b42,MET,inactive,0,in,out,dfg_in_alphac_out,1,1.8,279,True,True,-40.57814407348633,-6.917640209197998,distance_matrix,tSNE
val,6mob,KIT,inactive,0,out,in,dfg_out_alphac_in,1,1.8,306,True,True,22.509323120117188,17.109106063842773,distance_matrix,tSNE
val,7b3z,MET,inactive,0,in,out,dfg_in_alphac_out,1,1.8,277,True,True,-19.19352912902832,1.9140931367874146,distance_matrix,tSNE
val,4xyf,MET,inactive,0,in,out,dfg_in_alphac_out,1,1.85,290,True,True,-50.54582214355469,-4.33031702041626,distance_matrix,tSNE
val,5eyd,MET,inactive,0,in,out,dfg_in_alphac_out,1,1.85,289,True,True,-50.5541877746582,-4.369508266448975,distance_matrix,tSNE
val,7b43,MET,inactive,0,in,out,dfg_in_alphac_out,1,1.87,277,True,True,-19.196266174316406,1.913360357284546,distance_matrix,tSNE
val,3zze,MET,inactive,0,in,out,dfg_in_alphac_out,1,1.87,286,True,True,-50.20868682861328,-5.936574459075928,distance_matrix,tSNE
val,8pqb,KIT,active,1,in,in,active,1,1.87,280,True,True,-1.1194156408309937,21.207763671875,distance_matrix,tSNE
val,6itv,KIT,inactive,0,out,in,dfg_out_alphac_in,1,1.88,297,True,True,22.87075424194336,11.763458251953125,distance_matrix,tSNE
val,5ya5,MET,inactive,0,in,out,dfg_in_alphac_out,1,1.89,273,True,True,-51.60057830810547,-4.267284870147705,distance_matrix,tSNE
val,4hvs,KIT,inactive,0,out,in,dfg_out_alphac_in,1,1.9,326,True,True,22.718372344970703,16.6904354095459,distance_matrix,tSNE
val,7v3s,MET,inactive,0,out,in,dfg_out_alphac_in,1,1.9,284,True,True,-41.73755645751953,-7.571862697601318,distance_matrix,tSNE
val,1t45,KIT,inactive,0,out,in,dfg_out_alphac_in,0,1.9,331,True,True,23.245628356933594,16.66044044494629,distance_matrix,tSNE
val,8pqf,KIT,active,1,in,in,active,1,1.9,294,True,True,18.330659866333008,11.308365821838379,distance_matrix,tSNE
val,3ccn,MET,inactive,0,in,out,dfg_in_alphac_out,1,1.9,275,True,True,-48.34585952758789,-6.128117561340332,distance_matrix,tSNE
val,5uab,MET,inactive,0,in,out,dfg_in_alphac_out,1,1.9,288,True,True,-51.34528350830078,-3.8288519382476807,distance_matrix,tSNE
val,4aoi,MET,inactive,0,in,out,dfg_in_alphac_out,1,1.9,289,True,True,-49.77532196044922,-5.5254902839660645,distance_matrix,tSNE
val,3dkg,MET,inactive,0,in,out,dfg_in_alphac_out,1,1.91,281,True,True,-42.85393142700195,-12.45155143737793,distance_matrix,tSNE
val,7b3v,MET,inactive,0,in,out,dfg_in_alphac_out,1,1.93,274,True,True,-41.923587799072266,-11.183073997497559,distance_matrix,tSNE
val,6sdd,MET,inactive,0,out,in,dfg_out_alphac_in,1,1.93,271,True,True,-47.899864196777344,-2.91133189201355,distance_matrix,tSNE
val,3rhk,MET,inactive,0,out,out,inactive,1,1.94,298,True,True,-48.129154205322266,-3.168804407119751,distance_matrix,tSNE
val,8ov7,MET,inactive,0,out,in,dfg_out_alphac_in,1,1.95,289,True,True,-46.46658706665039,-3.0782690048217773,distance_matrix,tSNE
val,5ho6,MET,inactive,0,in,out,dfg_in_alphac_out,1,1.97,240,True,True,-42.86248779296875,-12.455495834350586,distance_matrix,tSNE
val,5hlw,MET,inactive,0,in,out,dfg_in_alphac_out,1,1.97,284,True,True,-44.49461364746094,-6.735886573791504,distance_matrix,tSNE
val,7b41,MET,inactive,0,in,out,dfg_in_alphac_out,1,1.97,281,True,True,-40.57661437988281,-6.917196273803711,distance_matrix,tSNE
val,4iwd,MET,active,1,in,in,active,1,1.99,299,True,True,-43.308372497558594,-7.908120155334473,distance_matrix,tSNE
val,6ubw,MET,inactive,0,in,out,dfg_in_alphac_out,1,2.0,296,True,True,-51.20292663574219,-3.5625760555267334,distance_matrix,tSNE
val,3qti,MET,inactive,0,in,out,dfg_in_alphac_out,1,2.0,292,True,True,-41.463375091552734,-7.593851566314697,distance_matrix,tSNE
val,3cd8,MET,inactive,0,in,out,dfg_in_alphac_out,1,2.0,278,True,True,-48.346763610839844,-6.124917984008789,distance_matrix,tSNE
val,2wgj,MET,inactive,0,in,out,dfg_in_alphac_out,1,2.0,289,True,True,-49.724205017089844,-5.696922779083252,distance_matrix,tSNE
val,2wd1,MET,inactive,0,in,out,dfg_in_alphac_out,1,2.0,289,True,True,-50.12820053100586,-4.148606777191162,distance_matrix,tSNE
val,5t3q,MET,inactive,0,na,out,unknown,1,2.0,278,False,True,-11.125066757202148,-3.5287680625915527,distance_matrix,tSNE
val,4u0i,KIT,inactive,0,out,in,dfg_out_alphac_in,1,2.0,297,True,True,23.457395553588867,11.426106452941895,distance_matrix,tSNE
val,4r1y,MET,inactive,0,in,out,dfg_in_alphac_out,1,2.0,265,True,True,-47.30526351928711,-6.7017903327941895,distance_matrix,tSNE
val,8pqe,KIT,inactive,0,na,in,unknown,1,2.0,277,False,True,-22.4844913482666,2.2965893745422363,distance_matrix,tSNE
val,6gqm,KIT,inactive,0,out,in,dfg_out_alphac_in,1,2.0,288,True,True,22.813081741333008,12.679411888122559,distance_matrix,tSNE
val,3u6h,MET,inactive,0,in,out,dfg_in_alphac_out,1,2.0,280,True,True,-19.981769561767578,2.1587460041046143,distance_matrix,tSNE
val,3i5n,MET,inactive,0,in,out,dfg_in_alphac_out,1,2.0,280,True,True,-44.537864685058594,-6.786043643951416,distance_matrix,tSNE
val,4deh,MET,inactive,0,in,out,dfg_in_alphac_out,1,2.0,286,True,True,-51.18052673339844,-4.013070583343506,distance_matrix,tSNE
val,4deg,MET,inactive,0,in,out,dfg_in_alphac_out,1,2.0,286,True,True,-51.1597900390625,-4.499579906463623,distance_matrix,tSNE
val,6gql,KIT,inactive,0,out,in,dfg_out_alphac_in,1,2.01,298,True,True,22.882862091064453,13.351343154907227,distance_matrix,tSNE
val,8ans,MET,inactive,0,out,in,dfg_out_alphac_in,1,2.01,277,True,True,-42.0654411315918,-11.794604301452637,distance_matrix,tSNE
val,7b3w,MET,active,1,in,na,unknown,1,2.02,259,True,True,-49.108154296875,-3.1315155029296875,distance_matrix,tSNE
val,3lq8,MET,inactive,0,out,in,dfg_out_alphac_in,1,2.02,278,True,True,-42.29594421386719,-7.098144054412842,distance_matrix,tSNE
val,4dei,MET,inactive,0,in,out,dfg_in_alphac_out,1,2.05,287,True,True,-50.85158157348633,-4.533613681793213,distance_matrix,tSNE
val,6itt,KIT,inactive,0,out,in,dfg_out_alphac_in,1,2.1,297,True,True,22.872968673706055,11.457826614379883,distance_matrix,tSNE
val,3vw8,MET,inactive,0,out,in,dfg_out_alphac_in,1,2.1,303,True,True,-43.90576171875,-6.593809127807617,distance_matrix,tSNE
val,3u6i,MET,inactive,0,in,out,dfg_in_alphac_out,1,2.1,281,True,True,-43.8293571472168,-13.00767993927002,distance_matrix,tSNE
val,6kla,KIT,inactive,0,out,in,dfg_out_alphac_in,1,2.11,309,True,True,22.88504409790039,11.768208503723145,distance_matrix,tSNE
val,7zw8,KIT,inactive,0,out,in,dfg_out_alphac_in,1,2.119,301,True,True,23.136430740356445,9.632519721984863,distance_matrix,tSNE
val,8aw1,MET,inactive,0,in,out,dfg_in_alphac_out,1,2.14,263,True,True,-42.332611083984375,-7.091948509216309,distance_matrix,tSNE
val,5hoa,MET,inactive,0,in,out,dfg_in_alphac_out,1,2.14,225,True,True,-42.8620719909668,-12.458260536193848,distance_matrix,tSNE
val,2g15,MET,inactive,0,in,out,dfg_in_alphac_out,0,2.15,301,True,True,-45.57405471801758,-5.877349376678467,distance_matrix,tSNE
val,7khg,KIT,inactive,0,out,in,dfg_out_alphac_in,1,2.15,327,True,True,22.710647583007812,16.723134994506836,distance_matrix,tSNE
val,6xvb,KIT,inactive,0,out,in,dfg_out_alphac_in,1,2.15,288,True,True,23.043621063232422,12.7211275100708,distance_matrix,tSNE
val,7y4t,MET,inactive,0,in,out,dfg_in_alphac_out,1,2.16,281,True,True,-49.376861572265625,-3.326662063598633,distance_matrix,tSNE
val,3c1x,MET,inactive,0,out,in,dfg_out_alphac_in,1,2.17,290,False,True,-11.092752456665039,-3.599104642868042,distance_matrix,tSNE
val,2wkm,MET,inactive,0,in,out,dfg_in_alphac_out,1,2.2,286,True,True,-49.835697174072266,-6.153046131134033,distance_matrix,tSNE
val,3efk,MET,active,1,in,in,active,1,2.2,276,False,True,-42.14073181152344,-3.380415916442871,distance_matrix,tSNE
val,2rfs,MET,inactive,0,in,out,dfg_in_alphac_out,1,2.2,264,True,True,-47.29077911376953,-6.715941429138184,distance_matrix,tSNE
val,3zbx,MET,inactive,0,in,out,dfg_in_alphac_out,1,2.2,282,True,True,-49.774044036865234,-5.546524524688721,distance_matrix,tSNE
val,3zc5,MET,inactive,0,in,out,dfg_in_alphac_out,1,2.2,289,True,True,-50.454349517822266,-5.755709171295166,distance_matrix,tSNE
val,5hor,MET,inactive,0,in,out,dfg_in_alphac_out,1,2.2,247,True,True,-42.157249450683594,-11.710036277770996,distance_matrix,tSNE
val,8ovz,MET,inactive,0,out,out,inactive,1,2.206,286,True,True,-46.36308670043945,-3.2668471336364746,distance_matrix,tSNE
val,7b3t,MET,inactive,0,in,out,dfg_in_alphac_out,1,2.23,261,True,True,-40.59184265136719,-6.923717498779297,distance_matrix,tSNE
val,6hh1,KIT,inactive,0,out,in,dfg_out_alphac_in,1,2.25,303,True,True,22.825788497924805,15.608922958374023,distance_matrix,tSNE
val,5uaf,MET,inactive,0,in,out,dfg_in_alphac_out,1,2.25,291,True,True,-50.751991271972656,-3.5046348571777344,distance_matrix,tSNE
val,5uad,MET,inactive,0,in,out,dfg_in_alphac_out,1,2.25,291,True,True,-50.751991271972656,-3.5046348571777344,distance_matrix,tSNE
val,8au3,MET,inactive,0,in,out,dfg_in_alphac_out,1,2.26,285,True,True,-41.610572814941406,-10.733965873718262,distance_matrix,tSNE
val,7y4u,MET,inactive,0,in,out,dfg_in_alphac_out,1,2.26,281,True,True,-49.480247497558594,-2.9658994674682617,distance_matrix,tSNE
val,4gg7,MET,inactive,0,in,out,dfg_in_alphac_out,1,2.27,278,True,True,-49.225982666015625,-2.916180372238159,distance_matrix,tSNE
val,8ow3,MET,inactive,0,out,out,inactive,1,2.27,258,True,True,-43.812477111816406,-13.000067710876465,distance_matrix,tSNE
val,3r7o,MET,active,1,in,in,active,1,2.3,299,True,True,-43.279685974121094,-7.923085689544678,distance_matrix,tSNE
val,3cth,MET,inactive,0,out,in,dfg_out_alphac_in,1,2.3,295,True,True,-41.436214447021484,-11.452906608581543,distance_matrix,tSNE
val,6xva,KIT,inactive,0,out,in,dfg_out_alphac_in,1,2.3,288,True,True,23.002439498901367,12.712625503540039,distance_matrix,tSNE
val,6gqk,KIT,inactive,0,out,in,dfg_out_alphac_in,1,2.31,293,True,True,22.67238998413086,12.72840404510498,distance_matrix,tSNE
val,6gqj,KIT,inactive,0,out,in,dfg_out_alphac_in,1,2.33,298,True,True,22.819787979125977,12.66766357421875,distance_matrix,tSNE
val,7khk,KIT,active,1,in,in,active,1,2.34,291,True,True,14.467373847961426,11.041658401489258,distance_matrix,tSNE
val,6sd9,MET,inactive,0,out,in,dfg_out_alphac_in,1,2.35,265,True,True,-41.84078598022461,-7.276963710784912,distance_matrix,tSNE
val,8an8,MET,inactive,0,out,in,dfg_out_alphac_in,1,2.394,244,True,True,-22.0767879486084,3.121216058731079,distance_matrix,tSNE
val,4knb,MET,inactive,0,in,out,dfg_in_alphac_out,1,2.4,273,True,True,-50.09278106689453,-4.1730451583862305,distance_matrix,tSNE
val,3l8v,MET,inactive,0,out,in,dfg_out_alphac_in,1,2.4,293,True,True,-41.43484115600586,-11.485352516174316,distance_matrix,tSNE
val,8pqg,KIT,active,1,in,in,active,1,2.4,292,True,True,19.04031753540039,10.975630760192871,distance_matrix,tSNE
val,3ce3,MET,inactive,0,out,in,dfg_out_alphac_in,1,2.4,293,True,True,-41.40422439575195,-11.43787956237793,distance_matrix,tSNE
val,4gg5,MET,inactive,0,in,out,dfg_in_alphac_out,1,2.42,274,True,True,-49.216426849365234,-3.5241034030914307,distance_matrix,tSNE
val,6sde,MET,inactive,0,in,out,dfg_in_alphac_out,1,2.49,268,True,True,-50.669681549072266,-3.451080560684204,distance_matrix,tSNE
val,3f82,MET,inactive,0,out,in,dfg_out_alphac_in,1,2.5,278,True,True,-43.55851745605469,-12.876795768737793,distance_matrix,tSNE
val,3ctj,MET,inactive,0,out,in,dfg_out_alphac_in,1,2.5,289,False,True,-11.09177017211914,-3.5993032455444336,distance_matrix,tSNE
val,2rfn,MET,inactive,0,na,in,unknown,1,2.5,268,False,True,-42.139671325683594,-3.381679058074951,distance_matrix,tSNE
val,3a4p,MET,inactive,0,in,out,dfg_in_alphac_out,1,2.54,285,True,True,-41.58917999267578,-7.5972466468811035,distance_matrix,tSNE
val,5dg5,MET,inactive,0,out,in,dfg_out_alphac_in,1,2.6,297,True,True,-45.951080322265625,-5.7233052253723145,distance_matrix,tSNE
val,3efj,MET,inactive,0,na,out,unknown,1,2.6,276,False,True,-42.13923263549805,-3.3802835941314697,distance_matrix,tSNE
val,3g0f,KIT,inactive,0,out,in,dfg_out_alphac_in,1,2.6,291,True,True,23.18185806274414,9.007314682006836,distance_matrix,tSNE
val,8owg,MET,inactive,0,out,out,inactive,1,2.631,244,True,True,-42.84530258178711,-12.42068862915039,distance_matrix,tSNE
val,8k78,MET,inactive,0,in,out,dfg_in_alphac_out,0,2.67,298,True,True,-49.15110778808594,-3.597113609313965,distance_matrix,tSNE
val,8gvj,MET,inactive,0,in,out,dfg_in_alphac_out,1,2.71,285,True,True,-49.84843444824219,-2.9926130771636963,distance_matrix,tSNE
val,8au5,MET,inactive,0,in,out,dfg_in_alphac_out,1,2.72,265,True,True,-47.30948257446289,-6.754777431488037,distance_matrix,tSNE
val,7khj,KIT,active,1,in,in,active,1,2.8,288,True,True,14.433744430541992,11.022740364074707,distance_matrix,tSNE
val,1pkg,KIT,active,1,in,in,active,1,2.9,277,True,True,-1.3088668584823608,-22.823801040649414,distance_matrix,tSNE
val,7zy6,KIT,inactive,0,out,in,dfg_out_alphac_in,1,3.09,293,True,True,23.171613693237305,9.23206615447998,distance_matrix,tSNE
val,8dfp,KIT,inactive,0,out,out,inactive,0,3.17,438,False,True,48.02303695678711,3.701603412628174,distance_matrix,tSNE
val,6xv9,KIT,inactive,0,out,in,dfg_out_alphac_in,1,3.38,292,True,True,23.1005916595459,12.1654052734375,distance_matrix,tSNE
val,8dfm,KIT,inactive,0,out-like,out,inactive,0,3.45,441,False,True,48.02831268310547,3.6999268531799316,distance_matrix,tSNE
val,8dfq,KIT,inactive,0,out-like,out,inactive,0,3.96,438,False,True,48.02706527709961,3.7017574310302734,distance_matrix,tSNE
test,5grn,PDGFRA,inactive,0,out,in,dfg_out_alphac_in,1,1.77,285,True,True,23.256629943847656,12.14227294921875,distance_matrix,tSNE
test,8pqj,PDGFRA,inactive,0,out,in,dfg_out_alphac_in,0,1.82,329,True,True,22.9627628326416,14.758091926574707,distance_matrix,tSNE
test,6a32,PDGFRA,inactive,0,out,in,dfg_out_alphac_in,0,1.87,336,True,True,22.761335372924805,15.633951187133789,distance_matrix,tSNE
test,6jol,PDGFRA,inactive,0,out,in,dfg_out_alphac_in,1,1.9,279,True,True,23.191429138183594,9.009308815002441,distance_matrix,tSNE
test,8exl,PIK3CA,active,1,in,in,active,1,1.989,892,True,True,43.147544860839844,2.47271990776062,distance_matrix,tSNE
test,8pqk,PDGFRA,inactive,0,out,in,dfg_out_alphac_in,0,2.0,322,True,True,23.48508071899414,12.799775123596191,distance_matrix,tSNE
test,7jiu,PIK3CA,active,1,in,in,active,1,2.12,900,True,True,43.72630310058594,2.2280163764953613,distance_matrix,tSNE
test,5k5x,PDGFRA,inactive,0,out,in,dfg_out_alphac_in,0,2.17,345,True,True,23.336933135986328,17.256328582763672,distance_matrix,tSNE
test,6pys,PIK3CA,active,1,in,in,active,1,2.19,890,True,True,43.37652587890625,3.0800886154174805,distance_matrix,tSNE
test,4jps,PIK3CA,active,1,in,in,active,1,2.2,999,True,True,54.64495849609375,-5.620672225952148,distance_matrix,tSNE
test,7pg5,PIK3CA,active,1,in,in,active,0,2.20029,1028,True,True,58.02189254760742,-4.193802833557129,distance_matrix,tSNE
test,5dxt,PIK3CA,active,1,in,in,active,1,2.25,879,True,True,44.01943588256836,2.884431838989258,distance_matrix,tSNE
test,8sbc,PIK3CA,active,1,in,in,active,1,2.3,970,True,True,53.39756393432617,-8.258075714111328,distance_matrix,tSNE
test,4waf,PIK3CA,active,1,in,in,active,1,2.39,1017,True,True,57.641212463378906,-3.8955395221710205,distance_matrix,tSNE
test,5ubr,PIK3CA,active,1,in,in,active,1,2.4,887,True,True,44.01482009887695,2.827526807785034,distance_matrix,tSNE
test,7tz7,PIK3CA,active,1,in,in,active,1,2.41,988,True,True,53.48046112060547,-8.027547836303711,distance_matrix,tSNE
test,8dcp,PIK3CA,active,1,in,in,active,0,2.41,1005,True,True,60.343719482421875,-5.336587429046631,distance_matrix,tSNE
test,8bfu,PIK3CA,active,1,in,in,active,0,2.41,880,True,True,42.815284729003906,2.441148281097412,distance_matrix,tSNE
test,7k6m,PIK3CA,active,1,in,in,active,1,2.413,878,True,True,44.490989685058594,0.37893736362457275,distance_matrix,tSNE
test,8exo,PIK3CA,active,1,in,in,active,1,2.46,900,True,True,43.13707733154297,3.0066890716552734,distance_matrix,tSNE
test,8exv,PIK3CA,active,1,in,in,active,1,2.48,895,True,True,43.143123626708984,3.0401086807250977,distance_matrix,tSNE
test,7pg6,PIK3CA,active,1,in,in,active,1,2.49944,1026,True,True,57.944122314453125,-4.0413641929626465,distance_matrix,tSNE
test,5fi4,PIK3CA,active,1,in,in,active,1,2.5,1009,True,True,57.488956451416016,-3.427438259124756,distance_matrix,tSNE
test,5uk8,PIK3CA,active,1,in,in,active,1,2.5,1008,True,True,57.39689254760742,-4.037459373474121,distance_matrix,tSNE
test,8pqh,PDGFRA,active,1,in,in,active,1,2.5,321,True,True,16.58278465270996,-2.0904812812805176,distance_matrix,tSNE
test,6gvf,PIK3CA,active,1,in,in,active,1,2.5,910,True,True,42.15422439575195,2.727153778076172,distance_matrix,tSNE
test,4l23,PIK3CA,active,1,in,in,active,1,2.5,1014,True,True,57.9979248046875,-6.009576797485352,distance_matrix,tSNE
test,8tsa,PIK3CA,active,1,in,in,active,1,2.51,1005,True,True,58.65592956542969,-1.227651596069336,distance_matrix,tSNE
test,5xgi,PIK3CA,active,1,in,in,active,1,2.56,1013,True,True,57.9577522277832,-5.872377395629883,distance_matrix,tSNE
test,8bfv,PIK3CA,active,1,in,in,active,1,2.57,895,True,True,42.781673431396484,2.0939974784851074,distance_matrix,tSNE
test,8ow2,PIK3CA,active,1,in,in,active,1,2.57,895,True,True,42.778560638427734,2.096571445465088,distance_matrix,tSNE
test,4l1b,PIK3CA,active,1,in,in,active,0,2.59,994,True,True,55.35463333129883,-6.169159889221191,distance_matrix,tSNE
test,8pqi,PDGFRA,active,1,in,in,active,1,2.6,299,True,True,-0.95319664478302,-22.365055084228516,distance_matrix,tSNE
test,6joj,PDGFRA,inactive,0,out-like,in,dfg_out_alphac_in,1,2.6,338,True,True,23.179670333862305,16.2065486907959,distance_matrix,tSNE
test,8v8v,PIK3CA,active,1,in,in,active,1,2.61,1012,True,True,58.97800064086914,-1.4738115072250366,distance_matrix,tSNE
test,8gud,PIK3CA,active,1,in,in,active,1,2.62,835,True,True,44.2559928894043,0.7057703733444214,distance_matrix,tSNE
test,4zop,PIK3CA,active,1,in,in,active,1,2.62,1000,True,True,54.38053512573242,-5.472039699554443,distance_matrix,tSNE
test,4tuu,PIK3CA,active,1,in,in,active,0,2.64,879,True,True,43.63364791870117,2.3665528297424316,distance_matrix,tSNE
test,8twy,PIK3CA,active,1,in,in,active,1,2.67,853,True,True,44.838321685791016,0.6716524362564087,distance_matrix,tSNE
test,8exu,PIK3CA,active,1,in,in,active,1,2.68,898,True,True,43.140342712402344,3.025407552719116,distance_matrix,tSNE
test,7r9v,PIK3CA,active,1,in,in,active,1,2.69,855,True,True,44.848297119140625,0.6844764947891235,distance_matrix,tSNE
test,8w9a,PIK3CA,active,1,in,in,active,1,2.7,969,True,True,54.497840881347656,-6.2016801834106445,distance_matrix,tSNE
test,8tsd,PIK3CA,active,1,in,in,active,1,2.7,1005,True,True,58.35741424560547,-1.9547134637832642,distance_matrix,tSNE
test,8ts7,PIK3CA,active,1,in,in,active,0,2.71,997,True,True,58.459835052490234,-0.9756208658218384,distance_matrix,tSNE
test,8ts8,PIK3CA,active,1,in,in,active,0,2.72,992,True,True,58.447547912597656,-1.2646628618240356,distance_matrix,tSNE
test,8gub,PIK3CA,active,1,in,in,active,1,2.73,977,True,True,54.189727783203125,-6.278649806976318,distance_matrix,tSNE
test,7k6o,PIK3CA,active,1,in,in,active,1,2.738,852,True,True,44.39397048950195,0.45798367261886597,distance_matrix,tSNE
test,6gvh,PIK3CA,active,1,in,in,active,1,2.74,913,True,True,42.41731643676758,2.917288064956665,distance_matrix,tSNE
test,7k6n,PIK3CA,active,1,in,in,active,1,2.77,875,True,True,44.616485595703125,1.7749831676483154,distance_matrix,tSNE
test,8gua,PIK3CA,active,1,in,in,active,1,2.77,855,True,True,44.063594818115234,1.0909749269485474,distance_matrix,tSNE
test,7myn,PIK3CA,inactive,0,out-like,in,dfg_out_alphac_in,0,2.79,977,True,True,53.870147705078125,-6.190113544464111,distance_matrix,tSNE
test,8dcx,PIK3CA,active,1,in,in,active,0,2.8,930,True,True,53.09284210205078,-6.5028862953186035,distance_matrix,tSNE
test,4l2y,PIK3CA,active,1,in,in,active,1,2.8,991,True,True,56.06132507324219,-6.010769367218018,distance_matrix,tSNE
test,3hhm,PIK3CA,active,1,in,in,active,1,2.8,1032,True,True,60.83249282836914,-5.607866287231445,distance_matrix,tSNE
test,5ukj,PIK3CA,active,1,in,in,active,1,2.8,1009,True,True,57.25112533569336,-5.268194198608398,distance_matrix,tSNE
test,8am0,PIK3CA,active,1,in,in,active,1,2.818,1031,True,True,58.05839157104492,-4.545423984527588,distance_matrix,tSNE
test,8ts9,PIK3CA,active,1,in,in,active,1,2.83,1004,True,True,58.241172790527344,-1.6589691638946533,distance_matrix,tSNE
test,3zim,PIK3CA,active,1,in,in,active,1,2.85,886,True,True,44.57370376586914,1.982643485069275,distance_matrix,tSNE
test,4tv3,PIK3CA,active,1,in,in,active,1,2.85,879,True,True,43.797359466552734,2.658658504486084,distance_matrix,tSNE
test,7r9y,PIK3CA,active,1,in,in,active,1,2.85,853,True,True,44.83915328979492,0.6765556335449219,distance_matrix,tSNE
test,4ykn,PIK3CA,active,1,in,in,active,1,2.9,1205,True,True,45.32622528076172,-1.233782410621643,distance_matrix,tSNE
test,6gvi,PIK3CA,active,1,in,in,active,1,2.9,910,True,True,42.141029357910156,2.5088279247283936,distance_matrix,tSNE
test,7k71,PIK3CA,active,1,in,in,active,1,2.9,843,True,True,44.43893051147461,1.0999338626861572,distance_matrix,tSNE
test,7mlk,PIK3CA,active,1,in,in,active,1,2.91,888,True,True,44.412715911865234,2.1478233337402344,distance_matrix,tSNE
test,7myo,PIK3CA,active,1,in,na,unknown,0,2.92,286,False,True,58.532737731933594,-7.006978988647461,distance_matrix,tSNE
test,8tgd,PIK3CA,active,1,in,in,active,1,2.928,1027,True,True,59.13480758666992,-1.5656204223632812,distance_matrix,tSNE
test,8v8u,PIK3CA,active,1,in,in,active,1,2.93,1054,True,True,61.13631820678711,-7.974503993988037,distance_matrix,tSNE
test,4ovu,PIK3CA,active,1,in,in,active,0,2.96,1044,True,True,60.77384567260742,-6.727765083312988,distance_matrix,tSNE
test,5xgj,PIK3CA,active,1,in,in,active,1,2.97,980,True,True,53.40084457397461,-8.171089172363281,distance_matrix,tSNE
test,5xgh,PIK3CA,active,1,in,in,active,1,2.97,993,True,True,54.05853271484375,-7.898521423339844,distance_matrix,tSNE
test,6gvg,PIK3CA,active,1,in,in,active,1,3.0,910,True,True,42.141990661621094,2.4894068241119385,distance_matrix,tSNE
test,5ul1,PIK3CA,active,1,in,in,active,1,3.0,1000,True,True,57.34806823730469,-4.554522514343262,distance_matrix,tSNE
test,8w9b,PIK3CA,active,1,in,in,active,1,3.0,966,True,True,53.68228530883789,-6.221540927886963,distance_matrix,tSNE
test,5dxh,PIK3CA,active,1,in,in,active,1,3.0,981,True,True,57.55698013305664,-2.0743701457977295,distance_matrix,tSNE
test,5itd,PIK3CA,active,1,in,in,active,1,3.02,995,True,True,54.28960418701172,-5.684281349182129,distance_matrix,tSNE
test,2rd0,PIK3CA,active,1,in,in,active,0,3.05,997,True,True,58.830387115478516,-0.433063268661499,distance_matrix,tSNE
test,8ilr,PIK3CA,active,1,in,in,active,1,3.05,977,True,True,54.01447677612305,-6.3440632820129395,distance_matrix,tSNE
test,6joi,PDGFRA,inactive,0,in,out,dfg_in_alphac_out,1,3.1,296,True,True,-2.0417184829711914,-23.613855361938477,distance_matrix,tSNE
test,8dd4,PIK3CA,active,1,in,in,active,0,3.1,981,True,True,53.961517333984375,-5.860128402709961,distance_matrix,tSNE
test,8sbj,PIK3CA,active,1,in,in,active,1,3.1,986,True,True,54.087520599365234,-7.030696868896484,distance_matrix,tSNE
test,8ils,PIK3CA,active,1,in,in,active,1,3.1,977,True,True,54.012264251708984,-6.345849514007568,distance_matrix,tSNE
test,5swg,PIK3CA,active,1,in,in,active,1,3.11,1041,True,True,61.34638595581055,-6.374378681182861,distance_matrix,tSNE
test,8tdu,PIK3CA,active,1,in,in,active,1,3.11,1021,True,True,59.088687896728516,-1.061165690422058,distance_matrix,tSNE
test,8tu6,PIK3CA,active,1,in,in,active,0,3.12,981,True,True,57.715660095214844,-2.871875762939453,distance_matrix,tSNE
test,6oac,PIK3CA,active,1,in,in,active,1,3.15,847,True,True,44.763427734375,1.0552667379379272,distance_matrix,tSNE
test,8ilv,PIK3CA,inactive,0,out-like,in,dfg_out_alphac_in,1,3.19,971,True,True,54.486026763916016,-6.380637168884277,distance_matrix,tSNE
test,8v8i,PIK3CA,active,1,in,in,active,1,3.2,990,True,True,57.56620407104492,-2.841822385787964,distance_matrix,tSNE
test,5sxb,PIK3CA,active,1,in,in,active,0,3.3,1056,True,True,61.59735107421875,-7.52351713180542,distance_matrix,tSNE
test,5sw8,PIK3CA,active,1,in,in,active,1,3.3,1030,True,True,60.948638916015625,-4.84964656829834,distance_matrix,tSNE
test,3hiz,PIK3CA,active,1,in,in,active,0,3.3,1024,True,True,58.16590881347656,-5.863155841827393,distance_matrix,tSNE
test,5swr,PIK3CA,active,1,in,in,active,1,3.31,1051,True,True,61.77613067626953,-7.421884059906006,distance_matrix,tSNE
test,6nct,PIK3CA,inactive,0,out-like,in,dfg_out_alphac_in,0,3.35,1039,True,True,60.933738708496094,-5.70772123336792,distance_matrix,tSNE
test,8v8j,PIK3CA,active,1,in,in,active,1,3.35,1017,True,True,58.17265701293945,-0.7568299770355225,distance_matrix,tSNE
test,5sxa,PIK3CA,active,1,in,in,active,1,3.35,1049,True,True,60.74667739868164,-6.907686233520508,distance_matrix,tSNE
test,8dd8,PIK3CA,active,1,in,in,active,0,3.4,1011,True,True,58.0402717590332,-4.07999849319458,distance_matrix,tSNE
test,5sxi,PIK3CA,active,1,in,in,active,0,3.4,1040,True,True,61.876346588134766,-7.084424018859863,distance_matrix,tSNE
test,5swp,PIK3CA,active,1,in,in,active,1,3.41,1058,True,True,61.02261734008789,-7.5548834800720215,distance_matrix,tSNE
test,5sxj,PIK3CA,active,1,in,in,active,1,3.42,1039,True,True,60.042724609375,-6.834098815917969,distance_matrix,tSNE
test,5sxf,PIK3CA,active,1,in,in,active,1,3.46,1023,True,True,60.45954132080078,-6.033253192901611,distance_matrix,tSNE
test,5sx8,PIK3CA,active,1,in,in,active,1,3.47,1052,True,True,61.03818130493164,-6.782655239105225,distance_matrix,tSNE
test,5swt,PIK3CA,active,1,in,in,active,1,3.49,1057,True,True,61.55350875854492,-7.541191577911377,distance_matrix,tSNE
test,5sxd,PIK3CA,active,1,in,in,active,0,3.5,1049,True,True,61.85439682006836,-6.8284077644348145,distance_matrix,tSNE
test,4ovv,PIK3CA,active,1,in,in,active,1,3.5,1042,True,True,61.351287841796875,-6.000957012176514,distance_matrix,tSNE
test,5swo,PIK3CA,active,1,in,in,active,1,3.5,1050,True,True,61.07124710083008,-7.542896747589111,distance_matrix,tSNE
test,5sxe,PIK3CA,inactive,0,out-like,in,dfg_out_alphac_in,1,3.51,1046,True,True,61.684417724609375,-6.683322906494141,distance_matrix,tSNE
test,5sx9,PIK3CA,active,1,in,in,active,1,3.52,1044,True,True,60.630165100097656,-7.375871181488037,distance_matrix,tSNE
test,8tsb,PIK3CA,active,1,in,in,active,1,3.53,999,True,True,58.6595573425293,-1.2229183912277222,distance_matrix,tSNE
test,5sxc,PIK3CA,active,1,in,in,active,1,3.55,1038,True,True,61.796363830566406,-6.516636371612549,distance_matrix,tSNE
test,5sxk,PIK3CA,active,1,in,in,active,0,3.55,1053,True,True,61.116966247558594,-6.896491050720215,distance_matrix,tSNE
test,8v8h,PIK3CA,active,1,in,in,active,1,3.58,1020,True,True,58.091064453125,-0.8356185555458069,distance_matrix,tSNE
test,8tsc,PIK3CA,active,1,in,in,active,1,3.62,1008,True,True,58.49790573120117,-2.065227508544922,distance_matrix,tSNE
test,6jok,PDGFRA,inactive,0,out,in,dfg_out_alphac_in,1,3.8,338,True,True,23.26259994506836,16.659622192382812,distance_matrix,tSNE
train,5ug8,EGFR,inactive,0,out,out,inactive,1,0.0,280,True,True,-0.8217506408691406,-1.4371662139892578,local_geometry,PCA
train,6xr7,ABL1,inactive,0,out-like,in,dfg_out_alphac_in,0,0.0,287,True,True,-1.7596923112869263,1.2343639135360718,local_geometry,PCA
train,6xrg,ABL1,inactive,0,out,in,dfg_out_alphac_in,0,0.0,287,True,True,-1.628970980644226,2.7474257946014404,local_geometry,PCA
train,6xr6,ABL1,active,1,in,in,active,0,0.0,287,True,True,-1.8620039224624634,0.773238480091095,local_geometry,PCA
train,6uan,BRAF,inactive,0,in,out,dfg_in_alphac_out,0,0.0,284,True,True,0.08262841403484344,-1.5363821983337402,local_geometry,PCA
train,6q0k,BRAF,active,1,in,in,active,0,0.0,280,True,True,-0.45536768436431885,-2.0511624813079834,local_geometry,PCA
train,6q0t,BRAF,active,1,in,in,active,0,0.0,279,True,True,-0.48866885900497437,-2.0788588523864746,local_geometry,PCA
train,6q0j,BRAF,active,1,in,in,active,0,0.0,280,True,True,-0.5059884786605835,-2.083251953125,local_geometry,PCA
train,5ug9,EGFR,inactive,0,out,out,inactive,1,0.0,280,True,True,-0.85909104347229,-1.4502310752868652,local_geometry,PCA
train,6nyb,BRAF,inactive,0,in,out,dfg_in_alphac_out,1,0.0,348,True,True,-0.5023172497749329,8.357820510864258,local_geometry,PCA
train,8a27,EGFR,inactive,0,in,out,dfg_in_alphac_out,1,1.07,269,True,True,-1.9652355909347534,-0.7149122953414917,local_geometry,PCA
train,8a2d,EGFR,inactive,0,in,out,dfg_in_alphac_out,1,1.11,281,True,True,-1.7446202039718628,0.7606666684150696,local_geometry,PCA
train,5hg8,EGFR,inactive,0,out,out,inactive,1,1.42,300,True,True,-0.13475042581558228,-1.5599199533462524,local_geometry,PCA
train,8a2a,EGFR,inactive,0,in,out,dfg_in_alphac_out,1,1.43,306,True,True,-1.0310654640197754,-0.6627376675605774,local_geometry,PCA
train,4gv1,AKT1,active,1,in,in,active,1,1.49,329,True,True,-0.17402592301368713,0.06633803248405457,local_geometry,PCA
train,6tfv,EGFR,inactive,0,in,out,dfg_in_alphac_out,1,1.5,268,True,True,-2.0157015323638916,1.6411232948303223,local_geometry,PCA
train,6tg0,EGFR,inactive,0,in,out,dfg_in_alphac_out,1,1.5,267,True,True,-2.236814498901367,2.060310125350952,local_geometry,PCA
train,3poz,EGFR,inactive,0,in,out,dfg_in_alphac_out,1,1.5,293,True,True,-1.6748555898666382,0.826501727104187,local_geometry,PCA
train,5hg5,EGFR,inactive,0,out,out,inactive,1,1.52,302,True,True,0.0011096454691141844,-1.5408185720443726,local_geometry,PCA
train,5hu9,ABL1,inactive,0,out,in,dfg_out_alphac_in,1,1.53,267,True,True,-2.2220513820648193,1.6344834566116333,local_geometry,PCA
train,4z55,ALK,active,1,in,in,active,1,1.55,294,True,True,-2.1682536602020264,0.7042337656021118,local_geometry,PCA
train,5cno,EGFR,inactive,0,in,out,dfg_in_alphac_out,1,1.55,300,True,True,-1.208866000175476,-1.3923475742340088,local_geometry,PCA
train,5ugc,EGFR,inactive,0,out,out,inactive,1,1.58,280,True,True,-0.8455141186714172,-1.4881064891815186,local_geometry,PCA
train,6tg1,EGFR,inactive,0,in,out,dfg_in_alphac_out,1,1.6,268,True,True,-2.2543158531188965,2.068948984146118,local_geometry,PCA
train,7si1,EGFR,active,1,in,in,active,0,1.6,280,True,True,-0.5402522683143616,-1.1262366771697998,local_geometry,PCA
train,5u8l,EGFR,inactive,0,out,out,inactive,1,1.6,289,True,True,-0.4743247628211975,-1.853135108947754,local_geometry,PCA
train,5a9u,ALK,active,1,in,in,active,1,1.6,292,True,True,-1.7190613746643066,-0.5301064848899841,local_geometry,PCA
train,5ew8,FGFR1,active,1,in,in,active,1,1.63,290,True,True,-1.3453296422958374,1.5961127281188965,local_geometry,PCA
train,8arj,ALK,active,1,in,in,active,1,1.645,275,True,True,-2.1729753017425537,-0.7710248827934265,local_geometry,PCA
train,4wun,FGFR1,active,1,in,in,active,1,1.65,282,True,True,-2.04231858253479,2.6124351024627686,local_geometry,PCA
train,8c7x,BRAF,inactive,0,out,out,inactive,1,1.65,274,True,True,-1.9380000829696655,-0.5163655281066895,local_geometry,PCA
train,8c7y,BRAF,inactive,0,out,in,dfg_out_alphac_in,1,1.65,275,True,True,-1.8274635076522827,-0.25037673115730286,local_geometry,PCA
train,4clj,ALK,active,1,in,in,active,1,1.66,295,True,True,-1.6931551694869995,0.5894032120704651,local_geometry,PCA
train,8u8x,ERBB2,inactive,0,out-like,out,inactive,1,1.69,308,True,True,-1.0707190036773682,0.24277770519256592,local_geometry,PCA
train,8a2b,EGFR,inactive,0,in,out,dfg_in_alphac_out,1,1.69,272,True,True,-2.211932420730591,1.6251111030578613,local_geometry,PCA
train,5aac,ALK,active,1,in,in,active,1,1.7,292,True,True,-1.668400764465332,-0.49784091114997864,local_geometry,PCA
train,4fnx,ALK,active,1,in,in,active,0,1.7,292,True,True,-1.9995481967926025,0.6967104077339172,local_geometry,PCA
train,2hzi,ABL1,inactive,0,out-like,in,dfg_out_alphac_in,1,1.7,264,True,True,-2.179077625274658,0.012319494038820267,local_geometry,PCA
train,3w33,EGFR,inactive,0,in,out,dfg_in_alphac_out,1,1.7,297,True,True,-1.2228833436965942,-0.46547091007232666,local_geometry,PCA
train,4foc,ALK,active,1,in,in,active,1,1.7,296,True,True,-1.6990654468536377,0.6298304200172424,local_geometry,PCA
train,5ftq,ALK,active,1,in,in,active,1,1.7,293,True,True,-1.5529743432998657,0.4137490391731262,local_geometry,PCA
train,6tfy,EGFR,inactive,0,in,out,dfg_in_alphac_out,1,1.7,264,True,True,-2.229713201522827,1.3980380296707153,local_geometry,PCA
train,4anl,ALK,active,1,in,in,active,0,1.7,292,True,True,-1.6677252054214478,0.15106526017189026,local_geometry,PCA
train,2yfx,ALK,active,1,in,in,active,1,1.7,292,True,True,-1.775685429573059,0.42390328645706177,local_geometry,PCA
train,4i22,EGFR,inactive,0,in,out,dfg_in_alphac_out,1,1.71,297,True,True,-1.176712155342102,-1.407557725906372,local_geometry,PCA
train,7ozb,FGFR1,active,1,in,in,active,1,1.71,288,True,True,-1.3262295722961426,0.7913156747817993,local_geometry,PCA
train,4cmt,ALK,active,1,in,in,active,1,1.73,284,True,True,-1.7459765672683716,-0.5282372236251831,local_geometry,PCA
train,5aaa,ALK,active,1,in,in,active,1,1.73,294,True,True,-1.7832632064819336,0.29948192834854126,local_geometry,PCA
train,3aox,ALK,active,1,in,in,active,1,1.75,298,True,True,-1.27692449092865,-0.32092514634132385,local_geometry,PCA
train,4fnw,ALK,active,1,in,in,active,0,1.75,304,True,True,-1.1921485662460327,0.001031138701364398,local_geometry,PCA
train,4anq,ALK,active,1,in,in,active,1,1.76,293,True,True,-1.7186423540115356,0.12551482021808624,local_geometry,PCA
train,6wxn,EGFR,inactive,0,in,out,dfg_in_alphac_out,0,1.76,298,True,True,-1.397564172744751,-0.25096395611763,local_geometry,PCA
train,7pcd,ERBB2,active,1,in,in,active,1,1.77,272,True,True,-0.43219396471977234,0.02347969263792038,local_geometry,PCA
train,6v66,EGFR,inactive,0,in,out,dfg_in_alphac_out,1,1.79,314,True,True,-0.7963908314704895,-0.7186218500137329,local_geometry,PCA
train,4ctb,ALK,active,1,in,in,active,1,1.79,292,True,True,-1.6463725566864014,-0.17582078278064728,local_geometry,PCA
train,4i24,EGFR,inactive,0,in,out,dfg_in_alphac_out,1,1.8,304,True,True,-0.9861888885498047,-1.3530874252319336,local_geometry,PCA
train,3l9p,ALK,active,1,in,in,active,0,1.8,303,True,True,-2.118109941482544,1.5429874658584595,local_geometry,PCA
train,4cmu,ALK,active,1,in,in,active,1,1.8,294,True,True,-1.7930729389190674,0.3365638256072998,local_geometry,PCA
train,6cdt,ALK,active,1,in,in,active,0,1.8,292,True,True,-1.70855712890625,0.07930008322000504,local_geometry,PCA
train,6tfz,EGFR,inactive,0,in,out,dfg_in_alphac_out,1,1.8,264,True,True,-2.1523399353027344,1.4090538024902344,local_geometry,PCA
train,2g1t,ABL1,inactive,0,in,out,dfg_in_alphac_out,0,1.8,277,True,True,-1.5382481813430786,0.7434287667274475,local_geometry,PCA
train,5gnk,EGFR,active,1,in,in,active,1,1.8,277,True,True,-1.6764202117919922,-0.7449385523796082,local_geometry,PCA
train,3w32,EGFR,inactive,0,in,out,dfg_in_alphac_out,1,1.8,317,True,True,-1.092307686805725,-0.051419761031866074,local_geometry,PCA
train,5uga,EGFR,inactive,0,out,out,inactive,1,1.82,283,True,True,-0.6932070851325989,-1.6419422626495361,local_geometry,PCA
train,7ozd,FGFR1,active,1,in,in,active,1,1.82,282,True,True,-1.533365249633789,3.431290864944458,local_geometry,PCA
train,3qrj,ABL1,inactive,0,out,in,dfg_out_alphac_in,1,1.82,258,True,True,-3.1595497131347656,1.9656778573989868,local_geometry,PCA
train,7ozf,FGFR1,active,1,in,in,active,1,1.82,288,True,True,-1.2187012434005737,1.0471817255020142,local_geometry,PCA
train,4cmo,ALK,active,1,in,in,active,1,1.83,295,True,True,-1.743558406829834,0.32248273491859436,local_geometry,PCA
train,7jxq,EGFR,inactive,0,in,out,dfg_in_alphac_out,1,1.83,296,True,True,-1.2912591695785522,0.10998855531215668,local_geometry,PCA
train,7r7k,ALK,active,1,in,in,active,1,1.831,290,True,True,-1.7516512870788574,-0.43068695068359375,local_geometry,PCA
train,5x2a,EGFR,inactive,0,in,out,dfg_in_alphac_out,1,1.85,322,True,True,-0.8455185890197754,-0.9947719573974609,local_geometry,PCA
train,4ans,ALK,active,1,in,in,active,1,1.85,293,True,True,-1.6827338933944702,0.16568732261657715,local_geometry,PCA
train,3pyy,ABL1,inactive,0,out,in,dfg_out_alphac_in,1,1.85,257,True,True,-3.2151622772216797,7.281522274017334,local_geometry,PCA
train,5hg7,EGFR,inactive,0,out,out,inactive,1,1.85,280,True,True,-0.8546808958053589,-1.472283959388733,local_geometry,PCA
train,4wkq,EGFR,active,1,in,in,active,1,1.85,296,True,True,-0.20036660134792328,-1.6646052598953247,local_geometry,PCA
train,6npv,ABL1,inactive,0,out,in,dfg_out_alphac_in,1,1.86,264,True,True,-3.219867706298828,1.997604250907898,local_geometry,PCA
train,5aa8,ALK,active,1,in,in,active,1,1.86,292,True,True,-1.6703747510910034,-0.5522010922431946,local_geometry,PCA
train,7btt,ALK,active,1,in,in,active,1,1.86,304,True,True,-2.115748167037964,1.6134235858917236,local_geometry,PCA
train,5iui,ALK,active,1,in,in,active,1,1.88,303,True,True,-1.411397099494934,1.0624992847442627,local_geometry,PCA
train,5cnn,EGFR,inactive,0,in,out,dfg_in_alphac_out,1,1.9,300,True,True,-1.0872137546539307,-0.5783509016036987,local_geometry,PCA
train,1blx,CDK6,inactive,0,in,out,dfg_in_alphac_out,0,1.9,305,True,True,-0.6198920011520386,0.30009424686431885,local_geometry,PCA
train,7a2a,EGFR,inactive,0,in,out,dfg_in_alphac_out,1,1.9,266,True,True,-2.2289345264434814,1.1002655029296875,local_geometry,PCA
train,3w2s,EGFR,inactive,0,in,out,dfg_in_alphac_out,1,1.9,307,True,True,-0.8027821779251099,-0.15280231833457947,local_geometry,PCA
train,6p8q,EGFR,inactive,0,in,out,dfg_in_alphac_out,1,1.9,309,True,True,-0.8552096486091614,-0.4562550187110901,local_geometry,PCA
train,2xp2,ALK,active,1,in,in,active,1,1.9,285,True,True,-1.879510760307312,0.09919065237045288,local_geometry,PCA
train,7nh5,AKT1,inactive,0,out,na,unknown,1,1.9,383,True,True,0.350821316242218,2.2801027297973633,local_geometry,PCA
train,8uw9,AKT1,inactive,0,out,na,unknown,1,1.9,388,True,True,0.46301689743995667,2.14105486869812,local_geometry,PCA
train,4wrg,EGFR,active,1,in,in,active,0,1.9,289,True,True,-0.2675466239452362,-1.7331249713897705,local_geometry,PCA
train,2yjs,ALK,active,1,in,in,active,0,1.9,286,True,True,-1.6759473085403442,-1.0329396724700928,local_geometry,PCA
train,3qkl,AKT1,active,1,in,in,active,1,1.9,317,True,True,-0.7237809300422668,-0.09833275526762009,local_geometry,PCA
train,2yjr,ALK,active,1,in,in,active,0,1.9,278,True,True,-2.780937671661377,7.182380676269531,local_geometry,PCA
train,4cnh,ALK,active,1,in,in,active,1,1.9,285,True,True,-1.5086033344268799,-0.9830094575881958,local_geometry,PCA
train,4fob,ALK,active,1,in,in,active,1,1.9,295,True,True,-1.723144292831421,0.8964878916740417,local_geometry,PCA
train,2yhv,ALK,active,1,in,in,active,0,1.9,291,True,True,-1.642139196395874,0.13252416253089905,local_geometry,PCA
train,5o49,FGFR1,active,1,in,in,active,1,1.91,286,True,True,-1.641624093055725,4.937417507171631,local_geometry,PCA
train,2f4j,ABL1,active,1,in,in,active,1,1.91,287,True,True,-1.2781177759170532,0.31769657135009766,local_geometry,PCA
train,9bfb,BRAF,inactive,0,in,out,dfg_in_alphac_out,1,1.92,272,True,True,-2.5216894149780273,-0.14714840054512024,local_geometry,PCA
train,5iug,ALK,inactive,0,out,in,dfg_out_alphac_in,1,1.93,285,True,True,-1.9536666870117188,0.7496124505996704,local_geometry,PCA
train,7k0v,BRAF,inactive,0,out,in,dfg_out_alphac_in,1,1.93,262,True,True,-0.9153993129730225,-1.523154854774475,local_geometry,PCA
train,5aa9,ALK,active,1,in,in,active,1,1.93,295,True,True,-1.6769943237304688,0.2879047393798828,local_geometry,PCA
train,7r7r,ALK,active,1,in,in,active,1,1.935,291,True,True,-1.8556466102600098,-0.3103659152984619,local_geometry,PCA
train,5yu9,EGFR,inactive,0,in,out,dfg_in_alphac_out,1,1.95,300,True,True,-0.976289689540863,-1.2550777196884155,local_geometry,PCA
train,3lcs,ALK,active,1,in,in,active,1,1.95,304,True,True,-1.9889379739761353,1.9061163663864136,local_geometry,PCA
train,5ita,BRAF,inactive,0,in,out,dfg_in_alphac_out,1,1.95,252,False,True,-2.1736814975738525,-1.0004185438156128,local_geometry,PCA
train,2xba,ALK,active,1,in,in,active,1,1.95,283,True,True,-1.6415873765945435,-1.1675279140472412,local_geometry,PCA
train,5am6,FGFR1,active,1,in,in,active,1,1.96,280,True,True,-1.2888171672821045,1.3531533479690552,local_geometry,PCA
train,5am7,FGFR1,active,1,in,in,active,1,1.96,287,True,True,-1.1481705904006958,1.2571816444396973,local_geometry,PCA
train,4uwc,FGFR1,active,1,in,in,active,1,1.96,301,True,True,-0.9968750476837158,1.3560748100280762,local_geometry,PCA
train,6mx8,ALK,active,1,in,in,active,1,1.96,282,True,True,-2.137063980102539,0.05931099131703377,local_geometry,PCA
train,5j7h,ALK,active,1,in,in,active,1,1.96,291,True,True,-2.014967918395996,0.7874463200569153,local_geometry,PCA
train,4zse,EGFR,inactive,0,in,out,dfg_in_alphac_out,1,1.97,297,True,True,-1.0323997735977173,-0.8521628379821777,local_geometry,PCA
train,8uw7,AKT1,inactive,0,out,out,inactive,1,1.972,397,True,True,0.9249906539916992,2.6595916748046875,local_geometry,PCA
train,6oqo,CDK6,inactive,0,in,out,dfg_in_alphac_out,1,1.977,269,True,True,-1.9915804862976074,-0.0381934829056263,local_geometry,PCA
train,8sc7,EGFR,active,1,in,in,active,1,1.984,320,True,True,0.5189833641052246,-1.780383586883545,local_geometry,PCA
train,8jmz,FGFR1,active,1,in,in,active,1,1.988,306,True,True,-1.0242615938186646,1.4536972045898438,local_geometry,PCA
train,6itj,FGFR1,active,1,in,in,active,1,1.99,293,True,True,-0.9924998879432678,1.3377954959869385,local_geometry,PCA
train,2g2h,ABL1,inactive,0,out-like,in,dfg_out_alphac_in,1,2.0,272,True,True,-1.8282846212387085,-0.280558317899704,local_geometry,PCA
train,4fod,ALK,active,1,in,in,active,1,2.0,308,True,True,-1.2082198858261108,0.6373100280761719,local_geometry,PCA
train,1fgk,FGFR1,active,1,in,in,active,0,2.0,278,True,True,-1.641369104385376,0.45904821157455444,local_geometry,PCA
train,7a6k,EGFR,inactive,0,in,out,dfg_in_alphac_out,1,2.0,266,True,True,-1.9121252298355103,-1.5167075395584106,local_geometry,PCA
train,6tfw,EGFR,inactive,0,in,out,dfg_in_alphac_out,1,2.0,266,True,True,-1.8111262321472168,-1.1107465028762817,local_geometry,PCA
train,6tfu,EGFR,inactive,0,in,out,dfg_in_alphac_out,1,2.0,260,True,True,-2.09643292427063,-0.280388742685318,local_geometry,PCA
train,7jyt,ALK,active,1,in,in,active,1,2.0,281,True,True,-2.0191686153411865,-0.7280916571617126,local_geometry,PCA
train,4zsa,FGFR1,active,1,in,in,active,1,2.0,282,True,True,-1.6107823848724365,4.230175971984863,local_geometry,PCA
train,6mzq,FGFR1,active,1,in,in,active,1,2.0,260,True,True,-2.8473830223083496,4.991303443908691,local_geometry,PCA
train,6z4d,EGFR,inactive,0,in,out,dfg_in_alphac_out,1,2.0,269,True,True,-1.7195228338241577,-1.7513608932495117,local_geometry,PCA
train,3cqw,AKT1,active,1,in,in,active,1,2.0,318,True,True,-0.6416312456130981,-0.21040400862693787,local_geometry,PCA
train,6c1b,FGFR1,active,1,in,in,active,1,2.0,265,True,True,-2.4417343139648438,2.4060285091400146,local_geometry,PCA
train,4ekl,AKT1,active,1,in,in,active,1,2.0,329,True,True,-0.16503773629665375,0.09836012125015259,local_geometry,PCA
train,7a6j,EGFR,inactive,0,in,out,dfg_in_alphac_out,1,2.0,270,True,True,-1.5856338739395142,-1.794222116470337,local_geometry,PCA
train,2rgp,EGFR,inactive,0,in,out,dfg_in_alphac_out,1,2.0,284,True,True,-1.7684284448623657,0.7477247714996338,local_geometry,PCA
train,6xfp,BRAF,inactive,0,out,in,dfg_out_alphac_in,1,2.0,272,True,True,-2.675102472305298,-0.6144115328788757,local_geometry,PCA
train,4xv9,BRAF,inactive,0,out,out,inactive,1,2.0,261,True,True,-1.6053245067596436,-1.8937716484069824,local_geometry,PCA
train,4ccu,ALK,active,1,in,in,active,1,2.0,292,True,True,-1.7524590492248535,-0.3599545657634735,local_geometry,PCA
train,7w7x,ABL1,inactive,0,out-like,in,dfg_out_alphac_in,1,2.00001,266,True,True,-2.0569772720336914,-0.10500580072402954,local_geometry,PCA
train,4mkc,ALK,active,1,in,in,active,1,2.01,303,True,True,-2.1018145084381104,1.1951414346694946,local_geometry,PCA
train,5o4a,FGFR1,active,1,in,in,active,1,2.01,291,True,True,-1.3171030282974243,5.300595760345459,local_geometry,PCA
train,3rhx,FGFR1,active,1,in,in,active,1,2.01,275,True,True,-1.4889390468597412,0.8290367722511292,local_geometry,PCA
train,3mvh,AKT1,active,1,in,in,active,1,2.01,311,True,True,-0.8715003728866577,-0.34601640701293945,local_geometry,PCA
train,4ccb,ALK,active,1,in,in,active,1,2.03,287,True,True,-1.8910223245620728,0.20228585600852966,local_geometry,PCA
train,4ctc,ALK,active,1,in,in,active,1,2.03,288,True,True,-1.9578585624694824,-0.5349233150482178,local_geometry,PCA
train,4dce,ALK,active,1,in,in,active,1,2.03,288,True,True,-2.4652063846588135,8.992077827453613,local_geometry,PCA
train,6n0q,BRAF,inactive,0,out,in,dfg_out_alphac_in,1,2.04,257,True,True,-2.4751102924346924,2.6761462688446045,local_geometry,PCA
train,6lud,EGFR,active,1,in,in,active,1,2.05,310,True,True,0.032571230083703995,-1.852598786354065,local_geometry,PCA
train,4f64,FGFR1,active,1,in,in,active,1,2.05,278,True,True,-1.560990333557129,0.6503562331199646,local_geometry,PCA
train,5x2c,EGFR,inactive,0,in,out,dfg_in_alphac_out,1,2.05,304,True,True,-1.0663026571273804,-1.2700769901275635,local_geometry,PCA
train,3w2r,EGFR,inactive,0,in,out,dfg_in_alphac_out,1,2.05,297,True,True,-1.030953049659729,-0.1369837075471878,local_geometry,PCA
train,3w2p,EGFR,active,1,in,in,active,1,2.05,308,True,True,0.12351463735103607,-1.711065411567688,local_geometry,PCA
train,7apj,AKT1,inactive,0,out,na,unknown,0,2.05,385,False,True,1.0678919553756714,2.415572166442871,local_geometry,PCA
train,4cli,ALK,active,1,in,in,active,1,2.05,294,True,True,-1.8349876403808594,0.2761506736278534,local_geometry,PCA
train,6xl4,EGFR,inactive,0,in,out,dfg_in_alphac_out,1,2.06,293,True,True,-1.2382749319076538,-0.39656949043273926,local_geometry,PCA
train,3c4f,FGFR1,active,1,in,in,active,1,2.07,290,True,True,-1.3187484741210938,1.1818394660949707,local_geometry,PCA
train,5a4c,FGFR1,active,1,in,in,active,1,2.09,286,True,True,-1.3136107921600342,1.355493187904358,local_geometry,PCA
train,8fv3,EGFR,inactive,0,in,out,dfg_in_alphac_out,1,2.1,299,True,True,-0.9488649368286133,-0.8781847357749939,local_geometry,PCA
train,5vam,BRAF,inactive,0,out,in,dfg_out_alphac_in,1,2.1,269,True,True,-1.9843195676803589,0.13329479098320007,local_geometry,PCA
train,7zyq,EGFR,inactive,0,in,out,dfg_in_alphac_out,1,2.1,270,True,True,-1.7323297262191772,-1.1393007040023804,local_geometry,PCA
train,3qri,ABL1,inactive,0,out,in,dfg_out_alphac_in,1,2.1,262,True,True,-2.90431809425354,2.1899569034576416,local_geometry,PCA
train,6v6o,EGFR,inactive,0,in,out,dfg_in_alphac_out,1,2.1,297,True,True,-1.2820756435394287,-0.9065791368484497,local_geometry,PCA
train,2hz0,ABL1,inactive,0,out,in,dfg_out_alphac_in,1,2.1,243,True,True,-2.938364267349243,1.3871221542358398,local_geometry,PCA
train,5cas,EGFR,active,1,in,in,active,1,2.1,299,True,True,-0.8855507373809814,-1.0575101375579834,local_geometry,PCA
train,5iuh,ALK,inactive,0,out,in,dfg_out_alphac_in,1,2.1,285,True,True,-1.859633445739746,0.8128738403320312,local_geometry,PCA
train,3lct,ALK,active,1,in,in,active,1,2.1,308,True,True,-1.9383130073547363,1.7550221681594849,local_geometry,PCA
train,4tt7,ALK,active,1,in,in,active,1,2.1,291,True,True,-1.8947981595993042,-0.22015798091888428,local_geometry,PCA
train,8uvy,AKT1,inactive,0,out,na,unknown,1,2.11,396,True,True,0.4380618929862976,3.1459877490997314,local_geometry,PCA
train,6p3d,BRAF,inactive,0,out,in,dfg_out_alphac_in,1,2.11,264,True,True,-1.0570423603057861,-1.4453704357147217,local_geometry,PCA
train,4v04,FGFR1,active,1,in,in,active,0,2.12,292,True,True,-1.3905771970748901,3.96574068069458,local_geometry,PCA
train,6c19,FGFR1,active,1,in,in,active,1,2.12,276,True,True,-2.1600515842437744,3.8710415363311768,local_geometry,PCA
train,6npz,AKT1,active,1,in,in,active,0,2.12,320,True,True,-0.48890605568885803,0.031957048922777176,local_geometry,PCA
train,5imx,ALK,active,1,in,in,active,1,2.12,266,True,True,-2.8383302688598633,1.2367374897003174,local_geometry,PCA
train,5hg9,EGFR,inactive,0,out,out,inactive,1,2.15,280,True,True,-0.822935938835144,-1.607542634010315,local_geometry,PCA
train,6npe,ABL1,inactive,0,out,in,dfg_out_alphac_in,1,2.15,256,True,True,-2.999363422393799,4.129629135131836,local_geometry,PCA
train,6c1c,FGFR1,active,1,in,in,active,1,2.15,276,True,True,-2.185291290283203,2.7489538192749023,local_geometry,PCA
train,5b7v,FGFR1,active,1,in,in,active,1,2.15,282,True,True,-1.5253615379333496,1.344665765762329,local_geometry,PCA
train,3wj6,FGFR1,active,1,in,in,active,1,2.15,277,True,True,-1.7243599891662598,1.1544444561004639,local_geometry,PCA
train,7jxp,EGFR,inactive,0,in,out,dfg_in_alphac_out,1,2.16,308,True,True,-1.0501627922058105,0.12488330900669098,local_geometry,PCA
train,5mo4,ABL1,inactive,0,out,in,dfg_out_alphac_in,1,2.17,429,False,True,1.4686095714569092,1.5145444869995117,local_geometry,PCA
train,8d73,EGFR,active,1,in,in,active,1,2.17,309,True,True,0.26433315873146057,-1.8623913526535034,local_geometry,PCA
train,6ccy,AKT1,active,1,in,in,active,1,2.18,325,True,True,-0.2135145515203476,0.045278627425432205,local_geometry,PCA
train,5jsm,BRAF,inactive,0,in,out,dfg_in_alphac_out,0,2.19,265,True,True,-1.7886115312576294,-0.8200889825820923,local_geometry,PCA
train,4nka,FGFR1,active,1,in,in,active,1,2.19,287,False,True,-1.2908387184143066,1.2781193256378174,local_geometry,PCA
train,4rwl,FGFR1,active,1,in,in,active,1,2.19,282,True,True,-1.5404186248779297,1.1574161052703857,local_geometry,PCA
train,4ejn,AKT1,inactive,0,out,na,unknown,1,2.19,376,True,True,0.1146116554737091,2.3784871101379395,local_geometry,PCA
train,7jxm,EGFR,inactive,0,in,out,dfg_in_alphac_out,1,2.192,287,True,True,-1.3667908906936646,-1.1470153331756592,local_geometry,PCA
train,6v6k,EGFR,inactive,0,in,out,dfg_in_alphac_out,1,2.2,301,True,True,-1.049237608909607,-1.3358690738677979,local_geometry,PCA
train,5vnd,FGFR1,active,1,in,in,active,1,2.2,302,True,True,-0.9886519908905029,1.4815888404846191,local_geometry,PCA
train,2e2b,ABL1,inactive,0,out,in,dfg_out_alphac_in,1,2.2,270,True,True,-2.4739840030670166,1.8970085382461548,local_geometry,PCA
train,2hiw,ABL1,inactive,0,out,in,dfg_out_alphac_in,1,2.2,274,True,True,-2.8108277320861816,2.3034746646881104,local_geometry,PCA
train,6jrx,EGFR,active,1,in,in,active,1,2.2,300,True,True,-0.4300508201122284,-1.875870704650879,local_geometry,PCA
train,7t4j,EGFR,active,1,in,in,active,1,2.2,279,True,True,-0.9287775158882141,-2.073209047317505,local_geometry,PCA
train,6mzw,FGFR1,active,1,in,in,active,1,2.2,258,False,True,-1.9240909814834595,0.5454922914505005,local_geometry,PCA
train,8uw2,AKT1,inactive,0,out,na,unknown,1,2.2,392,True,True,0.3778773844242096,3.242457389831543,local_geometry,PCA
train,3w2q,EGFR,active,1,in,in,active,1,2.2,307,True,True,-0.016039472073316574,-1.6957263946533203,local_geometry,PCA
train,5x2f,EGFR,inactive,0,in,out,dfg_in_alphac_out,1,2.2,312,True,True,-1.1217896938323975,-1.0696725845336914,local_geometry,PCA
train,5aab,ALK,active,1,in,in,active,1,2.2,293,True,True,-1.7255184650421143,-0.17858988046646118,local_geometry,PCA
train,5ur1,FGFR1,active,1,in,in,active,1,2.2,278,True,True,-2.111997604370117,2.8137171268463135,local_geometry,PCA
train,4wa9,ABL1,inactive,0,out-like,in,dfg_out_alphac_in,1,2.2,276,True,True,-1.5490919351577759,-0.5235750675201416,local_geometry,PCA
train,6duk,EGFR,inactive,0,in,out,dfg_in_alphac_out,1,2.2,296,True,True,-1.2405136823654175,0.1863725483417511,local_geometry,PCA
train,3cqu,AKT1,active,1,in,in,active,1,2.2,318,True,True,-0.6729550957679749,0.2398664951324463,local_geometry,PCA
train,8fv4,EGFR,inactive,0,in,out,dfg_in_alphac_out,1,2.2,298,True,True,-1.1546099185943604,-1.4149723052978516,local_geometry,PCA
train,7n9g,ABL1,inactive,0,out-like,in,dfg_out_alphac_in,1,2.2,250,True,True,-3.0481114387512207,0.013117161579430103,local_geometry,PCA
train,6p69,FGFR1,active,1,in,in,active,1,2.2,286,True,True,-1.4151735305786133,1.305188775062561,local_geometry,PCA
train,8hv4,EGFR,active,1,in,in,active,1,2.2,304,True,True,-0.5965571403503418,-1.5320369005203247,local_geometry,PCA
train,8hv6,EGFR,active,1,in,in,active,1,2.2,307,True,True,-0.012880313210189342,-1.8721163272857666,local_geometry,PCA
train,8hv5,EGFR,active,1,in,in,active,1,2.2,306,True,True,-0.03583010286092758,-1.853000283241272,local_geometry,PCA
train,3qkm,AKT1,active,1,in,in,active,1,2.2,329,True,True,-0.1997213363647461,0.0056535894982516766,local_geometry,PCA
train,3js2,FGFR1,active,1,in,in,active,1,2.2,295,True,True,-1.0961116552352905,1.1201694011688232,local_geometry,PCA
train,7w7y,ABL1,inactive,0,out-like,in,dfg_out_alphac_in,1,2.20003,268,True,True,-1.963468313217163,-0.12879309058189392,local_geometry,PCA
train,3cs9,ABL1,inactive,0,out,in,dfg_out_alphac_in,1,2.21,247,True,True,-3.4194629192352295,4.582841873168945,local_geometry,PCA
train,5fto,ALK,active,1,in,in,active,1,2.22,298,True,True,-1.5103987455368042,1.327233076095581,local_geometry,PCA
train,7jys,ALK,active,1,in,in,active,1,2.22,281,True,True,-1.9689733982086182,-0.7898391485214233,local_geometry,PCA
train,4cd0,ALK,active,1,in,in,active,1,2.23,295,True,True,-1.7584435939788818,0.5313845276832581,local_geometry,PCA
train,3pp0,ERBB2,active,1,in,in,active,1,2.25,286,True,True,-0.8191980123519897,-2.2498703002929688,local_geometry,PCA
train,5cau,EGFR,active,1,in,in,active,1,2.25,297,True,True,-1.0019608736038208,-1.0120797157287598,local_geometry,PCA
train,5val,BRAF,inactive,0,out,in,dfg_out_alphac_in,1,2.26,254,True,True,-2.6283586025238037,2.5833451747894287,local_geometry,PCA
train,4f65,FGFR1,active,1,in,in,active,1,2.26,279,False,True,-1.6920523643493652,0.9122018814086914,local_geometry,PCA
train,2fo0,ABL1,inactive,0,out-like,in,dfg_out_alphac_in,1,2.27,465,True,True,2.338287591934204,1.3184814453125,local_geometry,PCA
train,5l2s,CDK6,inactive,0,in,out,dfg_in_alphac_out,1,2.27,263,True,True,-2.2780263423919678,-0.022285619750618935,local_geometry,PCA
train,8h7h,ABL1,inactive,0,out-like,in,dfg_out_alphac_in,1,2.2779,268,True,True,-1.9084646701812744,-0.017835114151239395,local_geometry,PCA
train,4rwi,FGFR1,active,1,in,in,active,0,2.29,280,True,True,-1.4034088850021362,1.2236241102218628,local_geometry,PCA
train,5jrq,BRAF,inactive,0,in,out,dfg_in_alphac_out,1,2.29,258,True,True,-2.18410062789917,-0.9563478231430054,local_geometry,PCA
train,6c1o,FGFR1,active,1,in,in,active,1,2.29,280,True,True,-2.1271586418151855,3.8506019115448,local_geometry,PCA
train,6v5p,EGFR,inactive,0,in,out,dfg_in_alphac_out,1,2.3,308,True,True,-1.2379049062728882,-1.1112538576126099,local_geometry,PCA
train,3qkk,AKT1,active,1,in,in,active,1,2.3,326,True,True,-0.3924054801464081,-0.023328036069869995,local_geometry,PCA
train,6e0r,ALK,active,1,in,in,active,1,2.3,279,True,True,-2.2075788974761963,0.022760607302188873,local_geometry,PCA
train,4cqe,BRAF,inactive,0,in,out,dfg_in_alphac_out,1,2.3,248,True,True,-3.2248964309692383,1.222432255744934,local_geometry,PCA
train,8gk5,EGFR,inactive,0,in,out,dfg_in_alphac_out,1,2.3,294,True,True,-1.553932547569275,1.5421968698501587,local_geometry,PCA
train,6c18,FGFR1,active,1,in,in,active,1,2.3,255,False,True,-2.047816514968872,0.646253228187561,local_geometry,PCA
train,7dt2,ABL1,inactive,0,out-like,in,dfg_out_alphac_in,1,2.3,265,True,True,-2.116473913192749,-0.025594627484679222,local_geometry,PCA
train,4uwy,FGFR1,active,1,in,in,active,0,2.3,273,True,True,-1.7383160591125488,1.2585101127624512,local_geometry,PCA
train,3bel,EGFR,inactive,0,in,out,dfg_in_alphac_out,1,2.3,280,True,True,-1.8096823692321777,0.7596704959869385,local_geometry,PCA
train,7ltx,EGFR,inactive,0,in,out,dfg_in_alphac_out,1,2.3,292,True,True,-1.4927477836608887,0.9525738954544067,local_geometry,PCA
train,8f1x,EGFR,active,1,in,in,active,1,2.3,317,True,True,0.08883976936340332,-1.713850736618042,local_geometry,PCA
train,3qrk,ABL1,inactive,0,out,in,dfg_out_alphac_in,1,2.3,270,True,True,-2.466855764389038,2.072655200958252,local_geometry,PCA
train,5kz0,ALK,active,1,in,in,active,1,2.3,293,True,True,-1.950273036956787,0.23552840948104858,local_geometry,PCA
train,7zyn,EGFR,active,1,in,in,active,1,2.3,317,True,True,0.08726733177900314,-1.6703472137451172,local_geometry,PCA
train,4zog,ABL1,inactive,0,out-like,in,dfg_out_alphac_in,1,2.3,268,True,True,-2.0442636013031006,0.22514000535011292,local_geometry,PCA
train,6hhg,AKT1,inactive,0,out,na,unknown,1,2.3,386,True,True,0.7302677035331726,1.9808419942855835,local_geometry,PCA
train,5uq0,FGFR1,active,1,in,in,active,1,2.3,256,True,True,-2.590852975845337,3.0980210304260254,local_geometry,PCA
train,6hhj,AKT1,inactive,0,out,out,inactive,1,2.3,410,True,True,1.004443883895874,2.0628654956817627,local_geometry,PCA
train,2w96,CDK4,inactive,0,in,out,dfg_in_alphac_out,0,2.3,267,True,True,-2.142533779144287,0.3533271849155426,local_geometry,PCA
train,6p8e,CDK4,inactive,0,in,out,dfg_in_alphac_out,0,2.3,260,True,False,-1.9228588342666626,1.5827394723892212,local_geometry,PCA
train,7nh4,AKT1,inactive,0,out,na,unknown,1,2.3,383,True,True,0.37276577949523926,2.2075188159942627,local_geometry,PCA
train,6s9w,AKT1,inactive,0,out,out,inactive,1,2.3,411,True,True,1.0573012828826904,2.0889689922332764,local_geometry,PCA
train,6jxt,EGFR,inactive,0,in,out,dfg_in_alphac_out,1,2.31,283,True,True,-1.0655323266983032,-1.636806607246399,local_geometry,PCA
train,5d41,EGFR,inactive,0,in,out,dfg_in_alphac_out,1,2.31,300,True,True,-1.5705933570861816,1.6079915761947632,local_geometry,PCA
train,4aua,CDK6,inactive,0,in,out,dfg_in_alphac_out,1,2.31,256,True,True,-2.713592529296875,-0.21130254864692688,local_geometry,PCA
train,4uwb,FGFR1,active,1,in,in,active,1,2.31,299,True,True,-0.9768769145011902,1.2658593654632568,local_geometry,PCA
train,6lub,EGFR,active,1,in,in,active,1,2.315,301,True,True,-0.1229262426495552,-1.8116340637207031,local_geometry,PCA
train,7jyr,ALK,active,1,in,in,active,1,2.32,287,True,True,-2.0107123851776123,0.6683259010314941,local_geometry,PCA
train,4v01,FGFR1,inactive,0,out,in,dfg_out_alphac_in,1,2.33,275,False,True,-1.6626113653182983,1.0534108877182007,local_geometry,PCA
train,6npu,ABL1,inactive,0,out,in,dfg_out_alphac_in,1,2.33,257,True,True,-3.268949508666992,6.790877342224121,local_geometry,PCA
train,3vjn,EGFR,active,1,in,in,active,1,2.34,297,True,True,-0.2835260331630707,-1.8009299039840698,local_geometry,PCA
train,5xdk,EGFR,active,1,in,in,active,1,2.35,307,True,True,0.06757169216871262,-1.7453337907791138,local_geometry,PCA
train,3w2o,EGFR,active,1,in,in,active,1,2.35,305,True,True,0.051299262791872025,-1.689706802368164,local_geometry,PCA
train,5l2t,CDK6,inactive,0,in,out,dfg_in_alphac_out,1,2.37,261,True,True,-2.3254873752593994,0.145343616604805,local_geometry,PCA
train,6n0p,BRAF,inactive,0,out,in,dfg_out_alphac_in,1,2.37,268,True,True,-2.0590696334838867,-0.2565050721168518,local_geometry,PCA
train,7p3v,BRAF,inactive,0,in,out,dfg_in_alphac_out,1,2.37,258,True,True,-1.0769656896591187,7.574032306671143,local_geometry,PCA
train,8dsw,EGFR,active,1,in,in,active,1,2.39,307,True,True,-0.22317785024642944,-1.4245320558547974,local_geometry,PCA
train,7jxl,EGFR,inactive,0,in,out,dfg_in_alphac_out,1,2.4,294,True,True,-1.2819563150405884,-0.7798705101013184,local_geometry,PCA
train,7kxz,EGFR,active,1,in,in,active,1,2.4,299,True,True,-0.2374936044216156,-1.8315210342407227,local_geometry,PCA
train,7a6i,EGFR,active,1,in,in,active,1,2.4,282,True,True,-0.6898515224456787,-1.7786895036697388,local_geometry,PCA
train,7ukv,EGFR,active,1,in,in,active,1,2.4,290,True,True,-0.5969153642654419,-1.5843260288238525,local_geometry,PCA
train,6v5n,EGFR,inactive,0,in,out,dfg_in_alphac_out,1,2.4,294,True,True,-1.0921791791915894,-1.77165949344635,local_geometry,PCA
train,6vhn,EGFR,active,1,in,in,active,1,2.4,286,True,True,-1.0791279077529907,-1.1765756607055664,local_geometry,PCA
train,8d76,EGFR,active,1,in,in,active,1,2.4,312,True,True,0.22348624467849731,-1.8373972177505493,local_geometry,PCA
train,6p1d,EGFR,inactive,0,in,out,dfg_in_alphac_out,1,2.4,300,True,True,-1.0629719495773315,-0.7754170894622803,local_geometry,PCA
train,8f1z,EGFR,active,1,in,in,active,1,2.4,310,True,True,0.037247709929943085,-1.7089332342147827,local_geometry,PCA
train,6wa2,EGFR,inactive,0,in,out,dfg_in_alphac_out,1,2.4,314,True,True,-0.7509995102882385,-0.7754026055335999,local_geometry,PCA
train,1agw,FGFR1,active,1,in,in,active,1,2.4,272,True,True,-1.4822020530700684,1.1079010963439941,local_geometry,PCA
train,8hv8,EGFR,active,1,in,in,active,1,2.4,305,True,True,-0.10142876207828522,-2.018134832382202,local_geometry,PCA
train,8hv3,EGFR,active,1,in,in,active,1,2.4,307,True,True,0.05630766227841377,-1.8457310199737549,local_geometry,PCA
train,6wak,EGFR,inactive,0,in,out,dfg_in_alphac_out,1,2.4,297,True,True,-0.9728816747665405,-1.0239253044128418,local_geometry,PCA
train,8hv1,EGFR,active,1,in,in,active,1,2.4,309,True,True,0.014497803524136543,-1.812658429145813,local_geometry,PCA
train,4twp,ABL1,active,1,in,in,active,1,2.4,266,True,True,-2.21724009513855,-0.2846660614013672,local_geometry,PCA
train,5c8n,EGFR,active,1,in,in,active,1,2.4,300,True,True,-0.9061840772628784,-0.9190847873687744,local_geometry,PCA
train,5cap,EGFR,active,1,in,in,active,1,2.4,303,True,True,-0.9243080019950867,-0.7349691390991211,local_geometry,PCA
train,6c0i,AKT1,active,1,in,in,active,0,2.4,316,True,True,-0.6450128555297852,0.014454776421189308,local_geometry,PCA
train,6buu,AKT1,active,1,in,in,active,0,2.4,320,True,True,-0.5109944343566895,0.04718078672885895,local_geometry,PCA
train,1xkk,EGFR,inactive,0,in,out,dfg_in_alphac_out,1,2.4,289,True,True,-1.5905134677886963,0.7505806684494019,local_geometry,PCA
train,2hyy,ABL1,inactive,0,out,in,dfg_out_alphac_in,1,2.4,265,True,True,-3.3355045318603516,1.976942539215088,local_geometry,PCA
train,2gqg,ABL1,active,1,in,in,active,1,2.4,276,True,True,-1.7840275764465332,0.3355844020843506,local_geometry,PCA
train,7vra,EGFR,active,1,in,in,active,1,2.41,289,True,True,-0.9879688024520874,-1.5738950967788696,local_geometry,PCA
train,3ue4,ABL1,inactive,0,out-like,in,dfg_out_alphac_in,1,2.42,268,True,True,-1.6833895444869995,-0.37814635038375854,local_geometry,PCA
train,7jy4,ALK,active,1,in,in,active,1,2.42,290,True,True,-1.9114247560501099,0.589368999004364,local_geometry,PCA
train,2w9z,CDK4,inactive,0,in,out,dfg_in_alphac_out,0,2.45,287,True,True,-1.6606431007385254,0.30267947912216187,local_geometry,PCA
train,3og7,BRAF,inactive,0,in,out,dfg_in_alphac_out,1,2.45,254,True,True,-2.3834214210510254,-2.2206668853759766,local_geometry,PCA
train,6ebw,ALK,active,1,in,in,active,1,2.45,277,True,True,-2.3951234817504883,0.7077749967575073,local_geometry,PCA
train,5z0s,FGFR1,active,1,in,in,active,1,2.45,285,True,True,-1.4003149271011353,1.0803892612457275,local_geometry,PCA
train,4fny,ALK,inactive,0,out,in,dfg_out_alphac_in,1,2.45,273,False,True,-1.665956974029541,0.40669745206832886,local_geometry,PCA
train,8h7f,ABL1,inactive,0,out-like,in,dfg_out_alphac_in,1,2.45013,266,True,True,-1.8768551349639893,-0.07384813576936722,local_geometry,PCA
train,5hcy,EGFR,active,1,in,in,active,1,2.46,302,True,True,-0.8368305563926697,-0.9995343685150146,local_geometry,PCA
train,6v2v,BRAF,inactive,0,in,out,dfg_in_alphac_out,1,2.47,276,True,True,-1.8055236339569092,-0.3304029405117035,local_geometry,PCA
train,2itn,EGFR,active,1,in,in,active,1,2.47,304,True,True,-0.39686062932014465,-1.4175934791564941,local_geometry,PCA
train,7m0x,BRAF,inactive,0,in,out,dfg_in_alphac_out,1,2.47,276,True,True,-1.7846139669418335,-0.30668163299560547,local_geometry,PCA
train,2itv,EGFR,active,1,in,in,active,1,2.47,303,True,True,-0.4853883385658264,-1.508154273033142,local_geometry,PCA
train,3mv5,AKT1,active,1,in,in,active,1,2.47,315,True,True,-0.722520112991333,0.08411359786987305,local_geometry,PCA
train,4xv1,BRAF,active,1,in,in,active,0,2.47,249,True,True,-2.537045478820801,-1.900376319885254,local_geometry,PCA
train,8to3,EGFR,inactive,0,in,out,dfg_in_alphac_out,1,2.49,291,True,True,-1.4407740831375122,-0.27917423844337463,local_geometry,PCA
train,4rwj,FGFR1,active,1,in,in,active,1,2.49,307,True,True,-0.8382506370544434,1.5148004293441772,local_geometry,PCA
train,6xlo,BRAF,inactive,0,out,in,dfg_out_alphac_in,1,2.493,258,True,True,-2.256366014480591,-0.49438443779945374,local_geometry,PCA
train,7wcl,FGFR1,active,1,in,in,active,1,2.495,306,True,True,-1.0221703052520752,1.69792640209198,local_geometry,PCA
train,6u2h,BRAF,active,1,in,in,active,1,2.5,282,True,True,-0.7173292636871338,-1.5547953844070435,local_geometry,PCA
train,2v7a,ABL1,active,1,in,in,active,1,2.5,269,True,True,-2.2147469520568848,-0.4817628562450409,local_geometry,PCA
train,7jxw,EGFR,inactive,0,in,out,dfg_in_alphac_out,1,2.5,288,True,True,-1.4444262981414795,0.3171616196632385,local_geometry,PCA
train,6z4b,EGFR,inactive,0,in,out,dfg_in_alphac_out,1,2.5,271,True,True,-1.722851037979126,-0.591683030128479,local_geometry,PCA
train,7u99,EGFR,active,1,in,in,active,1,2.5,304,True,True,-0.12240197509527206,-1.7572513818740845,local_geometry,PCA
train,4lqm,EGFR,active,1,in,in,active,1,2.5,305,True,True,-0.4732040464878082,-1.4069961309432983,local_geometry,PCA
train,3ug2,EGFR,active,1,in,in,active,1,2.5,299,True,True,-0.16410011053085327,-1.7897536754608154,local_geometry,PCA
train,7b85,EGFR,active,1,in,in,active,1,2.5,312,True,True,0.028597962111234665,-1.7630836963653564,local_geometry,PCA
train,7zym,EGFR,active,1,in,in,active,1,2.5,321,True,True,0.1599811613559723,-1.5848939418792725,local_geometry,PCA
train,4nks,FGFR1,active,1,in,in,active,1,2.5,271,True,True,-1.5364116430282593,1.1542950868606567,local_geometry,PCA
train,8hv9,EGFR,active,1,in,in,active,1,2.5,306,True,True,-0.15445396304130554,-2.041785717010498,local_geometry,PCA
train,6bl8,ABL1,inactive,0,out-like,in,dfg_out_alphac_in,1,2.5,268,True,True,-1.9377657175064087,0.039223406463861465,local_geometry,PCA
train,2xb7,ALK,active,1,in,in,active,1,2.5,286,True,True,-2.1342318058013916,0.3089754283428192,local_geometry,PCA
train,1fgi,FGFR1,active,1,in,in,active,1,2.5,272,True,True,-1.5257989168167114,0.6256071925163269,local_geometry,PCA
train,3gqi,FGFR1,active,1,in,in,active,1,2.5,304,True,True,-0.6054684519767761,0.6914339065551758,local_geometry,PCA
train,2fgi,FGFR1,active,1,in,in,active,1,2.5,274,True,True,-1.700608253479004,0.5473514199256897,local_geometry,PCA
train,4xv2,BRAF,inactive,0,in,out,dfg_in_alphac_out,1,2.5,249,True,True,-3.299459934234619,1.6131584644317627,local_geometry,PCA
train,2eb2,EGFR,active,1,in,in,active,0,2.5,305,True,True,-0.08095593005418777,-1.7900103330612183,local_geometry,PCA
train,5hid,BRAF,inactive,0,out,in,dfg_out_alphac_in,1,2.5,257,True,True,-1.9690550565719604,-0.20643526315689087,local_geometry,PCA
train,8g63,EGFR,active,1,in,in,active,1,2.5,280,True,True,-1.3507037162780762,-1.4906706809997559,local_geometry,PCA
train,4rj8,EGFR,active,1,in,in,active,1,2.5,298,True,True,-0.9340543150901794,-1.0054738521575928,local_geometry,PCA
train,5caq,EGFR,active,1,in,in,active,1,2.5,301,True,True,-0.8972530364990234,-0.9568219184875488,local_geometry,PCA
train,5j9z,EGFR,active,1,in,in,active,1,2.5,291,True,True,-1.1417986154556274,-1.115371584892273,local_geometry,PCA
train,7vre,EGFR,active,1,in,in,active,1,2.507,312,True,True,-0.433626651763916,-1.4845553636550903,local_geometry,PCA
train,7sj3,CDK4,active,1,in,in,active,1,2.51,273,True,True,-1.3365358114242554,-0.039558716118335724,local_geometry,PCA
train,5csx,BRAF,inactive,0,out,out,inactive,1,2.51,261,True,True,-1.9155038595199585,-0.06912005692720413,local_geometry,PCA
train,5hi2,BRAF,inactive,0,out,in,dfg_out_alphac_in,1,2.51,247,True,True,-2.4505021572113037,-0.4354398846626282,local_geometry,PCA
train,5ugb,EGFR,active,1,in,in,active,1,2.53,307,True,True,0.050484560430049896,-1.774571418762207,local_geometry,PCA
train,6jx4,EGFR,active,1,in,in,active,1,2.53,315,True,True,-0.1890994906425476,-1.3437913656234741,local_geometry,PCA
train,6jx0,EGFR,active,1,in,in,active,1,2.53,289,True,True,-1.0860880613327026,-1.2262992858886719,local_geometry,PCA
train,6d8e,EGFR,active,1,in,in,active,1,2.54,304,True,True,-0.20861250162124634,-1.4704508781433105,local_geometry,PCA
train,4rj7,EGFR,active,1,in,in,active,1,2.55,295,True,True,-1.0370659828186035,-1.0125420093536377,local_geometry,PCA
train,6jwl,EGFR,active,1,in,in,active,1,2.55,319,True,True,-0.25990208983421326,-1.3183461427688599,local_geometry,PCA
train,6cad,BRAF,inactive,0,out,in,dfg_out_alphac_in,1,2.55,248,False,True,-2.1136276721954346,-1.4745588302612305,local_geometry,PCA
train,4f63,FGFR1,active,1,in,in,active,1,2.55,271,True,True,-1.6009252071380615,0.9978083372116089,local_geometry,PCA
train,4e26,BRAF,active,1,in,in,active,1,2.55,270,True,True,-1.6353672742843628,-1.641692042350769,local_geometry,PCA
train,8wd4,EGFR,active,1,in,in,active,1,2.55,299,True,True,-0.7335682511329651,-1.1905250549316406,local_geometry,PCA
train,7oxb,EGFR,active,1,in,in,active,1,2.56,305,True,True,-0.5302194952964783,-1.0104533433914185,local_geometry,PCA
train,4nk9,FGFR1,active,1,in,in,active,1,2.57,282,True,True,-2.0898020267486572,7.410121440887451,local_geometry,PCA
train,3c4c,BRAF,inactive,0,in,out,dfg_in_alphac_out,1,2.57,258,True,True,-2.4145407676696777,3.469085931777954,local_geometry,PCA
train,4v05,FGFR1,active,1,in,in,active,1,2.57,287,True,True,-1.3816791772842407,1.1724042892456055,local_geometry,PCA
train,5flf,FGFR1,active,1,in,in,active,0,2.58,292,True,True,-1.270325779914856,0.7457535266876221,local_geometry,PCA
train,8gb4,EGFR,inactive,0,in,out,dfg_in_alphac_out,1,2.59,292,True,True,-1.3835192918777466,0.14624619483947754,local_geometry,PCA
train,6pp9,BRAF,inactive,0,in,out,dfg_in_alphac_out,1,2.59,276,True,True,-1.7823491096496582,-0.3428207337856293,local_geometry,PCA
train,5cao,EGFR,active,1,in,in,active,1,2.6,300,True,True,-1.0353184938430786,-0.7333835363388062,local_geometry,PCA
train,5edr,EGFR,active,1,in,in,active,1,2.6,299,True,True,-0.8675117492675781,-1.078999400138855,local_geometry,PCA
train,5hic,EGFR,active,1,in,in,active,1,2.6,302,True,True,-0.8833727836608887,-1.010378122329712,local_geometry,PCA
train,6s9x,AKT1,inactive,0,out,na,unknown,1,2.6,382,True,True,0.3777168393135071,2.3109025955200195,local_geometry,PCA
train,1m17,EGFR,active,1,in,in,active,1,2.6,312,True,True,1.263979434967041,-1.2561012506484985,local_geometry,PCA
train,3ow4,AKT1,active,1,in,in,active,1,2.6,317,True,True,-0.6444424390792847,0.1649932861328125,local_geometry,PCA
train,6s8a,EGFR,active,1,in,in,active,1,2.6,313,True,True,0.04482610896229744,-1.7704169750213623,local_geometry,PCA
train,4fnz,ALK,active,1,in,in,active,1,2.6,287,True,True,-2.370506763458252,7.317442417144775,local_geometry,PCA
train,7ukw,EGFR,inactive,0,in,out,dfg_in_alphac_out,0,2.6,306,True,True,-0.9339830875396729,-0.9916301369667053,local_geometry,PCA
train,7u9a,EGFR,active,1,in,in,active,1,2.6,295,True,True,-0.41300761699676514,-1.6094067096710205,local_geometry,PCA
train,2gs7,EGFR,inactive,0,in,out,dfg_in_alphac_out,1,2.6,281,True,True,-1.6945923566818237,-1.7717413902282715,local_geometry,PCA
train,2gs6,EGFR,active,1,in,in,active,0,2.6,311,True,True,0.1536833941936493,-1.652628779411316,local_geometry,PCA
train,1m14,EGFR,active,1,in,in,active,0,2.6,307,True,True,1.1092309951782227,-1.3375959396362305,local_geometry,PCA
train,5czi,EGFR,active,1,in,in,active,0,2.6,310,True,True,0.1258673369884491,-1.7482916116714478,local_geometry,PCA
train,5hcx,EGFR,active,1,in,in,active,1,2.6,298,True,True,-0.9871678352355957,-0.9389058351516724,local_geometry,PCA
train,3nup,CDK6,inactive,0,in,out,dfg_in_alphac_out,1,2.6,252,True,True,-2.6936044692993164,1.3470317125320435,local_geometry,PCA
train,7k1h,EGFR,inactive,0,in,out,dfg_in_alphac_out,1,2.602,291,True,True,-1.5003889799118042,0.010820314288139343,local_geometry,PCA
train,7t4i,EGFR,active,1,in,in,active,1,2.61,309,True,True,-0.03590955585241318,-1.7648887634277344,local_geometry,PCA
train,5hcz,EGFR,active,1,in,in,active,1,2.62,300,True,True,-0.912428617477417,-0.8562246561050415,local_geometry,PCA
train,5a46,FGFR1,active,1,in,in,active,1,2.63,297,True,True,-1.0508424043655396,1.2116453647613525,local_geometry,PCA
train,4li5,EGFR,active,1,in,in,active,1,2.64,306,True,True,-0.10841583460569382,-1.603621244430542,local_geometry,PCA
train,3vjo,EGFR,active,1,in,in,active,1,2.64,298,True,True,-0.313153475522995,-1.8835102319717407,local_geometry,PCA
train,7aei,EGFR,active,1,in,in,active,1,2.65,315,True,True,0.42038244009017944,-1.7381858825683594,local_geometry,PCA
train,7aem,EGFR,active,1,in,in,active,1,2.65,312,True,True,0.2749631106853485,-1.5383987426757812,local_geometry,PCA
train,5fed,EGFR,active,1,in,in,active,1,2.65,288,True,True,-0.9682033061981201,-1.4459182024002075,local_geometry,PCA
train,5zto,EGFR,active,1,in,in,active,1,2.65,294,True,True,-1.2502142190933228,0.06523316353559494,local_geometry,PCA
train,4fk3,BRAF,active,1,in,in,active,0,2.65,257,True,True,-2.3118650913238525,-1.3383431434631348,local_geometry,PCA
train,6p7g,BRAF,inactive,0,out,in,dfg_out_alphac_in,1,2.65,254,True,True,-2.225872755050659,0.46063530445098877,local_geometry,PCA
train,5em5,EGFR,active,1,in,in,active,1,2.65,298,True,True,-0.9452610015869141,-0.9447157979011536,local_geometry,PCA
train,5csw,BRAF,inactive,0,in,out,dfg_in_alphac_out,1,2.66,254,True,True,-2.819119691848755,2.96815824508667,local_geometry,PCA
train,7er2,EGFR,active,1,in,in,active,1,2.662,292,True,True,-1.1144721508026123,-1.1249728202819824,local_geometry,PCA
train,6s9d,EGFR,active,1,in,in,active,1,2.67,300,True,True,-0.8195371031761169,-1.1040281057357788,local_geometry,PCA
train,2itq,EGFR,active,1,in,in,active,1,2.68,300,True,True,-0.2704901397228241,-2.03633713722229,local_geometry,PCA
train,6b8u,BRAF,inactive,0,out,in,dfg_out_alphac_in,1,2.68,253,True,True,-2.0913610458374023,-0.5213283896446228,local_geometry,PCA
train,8hv7,EGFR,active,1,in,in,active,1,2.69,301,True,True,-0.8819220066070557,-1.4124153852462769,local_geometry,PCA
train,4joa,ALK,active,1,in,in,active,1,2.7,250,True,True,-2.711517572402954,-1.4293874502182007,local_geometry,PCA
train,6nvl,FGFR1,active,1,in,in,active,1,2.7,265,True,True,-1.8668813705444336,2.841371774673462,local_geometry,PCA
train,5c9c,BRAF,inactive,0,out,in,dfg_out_alphac_in,1,2.7,251,True,True,-2.2482120990753174,-0.45868027210235596,local_geometry,PCA
train,3idp,BRAF,inactive,0,out,in,dfg_out_alphac_in,1,2.7,256,True,True,-2.0004360675811768,0.591826856136322,local_geometry,PCA
train,6s89,EGFR,active,1,in,in,active,1,2.7,310,True,True,0.05206378176808357,-2.0324931144714355,local_geometry,PCA
train,4zjv,EGFR,inactive,0,out,in,dfg_out_alphac_in,0,2.7,282,True,True,-0.8824882507324219,-1.3685516119003296,local_geometry,PCA
train,8tjl,EGFR,active,1,in,in,active,1,2.7,306,True,True,-0.298389196395874,-1.6353797912597656,local_geometry,PCA
train,4rj6,EGFR,active,1,in,in,active,1,2.7,297,True,True,-1.0371345281600952,-0.879267692565918,local_geometry,PCA
train,5cal,EGFR,active,1,in,in,active,1,2.7,300,True,True,-1.0320355892181396,-0.8620194792747498,local_geometry,PCA
train,3lzb,EGFR,inactive,0,in,out,dfg_in_alphac_out,1,2.7,261,True,True,-2.1433827877044678,1.384877324104309,local_geometry,PCA
train,4jr3,EGFR,active,1,in,in,active,1,2.7,303,True,True,0.8285201191902161,-1.4979236125946045,local_geometry,PCA
train,4ez5,CDK6,inactive,0,in,out,dfg_in_alphac_out,1,2.7,258,True,True,-2.2315075397491455,0.04091697931289673,local_geometry,PCA
train,2g2f,ABL1,inactive,0,out-like,in,dfg_out_alphac_in,1,2.7,275,True,True,-1.6785622835159302,-0.56723552942276,local_geometry,PCA
train,3ky2,FGFR1,active,1,in,in,active,0,2.7,280,True,True,-1.312819004058838,1.0235917568206787,local_geometry,PCA
train,5jt2,BRAF,inactive,0,in,out,dfg_in_alphac_out,1,2.7,234,True,True,-2.8722047805786133,-1.0156043767929077,local_geometry,PCA
train,3ocb,AKT1,active,1,in,in,active,1,2.7,319,True,True,-0.6402006149291992,0.0367506667971611,local_geometry,PCA
train,5xdl,EGFR,active,1,in,in,active,1,2.7,292,True,True,-1.1877350807189941,-1.1064300537109375,local_geometry,PCA
train,3o96,AKT1,inactive,0,out,na,unknown,1,2.7,367,True,True,0.05032927915453911,3.3787076473236084,local_geometry,PCA
train,5kcv,AKT1,inactive,0,out,na,unknown,1,2.7,353,True,True,0.2281150072813034,2.147460460662842,local_geometry,PCA
train,3nux,CDK6,inactive,0,in,out,dfg_in_alphac_out,1,2.7,261,True,True,-2.302173376083374,-0.21056216955184937,local_geometry,PCA
train,5fee,EGFR,active,1,in,in,active,1,2.7,287,True,True,-1.0937820672988892,-1.3957421779632568,local_geometry,PCA
train,6hhi,AKT1,inactive,0,out,na,unknown,1,2.7,389,True,True,0.7161756157875061,2.0557851791381836,local_geometry,PCA
train,6hhh,AKT1,inactive,0,out,na,unknown,1,2.7,379,True,True,0.6233423948287964,2.0325803756713867,local_geometry,PCA
train,6oql,CDK6,inactive,0,in,out,dfg_in_alphac_out,1,2.707,263,True,True,-2.277933120727539,-0.16627635061740875,local_geometry,PCA
train,2itz,EGFR,active,1,in,in,active,1,2.72,302,True,True,-0.6328808069229126,-1.400172233581543,local_geometry,PCA
train,7cc2,ABL1,inactive,0,out-like,in,dfg_out_alphac_in,1,2.723,263,True,True,-1.8423279523849487,-1.0707314014434814,local_geometry,PCA
train,2itt,EGFR,active,1,in,in,active,1,2.73,302,True,True,-0.4772460162639618,-1.5517449378967285,local_geometry,PCA
train,6s9c,EGFR,active,1,in,in,active,1,2.73,301,True,True,-0.7551184892654419,-1.0155622959136963,local_geometry,PCA
train,4jq7,EGFR,active,1,in,in,active,1,2.73,303,True,True,0.796255350112915,-1.5365396738052368,local_geometry,PCA
train,5cav,EGFR,active,1,in,in,active,1,2.73,306,True,True,-0.026659877970814705,-1.7855645418167114,local_geometry,PCA
train,2itp,EGFR,active,1,in,in,active,1,2.74,305,True,True,-0.27781760692596436,-1.8612606525421143,local_geometry,PCA
train,8f7p,BRAF,inactive,0,out,in,dfg_out_alphac_in,1,2.74,255,True,True,-1.6032289266586304,-0.8228577375411987,local_geometry,PCA
train,8f1y,EGFR,active,1,in,in,active,1,2.75,293,True,True,-0.6022066473960876,-1.5707147121429443,local_geometry,PCA
train,4hjo,EGFR,inactive,0,in,out,dfg_in_alphac_out,1,2.75,278,True,True,-2.274899959564209,0.12386557459831238,local_geometry,PCA
train,5l2i,CDK6,inactive,0,in,out,dfg_in_alphac_out,1,2.75,260,True,True,-2.6153483390808105,1.9831703901290894,local_geometry,PCA
train,3ug1,EGFR,active,1,in,in,active,0,2.75,296,True,True,-0.33588120341300964,-1.9034314155578613,local_geometry,PCA
train,8hva,EGFR,active,1,in,in,active,1,2.77,301,True,True,-0.6542393565177917,-1.6534188985824585,local_geometry,PCA
train,8i0m,CDK6,inactive,0,in,out,dfg_in_alphac_out,1,2.7772,260,True,True,-2.3204150199890137,0.21999691426753998,local_geometry,PCA
train,5em6,EGFR,active,1,in,in,active,1,2.78,301,True,True,-0.9819701910018921,-0.8803866505622864,local_geometry,PCA
train,4rj4,EGFR,active,1,in,in,active,1,2.78,299,True,True,-0.9269516468048096,-0.9267259836196899,local_geometry,PCA
train,3ii5,BRAF,inactive,0,out,in,dfg_out_alphac_in,1,2.79,257,True,True,-1.724875807762146,-0.2839151620864868,local_geometry,PCA
train,5gmp,EGFR,active,1,in,in,active,1,2.8,305,True,True,-0.43943145871162415,-1.2248917818069458,local_geometry,PCA
train,2hz4,ABL1,active,1,in,in,active,1,2.8,262,True,True,-1.9650423526763916,-0.5316562652587891,local_geometry,PCA
train,2f2c,CDK6,active,1,in,in,active,1,2.8,280,True,True,-1.1992287635803223,-1.3556982278823853,local_geometry,PCA
train,4mnf,BRAF,active,1,in,in,active,1,2.8,257,True,True,-2.366546392440796,-1.6947600841522217,local_geometry,PCA
train,4xv3,BRAF,inactive,0,in,out,dfg_in_alphac_out,1,2.8,238,False,True,-2.4863367080688477,-1.141559362411499,local_geometry,PCA
train,4g5j,EGFR,active,1,in,in,active,1,2.8,307,True,True,0.2250843197107315,-1.5758109092712402,local_geometry,PCA
train,2w99,CDK4,inactive,0,in,out,dfg_in_alphac_out,0,2.8,291,True,True,-1.6036694049835205,-0.03652534633874893,local_geometry,PCA
train,3gql,FGFR1,active,1,in,in,active,1,2.8,275,True,True,-1.824832558631897,1.7561266422271729,local_geometry,PCA
train,6jrk,EGFR,active,1,in,in,active,1,2.8,283,True,True,-1.3334611654281616,-1.1418664455413818,local_geometry,PCA
train,6p1l,EGFR,inactive,0,in,out,dfg_in_alphac_out,1,2.8,288,True,True,-1.6776617765426636,1.3752986192703247,local_geometry,PCA
train,5czh,EGFR,active,1,in,in,active,0,2.8,311,True,True,0.13071033358573914,-1.8807480335235596,local_geometry,PCA
train,5j9y,EGFR,active,1,in,in,active,1,2.8,300,True,True,-0.6266844868659973,-1.479897379875183,local_geometry,PCA
train,8f1h,EGFR,active,1,in,in,active,1,2.8,307,True,True,0.0469105988740921,-1.4819047451019287,local_geometry,PCA
train,5edq,EGFR,active,1,in,in,active,1,2.8,298,True,True,-1.0615966320037842,-0.8261638879776001,local_geometry,PCA
train,2gs2,EGFR,active,1,in,in,active,0,2.8,305,True,True,0.019683020189404488,-1.7168103456497192,local_geometry,PCA
train,8hv2,EGFR,active,1,in,in,active,1,2.8,299,True,True,-0.8009359240531921,-1.5044711828231812,local_geometry,PCA
train,6p8g,CDK4,inactive,0,in,out,dfg_in_alphac_out,0,2.8,259,True,False,-1.8782097101211548,2.2632272243499756,local_geometry,PCA
train,2itu,EGFR,active,1,in,in,active,1,2.8,304,True,True,-0.5093783736228943,-1.449773907661438,local_geometry,PCA
train,1bi8,CDK6,inactive,0,out,na,unknown,0,2.8,264,True,True,-1.7355178594589233,-0.6885038614273071,local_geometry,PCA
train,3tt0,FGFR1,active,1,in,in,active,1,2.8,272,True,True,-2.150874137878418,1.7944906949996948,local_geometry,PCA
train,3d4q,BRAF,active,1,in,in,active,1,2.8,264,True,True,-1.9103646278381348,-1.3773692846298218,local_geometry,PCA
train,6edl,ALK,active,1,in,in,active,1,2.8,282,False,True,-1.6868879795074463,0.34530988335609436,local_geometry,PCA
train,6vh4,EGFR,active,1,in,in,active,1,2.8,295,True,True,-0.43609076738357544,-1.5613924264907837,local_geometry,PCA
train,4jrv,EGFR,active,1,in,in,active,1,2.8,300,True,True,0.808077871799469,-1.5089099407196045,local_geometry,PCA
train,3gop,EGFR,inactive,0,out-like,out,inactive,0,2.8,300,True,True,-0.4627605974674225,2.0721991062164307,local_geometry,PCA
train,5can,EGFR,active,1,in,in,active,1,2.8,301,True,True,-0.9098290205001831,-0.9129928946495056,local_geometry,PCA
train,4zau,EGFR,active,1,in,in,active,1,2.8,283,True,True,-1.0106757879257202,-1.7908895015716553,local_geometry,PCA
train,4ekk,AKT1,active,1,in,in,active,1,2.8,318,True,True,-0.5818792581558228,-0.015929363667964935,local_geometry,PCA
train,7zyp,EGFR,active,1,in,in,active,1,2.8,305,True,True,0.00810102466493845,-1.5877273082733154,local_geometry,PCA
train,5em8,EGFR,active,1,in,in,active,1,2.8,303,True,True,-0.2453760802745819,-1.561277985572815,local_geometry,PCA
train,4i23,EGFR,active,1,in,in,active,1,2.8,304,True,True,0.0074175442568957806,-1.878313660621643,local_geometry,PCA
train,5em7,EGFR,active,1,in,in,active,1,2.81,300,True,True,-0.9347052574157715,-1.0745025873184204,local_geometry,PCA
train,4wo5,BRAF,inactive,0,in,out,dfg_in_alphac_out,1,2.83,257,True,True,-2.149146318435669,-0.17437408864498138,local_geometry,PCA
train,4jq8,EGFR,active,1,in,in,active,1,2.83,303,True,True,0.8706375360488892,-1.4495770931243896,local_geometry,PCA
train,2eb3,EGFR,active,1,in,in,active,1,2.84,294,True,True,-1.0991263389587402,-1.3961371183395386,local_geometry,PCA
train,4mne,BRAF,active,1,in,in,active,0,2.85,258,True,True,-2.058213710784912,-1.8156400918960571,local_geometry,PCA
train,5hib,EGFR,active,1,in,in,active,1,2.85,314,True,True,-0.527948260307312,-1.3732478618621826,local_geometry,PCA
train,2w9f,CDK4,inactive,0,in,out,dfg_in_alphac_out,0,2.85,261,True,True,-1.9752883911132812,-0.16352063417434692,local_geometry,PCA
train,5zv2,FGFR1,active,1,in,in,active,1,2.86,284,True,True,-1.457184076309204,1.4604971408843994,local_geometry,PCA
train,6jz0,EGFR,active,1,in,in,active,1,2.86,311,True,True,1.024991750717163,-1.4488118886947632,local_geometry,PCA
train,8ssn,ABL1,inactive,0,in,out,dfg_in_alphac_out,1,2.86,420,True,True,0.9102886915206909,1.6063764095306396,local_geometry,PCA
train,2itw,EGFR,active,1,in,in,active,1,2.88,300,True,True,-0.29882508516311646,-1.7676281929016113,local_geometry,PCA
train,7shv,BRAF,active,1,in,in,active,1,2.88,261,True,True,-2.1767005920410156,-1.8350653648376465,local_geometry,PCA
train,6p8f,CDK4,inactive,0,in,out,dfg_in_alphac_out,0,2.89,262,True,False,-1.5338153839111328,0.005433741025626659,local_geometry,PCA
train,6u2g,BRAF,inactive,0,in,out,dfg_in_alphac_out,1,2.89,264,True,True,-2.2917137145996094,-0.4740133285522461,local_geometry,PCA
train,4xey,ABL1,inactive,0,out-like,in,dfg_out_alphac_in,1,2.89,359,True,True,1.4147562980651855,-0.6739497184753418,local_geometry,PCA
train,5fd2,BRAF,inactive,0,in,out,dfg_in_alphac_out,1,2.89,264,True,True,-1.8747353553771973,-0.6628355383872986,local_geometry,PCA
train,6p68,FGFR1,active,1,in,in,active,1,2.9,287,True,True,-1.3858834505081177,1.6604247093200684,local_geometry,PCA
train,6hhf,AKT1,inactive,0,out,na,unknown,1,2.9,366,True,True,0.3980289697647095,3.8761279582977295,local_geometry,PCA
train,4yc8,ABL1,inactive,0,out-like,in,dfg_out_alphac_in,1,2.9,264,True,True,-1.6361135244369507,-1.3620964288711548,local_geometry,PCA
train,3prf,BRAF,active,1,in,in,active,1,2.9,262,True,True,-1.8942865133285522,-0.29704055190086365,local_geometry,PCA
train,2fb8,BRAF,active,1,in,in,active,1,2.9,259,True,True,-2.1326189041137695,-1.6974109411239624,local_geometry,PCA
train,2rfe,EGFR,inactive,0,in,out,dfg_in_alphac_out,0,2.9,262,True,True,-2.5110325813293457,-0.49049702286720276,local_geometry,PCA
train,3ika,EGFR,inactive,0,out-like,out,inactive,0,2.9,310,True,True,-0.5936919450759888,-1.5613452196121216,local_geometry,PCA
train,5c8m,EGFR,active,1,in,in,active,1,2.9,302,True,True,-0.8328390717506409,-0.9983429312705994,local_geometry,PCA
train,5zwj,EGFR,inactive,0,in,out,dfg_in_alphac_out,1,2.9,267,True,True,-2.141211748123169,1.447568655014038,local_geometry,PCA
train,5edp,EGFR,active,1,in,in,active,0,2.9,295,True,True,-0.9750968813896179,-1.0838865041732788,local_geometry,PCA
train,1xo2,CDK6,active,1,in,in,active,1,2.9,289,True,True,-1.58751380443573,-1.7052838802337646,local_geometry,PCA
train,4tth,CDK6,active,1,in,in,active,1,2.9,256,True,True,-2.228026866912842,-2.1217825412750244,local_geometry,PCA
train,4r3p,EGFR,active,1,in,in,active,0,2.9,310,True,True,0.21305793523788452,-1.7851057052612305,local_geometry,PCA
train,1g3n,CDK6,inactive,0,out,out,inactive,0,2.9,293,True,True,-1.1534537076950073,-0.21393688023090363,local_geometry,PCA
train,8hy7,EGFR,active,1,in,in,active,1,2.91,299,True,True,-0.892958402633667,-1.248343586921692,local_geometry,PCA
train,7lg8,EGFR,inactive,0,in,out,dfg_in_alphac_out,1,2.93,280,True,True,-1.6340521574020386,0.06280378252267838,local_geometry,PCA
train,4ksp,BRAF,inactive,0,out,in,dfg_out_alphac_in,1,2.93,256,True,True,-1.7001019716262817,0.10523819923400879,local_geometry,PCA
train,6jrj,EGFR,active,1,in,in,active,1,2.94,288,True,True,-0.9698870778083801,-1.6423485279083252,local_geometry,PCA
train,4fc0,BRAF,inactive,0,out,in,dfg_out_alphac_in,1,2.95,254,True,True,-2.6143977642059326,1.5684814453125,local_geometry,PCA
train,5xgm,EGFR,active,1,in,in,active,1,2.95,288,True,True,-1.4209030866622925,1.9689286947250366,local_geometry,PCA
train,1uwh,BRAF,inactive,0,out,in,dfg_out_alphac_in,1,2.95,264,True,True,-1.633097767829895,-0.038213472813367844,local_geometry,PCA
train,5x27,EGFR,active,1,in,in,active,1,2.95,302,True,True,-0.46605584025382996,-1.3052226305007935,local_geometry,PCA
train,5x26,EGFR,active,1,in,in,active,1,2.95,302,True,True,-0.48329344391822815,-1.3276660442352295,local_geometry,PCA
train,5x28,EGFR,active,1,in,in,active,1,2.95,310,True,True,-0.3204842209815979,-1.242582082748413,local_geometry,PCA
train,3gt8,EGFR,inactive,0,in,out,dfg_in_alphac_out,1,2.96,296,True,True,-1.140539288520813,-0.9748188853263855,local_geometry,PCA
train,7tvd,EGFR,active,1,in,in,active,0,2.96,292,True,True,-1.2769571542739868,-0.24056793749332428,local_geometry,PCA
train,8qqg,BRAF,inactive,0,out,in,dfg_out_alphac_in,1,2.979,269,False,True,-1.4914610385894775,-1.27910578250885,local_geometry,PCA
train,4rwk,FGFR1,active,1,in,in,active,1,2.98,282,True,True,-1.3567768335342407,1.185442566871643,local_geometry,PCA
train,4riy,EGFR,active,1,in,in,active,1,2.98,297,True,True,-0.04513045772910118,-1.6435365676879883,local_geometry,PCA
train,2itx,EGFR,active,1,in,in,active,1,2.98,307,True,True,-0.5169340372085571,-1.3037714958190918,local_geometry,PCA
train,4rzv,BRAF,inactive,0,in,out,dfg_in_alphac_out,1,2.99,261,True,True,-1.765702247619629,-1.4088832139968872,local_geometry,PCA
train,8to4,EGFR,inactive,0,in,out,dfg_in_alphac_out,1,2.99,300,True,True,-1.0489730834960938,-1.419480323791504,local_geometry,PCA
train,5hie,BRAF,inactive,0,in,out,dfg_in_alphac_out,1,3.0,253,True,True,-2.960167407989502,2.0257561206817627,local_geometry,PCA
train,3ppk,BRAF,active,1,in,in,active,1,3.0,264,True,True,-2.0114223957061768,-1.2599693536758423,local_geometry,PCA
train,5xgn,EGFR,active,1,in,in,active,1,3.0,308,True,True,-0.9345231056213379,-0.8962297439575195,local_geometry,PCA
train,4r5s,EGFR,active,1,in,in,active,1,3.0,299,True,True,-0.6251401901245117,-1.4857218265533447,local_geometry,PCA
train,7jxi,EGFR,inactive,0,in,out,dfg_in_alphac_out,1,3.0,290,True,True,-1.4582023620605469,1.2523008584976196,local_geometry,PCA
train,5gtz,EGFR,active,1,in,in,active,1,3.0,317,True,True,-0.23656097054481506,-1.3017551898956299,local_geometry,PCA
train,2j5f,EGFR,active,1,in,in,active,1,3.0,308,True,True,-0.3874717354774475,-1.2272976636886597,local_geometry,PCA
train,2euf,CDK6,active,1,in,in,active,1,3.0,282,True,True,-1.3846906423568726,-1.803100824356079,local_geometry,PCA
train,3g33,CDK4,inactive,0,in,out,dfg_in_alphac_out,0,3.0,291,True,True,-1.2551971673965454,0.5299249291419983,local_geometry,PCA
train,4i1z,EGFR,inactive,0,out-like,in,dfg_out_alphac_in,0,3.0,287,True,True,-0.6893504858016968,-1.5765737295150757,local_geometry,PCA
train,5c8k,EGFR,active,1,in,in,active,1,3.0,300,True,True,-1.0115864276885986,-0.9471914172172546,local_geometry,PCA
train,6nsq,BRAF,inactive,0,out,in,dfg_out_alphac_in,1,3.05,253,True,True,-2.8675620555877686,1.8021129369735718,local_geometry,PCA
train,2jiu,EGFR,inactive,0,out-like,out,inactive,0,3.05,309,True,True,-0.3989619016647339,-1.2776570320129395,local_geometry,PCA
train,4yht,BRAF,active,1,in,in,active,1,3.05,258,True,True,-1.861284852027893,-1.8858331441879272,local_geometry,PCA
train,5uwd,EGFR,inactive,0,out-like,out,inactive,1,3.06,271,True,True,-1.725998878479004,-0.8829627633094788,local_geometry,PCA
train,6v2x,BRAF,inactive,0,in,out,dfg_in_alphac_out,1,3.09,274,True,True,-1.8769925832748413,-0.26441070437431335,local_geometry,PCA
train,4jvg,BRAF,inactive,0,out,in,dfg_out_alphac_in,1,3.09,259,True,True,-1.7395776510238647,-0.07763756811618805,local_geometry,PCA
train,7m0w,BRAF,inactive,0,in,out,dfg_in_alphac_out,1,3.09,274,True,True,-1.9297438859939575,0.2562206983566284,local_geometry,PCA
train,6v30,BRAF,inactive,0,in,out,dfg_in_alphac_out,1,3.09,274,True,True,-1.9399513006210327,0.2623695433139801,local_geometry,PCA
train,7m0u,BRAF,inactive,0,in,out,dfg_in_alphac_out,1,3.09,274,True,True,-1.936559796333313,-0.2022976130247116,local_geometry,PCA
train,7lgs,EGFR,active,1,in,in,active,1,3.1,283,True,True,-0.6107159852981567,-1.750101923942566,local_geometry,PCA
train,4rj5,EGFR,active,1,in,in,active,1,3.1,296,True,True,-1.1662391424179077,-0.6692601442337036,local_geometry,PCA
train,4rix,EGFR,active,1,in,in,active,1,3.1,297,True,True,0.015325170010328293,-1.6397525072097778,local_geometry,PCA
train,7jxk,EGFR,inactive,0,in,out,dfg_in_alphac_out,1,3.1,293,True,True,-1.3107351064682007,0.06226641312241554,local_geometry,PCA
train,7syd,EGFR,inactive,0,in,out,dfg_in_alphac_out,0,3.1,614,False,False,6.568435192108154,1.3234529495239258,local_geometry,PCA
train,2jit,EGFR,inactive,0,out-like,out,inactive,0,3.1,299,True,True,-0.3602135479450226,-1.598380446434021,local_geometry,PCA
train,4h58,BRAF,inactive,0,out,in,dfg_out_alphac_in,0,3.1,272,True,True,-1.9549648761749268,-1.4706941843032837,local_geometry,PCA
train,4riw,EGFR,active,1,in,in,active,1,3.1,293,True,True,0.07216832786798477,-1.61240553855896,local_geometry,PCA
train,7ky0,EGFR,inactive,0,in,out,dfg_in_alphac_out,1,3.1,288,True,True,-1.3004897832870483,0.3864975869655609,local_geometry,PCA
train,1jow,CDK6,active,1,in,in,active,0,3.1,277,True,True,-1.343631386756897,-1.5774577856063843,local_geometry,PCA
train,5y25,EGFR,active,1,in,in,active,1,3.1,292,True,True,-1.0444380044937134,-0.7530381679534912,local_geometry,PCA
train,3q96,BRAF,inactive,0,out,in,dfg_out_alphac_in,1,3.1,262,True,True,-1.2482993602752686,-2.766111135482788,local_geometry,PCA
train,2j6m,EGFR,active,1,in,in,active,1,3.1,306,True,True,-0.07151935994625092,-1.7420679330825806,local_geometry,PCA
train,2j5e,EGFR,active,1,in,in,active,0,3.1,309,True,True,-0.07895011454820633,-1.7222853899002075,local_geometry,PCA
train,6v2w,BRAF,inactive,0,in,out,dfg_in_alphac_out,1,3.12,275,True,True,-2.020995855331421,0.5649223327636719,local_geometry,PCA
train,6v31,BRAF,inactive,0,in,out,dfg_in_alphac_out,1,3.12,273,True,True,-1.9347466230392456,-0.3092871904373169,local_geometry,PCA
train,7m0z,BRAF,inactive,0,in,out,dfg_in_alphac_out,1,3.12,273,True,True,-1.9347466230392456,-0.3092871904373169,local_geometry,PCA
train,2g2i,ABL1,active,1,in,in,active,1,3.12,271,True,True,-1.9022823572158813,0.05418006703257561,local_geometry,PCA
train,5gty,EGFR,inactive,0,in,out,dfg_in_alphac_out,1,3.14,297,True,True,-1.0544724464416504,-0.8451972603797913,local_geometry,PCA
train,6v34,BRAF,inactive,0,out,in,dfg_out_alphac_in,1,3.15,247,True,True,-2.8247017860412598,2.2723634243011475,local_geometry,PCA
train,4dbn,BRAF,inactive,0,out,in,dfg_out_alphac_in,1,3.15,263,True,True,-1.3799967765808105,-2.0319864749908447,local_geometry,PCA
train,6v2z,BRAF,inactive,0,in,out,dfg_in_alphac_out,1,3.16,274,True,True,-1.8633251190185547,-0.20835015177726746,local_geometry,PCA
train,7m0v,BRAF,inactive,0,in,out,dfg_in_alphac_out,1,3.16,274,True,True,-1.8895483016967773,-0.20607516169548035,local_geometry,PCA
train,5ct7,BRAF,inactive,0,out,in,dfg_out_alphac_in,1,3.17,254,True,True,-2.816105365753174,2.548025369644165,local_geometry,PCA
train,4g5p,EGFR,inactive,0,out-like,out,inactive,0,3.17,303,True,True,-1.2165391445159912,-0.7872106432914734,local_geometry,PCA
train,6v32,BRAF,inactive,0,in,out,dfg_in_alphac_out,1,3.19,274,True,True,-1.988413691520691,0.3896423876285553,local_geometry,PCA
train,6p8h,CDK4,inactive,0,in,out,dfg_in_alphac_out,0,3.19,258,True,False,-2.0645999908447266,1.3697503805160522,local_geometry,PCA
train,7m0t,BRAF,inactive,0,in,out,dfg_in_alphac_out,1,3.19,274,True,True,-1.976603627204895,0.4701572060585022,local_geometry,PCA
train,3kxx,FGFR1,active,1,in,in,active,0,3.2,286,True,True,-1.441200613975525,0.5916569232940674,local_geometry,PCA
train,5x2k,EGFR,active,1,in,in,active,1,3.2,314,True,True,0.10727854818105698,-1.4845577478408813,local_geometry,PCA
train,4g9r,BRAF,inactive,0,out,in,dfg_out_alphac_in,1,3.2,262,True,True,-1.6883394718170166,-0.272164911031723,local_geometry,PCA
train,3skc,BRAF,inactive,0,in,out,dfg_in_alphac_out,1,3.2,276,True,True,-2.2398555278778076,0.021862486377358437,local_geometry,PCA
train,4tks,EGFR,active,1,in,in,active,0,3.2,307,True,True,0.0480986051261425,-1.5900400876998901,local_geometry,PCA
train,8f1w,EGFR,inactive,0,in,out,dfg_in_alphac_out,1,3.2,303,True,True,-0.8548855185508728,-0.896661102771759,local_geometry,PCA
train,3q4c,BRAF,active,1,in,in,active,1,3.2,264,True,True,-1.7734771966934204,-1.3134442567825317,local_geometry,PCA
train,7k1i,EGFR,inactive,0,in,out,dfg_in_alphac_out,1,3.202,288,True,True,-1.8819146156311035,1.3369182348251343,local_geometry,PCA
train,3rcd,ERBB2,inactive,0,in,out,dfg_in_alphac_out,1,3.21,271,True,True,-2.3793528079986572,2.1588640213012695,local_geometry,PCA
train,8kfq,EGFR,active,1,in,in,active,1,3.22,301,True,True,-0.8646827340126038,-1.2211192846298218,local_geometry,PCA
train,2ito,EGFR,active,1,in,in,active,1,3.25,303,True,True,-0.5928453803062439,-1.5499107837677002,local_geometry,PCA
train,6s9b,EGFR,active,1,in,in,active,1,3.25,291,True,True,-1.097303032875061,-1.2294743061065674,local_geometry,PCA
train,4r3r,EGFR,active,1,in,in,active,0,3.25,309,True,True,0.19425661861896515,-1.9160187244415283,local_geometry,PCA
train,5y9t,EGFR,active,1,in,in,active,1,3.25,300,True,True,-0.15784679353237152,-2.073756456375122,local_geometry,PCA
train,7jxh,ERBB2,inactive,0,in,out,dfg_in_alphac_out,1,3.27,272,True,True,-1.8525584936141968,-0.07279298454523087,local_geometry,PCA
train,6uuo,BRAF,inactive,0,in,out,dfg_in_alphac_out,1,3.29,254,False,True,-1.2055996656417847,-1.7349345684051514,local_geometry,PCA
train,4ksq,BRAF,inactive,0,out,in,dfg_out_alphac_in,1,3.3,258,True,True,-2.0422844886779785,0.9768059253692627,local_geometry,PCA
train,4ehe,BRAF,inactive,0,in,out,dfg_in_alphac_out,1,3.3,266,True,True,-1.4861856698989868,-0.7368897795677185,local_geometry,PCA
train,7sz0,EGFR,inactive,0,in,out,dfg_in_alphac_out,0,3.3,614,False,False,6.671546936035156,1.3560981750488281,local_geometry,PCA
train,4wd5,EGFR,inactive,0,out-like,out,inactive,0,3.3,304,True,True,-1.0561721324920654,-1.386742115020752,local_geometry,PCA
train,7sye,EGFR,inactive,0,in,out,dfg_in_alphac_out,0,3.3,614,False,False,6.594686508178711,1.332071304321289,local_geometry,PCA
train,6xag,BRAF,active,1,in,in,active,0,3.3,275,True,True,-0.8377893567085266,-1.835213541984558,local_geometry,PCA
train,3tv6,BRAF,inactive,0,in,out,dfg_in_alphac_out,1,3.3,276,True,True,-2.004859209060669,-0.06388479471206665,local_geometry,PCA
train,5jeb,EGFR,active,1,in,in,active,1,3.3,299,True,True,-0.42150330543518066,-1.8285306692123413,local_geometry,PCA
train,8eme,EGFR,inactive,0,in,out,dfg_in_alphac_out,1,3.32,267,False,True,-1.361778736114502,-1.3468741178512573,local_geometry,PCA
train,4i20,EGFR,inactive,0,out,in,dfg_out_alphac_in,0,3.34,287,True,True,-0.6449369788169861,-1.5523980855941772,local_geometry,PCA
train,4i21,EGFR,inactive,0,out-like,in,dfg_out_alphac_in,0,3.37,302,True,True,0.3161601722240448,-1.4122282266616821,local_geometry,PCA
train,4pp7,BRAF,inactive,0,in,out,dfg_in_alphac_out,1,3.4,267,True,True,-1.7050809860229492,-0.5578916668891907,local_geometry,PCA
train,3psb,BRAF,active,1,in,in,active,1,3.4,264,True,True,-1.9606126546859741,-1.1485278606414795,local_geometry,PCA
train,1bi7,CDK6,inactive,0,out,na,unknown,0,3.4,269,True,True,-1.9253727197647095,-0.13054683804512024,local_geometry,PCA
train,3tv4,BRAF,inactive,0,in,out,dfg_in_alphac_out,1,3.4,276,True,True,-2.0996952056884766,-0.07443992793560028,local_geometry,PCA
train,5feq,EGFR,active,1,in,in,active,1,3.4,290,True,True,-0.6290920376777649,-1.784504771232605,local_geometry,PCA
train,7sz1,EGFR,inactive,0,in,out,dfg_in_alphac_out,0,3.4,614,False,False,6.608633518218994,1.3324987888336182,local_geometry,PCA
train,7sz7,EGFR,inactive,0,in,out,dfg_in_alphac_out,0,3.4,614,False,False,6.677330017089844,1.3584952354431152,local_geometry,PCA
train,8h7x,EGFR,active,1,in,in,active,1,3.404,299,True,True,-0.5287572145462036,-1.72893488407135,local_geometry,PCA
train,2ity,EGFR,active,1,in,in,active,1,3.42,300,True,True,-0.5650289058685303,-1.36807119846344,local_geometry,PCA
train,1opl,ABL1,inactive,0,out-like,in,dfg_out_alphac_in,1,3.42,365,True,True,1.7228295803070068,1.155260443687439,local_geometry,PCA
train,7u98,EGFR,inactive,0,in,out,dfg_in_alphac_out,1,3.42,287,True,True,-1.032336950302124,-1.438116431236267,local_geometry,PCA
train,7m0y,BRAF,inactive,0,in,out,dfg_in_alphac_out,1,3.45,275,True,True,-2.0783259868621826,0.5619465112686157,local_geometry,PCA
train,6v2y,BRAF,inactive,0,in,out,dfg_in_alphac_out,1,3.451,275,True,True,-2.0758626461029053,0.562032163143158,local_geometry,PCA
train,4rzw,BRAF,inactive,0,out,in,dfg_out_alphac_in,1,3.49,252,True,True,-3.118098497390747,3.1523334980010986,local_geometry,PCA
train,2rf9,EGFR,inactive,0,out-like,in,dfg_out_alphac_in,0,3.5,280,True,True,-1.029120683670044,-1.689955472946167,local_geometry,PCA
train,1uwj,BRAF,inactive,0,out,in,dfg_out_alphac_in,1,3.5,263,True,True,-1.5262274742126465,-0.21137845516204834,local_geometry,PCA
train,4g9c,BRAF,inactive,0,out,in,dfg_out_alphac_in,1,3.5,264,True,True,-1.583918571472168,-0.38897043466567993,local_geometry,PCA
train,4ehg,BRAF,inactive,0,in,out,dfg_in_alphac_out,1,3.5,260,True,True,-2.2445032596588135,1.5879870653152466,local_geometry,PCA
train,2jiv,EGFR,inactive,0,in,out,dfg_in_alphac_out,1,3.5,270,True,True,-1.9772635698318481,-0.6089511513710022,local_geometry,PCA
train,4r5y,BRAF,inactive,0,out,in,dfg_out_alphac_in,1,3.5,253,True,True,-2.352186441421509,0.996690034866333,local_geometry,PCA
train,3pri,BRAF,active,1,in,in,active,1,3.5,264,True,True,-1.7692779302597046,-1.54421067237854,local_geometry,PCA
train,4lrm,EGFR,active,1,in,in,active,1,3.53,293,True,True,-0.29240092635154724,-1.6953471899032593,local_geometry,PCA
train,8f7o,BRAF,inactive,0,out,in,dfg_out_alphac_in,1,3.54,263,True,True,-0.8070871233940125,-3.4523801803588867,local_geometry,PCA
train,2rfd,EGFR,inactive,0,in,out,dfg_in_alphac_out,0,3.6,286,True,True,-1.6790891885757446,-1.1427983045578003,local_geometry,PCA
train,3psd,BRAF,active,1,in,in,active,1,3.6,262,True,True,-1.9547556638717651,-1.2355495691299438,local_geometry,PCA
train,4e4x,BRAF,inactive,0,in,out,dfg_in_alphac_out,1,3.6,274,True,True,-2.184974431991577,0.051593706011772156,local_geometry,PCA
train,4mbj,BRAF,inactive,0,in,out,dfg_in_alphac_out,1,3.6,269,True,True,-1.39620840549469,-0.7262359261512756,local_geometry,PCA
train,6vhp,EGFR,active,1,in,in,active,1,3.6,308,True,True,-0.1753450632095337,-1.579951286315918,local_geometry,PCA
train,7sz5,EGFR,inactive,0,in,out,dfg_in_alphac_out,0,3.6,614,False,False,6.681408882141113,1.3580317497253418,local_geometry,PCA
train,7mfd,BRAF,inactive,0,in,out,dfg_in_alphac_out,0,3.66,408,True,True,0.8706435561180115,9.824148178100586,local_geometry,PCA
train,3ppj,BRAF,active,1,in,in,active,1,3.7,262,True,True,-2.0599005222320557,-1.2624365091323853,local_geometry,PCA
train,6v2u,BRAF,inactive,0,in,out,dfg_in_alphac_out,1,3.78,255,False,True,-1.9854850769042969,-1.4586683511734009,local_geometry,PCA
train,5fwk,CDK4,active,1,in,na,unknown,0,3.9,209,True,False,-3.2112910747528076,-0.35426387190818787,local_geometry,PCA
train,8dgt,BRAF,inactive,0,in,out,dfg_in_alphac_out,1,3.9,429,True,True,1.0114519596099854,8.823663711547852,local_geometry,PCA
train,4ll0,EGFR,active,1,in,in,active,1,4.0,291,True,True,-1.2812241315841675,-0.880409300327301,local_geometry,PCA
train,7mfe,BRAF,inactive,0,in,out,dfg_in_alphac_out,0,4.07,407,True,True,1.1847139596939087,9.63794231414795,local_geometry,PCA
train,8dgs,BRAF,inactive,0,in,out,dfg_in_alphac_out,1,4.3,425,True,True,2.2228782176971436,9.819230079650879,local_geometry,PCA
train,5fwp,CDK4,active,1,in,na,unknown,0,7.2,209,True,False,-3.2043211460113525,-0.3706110715866089,local_geometry,PCA
train,5fwm,CDK4,inactive,0,out-like,out,inactive,0,8.0,291,True,True,3.737565279006958,1.9974302053451538,local_geometry,PCA
train,5fwl,CDK4,inactive,0,in,out,dfg_in_alphac_out,0,9.0,291,True,True,4.090051651000977,1.9574964046478271,local_geometry,PCA
val,4r1v,MET,inactive,0,in,out,dfg_in_alphac_out,1,1.2,289,True,True,-1.2594207525253296,-1.2700344324111938,local_geometry,PCA
val,3f66,MET,inactive,0,in,out,dfg_in_alphac_out,1,1.4,269,True,True,-1.7335706949234009,-2.4346604347229004,local_geometry,PCA
val,3zcl,MET,inactive,0,in,out,dfg_in_alphac_out,1,1.4,289,True,True,-1.4772460460662842,-1.5469380617141724,local_geometry,PCA
val,8pqd,KIT,active,1,in,in,active,1,1.5,297,True,True,-1.3496214151382446,0.49356403946876526,local_geometry,PCA
val,3dkc,MET,inactive,0,in,out,dfg_in_alphac_out,1,1.52,312,True,True,-1.0496100187301636,-1.0507745742797852,local_geometry,PCA
val,9c1r,MET,inactive,0,out,in,dfg_out_alphac_in,1,1.59,285,True,True,-1.2671608924865723,2.998471736907959,local_geometry,PCA
val,3q6u,MET,active,1,in,in,active,0,1.6,287,True,True,-1.9262211322784424,1.7153126001358032,local_geometry,PCA
val,3g0e,KIT,inactive,0,out,in,dfg_out_alphac_in,1,1.6,332,True,True,-1.3172005414962769,1.5461782217025757,local_geometry,PCA
val,1t46,KIT,inactive,0,out,in,dfg_out_alphac_in,1,1.6,297,True,True,-2.502213716506958,2.3976361751556396,local_geometry,PCA
val,4mxc,MET,inactive,0,out,in,dfg_out_alphac_in,1,1.63,290,True,True,-1.810808539390564,0.10093237459659576,local_geometry,PCA
val,8pqa,KIT,active,1,in,in,active,1,1.65,293,True,True,-1.5333447456359863,0.3481268584728241,local_geometry,PCA
val,5hti,MET,inactive,0,out,in,dfg_out_alphac_in,1,1.66,290,True,True,-1.8432751893997192,0.007236954756081104,local_geometry,PCA
val,6sdc,MET,inactive,0,out,in,dfg_out_alphac_in,1,1.67,286,True,True,-1.883610486984253,-0.06944075226783752,local_geometry,PCA
val,8pq9,KIT,active,1,in,in,active,1,1.7,296,True,True,-1.4449723958969116,0.5283740758895874,local_geometry,PCA
val,7v3r,MET,inactive,0,out,in,dfg_out_alphac_in,1,1.7,285,True,True,-1.4955155849456787,-1.52317476272583,local_geometry,PCA
val,5hni,MET,inactive,0,in,out,dfg_in_alphac_out,1,1.71,245,True,True,-1.0478572845458984,-2.5069355964660645,local_geometry,PCA
val,4xmo,MET,inactive,0,in,out,dfg_in_alphac_out,1,1.75,289,True,True,-1.2209701538085938,-1.1401113271713257,local_geometry,PCA
val,7b3q,MET,inactive,0,in,out,dfg_in_alphac_out,1,1.75,283,True,True,1.1537517309188843,-3.919128179550171,local_geometry,PCA
val,5eob,MET,inactive,0,in,out,dfg_in_alphac_out,1,1.75,288,True,True,-1.5148099660873413,-1.5193694829940796,local_geometry,PCA
val,3q6w,MET,active,1,in,in,active,1,1.75,297,True,True,-0.6049941182136536,-0.9626048803329468,local_geometry,PCA
val,7b40,MET,inactive,0,in,out,dfg_in_alphac_out,1,1.76,279,True,True,1.086546540260315,-3.667161464691162,local_geometry,PCA
val,7b44,MET,inactive,0,in,out,dfg_in_alphac_out,1,1.76,282,True,True,1.1082946062088013,-3.7574150562286377,local_geometry,PCA
val,8ouu,MET,inactive,0,out,out,inactive,1,1.77,284,True,True,-1.8081690073013306,-0.05679726228117943,local_geometry,PCA
val,8pqc,KIT,active,1,in,in,active,1,1.77,297,True,True,-1.541007399559021,0.7395033240318298,local_geometry,PCA
val,8ouv,MET,inactive,0,out,out,inactive,1,1.783,294,True,True,-1.749221920967102,0.21598054468631744,local_geometry,PCA
val,4ap7,MET,inactive,0,in,out,dfg_in_alphac_out,1,1.8,289,True,True,-1.5125012397766113,-1.5996949672698975,local_geometry,PCA
val,3zxz,MET,inactive,0,in,out,dfg_in_alphac_out,1,1.8,289,True,True,-1.4708259105682373,-1.554129958152771,local_geometry,PCA
val,5eyc,MET,inactive,0,in,out,dfg_in_alphac_out,1,1.8,288,True,True,-1.2309579849243164,-1.0917084217071533,local_geometry,PCA
val,3dkf,MET,inactive,0,in,out,dfg_in_alphac_out,1,1.8,294,True,True,0.051491763442754745,-3.0202600955963135,local_geometry,PCA
val,4eev,MET,inactive,0,out,in,dfg_out_alphac_in,1,1.8,283,True,True,-1.4269448518753052,2.85861873626709,local_geometry,PCA
val,1r1w,MET,inactive,0,in,out,dfg_in_alphac_out,0,1.8,287,True,True,0.25465893745422363,-3.6412975788116455,local_geometry,PCA
val,1r0p,MET,inactive,0,in,out,dfg_in_alphac_out,1,1.8,301,True,True,-1.54275381565094,-1.904707431793213,local_geometry,PCA
val,7b42,MET,inactive,0,in,out,dfg_in_alphac_out,1,1.8,279,True,True,0.34026089310646057,-2.1993415355682373,local_geometry,PCA
val,6mob,KIT,inactive,0,out,in,dfg_out_alphac_in,1,1.8,306,True,True,-1.684306263923645,2.03800630569458,local_geometry,PCA
val,7b3z,MET,inactive,0,in,out,dfg_in_alphac_out,1,1.8,277,True,True,0.9331361055374146,-3.7315874099731445,local_geometry,PCA
val,4xyf,MET,inactive,0,in,out,dfg_in_alphac_out,1,1.85,290,True,True,-1.1942108869552612,-1.1735107898712158,local_geometry,PCA
val,5eyd,MET,inactive,0,in,out,dfg_in_alphac_out,1,1.85,289,True,True,-1.2436429262161255,-1.0550740957260132,local_geometry,PCA
val,7b43,MET,inactive,0,in,out,dfg_in_alphac_out,1,1.87,277,True,True,0.9435153603553772,-3.637148857116699,local_geometry,PCA
val,3zze,MET,inactive,0,in,out,dfg_in_alphac_out,1,1.87,286,True,True,-1.5084749460220337,-1.4806090593338013,local_geometry,PCA
val,8pqb,KIT,active,1,in,in,active,1,1.87,280,True,True,-1.9469119310379028,0.5813210606575012,local_geometry,PCA
val,6itv,KIT,inactive,0,out,in,dfg_out_alphac_in,1,1.88,297,True,True,-2.4399986267089844,2.4437427520751953,local_geometry,PCA
val,5ya5,MET,inactive,0,in,out,dfg_in_alphac_out,1,1.89,273,True,True,-1.4268701076507568,-1.237399697303772,local_geometry,PCA
val,4hvs,KIT,inactive,0,out,in,dfg_out_alphac_in,1,1.9,326,True,True,-1.8219568729400635,2.5748789310455322,local_geometry,PCA
val,7v3s,MET,inactive,0,out,in,dfg_out_alphac_in,1,1.9,284,True,True,-1.3551640510559082,-0.30296674370765686,local_geometry,PCA
val,1t45,KIT,inactive,0,out,in,dfg_out_alphac_in,0,1.9,331,True,True,-1.5832639932632446,1.8109923601150513,local_geometry,PCA
val,8pqf,KIT,active,1,in,in,active,1,1.9,294,True,True,-1.3438749313354492,0.43953028321266174,local_geometry,PCA
val,3ccn,MET,inactive,0,in,out,dfg_in_alphac_out,1,1.9,275,True,True,-1.7202633619308472,-1.1925629377365112,local_geometry,PCA
val,5uab,MET,inactive,0,in,out,dfg_in_alphac_out,1,1.9,288,True,True,-1.2447527647018433,-1.1035104990005493,local_geometry,PCA
val,4aoi,MET,inactive,0,in,out,dfg_in_alphac_out,1,1.9,289,True,True,-1.495619773864746,-1.5442750453948975,local_geometry,PCA
val,3dkg,MET,inactive,0,in,out,dfg_in_alphac_out,1,1.91,281,True,True,-0.3246082663536072,-3.090946912765503,local_geometry,PCA
val,7b3v,MET,inactive,0,in,out,dfg_in_alphac_out,1,1.93,274,True,True,-0.4366251230239868,-3.5888516902923584,local_geometry,PCA
val,6sdd,MET,inactive,0,out,in,dfg_out_alphac_in,1,1.93,271,True,True,-2.2690467834472656,0.7182753086090088,local_geometry,PCA
val,3rhk,MET,inactive,0,out,out,inactive,1,1.94,298,True,True,-1.3733031749725342,1.0101515054702759,local_geometry,PCA
val,8ov7,MET,inactive,0,out,in,dfg_out_alphac_in,1,1.95,289,True,True,-1.9889410734176636,-0.6523607969284058,local_geometry,PCA
val,5ho6,MET,inactive,0,in,out,dfg_in_alphac_out,1,1.97,240,True,True,-1.7284382581710815,-3.1888608932495117,local_geometry,PCA
val,5hlw,MET,inactive,0,in,out,dfg_in_alphac_out,1,1.97,284,True,True,-1.3640968799591064,-1.6854981184005737,local_geometry,PCA
val,7b41,MET,inactive,0,in,out,dfg_in_alphac_out,1,1.97,281,True,True,0.3525347411632538,-2.25492525100708,local_geometry,PCA
val,4iwd,MET,active,1,in,in,active,1,1.99,299,True,True,-0.663568913936615,-1.0638062953948975,local_geometry,PCA
val,6ubw,MET,inactive,0,in,out,dfg_in_alphac_out,1,2.0,296,True,True,-0.9274347424507141,-1.056704044342041,local_geometry,PCA
val,3qti,MET,inactive,0,in,out,dfg_in_alphac_out,1,2.0,292,True,True,0.02780497446656227,-3.0285656452178955,local_geometry,PCA
val,3cd8,MET,inactive,0,in,out,dfg_in_alphac_out,1,2.0,278,True,True,-1.6406503915786743,-1.046578288078308,local_geometry,PCA
val,2wgj,MET,inactive,0,in,out,dfg_in_alphac_out,1,2.0,289,True,True,-1.5190984010696411,-1.4890360832214355,local_geometry,PCA
val,2wd1,MET,inactive,0,in,out,dfg_in_alphac_out,1,2.0,289,True,True,-1.2999805212020874,-1.071602463722229,local_geometry,PCA
val,5t3q,MET,inactive,0,na,out,unknown,1,2.0,278,False,True,-0.9832903742790222,-1.5119496583938599,local_geometry,PCA
val,4u0i,KIT,inactive,0,out,in,dfg_out_alphac_in,1,2.0,297,True,True,-2.4417457580566406,2.5243239402770996,local_geometry,PCA
val,4r1y,MET,inactive,0,in,out,dfg_in_alphac_out,1,2.0,265,True,True,-2.3575024604797363,-1.6822154521942139,local_geometry,PCA
val,8pqe,KIT,inactive,0,na,in,unknown,1,2.0,277,False,True,-1.6261314153671265,1.0967580080032349,local_geometry,PCA
val,6gqm,KIT,inactive,0,out,in,dfg_out_alphac_in,1,2.0,288,True,True,-2.528954267501831,2.5224521160125732,local_geometry,PCA
val,3u6h,MET,inactive,0,in,out,dfg_in_alphac_out,1,2.0,280,True,True,-1.8512948751449585,3.085076093673706,local_geometry,PCA
val,3i5n,MET,inactive,0,in,out,dfg_in_alphac_out,1,2.0,280,True,True,-1.5138839483261108,-1.7095648050308228,local_geometry,PCA
val,4deh,MET,inactive,0,in,out,dfg_in_alphac_out,1,2.0,286,True,True,-1.2639667987823486,-1.044014811515808,local_geometry,PCA
val,4deg,MET,inactive,0,in,out,dfg_in_alphac_out,1,2.0,286,True,True,-1.2738900184631348,-1.1132909059524536,local_geometry,PCA
val,6gql,KIT,inactive,0,out,in,dfg_out_alphac_in,1,2.01,298,True,True,-2.257402181625366,2.695361614227295,local_geometry,PCA
val,8ans,MET,inactive,0,out,in,dfg_out_alphac_in,1,2.01,277,True,True,-1.3128880262374878,-1.4940104484558105,local_geometry,PCA
val,7b3w,MET,active,1,in,na,unknown,1,2.02,259,True,True,-2.3254196643829346,-1.612718939781189,local_geometry,PCA
val,3lq8,MET,inactive,0,out,in,dfg_out_alphac_in,1,2.02,278,True,True,-1.5800197124481201,-0.5228545069694519,local_geometry,PCA
val,4dei,MET,inactive,0,in,out,dfg_in_alphac_out,1,2.05,287,True,True,-1.2520278692245483,-1.1029051542282104,local_geometry,PCA
val,6itt,KIT,inactive,0,out,in,dfg_out_alphac_in,1,2.1,297,True,True,-2.350801706314087,2.4518535137176514,local_geometry,PCA
val,3vw8,MET,inactive,0,out,in,dfg_out_alphac_in,1,2.1,303,True,True,-0.9975378513336182,-0.1959579586982727,local_geometry,PCA
val,3u6i,MET,inactive,0,in,out,dfg_in_alphac_out,1,2.1,281,True,True,-1.9266897439956665,2.1879377365112305,local_geometry,PCA
val,6kla,KIT,inactive,0,out,in,dfg_out_alphac_in,1,2.11,309,True,True,-2.1706714630126953,2.28470778465271,local_geometry,PCA
val,7zw8,KIT,inactive,0,out,in,dfg_out_alphac_in,1,2.119,301,True,True,-2.2611515522003174,2.5855352878570557,local_geometry,PCA
val,8aw1,MET,inactive,0,in,out,dfg_in_alphac_out,1,2.14,263,True,True,-1.8621140718460083,-2.432554244995117,local_geometry,PCA
val,5hoa,MET,inactive,0,in,out,dfg_in_alphac_out,1,2.14,225,True,True,-2.600745439529419,-3.1938095092773438,local_geometry,PCA
val,2g15,MET,inactive,0,in,out,dfg_in_alphac_out,0,2.15,301,True,True,-1.3511346578598022,-2.1738317012786865,local_geometry,PCA
val,7khg,KIT,inactive,0,out,in,dfg_out_alphac_in,1,2.15,327,True,True,-1.7732435464859009,2.552283763885498,local_geometry,PCA
val,6xvb,KIT,inactive,0,out,in,dfg_out_alphac_in,1,2.15,288,True,True,-2.4723870754241943,2.6933681964874268,local_geometry,PCA
val,7y4t,MET,inactive,0,in,out,dfg_in_alphac_out,1,2.16,281,True,True,-1.7326377630233765,-1.5260958671569824,local_geometry,PCA
val,3c1x,MET,inactive,0,out,in,dfg_out_alphac_in,1,2.17,290,False,True,-0.6062998175621033,-1.3245574235916138,local_geometry,PCA
val,2wkm,MET,inactive,0,in,out,dfg_in_alphac_out,1,2.2,286,True,True,-1.4399820566177368,-1.4547489881515503,local_geometry,PCA
val,3efk,MET,active,1,in,in,active,1,2.2,276,False,True,-1.4369590282440186,-0.8048480153083801,local_geometry,PCA
val,2rfs,MET,inactive,0,in,out,dfg_in_alphac_out,1,2.2,264,True,True,-2.2493739128112793,-1.203161358833313,local_geometry,PCA
val,3zbx,MET,inactive,0,in,out,dfg_in_alphac_out,1,2.2,282,True,True,-1.735177755355835,-1.6546880006790161,local_geometry,PCA
val,3zc5,MET,inactive,0,in,out,dfg_in_alphac_out,1,2.2,289,True,True,-1.4302208423614502,-1.5061222314834595,local_geometry,PCA
val,5hor,MET,inactive,0,in,out,dfg_in_alphac_out,1,2.2,247,True,True,-1.5572843551635742,-3.1865181922912598,local_geometry,PCA
val,8ovz,MET,inactive,0,out,out,inactive,1,2.206,286,True,True,-1.9891711473464966,0.28268298506736755,local_geometry,PCA
val,7b3t,MET,inactive,0,in,out,dfg_in_alphac_out,1,2.23,261,True,True,-0.3743011951446533,-2.2534592151641846,local_geometry,PCA
val,6hh1,KIT,inactive,0,out,in,dfg_out_alphac_in,1,2.25,303,True,True,-2.202374219894409,2.542039394378662,local_geometry,PCA
val,5uaf,MET,inactive,0,in,out,dfg_in_alphac_out,1,2.25,291,True,True,-1.200669288635254,-0.9891736507415771,local_geometry,PCA
val,5uad,MET,inactive,0,in,out,dfg_in_alphac_out,1,2.25,291,True,True,-1.200669288635254,-0.9891736507415771,local_geometry,PCA
val,8au3,MET,inactive,0,in,out,dfg_in_alphac_out,1,2.26,285,True,True,-0.42581313848495483,-3.3236026763916016,local_geometry,PCA
val,7y4u,MET,inactive,0,in,out,dfg_in_alphac_out,1,2.26,281,True,True,-1.7377053499221802,-1.4308189153671265,local_geometry,PCA
val,4gg7,MET,inactive,0,in,out,dfg_in_alphac_out,1,2.27,278,True,True,-1.7474480867385864,-1.5358411073684692,local_geometry,PCA
val,8ow3,MET,inactive,0,out,out,inactive,1,2.27,258,True,True,-2.2598226070404053,1.5675334930419922,local_geometry,PCA
val,3r7o,MET,active,1,in,in,active,1,2.3,299,True,True,-0.5314298868179321,-1.1026077270507812,local_geometry,PCA
val,3cth,MET,inactive,0,out,in,dfg_out_alphac_in,1,2.3,295,True,True,-1.2429782152175903,4.76660680770874,local_geometry,PCA
val,6xva,KIT,inactive,0,out,in,dfg_out_alphac_in,1,2.3,288,True,True,-2.6119325160980225,2.6253342628479004,local_geometry,PCA
val,6gqk,KIT,inactive,0,out,in,dfg_out_alphac_in,1,2.31,293,True,True,-2.3179755210876465,2.696152925491333,local_geometry,PCA
val,6gqj,KIT,inactive,0,out,in,dfg_out_alphac_in,1,2.33,298,True,True,-2.3727376461029053,2.588172197341919,local_geometry,PCA
val,7khk,KIT,active,1,in,in,active,1,2.34,291,True,True,-1.377341866493225,0.6539300680160522,local_geometry,PCA
val,6sd9,MET,inactive,0,out,in,dfg_out_alphac_in,1,2.35,265,True,True,-2.0369033813476562,0.27867695689201355,local_geometry,PCA
val,8an8,MET,inactive,0,out,in,dfg_out_alphac_in,1,2.394,244,True,True,-1.2853096723556519,-1.5747733116149902,local_geometry,PCA
val,4knb,MET,inactive,0,in,out,dfg_in_alphac_out,1,2.4,273,True,True,-1.729007363319397,-0.7927517890930176,local_geometry,PCA
val,3l8v,MET,inactive,0,out,in,dfg_out_alphac_in,1,2.4,293,True,True,-1.6584608554840088,7.858313083648682,local_geometry,PCA
val,8pqg,KIT,active,1,in,in,active,1,2.4,292,True,True,-1.5179466009140015,0.5603473782539368,local_geometry,PCA
val,3ce3,MET,inactive,0,out,in,dfg_out_alphac_in,1,2.4,293,True,True,-1.199794888496399,5.306319713592529,local_geometry,PCA
val,4gg5,MET,inactive,0,in,out,dfg_in_alphac_out,1,2.42,274,True,True,-1.8293572664260864,-1.6445817947387695,local_geometry,PCA
val,6sde,MET,inactive,0,in,out,dfg_in_alphac_out,1,2.49,268,True,True,-1.9022475481033325,-1.5689697265625,local_geometry,PCA
val,3f82,MET,inactive,0,out,in,dfg_out_alphac_in,1,2.5,278,True,True,-1.8899500370025635,2.7320432662963867,local_geometry,PCA
val,3ctj,MET,inactive,0,out,in,dfg_out_alphac_in,1,2.5,289,False,True,-0.4983121454715729,-1.2938170433044434,local_geometry,PCA
val,2rfn,MET,inactive,0,na,in,unknown,1,2.5,268,False,True,-1.5208989381790161,-0.7939721345901489,local_geometry,PCA
val,3a4p,MET,inactive,0,in,out,dfg_in_alphac_out,1,2.54,285,True,True,-0.6768051385879517,-2.865093231201172,local_geometry,PCA
val,5dg5,MET,inactive,0,out,in,dfg_out_alphac_in,1,2.6,297,True,True,-0.6777887940406799,-1.412855625152588,local_geometry,PCA
val,3efj,MET,inactive,0,na,out,unknown,1,2.6,276,False,True,-1.3916181325912476,-0.7606157064437866,local_geometry,PCA
val,3g0f,KIT,inactive,0,out,in,dfg_out_alphac_in,1,2.6,291,True,True,-2.2832491397857666,2.232038974761963,local_geometry,PCA
val,8owg,MET,inactive,0,out,out,inactive,1,2.631,244,True,True,-2.244765520095825,-1.439866304397583,local_geometry,PCA
val,8k78,MET,inactive,0,in,out,dfg_in_alphac_out,0,2.67,298,True,True,-1.3116647005081177,-1.2918009757995605,local_geometry,PCA
val,8gvj,MET,inactive,0,in,out,dfg_in_alphac_out,1,2.71,285,True,True,-1.5164073705673218,-1.4769073724746704,local_geometry,PCA
val,8au5,MET,inactive,0,in,out,dfg_in_alphac_out,1,2.72,265,True,True,-1.9386471509933472,-1.2895783185958862,local_geometry,PCA
val,7khj,KIT,active,1,in,in,active,1,2.8,288,True,True,-1.471421480178833,0.31531548500061035,local_geometry,PCA
val,1pkg,KIT,active,1,in,in,active,1,2.9,277,True,True,-2.1321654319763184,1.4204657077789307,local_geometry,PCA
val,7zy6,KIT,inactive,0,out,in,dfg_out_alphac_in,1,3.09,293,True,True,-2.6366636753082275,2.4098503589630127,local_geometry,PCA
val,8dfp,KIT,inactive,0,out,out,inactive,0,3.17,438,False,True,9.659505844116211,2.4764809608459473,local_geometry,PCA
val,6xv9,KIT,inactive,0,out,in,dfg_out_alphac_in,1,3.38,292,True,True,-2.480778455734253,2.7302627563476562,local_geometry,PCA
val,8dfm,KIT,inactive,0,out-like,out,inactive,0,3.45,441,False,True,9.903526306152344,2.532170057296753,local_geometry,PCA
val,8dfq,KIT,inactive,0,out-like,out,inactive,0,3.96,438,False,True,10.39083480834961,2.8153018951416016,local_geometry,PCA
test,5grn,PDGFRA,inactive,0,out,in,dfg_out_alphac_in,1,1.77,285,True,True,-2.7211296558380127,2.6149134635925293,local_geometry,PCA
test,8pqj,PDGFRA,inactive,0,out,in,dfg_out_alphac_in,0,1.82,329,True,True,-1.8481947183609009,1.9650001525878906,local_geometry,PCA
test,6a32,PDGFRA,inactive,0,out,in,dfg_out_alphac_in,0,1.87,336,True,True,-1.54319429397583,2.171435832977295,local_geometry,PCA
test,6jol,PDGFRA,inactive,0,out,in,dfg_out_alphac_in,1,1.9,279,True,True,-2.9020349979400635,2.654406785964966,local_geometry,PCA
test,8exl,PIK3CA,active,1,in,in,active,1,1.989,892,True,True,8.878713607788086,-0.06178293377161026,local_geometry,PCA
test,8pqk,PDGFRA,inactive,0,out,in,dfg_out_alphac_in,0,2.0,322,True,True,-2.027226209640503,1.9286973476409912,local_geometry,PCA
test,7jiu,PIK3CA,active,1,in,in,active,1,2.12,900,True,True,8.898341178894043,-0.08444537967443466,local_geometry,PCA
test,5k5x,PDGFRA,inactive,0,out,in,dfg_out_alphac_in,0,2.17,345,True,True,-1.4071438312530518,1.9242331981658936,local_geometry,PCA
test,6pys,PIK3CA,active,1,in,in,active,1,2.19,890,True,True,9.012065887451172,-0.1467214822769165,local_geometry,PCA
test,4jps,PIK3CA,active,1,in,in,active,1,2.2,999,True,True,7.7899298667907715,0.9154617786407471,local_geometry,PCA
test,7pg5,PIK3CA,active,1,in,in,active,0,2.20029,1028,True,True,8.01657772064209,1.1519495248794556,local_geometry,PCA
test,5dxt,PIK3CA,active,1,in,in,active,1,2.25,879,True,True,8.907358169555664,-0.20460020005702972,local_geometry,PCA
test,8sbc,PIK3CA,active,1,in,in,active,1,2.3,970,True,True,7.535629749298096,0.8290711045265198,local_geometry,PCA
test,4waf,PIK3CA,active,1,in,in,active,1,2.39,1017,True,True,8.001150131225586,0.9402409791946411,local_geometry,PCA
test,5ubr,PIK3CA,active,1,in,in,active,1,2.4,887,True,True,8.908343315124512,-0.09120406955480576,local_geometry,PCA
test,7tz7,PIK3CA,active,1,in,in,active,1,2.41,988,True,True,7.716748237609863,0.9064897894859314,local_geometry,PCA
test,8dcp,PIK3CA,active,1,in,in,active,0,2.41,1005,True,True,8.162211418151855,1.2244981527328491,local_geometry,PCA
test,8bfu,PIK3CA,active,1,in,in,active,0,2.41,880,True,True,9.360490798950195,-0.8105345368385315,local_geometry,PCA
test,7k6m,PIK3CA,active,1,in,in,active,1,2.413,878,True,True,7.3021039962768555,1.0382580757141113,local_geometry,PCA
test,8exo,PIK3CA,active,1,in,in,active,1,2.46,900,True,True,8.795069694519043,-0.05781801789999008,local_geometry,PCA
test,8exv,PIK3CA,active,1,in,in,active,1,2.48,895,True,True,8.932745933532715,-0.09447557479143143,local_geometry,PCA
test,7pg6,PIK3CA,active,1,in,in,active,1,2.49944,1026,True,True,8.049405097961426,1.0682556629180908,local_geometry,PCA
test,5fi4,PIK3CA,active,1,in,in,active,1,2.5,1009,True,True,7.993121147155762,0.8416980504989624,local_geometry,PCA
test,5uk8,PIK3CA,active,1,in,in,active,1,2.5,1008,True,True,7.834585666656494,1.1385445594787598,local_geometry,PCA
test,8pqh,PDGFRA,active,1,in,in,active,1,2.5,321,True,True,-0.7087675333023071,1.458978295326233,local_geometry,PCA
test,6gvf,PIK3CA,active,1,in,in,active,1,2.5,910,True,True,9.267196655273438,0.18129485845565796,local_geometry,PCA
test,4l23,PIK3CA,active,1,in,in,active,1,2.5,1014,True,True,8.167871475219727,1.2682385444641113,local_geometry,PCA
test,8tsa,PIK3CA,active,1,in,in,active,1,2.51,1005,True,True,9.491777420043945,-1.1365126371383667,local_geometry,PCA
test,5xgi,PIK3CA,active,1,in,in,active,1,2.56,1013,True,True,8.239771842956543,1.1312994956970215,local_geometry,PCA
test,8bfv,PIK3CA,active,1,in,in,active,1,2.57,895,True,True,9.889585494995117,-0.9187033772468567,local_geometry,PCA
test,8ow2,PIK3CA,active,1,in,in,active,1,2.57,895,True,True,9.907197952270508,-0.9135832786560059,local_geometry,PCA
test,4l1b,PIK3CA,active,1,in,in,active,0,2.59,994,True,True,7.9322404861450195,1.099457859992981,local_geometry,PCA
test,8pqi,PDGFRA,active,1,in,in,active,1,2.6,299,True,True,-1.445848822593689,1.5017423629760742,local_geometry,PCA
test,6joj,PDGFRA,inactive,0,out-like,in,dfg_out_alphac_in,1,2.6,338,True,True,-1.6158958673477173,2.819690227508545,local_geometry,PCA
test,8v8v,PIK3CA,active,1,in,in,active,1,2.61,1012,True,True,8.09267520904541,0.8941138386726379,local_geometry,PCA
test,8gud,PIK3CA,active,1,in,in,active,1,2.62,835,True,True,9.603776931762695,-1.3154150247573853,local_geometry,PCA
test,4zop,PIK3CA,active,1,in,in,active,1,2.62,1000,True,True,7.822109222412109,0.8872100710868835,local_geometry,PCA
test,4tuu,PIK3CA,active,1,in,in,active,0,2.64,879,True,True,9.188216209411621,-0.32206833362579346,local_geometry,PCA
test,8twy,PIK3CA,active,1,in,in,active,1,2.67,853,True,True,9.200157165527344,-0.48554015159606934,local_geometry,PCA
test,8exu,PIK3CA,active,1,in,in,active,1,2.68,898,True,True,8.893662452697754,-0.14844414591789246,local_geometry,PCA
test,7r9v,PIK3CA,active,1,in,in,active,1,2.69,855,True,True,9.107965469360352,-0.5468885898590088,local_geometry,PCA
test,8w9a,PIK3CA,active,1,in,in,active,1,2.7,969,True,True,9.7136812210083,-0.15803463757038116,local_geometry,PCA
test,8tsd,PIK3CA,active,1,in,in,active,1,2.7,1005,True,True,9.897730827331543,-1.4875715970993042,local_geometry,PCA
test,8ts7,PIK3CA,active,1,in,in,active,0,2.71,997,True,True,9.21539306640625,0.014411931857466698,local_geometry,PCA
test,8ts8,PIK3CA,active,1,in,in,active,0,2.72,992,True,True,9.742388725280762,-0.5869463682174683,local_geometry,PCA
test,8gub,PIK3CA,active,1,in,in,active,1,2.73,977,True,True,7.973727703094482,0.8863928318023682,local_geometry,PCA
test,7k6o,PIK3CA,active,1,in,in,active,1,2.738,852,True,True,9.123891830444336,-0.5875173807144165,local_geometry,PCA
test,6gvh,PIK3CA,active,1,in,in,active,1,2.74,913,True,True,9.086198806762695,0.09337718784809113,local_geometry,PCA
test,7k6n,PIK3CA,active,1,in,in,active,1,2.77,875,True,True,9.70859146118164,-0.7833476066589355,local_geometry,PCA
test,8gua,PIK3CA,active,1,in,in,active,1,2.77,855,True,True,9.936349868774414,-1.1674598455429077,local_geometry,PCA
test,7myn,PIK3CA,inactive,0,out-like,in,dfg_out_alphac_in,0,2.79,977,True,True,9.040498733520508,-0.36162394285202026,local_geometry,PCA
test,8dcx,PIK3CA,active,1,in,in,active,0,2.8,930,True,True,9.078986167907715,0.8259809017181396,local_geometry,PCA
test,4l2y,PIK3CA,active,1,in,in,active,1,2.8,991,True,True,7.830288887023926,1.0743448734283447,local_geometry,PCA
test,3hhm,PIK3CA,active,1,in,in,active,1,2.8,1032,True,True,10.053533554077148,-0.5280628204345703,local_geometry,PCA
test,5ukj,PIK3CA,active,1,in,in,active,1,2.8,1009,True,True,7.86801290512085,1.0452182292938232,local_geometry,PCA
test,8am0,PIK3CA,active,1,in,in,active,1,2.818,1031,True,True,7.962674617767334,1.107051968574524,local_geometry,PCA
test,8ts9,PIK3CA,active,1,in,in,active,1,2.83,1004,True,True,9.507367134094238,-1.2389121055603027,local_geometry,PCA
test,3zim,PIK3CA,active,1,in,in,active,1,2.85,886,True,True,9.04875659942627,-0.023062484338879585,local_geometry,PCA
test,4tv3,PIK3CA,active,1,in,in,active,1,2.85,879,True,True,9.237048149108887,-0.29048022627830505,local_geometry,PCA
test,7r9y,PIK3CA,active,1,in,in,active,1,2.85,853,True,True,9.155269622802734,-0.5312869548797607,local_geometry,PCA
test,4ykn,PIK3CA,active,1,in,in,active,1,2.9,1205,True,True,10.763270378112793,0.4576493799686432,local_geometry,PCA
test,6gvi,PIK3CA,active,1,in,in,active,1,2.9,910,True,True,9.265435218811035,0.052220772951841354,local_geometry,PCA
test,7k71,PIK3CA,active,1,in,in,active,1,2.9,843,True,True,9.45273494720459,-0.9588853120803833,local_geometry,PCA
test,7mlk,PIK3CA,active,1,in,in,active,1,2.91,888,True,True,9.20633602142334,-0.4471730589866638,local_geometry,PCA
test,7myo,PIK3CA,active,1,in,na,unknown,0,2.92,286,False,True,4.6206817626953125,1.0905389785766602,local_geometry,PCA
test,8tgd,PIK3CA,active,1,in,in,active,1,2.928,1027,True,True,8.335298538208008,0.5902473330497742,local_geometry,PCA
test,8v8u,PIK3CA,active,1,in,in,active,1,2.93,1054,True,True,8.51581859588623,0.9115520119667053,local_geometry,PCA
test,4ovu,PIK3CA,active,1,in,in,active,0,2.96,1044,True,True,8.075470924377441,1.2472280263900757,local_geometry,PCA
test,5xgj,PIK3CA,active,1,in,in,active,1,2.97,980,True,True,7.832632541656494,1.2286498546600342,local_geometry,PCA
test,5xgh,PIK3CA,active,1,in,in,active,1,2.97,993,True,True,7.900991916656494,1.1576133966445923,local_geometry,PCA
test,6gvg,PIK3CA,active,1,in,in,active,1,3.0,910,True,True,9.294855117797852,0.03863277658820152,local_geometry,PCA
test,5ul1,PIK3CA,active,1,in,in,active,1,3.0,1000,True,True,7.831058025360107,1.1394877433776855,local_geometry,PCA
test,8w9b,PIK3CA,active,1,in,in,active,1,3.0,966,True,True,9.856451988220215,-0.5235589742660522,local_geometry,PCA
test,5dxh,PIK3CA,active,1,in,in,active,1,3.0,981,True,True,9.45984172821045,-0.41672685742378235,local_geometry,PCA
test,5itd,PIK3CA,active,1,in,in,active,1,3.02,995,True,True,7.841020107269287,0.961480438709259,local_geometry,PCA
test,2rd0,PIK3CA,active,1,in,in,active,0,3.05,997,True,True,9.576703071594238,-0.5111100077629089,local_geometry,PCA
test,8ilr,PIK3CA,active,1,in,in,active,1,3.05,977,True,True,9.464844703674316,-0.09665308892726898,local_geometry,PCA
test,6joi,PDGFRA,inactive,0,in,out,dfg_in_alphac_out,1,3.1,296,True,True,-1.8375128507614136,5.266659736633301,local_geometry,PCA
test,8dd4,PIK3CA,active,1,in,in,active,0,3.1,981,True,True,8.234519004821777,1.3385858535766602,local_geometry,PCA
test,8sbj,PIK3CA,active,1,in,in,active,1,3.1,986,True,True,7.6550750732421875,0.9279229044914246,local_geometry,PCA
test,8ils,PIK3CA,active,1,in,in,active,1,3.1,977,True,True,9.451534271240234,-0.24302373826503754,local_geometry,PCA
test,5swg,PIK3CA,active,1,in,in,active,1,3.11,1041,True,True,8.108731269836426,1.217063307762146,local_geometry,PCA
test,8tdu,PIK3CA,active,1,in,in,active,1,3.11,1021,True,True,8.504636764526367,0.546989917755127,local_geometry,PCA
test,8tu6,PIK3CA,active,1,in,in,active,0,3.12,981,True,True,8.835997581481934,0.16771143674850464,local_geometry,PCA
test,6oac,PIK3CA,active,1,in,in,active,1,3.15,847,True,True,8.851360321044922,-0.43852466344833374,local_geometry,PCA
test,8ilv,PIK3CA,inactive,0,out-like,in,dfg_out_alphac_in,1,3.19,971,True,True,9.426178932189941,-0.06870900094509125,local_geometry,PCA
test,8v8i,PIK3CA,active,1,in,in,active,1,3.2,990,True,True,9.764084815979004,-1.4157342910766602,local_geometry,PCA
test,5sxb,PIK3CA,active,1,in,in,active,0,3.3,1056,True,True,8.597625732421875,0.8200019598007202,local_geometry,PCA
test,5sw8,PIK3CA,active,1,in,in,active,1,3.3,1030,True,True,8.94570541381836,0.4528062641620636,local_geometry,PCA
test,3hiz,PIK3CA,active,1,in,in,active,0,3.3,1024,True,True,10.047099113464355,-0.39883631467819214,local_geometry,PCA
test,5swr,PIK3CA,active,1,in,in,active,1,3.31,1051,True,True,8.193641662597656,1.0949513912200928,local_geometry,PCA
test,6nct,PIK3CA,inactive,0,out-like,in,dfg_out_alphac_in,0,3.35,1039,True,True,9.47177505493164,0.10675232112407684,local_geometry,PCA
test,8v8j,PIK3CA,active,1,in,in,active,1,3.35,1017,True,True,9.002517700195312,-0.7758011221885681,local_geometry,PCA
test,5sxa,PIK3CA,active,1,in,in,active,1,3.35,1049,True,True,8.97723388671875,0.5753828883171082,local_geometry,PCA
test,8dd8,PIK3CA,active,1,in,in,active,0,3.4,1011,True,True,8.2470703125,0.7454914450645447,local_geometry,PCA
test,5sxi,PIK3CA,active,1,in,in,active,0,3.4,1040,True,True,8.916226387023926,0.5728819370269775,local_geometry,PCA
test,5swp,PIK3CA,active,1,in,in,active,1,3.41,1058,True,True,8.205639839172363,1.1411769390106201,local_geometry,PCA
test,5sxj,PIK3CA,active,1,in,in,active,1,3.42,1039,True,True,8.747872352600098,0.6796860098838806,local_geometry,PCA
test,5sxf,PIK3CA,active,1,in,in,active,1,3.46,1023,True,True,8.817497253417969,0.4362012445926666,local_geometry,PCA
test,5sx8,PIK3CA,active,1,in,in,active,1,3.47,1052,True,True,8.195289611816406,1.1257271766662598,local_geometry,PCA
test,5swt,PIK3CA,active,1,in,in,active,1,3.49,1057,True,True,8.5575590133667,0.8384143710136414,local_geometry,PCA
test,5sxd,PIK3CA,active,1,in,in,active,0,3.5,1049,True,True,8.532171249389648,0.8846709132194519,local_geometry,PCA
test,4ovv,PIK3CA,active,1,in,in,active,1,3.5,1042,True,True,8.05484390258789,0.9835018515586853,local_geometry,PCA
test,5swo,PIK3CA,active,1,in,in,active,1,3.5,1050,True,True,8.196852684020996,1.1455541849136353,local_geometry,PCA
test,5sxe,PIK3CA,inactive,0,out-like,in,dfg_out_alphac_in,1,3.51,1046,True,True,9.049280166625977,0.37730804085731506,local_geometry,PCA
test,5sx9,PIK3CA,active,1,in,in,active,1,3.52,1044,True,True,8.88442611694336,0.506280779838562,local_geometry,PCA
test,8tsb,PIK3CA,active,1,in,in,active,1,3.53,999,True,True,9.51576042175293,-1.1692668199539185,local_geometry,PCA
test,5sxc,PIK3CA,active,1,in,in,active,1,3.55,1038,True,True,8.957196235656738,0.5341798067092896,local_geometry,PCA
test,5sxk,PIK3CA,active,1,in,in,active,0,3.55,1053,True,True,8.100770950317383,1.077153205871582,local_geometry,PCA
test,8v8h,PIK3CA,active,1,in,in,active,1,3.58,1020,True,True,8.163070678710938,1.2484043836593628,local_geometry,PCA
test,8tsc,PIK3CA,active,1,in,in,active,1,3.62,1008,True,True,9.539779663085938,-1.2499687671661377,local_geometry,PCA
test,6jok,PDGFRA,inactive,0,out,in,dfg_out_alphac_in,1,3.8,338,True,True,-1.4724743366241455,2.2564728260040283,local_geometry,PCA
train,5ug8,EGFR,inactive,0,out,out,inactive,1,0.0,280,True,True,4.763973712921143,-6.636784553527832,local_geometry,tSNE
train,6xr7,ABL1,inactive,0,out-like,in,dfg_out_alphac_in,0,0.0,287,True,True,-22.523405075073242,6.537080764770508,local_geometry,tSNE
train,6xrg,ABL1,inactive,0,out,in,dfg_out_alphac_in,0,0.0,287,True,True,-31.92029571533203,6.154844284057617,local_geometry,tSNE
train,6xr6,ABL1,active,1,in,in,active,0,0.0,287,True,True,-28.31751823425293,16.23828887939453,local_geometry,tSNE
train,6uan,BRAF,inactive,0,in,out,dfg_in_alphac_out,0,0.0,284,True,True,14.924995422363281,-10.178061485290527,local_geometry,tSNE
train,6q0k,BRAF,active,1,in,in,active,0,0.0,280,True,True,15.008502960205078,-9.703667640686035,local_geometry,tSNE
train,6q0t,BRAF,active,1,in,in,active,0,0.0,279,True,True,15.010087966918945,-9.690232276916504,local_geometry,tSNE
train,6q0j,BRAF,active,1,in,in,active,0,0.0,280,True,True,15.01025104522705,-9.686171531677246,local_geometry,tSNE
train,5ug9,EGFR,inactive,0,out,out,inactive,1,0.0,280,True,True,4.861854076385498,-6.454442501068115,local_geometry,tSNE
train,6nyb,BRAF,inactive,0,in,out,dfg_in_alphac_out,1,0.0,348,True,True,-37.97672653198242,10.734417915344238,local_geometry,tSNE
train,8a27,EGFR,inactive,0,in,out,dfg_in_alphac_out,1,1.07,269,True,True,-6.69504976272583,-21.554100036621094,local_geometry,tSNE
train,8a2d,EGFR,inactive,0,in,out,dfg_in_alphac_out,1,1.11,281,True,True,-15.38062858581543,-19.13107681274414,local_geometry,tSNE
train,5hg8,EGFR,inactive,0,out,out,inactive,1,1.42,300,True,True,5.47609806060791,-6.929542541503906,local_geometry,tSNE
train,8a2a,EGFR,inactive,0,in,out,dfg_in_alphac_out,1,1.43,306,True,True,-6.3885273933410645,-23.94715118408203,local_geometry,tSNE
train,4gv1,AKT1,active,1,in,in,active,1,1.49,329,True,True,-21.9947509765625,24.89152717590332,local_geometry,tSNE
train,6tfv,EGFR,inactive,0,in,out,dfg_in_alphac_out,1,1.5,268,True,True,-17.750829696655273,-16.18264389038086,local_geometry,tSNE
train,6tg0,EGFR,inactive,0,in,out,dfg_in_alphac_out,1,1.5,267,True,True,-18.422487258911133,-16.238162994384766,local_geometry,tSNE
train,3poz,EGFR,inactive,0,in,out,dfg_in_alphac_out,1,1.5,293,True,True,-15.356345176696777,-1.5031837224960327,local_geometry,tSNE
train,5hg5,EGFR,inactive,0,out,out,inactive,1,1.52,302,True,True,5.685934543609619,-6.832127571105957,local_geometry,tSNE
train,5hu9,ABL1,inactive,0,out,in,dfg_out_alphac_in,1,1.53,267,True,True,-30.43136978149414,-0.17070399224758148,local_geometry,tSNE
train,4z55,ALK,active,1,in,in,active,1,1.55,294,True,True,-4.006800174713135,20.637758255004883,local_geometry,tSNE
train,5cno,EGFR,inactive,0,in,out,dfg_in_alphac_out,1,1.55,300,True,True,-0.36855727434158325,-13.99051570892334,local_geometry,tSNE
train,5ugc,EGFR,inactive,0,out,out,inactive,1,1.58,280,True,True,5.220017433166504,-6.053531169891357,local_geometry,tSNE
train,6tg1,EGFR,inactive,0,in,out,dfg_in_alphac_out,1,1.6,268,True,True,-18.45018768310547,-15.938745498657227,local_geometry,tSNE
train,7si1,EGFR,active,1,in,in,active,0,1.6,280,True,True,-18.722440719604492,7.904978275299072,local_geometry,tSNE
train,5u8l,EGFR,inactive,0,out,out,inactive,1,1.6,289,True,True,4.9603495597839355,-7.235916614532471,local_geometry,tSNE
train,5a9u,ALK,active,1,in,in,active,1,1.6,292,True,True,-1.2362104654312134,16.44376564025879,local_geometry,tSNE
train,5ew8,FGFR1,active,1,in,in,active,1,1.63,290,True,True,-32.60267639160156,17.394962310791016,local_geometry,tSNE
train,8arj,ALK,active,1,in,in,active,1,1.645,275,True,True,-1.1003297567367554,15.340439796447754,local_geometry,tSNE
train,4wun,FGFR1,active,1,in,in,active,1,1.65,282,True,True,-31.59772491455078,-1.6416670083999634,local_geometry,tSNE
train,8c7x,BRAF,inactive,0,out,out,inactive,1,1.65,274,True,True,-8.424196243286133,-5.4388346672058105,local_geometry,tSNE
train,8c7y,BRAF,inactive,0,out,in,dfg_out_alphac_in,1,1.65,275,True,True,-8.154891967773438,-5.483892440795898,local_geometry,tSNE
train,4clj,ALK,active,1,in,in,active,1,1.66,295,True,True,-0.8439229726791382,22.333145141601562,local_geometry,tSNE
train,8u8x,ERBB2,inactive,0,out-like,out,inactive,1,1.69,308,True,True,-6.192333221435547,-17.972795486450195,local_geometry,tSNE
train,8a2b,EGFR,inactive,0,in,out,dfg_in_alphac_out,1,1.69,272,True,True,-17.428123474121094,-16.774534225463867,local_geometry,tSNE
train,5aac,ALK,active,1,in,in,active,1,1.7,292,True,True,-1.2563194036483765,16.55398178100586,local_geometry,tSNE
train,4fnx,ALK,active,1,in,in,active,0,1.7,292,True,True,-2.860412120819092,18.329729080200195,local_geometry,tSNE
train,2hzi,ABL1,inactive,0,out-like,in,dfg_out_alphac_in,1,1.7,264,True,True,-20.269390106201172,7.840614318847656,local_geometry,tSNE
train,3w33,EGFR,inactive,0,in,out,dfg_in_alphac_out,1,1.7,297,True,True,-7.885589599609375,-24.380075454711914,local_geometry,tSNE
train,4foc,ALK,active,1,in,in,active,1,1.7,296,True,True,-2.756664991378784,21.928239822387695,local_geometry,tSNE
train,5ftq,ALK,active,1,in,in,active,1,1.7,293,True,True,-1.6279159784317017,22.463769912719727,local_geometry,tSNE
train,6tfy,EGFR,inactive,0,in,out,dfg_in_alphac_out,1,1.7,264,True,True,-17.491918563842773,-15.95760726928711,local_geometry,tSNE
train,4anl,ALK,active,1,in,in,active,0,1.7,292,True,True,0.19449947774410248,20.803468704223633,local_geometry,tSNE
train,2yfx,ALK,active,1,in,in,active,1,1.7,292,True,True,-0.8280630707740784,21.388885498046875,local_geometry,tSNE
train,4i22,EGFR,inactive,0,in,out,dfg_in_alphac_out,1,1.71,297,True,True,0.02725094184279442,-13.722694396972656,local_geometry,tSNE
train,7ozb,FGFR1,active,1,in,in,active,1,1.71,288,True,True,-33.43363952636719,18.64002799987793,local_geometry,tSNE
train,4cmt,ALK,active,1,in,in,active,1,1.73,284,True,True,0.7480933666229248,17.738691329956055,local_geometry,tSNE
train,5aaa,ALK,active,1,in,in,active,1,1.73,294,True,True,-1.5576881170272827,20.483734130859375,local_geometry,tSNE
train,3aox,ALK,active,1,in,in,active,1,1.75,298,True,True,-1.4174295663833618,17.041934967041016,local_geometry,tSNE
train,4fnw,ALK,active,1,in,in,active,0,1.75,304,True,True,0.24200762808322906,19.7493953704834,local_geometry,tSNE
train,4anq,ALK,active,1,in,in,active,1,1.76,293,True,True,-1.1094298362731934,20.24690055847168,local_geometry,tSNE
train,6wxn,EGFR,inactive,0,in,out,dfg_in_alphac_out,0,1.76,298,True,True,-4.923336505889893,-20.147550582885742,local_geometry,tSNE
train,7pcd,ERBB2,active,1,in,in,active,1,1.77,272,True,True,7.603729724884033,-11.443811416625977,local_geometry,tSNE
train,6v66,EGFR,inactive,0,in,out,dfg_in_alphac_out,1,1.79,314,True,True,-6.230655670166016,-24.143659591674805,local_geometry,tSNE
train,4ctb,ALK,active,1,in,in,active,1,1.79,292,True,True,0.23915663361549377,18.859464645385742,local_geometry,tSNE
train,4i24,EGFR,inactive,0,in,out,dfg_in_alphac_out,1,1.8,304,True,True,0.041470106691122055,-15.602124214172363,local_geometry,tSNE
train,3l9p,ALK,active,1,in,in,active,0,1.8,303,True,True,-5.079299449920654,22.5256290435791,local_geometry,tSNE
train,4cmu,ALK,active,1,in,in,active,1,1.8,294,True,True,-1.638800859451294,21.00274658203125,local_geometry,tSNE
train,6cdt,ALK,active,1,in,in,active,0,1.8,292,True,True,-0.0769699364900589,20.452003479003906,local_geometry,tSNE
train,6tfz,EGFR,inactive,0,in,out,dfg_in_alphac_out,1,1.8,264,True,True,-17.43889808654785,-16.26688575744629,local_geometry,tSNE
train,2g1t,ABL1,inactive,0,in,out,dfg_in_alphac_out,0,1.8,277,True,True,-35.868953704833984,16.442350387573242,local_geometry,tSNE
train,5gnk,EGFR,active,1,in,in,active,1,1.8,277,True,True,-6.756402015686035,-22.530254364013672,local_geometry,tSNE
train,3w32,EGFR,inactive,0,in,out,dfg_in_alphac_out,1,1.8,317,True,True,-8.345763206481934,-23.935361862182617,local_geometry,tSNE
train,5uga,EGFR,inactive,0,out,out,inactive,1,1.82,283,True,True,4.628954887390137,-7.024219036102295,local_geometry,tSNE
train,7ozd,FGFR1,active,1,in,in,active,1,1.82,282,True,True,-27.15247917175293,-8.440428733825684,local_geometry,tSNE
train,3qrj,ABL1,inactive,0,out,in,dfg_out_alphac_in,1,1.82,258,True,True,-31.60722541809082,0.45650148391723633,local_geometry,tSNE
train,7ozf,FGFR1,active,1,in,in,active,1,1.82,288,True,True,-32.438873291015625,16.90127182006836,local_geometry,tSNE
train,4cmo,ALK,active,1,in,in,active,1,1.83,295,True,True,-1.6358896493911743,21.0762939453125,local_geometry,tSNE
train,7jxq,EGFR,inactive,0,in,out,dfg_in_alphac_out,1,1.83,296,True,True,-9.215306282043457,-22.134031295776367,local_geometry,tSNE
train,7r7k,ALK,active,1,in,in,active,1,1.831,290,True,True,-0.10230550915002823,17.431049346923828,local_geometry,tSNE
train,5x2a,EGFR,inactive,0,in,out,dfg_in_alphac_out,1,1.85,322,True,True,-1.015163779258728,-15.19262981414795,local_geometry,tSNE
train,4ans,ALK,active,1,in,in,active,1,1.85,293,True,True,-0.5558999180793762,20.52947235107422,local_geometry,tSNE
train,3pyy,ABL1,inactive,0,out,in,dfg_out_alphac_in,1,1.85,257,True,True,-24.30626678466797,-13.65798282623291,local_geometry,tSNE
train,5hg7,EGFR,inactive,0,out,out,inactive,1,1.85,280,True,True,5.263004779815674,-6.0310235023498535,local_geometry,tSNE
train,4wkq,EGFR,active,1,in,in,active,1,1.85,296,True,True,15.446951866149902,-21.18977928161621,local_geometry,tSNE
train,6npv,ABL1,inactive,0,out,in,dfg_out_alphac_in,1,1.86,264,True,True,-29.340585708618164,4.3838934898376465,local_geometry,tSNE
train,5aa8,ALK,active,1,in,in,active,1,1.86,292,True,True,-0.49068018794059753,16.937427520751953,local_geometry,tSNE
train,7btt,ALK,active,1,in,in,active,1,1.86,304,True,True,-5.062607765197754,22.69675064086914,local_geometry,tSNE
train,5iui,ALK,active,1,in,in,active,1,1.88,303,True,True,-1.9500538110733032,23.521244049072266,local_geometry,tSNE
train,5cnn,EGFR,inactive,0,in,out,dfg_in_alphac_out,1,1.9,300,True,True,-2.115553379058838,-16.726158142089844,local_geometry,tSNE
train,1blx,CDK6,inactive,0,in,out,dfg_in_alphac_out,0,1.9,305,True,True,-14.582470893859863,7.175443649291992,local_geometry,tSNE
train,7a2a,EGFR,inactive,0,in,out,dfg_in_alphac_out,1,1.9,266,True,True,-16.329593658447266,-16.767990112304688,local_geometry,tSNE
train,3w2s,EGFR,inactive,0,in,out,dfg_in_alphac_out,1,1.9,307,True,True,-8.893210411071777,-24.78243064880371,local_geometry,tSNE
train,6p8q,EGFR,inactive,0,in,out,dfg_in_alphac_out,1,1.9,309,True,True,-7.45327615737915,-24.114967346191406,local_geometry,tSNE
train,2xp2,ALK,active,1,in,in,active,1,1.9,285,True,True,-1.243996500968933,19.740962982177734,local_geometry,tSNE
train,7nh5,AKT1,inactive,0,out,na,unknown,1,1.9,383,True,True,-27.230688095092773,29.24498748779297,local_geometry,tSNE
train,8uw9,AKT1,inactive,0,out,na,unknown,1,1.9,388,True,True,-27.406885147094727,29.133543014526367,local_geometry,tSNE
train,4wrg,EGFR,active,1,in,in,active,0,1.9,289,True,True,14.281285285949707,-14.049695014953613,local_geometry,tSNE
train,2yjs,ALK,active,1,in,in,active,0,1.9,286,True,True,0.23056870698928833,15.79088020324707,local_geometry,tSNE
train,3qkl,AKT1,active,1,in,in,active,1,1.9,317,True,True,-20.810047149658203,24.07480812072754,local_geometry,tSNE
train,2yjr,ALK,active,1,in,in,active,0,1.9,278,True,True,-24.571075439453125,-14.911337852478027,local_geometry,tSNE
train,4cnh,ALK,active,1,in,in,active,1,1.9,285,True,True,1.018803596496582,16.24168586730957,local_geometry,tSNE
train,4fob,ALK,active,1,in,in,active,1,1.9,295,True,True,-2.6626474857330322,22.57098388671875,local_geometry,tSNE
train,2yhv,ALK,active,1,in,in,active,0,1.9,291,True,True,-0.24801236391067505,20.129087448120117,local_geometry,tSNE
train,5o49,FGFR1,active,1,in,in,active,1,1.91,286,True,True,-27.224323272705078,-9.875289916992188,local_geometry,tSNE
train,2f4j,ABL1,active,1,in,in,active,1,1.91,287,True,True,-22.79458999633789,11.804201126098633,local_geometry,tSNE
train,9bfb,BRAF,inactive,0,in,out,dfg_in_alphac_out,1,1.92,272,True,True,-9.678567886352539,-5.767507076263428,local_geometry,tSNE
train,5iug,ALK,inactive,0,out,in,dfg_out_alphac_in,1,1.93,285,True,True,-6.68958044052124,5.520802021026611,local_geometry,tSNE
train,7k0v,BRAF,inactive,0,out,in,dfg_out_alphac_in,1,1.93,262,True,True,-2.0613491535186768,-2.736177682876587,local_geometry,tSNE
train,5aa9,ALK,active,1,in,in,active,1,1.93,295,True,True,-2.5561683177948,20.66829490661621,local_geometry,tSNE
train,7r7r,ALK,active,1,in,in,active,1,1.935,291,True,True,-0.6176432967185974,17.246891021728516,local_geometry,tSNE
train,5yu9,EGFR,inactive,0,in,out,dfg_in_alphac_out,1,1.95,300,True,True,1.1618975400924683,-21.256906509399414,local_geometry,tSNE
train,3lcs,ALK,active,1,in,in,active,1,1.95,304,True,True,-5.203987121582031,22.727968215942383,local_geometry,tSNE
train,5ita,BRAF,inactive,0,in,out,dfg_in_alphac_out,1,1.95,252,False,True,-1.8665146827697754,4.4705891609191895,local_geometry,tSNE
train,2xba,ALK,active,1,in,in,active,1,1.95,283,True,True,1.2415525913238525,15.834973335266113,local_geometry,tSNE
train,5am6,FGFR1,active,1,in,in,active,1,1.96,280,True,True,-34.47295379638672,16.80095672607422,local_geometry,tSNE
train,5am7,FGFR1,active,1,in,in,active,1,1.96,287,True,True,-34.14857864379883,17.415403366088867,local_geometry,tSNE
train,4uwc,FGFR1,active,1,in,in,active,1,1.96,301,True,True,-33.32007598876953,16.606122970581055,local_geometry,tSNE
train,6mx8,ALK,active,1,in,in,active,1,1.96,282,True,True,-1.8516671657562256,18.435199737548828,local_geometry,tSNE
train,5j7h,ALK,active,1,in,in,active,1,1.96,291,True,True,-3.204296588897705,21.576074600219727,local_geometry,tSNE
train,4zse,EGFR,inactive,0,in,out,dfg_in_alphac_out,1,1.97,297,True,True,-6.416293144226074,-23.745725631713867,local_geometry,tSNE
train,8uw7,AKT1,inactive,0,out,out,inactive,1,1.972,397,True,True,-26.287200927734375,29.447404861450195,local_geometry,tSNE
train,6oqo,CDK6,inactive,0,in,out,dfg_in_alphac_out,1,1.977,269,True,True,-12.450982093811035,6.043720722198486,local_geometry,tSNE
train,8sc7,EGFR,active,1,in,in,active,1,1.984,320,True,True,17.056386947631836,-18.021764755249023,local_geometry,tSNE
train,8jmz,FGFR1,active,1,in,in,active,1,1.988,306,True,True,-33.150299072265625,17.6497859954834,local_geometry,tSNE
train,6itj,FGFR1,active,1,in,in,active,1,1.99,293,True,True,-34.916526794433594,18.19464874267578,local_geometry,tSNE
train,2g2h,ABL1,inactive,0,out-like,in,dfg_out_alphac_in,1,2.0,272,True,True,-22.288318634033203,8.397476196289062,local_geometry,tSNE
train,4fod,ALK,active,1,in,in,active,1,2.0,308,True,True,-2.5278162956237793,22.038938522338867,local_geometry,tSNE
train,1fgk,FGFR1,active,1,in,in,active,0,2.0,278,True,True,-31.10982894897461,16.154010772705078,local_geometry,tSNE
train,7a6k,EGFR,inactive,0,in,out,dfg_in_alphac_out,1,2.0,266,True,True,0.8834387063980103,-14.421342849731445,local_geometry,tSNE
train,6tfw,EGFR,inactive,0,in,out,dfg_in_alphac_out,1,2.0,266,True,True,-6.276271343231201,-21.234474182128906,local_geometry,tSNE
train,6tfu,EGFR,inactive,0,in,out,dfg_in_alphac_out,1,2.0,260,True,True,-6.242664813995361,-19.36795997619629,local_geometry,tSNE
train,7jyt,ALK,active,1,in,in,active,1,2.0,281,True,True,-0.4948092997074127,15.687799453735352,local_geometry,tSNE
train,4zsa,FGFR1,active,1,in,in,active,1,2.0,282,True,True,-27.189016342163086,-8.961034774780273,local_geometry,tSNE
train,6mzq,FGFR1,active,1,in,in,active,1,2.0,260,True,True,-25.737308502197266,-8.968820571899414,local_geometry,tSNE
train,6z4d,EGFR,inactive,0,in,out,dfg_in_alphac_out,1,2.0,269,True,True,1.361936092376709,-14.943228721618652,local_geometry,tSNE
train,3cqw,AKT1,active,1,in,in,active,1,2.0,318,True,True,-20.791227340698242,24.48464012145996,local_geometry,tSNE
train,6c1b,FGFR1,active,1,in,in,active,1,2.0,265,True,True,-31.427358627319336,-0.7868664860725403,local_geometry,tSNE
train,4ekl,AKT1,active,1,in,in,active,1,2.0,329,True,True,-22.22258949279785,24.63814353942871,local_geometry,tSNE
train,7a6j,EGFR,inactive,0,in,out,dfg_in_alphac_out,1,2.0,270,True,True,1.5136467218399048,-14.915850639343262,local_geometry,tSNE
train,2rgp,EGFR,inactive,0,in,out,dfg_in_alphac_out,1,2.0,284,True,True,-15.292107582092285,-1.5185964107513428,local_geometry,tSNE
train,6xfp,BRAF,inactive,0,out,in,dfg_out_alphac_in,1,2.0,272,True,True,-10.86253833770752,-6.577659606933594,local_geometry,tSNE
train,4xv9,BRAF,inactive,0,out,out,inactive,1,2.0,261,True,True,0.7140501737594604,6.2391157150268555,local_geometry,tSNE
train,4ccu,ALK,active,1,in,in,active,1,2.0,292,True,True,-0.013507149182260036,17.727588653564453,local_geometry,tSNE
train,7w7x,ABL1,inactive,0,out-like,in,dfg_out_alphac_in,1,2.00001,266,True,True,-20.74551773071289,7.510316848754883,local_geometry,tSNE
train,4mkc,ALK,active,1,in,in,active,1,2.01,303,True,True,-4.754354953765869,21.604724884033203,local_geometry,tSNE
train,5o4a,FGFR1,active,1,in,in,active,1,2.01,291,True,True,-27.246036529541016,-10.04399299621582,local_geometry,tSNE
train,3rhx,FGFR1,active,1,in,in,active,1,2.01,275,True,True,-35.23573303222656,17.41685676574707,local_geometry,tSNE
train,3mvh,AKT1,active,1,in,in,active,1,2.01,311,True,True,-20.660308837890625,23.596792221069336,local_geometry,tSNE
train,4ccb,ALK,active,1,in,in,active,1,2.03,287,True,True,-0.35380566120147705,21.033912658691406,local_geometry,tSNE
train,4ctc,ALK,active,1,in,in,active,1,2.03,288,True,True,-0.26196154952049255,16.499887466430664,local_geometry,tSNE
train,4dce,ALK,active,1,in,in,active,1,2.03,288,True,True,-24.658803939819336,-15.073580741882324,local_geometry,tSNE
train,6n0q,BRAF,inactive,0,out,in,dfg_out_alphac_in,1,2.04,257,True,True,-24.785207748413086,-8.37735652923584,local_geometry,tSNE
train,6lud,EGFR,active,1,in,in,active,1,2.05,310,True,True,14.899565696716309,-16.131093978881836,local_geometry,tSNE
train,4f64,FGFR1,active,1,in,in,active,1,2.05,278,True,True,-30.643985748291016,14.883112907409668,local_geometry,tSNE
train,5x2c,EGFR,inactive,0,in,out,dfg_in_alphac_out,1,2.05,304,True,True,-0.18915115296840668,-14.038467407226562,local_geometry,tSNE
train,3w2r,EGFR,inactive,0,in,out,dfg_in_alphac_out,1,2.05,297,True,True,-6.081548690795898,-18.016324996948242,local_geometry,tSNE
train,3w2p,EGFR,active,1,in,in,active,1,2.05,308,True,True,14.213508605957031,-15.740013122558594,local_geometry,tSNE
train,7apj,AKT1,inactive,0,out,na,unknown,0,2.05,385,False,True,-27.23478889465332,25.419898986816406,local_geometry,tSNE
train,4cli,ALK,active,1,in,in,active,1,2.05,294,True,True,-1.0675337314605713,21.074308395385742,local_geometry,tSNE
train,6xl4,EGFR,inactive,0,in,out,dfg_in_alphac_out,1,2.06,293,True,True,-7.854762077331543,-23.507232666015625,local_geometry,tSNE
train,3c4f,FGFR1,active,1,in,in,active,1,2.07,290,True,True,-32.91364288330078,16.89397621154785,local_geometry,tSNE
train,5a4c,FGFR1,active,1,in,in,active,1,2.09,286,True,True,-33.930259704589844,16.597755432128906,local_geometry,tSNE
train,8fv3,EGFR,inactive,0,in,out,dfg_in_alphac_out,1,2.1,299,True,True,-5.907660007476807,-23.54811668395996,local_geometry,tSNE
train,5vam,BRAF,inactive,0,out,in,dfg_out_alphac_in,1,2.1,269,True,True,-5.993594646453857,-3.6693758964538574,local_geometry,tSNE
train,7zyq,EGFR,inactive,0,in,out,dfg_in_alphac_out,1,2.1,270,True,True,0.07646286487579346,-17.55373764038086,local_geometry,tSNE
train,3qri,ABL1,inactive,0,out,in,dfg_out_alphac_in,1,2.1,262,True,True,-32.24112319946289,-0.267078161239624,local_geometry,tSNE
train,6v6o,EGFR,inactive,0,in,out,dfg_in_alphac_out,1,2.1,297,True,True,-4.3121418952941895,-21.0733642578125,local_geometry,tSNE
train,2hz0,ABL1,inactive,0,out,in,dfg_out_alphac_in,1,2.1,243,True,True,-23.502578735351562,-8.203859329223633,local_geometry,tSNE
train,5cas,EGFR,active,1,in,in,active,1,2.1,299,True,True,-0.8508940935134888,-25.6302547454834,local_geometry,tSNE
train,5iuh,ALK,inactive,0,out,in,dfg_out_alphac_in,1,2.1,285,True,True,-6.630375385284424,5.528031826019287,local_geometry,tSNE
train,3lct,ALK,active,1,in,in,active,1,2.1,308,True,True,-5.5919671058654785,21.850379943847656,local_geometry,tSNE
train,4tt7,ALK,active,1,in,in,active,1,2.1,291,True,True,-2.177377700805664,16.32110023498535,local_geometry,tSNE
train,8uvy,AKT1,inactive,0,out,na,unknown,1,2.11,396,True,True,-27.91897964477539,28.158496856689453,local_geometry,tSNE
train,6p3d,BRAF,inactive,0,out,in,dfg_out_alphac_in,1,2.11,264,True,True,7.433169841766357,1.7234869003295898,local_geometry,tSNE
train,4v04,FGFR1,active,1,in,in,active,0,2.12,292,True,True,-27.324312210083008,-8.991049766540527,local_geometry,tSNE
train,6c19,FGFR1,active,1,in,in,active,1,2.12,276,True,True,-26.49582290649414,-7.901843070983887,local_geometry,tSNE
train,6npz,AKT1,active,1,in,in,active,0,2.12,320,True,True,-21.538272857666016,24.25817108154297,local_geometry,tSNE
train,5imx,ALK,active,1,in,in,active,1,2.12,266,True,True,1.0190370082855225,22.295448303222656,local_geometry,tSNE
train,5hg9,EGFR,inactive,0,out,out,inactive,1,2.15,280,True,True,4.968875885009766,-6.3440752029418945,local_geometry,tSNE
train,6npe,ABL1,inactive,0,out,in,dfg_out_alphac_in,1,2.15,256,True,True,-23.076980590820312,-11.060093879699707,local_geometry,tSNE
train,6c1c,FGFR1,active,1,in,in,active,1,2.15,276,True,True,-31.55228614807129,-0.8575692176818848,local_geometry,tSNE
train,5b7v,FGFR1,active,1,in,in,active,1,2.15,282,True,True,-30.282886505126953,15.005889892578125,local_geometry,tSNE
train,3wj6,FGFR1,active,1,in,in,active,1,2.15,277,True,True,-32.634117126464844,15.493817329406738,local_geometry,tSNE
train,7jxp,EGFR,inactive,0,in,out,dfg_in_alphac_out,1,2.16,308,True,True,-8.609039306640625,-20.784875869750977,local_geometry,tSNE
train,5mo4,ABL1,inactive,0,out,in,dfg_out_alphac_in,1,2.17,429,False,True,-27.101390838623047,25.480857849121094,local_geometry,tSNE
train,8d73,EGFR,active,1,in,in,active,1,2.17,309,True,True,16.416095733642578,-21.114078521728516,local_geometry,tSNE
train,6ccy,AKT1,active,1,in,in,active,1,2.18,325,True,True,-22.316194534301758,24.29741668701172,local_geometry,tSNE
train,5jsm,BRAF,inactive,0,in,out,dfg_in_alphac_out,0,2.19,265,True,True,-5.323061943054199,1.51864755153656,local_geometry,tSNE
train,4nka,FGFR1,active,1,in,in,active,1,2.19,287,False,True,-30.643585205078125,17.60112953186035,local_geometry,tSNE
train,4rwl,FGFR1,active,1,in,in,active,1,2.19,282,True,True,-33.803043365478516,18.269580841064453,local_geometry,tSNE
train,4ejn,AKT1,inactive,0,out,na,unknown,1,2.19,376,True,True,-27.53844451904297,29.428836822509766,local_geometry,tSNE
train,7jxm,EGFR,inactive,0,in,out,dfg_in_alphac_out,1,2.192,287,True,True,-0.26393815875053406,-17.693628311157227,local_geometry,tSNE
train,6v6k,EGFR,inactive,0,in,out,dfg_in_alphac_out,1,2.2,301,True,True,-0.02550896815955639,-16.601192474365234,local_geometry,tSNE
train,5vnd,FGFR1,active,1,in,in,active,1,2.2,302,True,True,-31.441129684448242,17.100215911865234,local_geometry,tSNE
train,2e2b,ABL1,inactive,0,out,in,dfg_out_alphac_in,1,2.2,270,True,True,-31.000938415527344,1.5698015689849854,local_geometry,tSNE
train,2hiw,ABL1,inactive,0,out,in,dfg_out_alphac_in,1,2.2,274,True,True,-31.667652130126953,1.3880902528762817,local_geometry,tSNE
train,6jrx,EGFR,active,1,in,in,active,1,2.2,300,True,True,17.31434440612793,-22.36734390258789,local_geometry,tSNE
train,7t4j,EGFR,active,1,in,in,active,1,2.2,279,True,True,14.80155086517334,-13.053808212280273,local_geometry,tSNE
train,6mzw,FGFR1,active,1,in,in,active,1,2.2,258,False,True,-29.447534561157227,16.847965240478516,local_geometry,tSNE
train,8uw2,AKT1,inactive,0,out,na,unknown,1,2.2,392,True,True,-27.906572341918945,28.2955379486084,local_geometry,tSNE
train,3w2q,EGFR,active,1,in,in,active,1,2.2,307,True,True,13.661847114562988,-14.551467895507812,local_geometry,tSNE
train,5x2f,EGFR,inactive,0,in,out,dfg_in_alphac_out,1,2.2,312,True,True,-0.9263207912445068,-15.375330924987793,local_geometry,tSNE
train,5aab,ALK,active,1,in,in,active,1,2.2,293,True,True,-2.273799180984497,16.66880989074707,local_geometry,tSNE
train,5ur1,FGFR1,active,1,in,in,active,1,2.2,278,True,True,-31.598478317260742,-1.096375823020935,local_geometry,tSNE
train,4wa9,ABL1,inactive,0,out-like,in,dfg_out_alphac_in,1,2.2,276,True,True,-22.215608596801758,10.674592971801758,local_geometry,tSNE
train,6duk,EGFR,inactive,0,in,out,dfg_in_alphac_out,1,2.2,296,True,True,-8.91585922241211,-21.193456649780273,local_geometry,tSNE
train,3cqu,AKT1,active,1,in,in,active,1,2.2,318,True,True,-22.081777572631836,23.722698211669922,local_geometry,tSNE
train,8fv4,EGFR,inactive,0,in,out,dfg_in_alphac_out,1,2.2,298,True,True,-0.17801541090011597,-14.920238494873047,local_geometry,tSNE
train,7n9g,ABL1,inactive,0,out-like,in,dfg_out_alphac_in,1,2.2,250,True,True,-20.957002639770508,8.836457252502441,local_geometry,tSNE
train,6p69,FGFR1,active,1,in,in,active,1,2.2,286,True,True,-34.2308349609375,18.075496673583984,local_geometry,tSNE
train,8hv4,EGFR,active,1,in,in,active,1,2.2,304,True,True,7.6622209548950195,-21.44580841064453,local_geometry,tSNE
train,8hv6,EGFR,active,1,in,in,active,1,2.2,307,True,True,13.947009086608887,-18.030685424804688,local_geometry,tSNE
train,8hv5,EGFR,active,1,in,in,active,1,2.2,306,True,True,12.590836524963379,-14.580992698669434,local_geometry,tSNE
train,3qkm,AKT1,active,1,in,in,active,1,2.2,329,True,True,-21.723310470581055,24.94951629638672,local_geometry,tSNE
train,3js2,FGFR1,active,1,in,in,active,1,2.2,295,True,True,-34.273338317871094,18.43266487121582,local_geometry,tSNE
train,7w7y,ABL1,inactive,0,out-like,in,dfg_out_alphac_in,1,2.20003,268,True,True,-20.86416244506836,7.962441444396973,local_geometry,tSNE
train,3cs9,ABL1,inactive,0,out,in,dfg_out_alphac_in,1,2.21,247,True,True,-23.540325164794922,-10.882781028747559,local_geometry,tSNE
train,5fto,ALK,active,1,in,in,active,1,2.22,298,True,True,-2.5563175678253174,23.610923767089844,local_geometry,tSNE
train,7jys,ALK,active,1,in,in,active,1,2.22,281,True,True,0.18650665879249573,16.14997100830078,local_geometry,tSNE
train,4cd0,ALK,active,1,in,in,active,1,2.23,295,True,True,-2.313183307647705,21.37230110168457,local_geometry,tSNE
train,3pp0,ERBB2,active,1,in,in,active,1,2.25,286,True,True,17.98540687561035,-21.87340545654297,local_geometry,tSNE
train,5cau,EGFR,active,1,in,in,active,1,2.25,297,True,True,-1.222880482673645,-25.352005004882812,local_geometry,tSNE
train,5val,BRAF,inactive,0,out,in,dfg_out_alphac_in,1,2.26,254,True,True,-24.498594284057617,-8.387283325195312,local_geometry,tSNE
train,4f65,FGFR1,active,1,in,in,active,1,2.26,279,False,True,-27.62527084350586,14.936139106750488,local_geometry,tSNE
train,2fo0,ABL1,inactive,0,out-like,in,dfg_out_alphac_in,1,2.27,465,True,True,-26.554494857788086,25.780073165893555,local_geometry,tSNE
train,5l2s,CDK6,inactive,0,in,out,dfg_in_alphac_out,1,2.27,263,True,True,-13.024831771850586,6.20693826675415,local_geometry,tSNE
train,8h7h,ABL1,inactive,0,out-like,in,dfg_out_alphac_in,1,2.2779,268,True,True,-20.91094398498535,7.323294639587402,local_geometry,tSNE
train,4rwi,FGFR1,active,1,in,in,active,0,2.29,280,True,True,-34.69252014160156,17.46628761291504,local_geometry,tSNE
train,5jrq,BRAF,inactive,0,in,out,dfg_in_alphac_out,1,2.29,258,True,True,-7.7701568603515625,0.6179710030555725,local_geometry,tSNE
train,6c1o,FGFR1,active,1,in,in,active,1,2.29,280,True,True,-26.641178131103516,-7.637598991394043,local_geometry,tSNE
train,6v5p,EGFR,inactive,0,in,out,dfg_in_alphac_out,1,2.3,308,True,True,-0.9916275143623352,-18.060426712036133,local_geometry,tSNE
train,3qkk,AKT1,active,1,in,in,active,1,2.3,326,True,True,-21.343276977539062,24.834671020507812,local_geometry,tSNE
train,6e0r,ALK,active,1,in,in,active,1,2.3,279,True,True,-1.735833764076233,18.54651641845703,local_geometry,tSNE
train,4cqe,BRAF,inactive,0,in,out,dfg_in_alphac_out,1,2.3,248,True,True,-18.51247787475586,-12.827167510986328,local_geometry,tSNE
train,8gk5,EGFR,inactive,0,in,out,dfg_in_alphac_out,1,2.3,294,True,True,-16.400339126586914,-18.55282211303711,local_geometry,tSNE
train,6c18,FGFR1,active,1,in,in,active,1,2.3,255,False,True,-32.697174072265625,19.78279685974121,local_geometry,tSNE
train,7dt2,ABL1,inactive,0,out-like,in,dfg_out_alphac_in,1,2.3,265,True,True,-20.80821990966797,7.346699237823486,local_geometry,tSNE
train,4uwy,FGFR1,active,1,in,in,active,0,2.3,273,True,True,-33.569950103759766,18.898393630981445,local_geometry,tSNE
train,3bel,EGFR,inactive,0,in,out,dfg_in_alphac_out,1,2.3,280,True,True,-15.307719230651855,-1.5118460655212402,local_geometry,tSNE
train,7ltx,EGFR,inactive,0,in,out,dfg_in_alphac_out,1,2.3,292,True,True,-15.649847030639648,-16.934478759765625,local_geometry,tSNE
train,8f1x,EGFR,active,1,in,in,active,1,2.3,317,True,True,14.376684188842773,-15.561761856079102,local_geometry,tSNE
train,3qrk,ABL1,inactive,0,out,in,dfg_out_alphac_in,1,2.3,270,True,True,-31.60329246520996,0.8201478719711304,local_geometry,tSNE
train,5kz0,ALK,active,1,in,in,active,1,2.3,293,True,True,-1.884871482849121,19.98464584350586,local_geometry,tSNE
train,7zyn,EGFR,active,1,in,in,active,1,2.3,317,True,True,15.089960098266602,-21.00531005859375,local_geometry,tSNE
train,4zog,ABL1,inactive,0,out-like,in,dfg_out_alphac_in,1,2.3,268,True,True,-21.91339874267578,8.149313926696777,local_geometry,tSNE
train,6hhg,AKT1,inactive,0,out,na,unknown,1,2.3,386,True,True,-26.47344970703125,28.672487258911133,local_geometry,tSNE
train,5uq0,FGFR1,active,1,in,in,active,1,2.3,256,True,True,-25.872390747070312,-8.018136024475098,local_geometry,tSNE
train,6hhj,AKT1,inactive,0,out,out,inactive,1,2.3,410,True,True,-26.531770706176758,28.339757919311523,local_geometry,tSNE
train,2w96,CDK4,inactive,0,in,out,dfg_in_alphac_out,0,2.3,267,True,True,-30.194316864013672,13.484572410583496,local_geometry,tSNE
train,6p8e,CDK4,inactive,0,in,out,dfg_in_alphac_out,0,2.3,260,True,False,-19.830421447753906,-11.706310272216797,local_geometry,tSNE
train,7nh4,AKT1,inactive,0,out,na,unknown,1,2.3,383,True,True,-27.209636688232422,28.797304153442383,local_geometry,tSNE
train,6s9w,AKT1,inactive,0,out,out,inactive,1,2.3,411,True,True,-26.43697738647461,28.450498580932617,local_geometry,tSNE
train,6jxt,EGFR,inactive,0,in,out,dfg_in_alphac_out,1,2.31,283,True,True,5.160006046295166,-15.516505241394043,local_geometry,tSNE
train,5d41,EGFR,inactive,0,in,out,dfg_in_alphac_out,1,2.31,300,True,True,-16.50132942199707,-17.00620460510254,local_geometry,tSNE
train,4aua,CDK6,inactive,0,in,out,dfg_in_alphac_out,1,2.31,256,True,True,-13.642858505249023,6.491869926452637,local_geometry,tSNE
train,4uwb,FGFR1,active,1,in,in,active,1,2.31,299,True,True,-32.3620719909668,16.5342960357666,local_geometry,tSNE
train,6lub,EGFR,active,1,in,in,active,1,2.315,301,True,True,15.237086296081543,-19.163532257080078,local_geometry,tSNE
train,7jyr,ALK,active,1,in,in,active,1,2.32,287,True,True,-1.8354616165161133,22.005165100097656,local_geometry,tSNE
train,4v01,FGFR1,inactive,0,out,in,dfg_out_alphac_in,1,2.33,275,False,True,-28.577964782714844,15.806390762329102,local_geometry,tSNE
train,6npu,ABL1,inactive,0,out,in,dfg_out_alphac_in,1,2.33,257,True,True,-24.24578857421875,-13.575053215026855,local_geometry,tSNE
train,3vjn,EGFR,active,1,in,in,active,1,2.34,297,True,True,14.377765655517578,-18.746383666992188,local_geometry,tSNE
train,5xdk,EGFR,active,1,in,in,active,1,2.35,307,True,True,15.143573760986328,-23.859582901000977,local_geometry,tSNE
train,3w2o,EGFR,active,1,in,in,active,1,2.35,305,True,True,14.522526741027832,-17.087017059326172,local_geometry,tSNE
train,5l2t,CDK6,inactive,0,in,out,dfg_in_alphac_out,1,2.37,261,True,True,-13.223184585571289,6.26273775100708,local_geometry,tSNE
train,6n0p,BRAF,inactive,0,out,in,dfg_out_alphac_in,1,2.37,268,True,True,-6.188247203826904,-4.191262245178223,local_geometry,tSNE
train,7p3v,BRAF,inactive,0,in,out,dfg_in_alphac_out,1,2.37,258,True,True,-24.538169860839844,-15.968175888061523,local_geometry,tSNE
train,8dsw,EGFR,active,1,in,in,active,1,2.39,307,True,True,8.703397750854492,-19.493488311767578,local_geometry,tSNE
train,7jxl,EGFR,inactive,0,in,out,dfg_in_alphac_out,1,2.4,294,True,True,0.6699913144111633,-18.1275577545166,local_geometry,tSNE
train,7kxz,EGFR,active,1,in,in,active,1,2.4,299,True,True,15.692813873291016,-20.493986129760742,local_geometry,tSNE
train,7a6i,EGFR,active,1,in,in,active,1,2.4,282,True,True,14.063959121704102,-20.084684371948242,local_geometry,tSNE
train,7ukv,EGFR,active,1,in,in,active,1,2.4,290,True,True,13.26597785949707,-21.034446716308594,local_geometry,tSNE
train,6v5n,EGFR,inactive,0,in,out,dfg_in_alphac_out,1,2.4,294,True,True,0.2514583468437195,-14.670151710510254,local_geometry,tSNE
train,6vhn,EGFR,active,1,in,in,active,1,2.4,286,True,True,1.6096798181533813,-22.896751403808594,local_geometry,tSNE
train,8d76,EGFR,active,1,in,in,active,1,2.4,312,True,True,15.576154708862305,-22.623672485351562,local_geometry,tSNE
train,6p1d,EGFR,inactive,0,in,out,dfg_in_alphac_out,1,2.4,300,True,True,-7.233349800109863,-24.666975021362305,local_geometry,tSNE
train,8f1z,EGFR,active,1,in,in,active,1,2.4,310,True,True,15.738022804260254,-18.155107498168945,local_geometry,tSNE
train,6wa2,EGFR,inactive,0,in,out,dfg_in_alphac_out,1,2.4,314,True,True,-6.69923734664917,-24.5133113861084,local_geometry,tSNE
train,1agw,FGFR1,active,1,in,in,active,1,2.4,272,True,True,-36.266944885253906,18.896160125732422,local_geometry,tSNE
train,8hv8,EGFR,active,1,in,in,active,1,2.4,305,True,True,13.011446952819824,-14.152830123901367,local_geometry,tSNE
train,8hv3,EGFR,active,1,in,in,active,1,2.4,307,True,True,12.000974655151367,-13.856552124023438,local_geometry,tSNE
train,6wak,EGFR,inactive,0,in,out,dfg_in_alphac_out,1,2.4,297,True,True,-4.782830715179443,-22.48221206665039,local_geometry,tSNE
train,8hv1,EGFR,active,1,in,in,active,1,2.4,309,True,True,10.96773624420166,-12.914042472839355,local_geometry,tSNE
train,4twp,ABL1,active,1,in,in,active,1,2.4,266,True,True,-22.150224685668945,11.053512573242188,local_geometry,tSNE
train,5c8n,EGFR,active,1,in,in,active,1,2.4,300,True,True,-2.1987462043762207,-25.65290069580078,local_geometry,tSNE
train,5cap,EGFR,active,1,in,in,active,1,2.4,303,True,True,-1.2313628196716309,-22.83168601989746,local_geometry,tSNE
train,6c0i,AKT1,active,1,in,in,active,0,2.4,316,True,True,-21.181501388549805,23.98891830444336,local_geometry,tSNE
train,6buu,AKT1,active,1,in,in,active,0,2.4,320,True,True,-21.834362030029297,24.173681259155273,local_geometry,tSNE
train,1xkk,EGFR,inactive,0,in,out,dfg_in_alphac_out,1,2.4,289,True,True,-15.189584732055664,-1.563999056816101,local_geometry,tSNE
train,2hyy,ABL1,inactive,0,out,in,dfg_out_alphac_in,1,2.4,265,True,True,-29.25905990600586,4.414221286773682,local_geometry,tSNE
train,2gqg,ABL1,active,1,in,in,active,1,2.4,276,True,True,-22.6167049407959,11.070070266723633,local_geometry,tSNE
train,7vra,EGFR,active,1,in,in,active,1,2.41,289,True,True,3.4932470321655273,-23.218717575073242,local_geometry,tSNE
train,3ue4,ABL1,inactive,0,out-like,in,dfg_out_alphac_in,1,2.42,268,True,True,-22.730106353759766,8.873888969421387,local_geometry,tSNE
train,7jy4,ALK,active,1,in,in,active,1,2.42,290,True,True,-0.9085484743118286,21.9151611328125,local_geometry,tSNE
train,2w9z,CDK4,inactive,0,in,out,dfg_in_alphac_out,0,2.45,287,True,True,-23.24593734741211,7.501410484313965,local_geometry,tSNE
train,3og7,BRAF,inactive,0,in,out,dfg_in_alphac_out,1,2.45,254,True,True,1.25408935546875,9.035300254821777,local_geometry,tSNE
train,6ebw,ALK,active,1,in,in,active,1,2.45,277,True,True,-4.248250484466553,19.889244079589844,local_geometry,tSNE
train,5z0s,FGFR1,active,1,in,in,active,1,2.45,285,True,True,-34.38274383544922,18.998275756835938,local_geometry,tSNE
train,4fny,ALK,inactive,0,out,in,dfg_out_alphac_in,1,2.45,273,False,True,-29.666629791259766,17.28542137145996,local_geometry,tSNE
train,8h7f,ABL1,inactive,0,out-like,in,dfg_out_alphac_in,1,2.45013,266,True,True,-21.75094985961914,7.506968975067139,local_geometry,tSNE
train,5hcy,EGFR,active,1,in,in,active,1,2.46,302,True,True,-1.0813076496124268,-25.876062393188477,local_geometry,tSNE
train,6v2v,BRAF,inactive,0,in,out,dfg_in_alphac_out,1,2.47,276,True,True,-7.930301666259766,-0.7786089181900024,local_geometry,tSNE
train,2itn,EGFR,active,1,in,in,active,1,2.47,304,True,True,8.495001792907715,-20.705928802490234,local_geometry,tSNE
train,7m0x,BRAF,inactive,0,in,out,dfg_in_alphac_out,1,2.47,276,True,True,-8.163976669311523,-0.6879234313964844,local_geometry,tSNE
train,2itv,EGFR,active,1,in,in,active,1,2.47,303,True,True,8.0106201171875,-20.454458236694336,local_geometry,tSNE
train,3mv5,AKT1,active,1,in,in,active,1,2.47,315,True,True,-21.431583404541016,23.47930335998535,local_geometry,tSNE
train,4xv1,BRAF,active,1,in,in,active,0,2.47,249,True,True,1.2653266191482544,8.98315715789795,local_geometry,tSNE
train,8to3,EGFR,inactive,0,in,out,dfg_in_alphac_out,1,2.49,291,True,True,-3.9813759326934814,-17.67265510559082,local_geometry,tSNE
train,4rwj,FGFR1,active,1,in,in,active,1,2.49,307,True,True,-33.608577728271484,17.804203033447266,local_geometry,tSNE
train,6xlo,BRAF,inactive,0,out,in,dfg_out_alphac_in,1,2.493,258,True,True,-5.671090602874756,-3.9510748386383057,local_geometry,tSNE
train,7wcl,FGFR1,active,1,in,in,active,1,2.495,306,True,True,-34.789363861083984,18.76643943786621,local_geometry,tSNE
train,6u2h,BRAF,active,1,in,in,active,1,2.5,282,True,True,4.582435131072998,4.155635356903076,local_geometry,tSNE
train,2v7a,ABL1,active,1,in,in,active,1,2.5,269,True,True,-19.453493118286133,9.239727973937988,local_geometry,tSNE
train,7jxw,EGFR,inactive,0,in,out,dfg_in_alphac_out,1,2.5,288,True,True,-9.814876556396484,-22.63109016418457,local_geometry,tSNE
train,6z4b,EGFR,inactive,0,in,out,dfg_in_alphac_out,1,2.5,271,True,True,-6.0361809730529785,-19.585731506347656,local_geometry,tSNE
train,7u99,EGFR,active,1,in,in,active,1,2.5,304,True,True,15.814040184020996,-21.18744468688965,local_geometry,tSNE
train,4lqm,EGFR,active,1,in,in,active,1,2.5,305,True,True,9.980588912963867,-21.928926467895508,local_geometry,tSNE
train,3ug2,EGFR,active,1,in,in,active,1,2.5,299,True,True,14.909994125366211,-18.607093811035156,local_geometry,tSNE
train,7b85,EGFR,active,1,in,in,active,1,2.5,312,True,True,15.445944786071777,-21.502893447875977,local_geometry,tSNE
train,7zym,EGFR,active,1,in,in,active,1,2.5,321,True,True,15.195662498474121,-21.8568172454834,local_geometry,tSNE
train,4nks,FGFR1,active,1,in,in,active,1,2.5,271,True,True,-35.019893646240234,16.576644897460938,local_geometry,tSNE
train,8hv9,EGFR,active,1,in,in,active,1,2.5,306,True,True,10.668166160583496,-12.841720581054688,local_geometry,tSNE
train,6bl8,ABL1,inactive,0,out-like,in,dfg_out_alphac_in,1,2.5,268,True,True,-21.37153434753418,7.775363445281982,local_geometry,tSNE
train,2xb7,ALK,active,1,in,in,active,1,2.5,286,True,True,-3.628527879714966,20.03689193725586,local_geometry,tSNE
train,1fgi,FGFR1,active,1,in,in,active,1,2.5,272,True,True,-35.758907318115234,17.106895446777344,local_geometry,tSNE
train,3gqi,FGFR1,active,1,in,in,active,1,2.5,304,True,True,-25.915084838867188,14.3673734664917,local_geometry,tSNE
train,2fgi,FGFR1,active,1,in,in,active,1,2.5,274,True,True,-30.9423828125,16.016281127929688,local_geometry,tSNE
train,4xv2,BRAF,inactive,0,in,out,dfg_in_alphac_out,1,2.5,249,True,True,-18.745439529418945,-12.786577224731445,local_geometry,tSNE
train,2eb2,EGFR,active,1,in,in,active,0,2.5,305,True,True,15.069313049316406,-19.797683715820312,local_geometry,tSNE
train,5hid,BRAF,inactive,0,out,in,dfg_out_alphac_in,1,2.5,257,True,True,-5.966513633728027,-2.458832263946533,local_geometry,tSNE
train,8g63,EGFR,active,1,in,in,active,1,2.5,280,True,True,2.6796436309814453,-23.639680862426758,local_geometry,tSNE
train,4rj8,EGFR,active,1,in,in,active,1,2.5,298,True,True,-0.37753474712371826,-24.4455623626709,local_geometry,tSNE
train,5caq,EGFR,active,1,in,in,active,1,2.5,301,True,True,-0.7217625975608826,-24.577434539794922,local_geometry,tSNE
train,5j9z,EGFR,active,1,in,in,active,1,2.5,291,True,True,-2.628676176071167,-24.74090576171875,local_geometry,tSNE
train,7vre,EGFR,active,1,in,in,active,1,2.507,312,True,True,6.331318378448486,-19.264171600341797,local_geometry,tSNE
train,7sj3,CDK4,active,1,in,in,active,1,2.51,273,True,True,-22.055524826049805,11.445125579833984,local_geometry,tSNE
train,5csx,BRAF,inactive,0,out,out,inactive,1,2.51,261,True,True,-4.215339183807373,-2.5728511810302734,local_geometry,tSNE
train,5hi2,BRAF,inactive,0,out,in,dfg_out_alphac_in,1,2.51,247,True,True,-4.933407783508301,-4.12799596786499,local_geometry,tSNE
train,5ugb,EGFR,active,1,in,in,active,1,2.53,307,True,True,13.550569534301758,-14.619030952453613,local_geometry,tSNE
train,6jx4,EGFR,active,1,in,in,active,1,2.53,315,True,True,11.93193244934082,-22.549198150634766,local_geometry,tSNE
train,6jx0,EGFR,active,1,in,in,active,1,2.53,289,True,True,1.738115906715393,-19.70473289489746,local_geometry,tSNE
train,6d8e,EGFR,active,1,in,in,active,1,2.54,304,True,True,11.756805419921875,-21.971529006958008,local_geometry,tSNE
train,4rj7,EGFR,active,1,in,in,active,1,2.55,295,True,True,-1.1634005308151245,-24.234376907348633,local_geometry,tSNE
train,6jwl,EGFR,active,1,in,in,active,1,2.55,319,True,True,8.467131614685059,-21.126794815063477,local_geometry,tSNE
train,6cad,BRAF,inactive,0,out,in,dfg_out_alphac_in,1,2.55,248,False,True,-1.920373558998108,5.44743013381958,local_geometry,tSNE
train,4f63,FGFR1,active,1,in,in,active,1,2.55,271,True,True,-34.75224304199219,15.98729133605957,local_geometry,tSNE
train,4e26,BRAF,active,1,in,in,active,1,2.55,270,True,True,-1.0359207391738892,6.558122634887695,local_geometry,tSNE
train,8wd4,EGFR,active,1,in,in,active,1,2.55,299,True,True,1.5470280647277832,-24.168533325195312,local_geometry,tSNE
train,7oxb,EGFR,active,1,in,in,active,1,2.56,305,True,True,6.392797946929932,-22.36200714111328,local_geometry,tSNE
train,4nk9,FGFR1,active,1,in,in,active,1,2.57,282,True,True,-24.576091766357422,-13.599710464477539,local_geometry,tSNE
train,3c4c,BRAF,inactive,0,in,out,dfg_in_alphac_out,1,2.57,258,True,True,-21.099441528320312,-15.437631607055664,local_geometry,tSNE
train,4v05,FGFR1,active,1,in,in,active,1,2.57,287,True,True,-31.065690994262695,15.277713775634766,local_geometry,tSNE
train,5flf,FGFR1,active,1,in,in,active,0,2.58,292,True,True,-26.969484329223633,15.614503860473633,local_geometry,tSNE
train,8gb4,EGFR,inactive,0,in,out,dfg_in_alphac_out,1,2.59,292,True,True,-9.228353500366211,-22.6639461517334,local_geometry,tSNE
train,6pp9,BRAF,inactive,0,in,out,dfg_in_alphac_out,1,2.59,276,True,True,-7.781664848327637,-0.6904255151748657,local_geometry,tSNE
train,5cao,EGFR,active,1,in,in,active,1,2.6,300,True,True,-0.7265110611915588,-19.741151809692383,local_geometry,tSNE
train,5edr,EGFR,active,1,in,in,active,1,2.6,299,True,True,-3.8543484210968018,-23.964927673339844,local_geometry,tSNE
train,5hic,EGFR,active,1,in,in,active,1,2.6,302,True,True,0.02881038188934326,-24.700271606445312,local_geometry,tSNE
train,6s9x,AKT1,inactive,0,out,na,unknown,1,2.6,382,True,True,-27.131271362304688,28.925687789916992,local_geometry,tSNE
train,1m17,EGFR,active,1,in,in,active,1,2.6,312,True,True,19.685516357421875,-13.851094245910645,local_geometry,tSNE
train,3ow4,AKT1,active,1,in,in,active,1,2.6,317,True,True,-21.842514038085938,23.540678024291992,local_geometry,tSNE
train,6s8a,EGFR,active,1,in,in,active,1,2.6,313,True,True,15.690906524658203,-19.69037437438965,local_geometry,tSNE
train,4fnz,ALK,active,1,in,in,active,1,2.6,287,True,True,-24.687301635742188,-14.91736125946045,local_geometry,tSNE
train,7ukw,EGFR,inactive,0,in,out,dfg_in_alphac_out,0,2.6,306,True,True,-4.349888801574707,-23.107187271118164,local_geometry,tSNE
train,7u9a,EGFR,active,1,in,in,active,1,2.6,295,True,True,13.616312026977539,-20.837142944335938,local_geometry,tSNE
train,2gs7,EGFR,inactive,0,in,out,dfg_in_alphac_out,1,2.6,281,True,True,-0.06121296063065529,-13.038843154907227,local_geometry,tSNE
train,2gs6,EGFR,active,1,in,in,active,0,2.6,311,True,True,16.108797073364258,-19.62461280822754,local_geometry,tSNE
train,1m14,EGFR,active,1,in,in,active,0,2.6,307,True,True,19.27042579650879,-13.027376174926758,local_geometry,tSNE
train,5czi,EGFR,active,1,in,in,active,0,2.6,310,True,True,14.376184463500977,-16.720882415771484,local_geometry,tSNE
train,5hcx,EGFR,active,1,in,in,active,1,2.6,298,True,True,-0.43905970454216003,-24.643857955932617,local_geometry,tSNE
train,3nup,CDK6,inactive,0,in,out,dfg_in_alphac_out,1,2.6,252,True,True,-18.466732025146484,-11.813977241516113,local_geometry,tSNE
train,7k1h,EGFR,inactive,0,in,out,dfg_in_alphac_out,1,2.602,291,True,True,-8.452284812927246,-22.29453468322754,local_geometry,tSNE
train,7t4i,EGFR,active,1,in,in,active,1,2.61,309,True,True,9.97302532196045,-12.309206008911133,local_geometry,tSNE
train,5hcz,EGFR,active,1,in,in,active,1,2.62,300,True,True,-1.7193893194198608,-25.987167358398438,local_geometry,tSNE
train,5a46,FGFR1,active,1,in,in,active,1,2.63,297,True,True,-31.683364868164062,14.788985252380371,local_geometry,tSNE
train,4li5,EGFR,active,1,in,in,active,1,2.64,306,True,True,14.682211875915527,-18.0797061920166,local_geometry,tSNE
train,3vjo,EGFR,active,1,in,in,active,1,2.64,298,True,True,12.990067481994629,-12.720921516418457,local_geometry,tSNE
train,7aei,EGFR,active,1,in,in,active,1,2.65,315,True,True,15.977394104003906,-16.212657928466797,local_geometry,tSNE
train,7aem,EGFR,active,1,in,in,active,1,2.65,312,True,True,15.527846336364746,-15.552929878234863,local_geometry,tSNE
train,5fed,EGFR,active,1,in,in,active,1,2.65,288,True,True,6.208924293518066,-20.581188201904297,local_geometry,tSNE
train,5zto,EGFR,active,1,in,in,active,1,2.65,294,True,True,-9.217985153198242,-22.443042755126953,local_geometry,tSNE
train,4fk3,BRAF,active,1,in,in,active,0,2.65,257,True,True,0.7353589534759521,8.126097679138184,local_geometry,tSNE
train,6p7g,BRAF,inactive,0,out,in,dfg_out_alphac_in,1,2.65,254,True,True,-17.03493309020996,-11.323904991149902,local_geometry,tSNE
train,5em5,EGFR,active,1,in,in,active,1,2.65,298,True,True,-3.703979730606079,-21.995336532592773,local_geometry,tSNE
train,5csw,BRAF,inactive,0,in,out,dfg_in_alphac_out,1,2.66,254,True,True,-20.533935546875,-14.173528671264648,local_geometry,tSNE
train,7er2,EGFR,active,1,in,in,active,1,2.662,292,True,True,-2.217635154724121,-21.735950469970703,local_geometry,tSNE
train,6s9d,EGFR,active,1,in,in,active,1,2.67,300,True,True,2.4874041080474854,-18.445674896240234,local_geometry,tSNE
train,2itq,EGFR,active,1,in,in,active,1,2.68,300,True,True,13.498796463012695,-12.804849624633789,local_geometry,tSNE
train,6b8u,BRAF,inactive,0,out,in,dfg_out_alphac_in,1,2.68,253,True,True,-5.327762126922607,-3.1488630771636963,local_geometry,tSNE
train,8hv7,EGFR,active,1,in,in,active,1,2.69,301,True,True,3.6833865642547607,-18.965856552124023,local_geometry,tSNE
train,4joa,ALK,active,1,in,in,active,1,2.7,250,True,True,0.9256623983383179,9.008073806762695,local_geometry,tSNE
train,6nvl,FGFR1,active,1,in,in,active,1,2.7,265,True,True,-27.10443687438965,-8.061296463012695,local_geometry,tSNE
train,5c9c,BRAF,inactive,0,out,in,dfg_out_alphac_in,1,2.7,251,True,True,-4.628367900848389,-4.2147536277771,local_geometry,tSNE
train,3idp,BRAF,inactive,0,out,in,dfg_out_alphac_in,1,2.7,256,True,True,-16.601943969726562,-11.645421981811523,local_geometry,tSNE
train,6s89,EGFR,active,1,in,in,active,1,2.7,310,True,True,15.788188934326172,-14.030263900756836,local_geometry,tSNE
train,4zjv,EGFR,inactive,0,out,in,dfg_out_alphac_in,0,2.7,282,True,True,5.409245491027832,-5.87787389755249,local_geometry,tSNE
train,8tjl,EGFR,active,1,in,in,active,1,2.7,306,True,True,9.52159309387207,-18.775150299072266,local_geometry,tSNE
train,4rj6,EGFR,active,1,in,in,active,1,2.7,297,True,True,0.37591615319252014,-24.21258544921875,local_geometry,tSNE
train,5cal,EGFR,active,1,in,in,active,1,2.7,300,True,True,-0.4941600263118744,-22.69484519958496,local_geometry,tSNE
train,3lzb,EGFR,inactive,0,in,out,dfg_in_alphac_out,1,2.7,261,True,True,-16.98878288269043,-18.468286514282227,local_geometry,tSNE
train,4jr3,EGFR,active,1,in,in,active,1,2.7,303,True,True,19.341548919677734,-13.244988441467285,local_geometry,tSNE
train,4ez5,CDK6,inactive,0,in,out,dfg_in_alphac_out,1,2.7,258,True,True,-12.04715347290039,5.793015956878662,local_geometry,tSNE
train,2g2f,ABL1,inactive,0,out-like,in,dfg_out_alphac_in,1,2.7,275,True,True,-19.92595672607422,8.329402923583984,local_geometry,tSNE
train,3ky2,FGFR1,active,1,in,in,active,0,2.7,280,True,True,-36.019264221191406,18.360652923583984,local_geometry,tSNE
train,5jt2,BRAF,inactive,0,in,out,dfg_in_alphac_out,1,2.7,234,True,True,-4.313928604125977,2.8645589351654053,local_geometry,tSNE
train,3ocb,AKT1,active,1,in,in,active,1,2.7,319,True,True,-21.35958480834961,23.68083953857422,local_geometry,tSNE
train,5xdl,EGFR,active,1,in,in,active,1,2.7,292,True,True,0.12934690713882446,-18.05008316040039,local_geometry,tSNE
train,3o96,AKT1,inactive,0,out,na,unknown,1,2.7,367,True,True,-28.413532257080078,27.98317527770996,local_geometry,tSNE
train,5kcv,AKT1,inactive,0,out,na,unknown,1,2.7,353,True,True,-26.81589698791504,29.434459686279297,local_geometry,tSNE
train,3nux,CDK6,inactive,0,in,out,dfg_in_alphac_out,1,2.7,261,True,True,-11.739237785339355,5.7873148918151855,local_geometry,tSNE
train,5fee,EGFR,active,1,in,in,active,1,2.7,287,True,True,4.5200324058532715,-22.278682708740234,local_geometry,tSNE
train,6hhi,AKT1,inactive,0,out,na,unknown,1,2.7,389,True,True,-26.349201202392578,28.912277221679688,local_geometry,tSNE
train,6hhh,AKT1,inactive,0,out,na,unknown,1,2.7,379,True,True,-26.253568649291992,29.04600715637207,local_geometry,tSNE
train,6oql,CDK6,inactive,0,in,out,dfg_in_alphac_out,1,2.707,263,True,True,-11.649025917053223,5.811192512512207,local_geometry,tSNE
train,2itz,EGFR,active,1,in,in,active,1,2.72,302,True,True,7.531947612762451,-22.65762710571289,local_geometry,tSNE
train,7cc2,ABL1,inactive,0,out-like,in,dfg_out_alphac_in,1,2.723,263,True,True,-21.305904388427734,6.571043014526367,local_geometry,tSNE
train,2itt,EGFR,active,1,in,in,active,1,2.73,302,True,True,8.10693645477295,-20.166015625,local_geometry,tSNE
train,6s9c,EGFR,active,1,in,in,active,1,2.73,301,True,True,0.11000663042068481,-25.33726692199707,local_geometry,tSNE
train,4jq7,EGFR,active,1,in,in,active,1,2.73,303,True,True,19.0797119140625,-12.854644775390625,local_geometry,tSNE
train,5cav,EGFR,active,1,in,in,active,1,2.73,306,True,True,15.030576705932617,-15.155019760131836,local_geometry,tSNE
train,2itp,EGFR,active,1,in,in,active,1,2.74,305,True,True,10.494569778442383,-12.46771240234375,local_geometry,tSNE
train,8f7p,BRAF,inactive,0,out,in,dfg_out_alphac_in,1,2.74,255,True,True,-3.892289161682129,-2.0770561695098877,local_geometry,tSNE
train,8f1y,EGFR,active,1,in,in,active,1,2.75,293,True,True,9.382807731628418,-19.238157272338867,local_geometry,tSNE
train,4hjo,EGFR,inactive,0,in,out,dfg_in_alphac_out,1,2.75,278,True,True,-27.84059715270996,5.560157299041748,local_geometry,tSNE
train,5l2i,CDK6,inactive,0,in,out,dfg_in_alphac_out,1,2.75,260,True,True,-20.806589126586914,-10.990699768066406,local_geometry,tSNE
train,3ug1,EGFR,active,1,in,in,active,0,2.75,296,True,True,10.599191665649414,-12.008437156677246,local_geometry,tSNE
train,8hva,EGFR,active,1,in,in,active,1,2.77,301,True,True,4.701868534088135,-19.201597213745117,local_geometry,tSNE
train,8i0m,CDK6,inactive,0,in,out,dfg_in_alphac_out,1,2.7772,260,True,True,-12.400068283081055,5.954433917999268,local_geometry,tSNE
train,5em6,EGFR,active,1,in,in,active,1,2.78,301,True,True,-0.0062000928446650505,-21.64044761657715,local_geometry,tSNE
train,4rj4,EGFR,active,1,in,in,active,1,2.78,299,True,True,-0.16666756570339203,-22.91189956665039,local_geometry,tSNE
train,3ii5,BRAF,inactive,0,out,in,dfg_out_alphac_in,1,2.79,257,True,True,-4.758001804351807,-2.5072546005249023,local_geometry,tSNE
train,5gmp,EGFR,active,1,in,in,active,1,2.8,305,True,True,12.497652053833008,-25.675922393798828,local_geometry,tSNE
train,2hz4,ABL1,active,1,in,in,active,1,2.8,262,True,True,-23.937267303466797,14.546442985534668,local_geometry,tSNE
train,2f2c,CDK6,active,1,in,in,active,1,2.8,280,True,True,-17.731433868408203,9.766155242919922,local_geometry,tSNE
train,4mnf,BRAF,active,1,in,in,active,1,2.8,257,True,True,-1.951695442199707,6.241123676300049,local_geometry,tSNE
train,4xv3,BRAF,inactive,0,in,out,dfg_in_alphac_out,1,2.8,238,False,True,-1.8969082832336426,4.997798919677734,local_geometry,tSNE
train,4g5j,EGFR,active,1,in,in,active,1,2.8,307,True,True,15.36145305633545,-22.65729331970215,local_geometry,tSNE
train,2w99,CDK4,inactive,0,in,out,dfg_in_alphac_out,0,2.8,291,True,True,-20.98699951171875,9.491084098815918,local_geometry,tSNE
train,3gql,FGFR1,active,1,in,in,active,1,2.8,275,True,True,-33.141807556152344,14.890323638916016,local_geometry,tSNE
train,6jrk,EGFR,active,1,in,in,active,1,2.8,283,True,True,0.30793699622154236,-20.850223541259766,local_geometry,tSNE
train,6p1l,EGFR,inactive,0,in,out,dfg_in_alphac_out,1,2.8,288,True,True,-16.3836669921875,-17.892349243164062,local_geometry,tSNE
train,5czh,EGFR,active,1,in,in,active,0,2.8,311,True,True,12.718692779541016,-13.786954879760742,local_geometry,tSNE
train,5j9y,EGFR,active,1,in,in,active,1,2.8,300,True,True,6.838397979736328,-20.299259185791016,local_geometry,tSNE
train,8f1h,EGFR,active,1,in,in,active,1,2.8,307,True,True,15.26138973236084,-24.284008026123047,local_geometry,tSNE
train,5edq,EGFR,active,1,in,in,active,1,2.8,298,True,True,-4.021148681640625,-21.286535263061523,local_geometry,tSNE
train,2gs2,EGFR,active,1,in,in,active,0,2.8,305,True,True,15.019539833068848,-17.744850158691406,local_geometry,tSNE
train,8hv2,EGFR,active,1,in,in,active,1,2.8,299,True,True,3.984873056411743,-18.54450225830078,local_geometry,tSNE
train,6p8g,CDK4,inactive,0,in,out,dfg_in_alphac_out,0,2.8,259,True,False,-20.045686721801758,-11.901339530944824,local_geometry,tSNE
train,2itu,EGFR,active,1,in,in,active,1,2.8,304,True,True,5.826342582702637,-19.080917358398438,local_geometry,tSNE
train,1bi8,CDK6,inactive,0,out,na,unknown,0,2.8,264,True,True,-15.692506790161133,7.735457897186279,local_geometry,tSNE
train,3tt0,FGFR1,active,1,in,in,active,1,2.8,272,True,True,-32.39418029785156,13.39772891998291,local_geometry,tSNE
train,3d4q,BRAF,active,1,in,in,active,1,2.8,264,True,True,2.526407480239868,4.788705825805664,local_geometry,tSNE
train,6edl,ALK,active,1,in,in,active,1,2.8,282,False,True,-24.19057846069336,14.937898635864258,local_geometry,tSNE
train,6vh4,EGFR,active,1,in,in,active,1,2.8,295,True,True,10.38425350189209,-19.540103912353516,local_geometry,tSNE
train,4jrv,EGFR,active,1,in,in,active,1,2.8,300,True,True,19.066577911376953,-12.85008430480957,local_geometry,tSNE
train,3gop,EGFR,inactive,0,out-like,out,inactive,0,2.8,300,True,True,-19.578712463378906,-18.146812438964844,local_geometry,tSNE
train,5can,EGFR,active,1,in,in,active,1,2.8,301,True,True,-0.22503727674484253,-22.274808883666992,local_geometry,tSNE
train,4zau,EGFR,active,1,in,in,active,1,2.8,283,True,True,3.42630672454834,-15.29327392578125,local_geometry,tSNE
train,4ekk,AKT1,active,1,in,in,active,1,2.8,318,True,True,-21.127817153930664,24.625320434570312,local_geometry,tSNE
train,7zyp,EGFR,active,1,in,in,active,1,2.8,305,True,True,13.97949504852295,-16.385107040405273,local_geometry,tSNE
train,5em8,EGFR,active,1,in,in,active,1,2.8,303,True,True,10.704279899597168,-18.414207458496094,local_geometry,tSNE
train,4i23,EGFR,active,1,in,in,active,1,2.8,304,True,True,13.274700164794922,-15.383427619934082,local_geometry,tSNE
train,5em7,EGFR,active,1,in,in,active,1,2.81,300,True,True,-0.053704943507909775,-23.426340103149414,local_geometry,tSNE
train,4wo5,BRAF,inactive,0,in,out,dfg_in_alphac_out,1,2.83,257,True,True,-7.849859237670898,-2.574113368988037,local_geometry,tSNE
train,4jq8,EGFR,active,1,in,in,active,1,2.83,303,True,True,19.43708038330078,-13.399070739746094,local_geometry,tSNE
train,2eb3,EGFR,active,1,in,in,active,1,2.84,294,True,True,1.238732099533081,-22.2464542388916,local_geometry,tSNE
train,4mne,BRAF,active,1,in,in,active,0,2.85,258,True,True,1.199504017829895,6.808413982391357,local_geometry,tSNE
train,5hib,EGFR,active,1,in,in,active,1,2.85,314,True,True,4.619678020477295,-19.485933303833008,local_geometry,tSNE
train,2w9f,CDK4,inactive,0,in,out,dfg_in_alphac_out,0,2.85,261,True,True,-22.36614227294922,7.6711530685424805,local_geometry,tSNE
train,5zv2,FGFR1,active,1,in,in,active,1,2.86,284,True,True,-33.172569274902344,15.650715827941895,local_geometry,tSNE
train,6jz0,EGFR,active,1,in,in,active,1,2.86,311,True,True,18.976318359375,-12.671174049377441,local_geometry,tSNE
train,8ssn,ABL1,inactive,0,in,out,dfg_in_alphac_out,1,2.86,420,True,True,-27.373916625976562,24.98472785949707,local_geometry,tSNE
train,2itw,EGFR,active,1,in,in,active,1,2.88,300,True,True,13.347262382507324,-15.956024169921875,local_geometry,tSNE
train,7shv,BRAF,active,1,in,in,active,1,2.88,261,True,True,2.553816318511963,4.234679222106934,local_geometry,tSNE
train,6p8f,CDK4,inactive,0,in,out,dfg_in_alphac_out,0,2.89,262,True,False,-13.031441688537598,5.601711750030518,local_geometry,tSNE
train,6u2g,BRAF,inactive,0,in,out,dfg_in_alphac_out,1,2.89,264,True,True,-8.496445655822754,-3.048168182373047,local_geometry,tSNE
train,4xey,ABL1,inactive,0,out-like,in,dfg_out_alphac_in,1,2.89,359,True,True,-20.49882698059082,10.794717788696289,local_geometry,tSNE
train,5fd2,BRAF,inactive,0,in,out,dfg_in_alphac_out,1,2.89,264,True,True,-4.962449550628662,1.1882867813110352,local_geometry,tSNE
train,6p68,FGFR1,active,1,in,in,active,1,2.9,287,True,True,-28.970863342285156,14.920177459716797,local_geometry,tSNE
train,6hhf,AKT1,inactive,0,out,na,unknown,1,2.9,366,True,True,-28.72304344177246,27.846572875976562,local_geometry,tSNE
train,4yc8,ABL1,inactive,0,out-like,in,dfg_out_alphac_in,1,2.9,264,True,True,-21.530805587768555,6.826941013336182,local_geometry,tSNE
train,3prf,BRAF,active,1,in,in,active,1,2.9,262,True,True,-4.897733211517334,-1.9238581657409668,local_geometry,tSNE
train,2fb8,BRAF,active,1,in,in,active,1,2.9,259,True,True,2.1540043354034424,4.2246785163879395,local_geometry,tSNE
train,2rfe,EGFR,inactive,0,in,out,dfg_in_alphac_out,0,2.9,262,True,True,-23.254539489746094,14.944604873657227,local_geometry,tSNE
train,3ika,EGFR,inactive,0,out-like,out,inactive,0,2.9,310,True,True,2.613095998764038,-9.8203125,local_geometry,tSNE
train,5c8m,EGFR,active,1,in,in,active,1,2.9,302,True,True,1.13914954662323,-17.10738754272461,local_geometry,tSNE
train,5zwj,EGFR,inactive,0,in,out,dfg_in_alphac_out,1,2.9,267,True,True,-16.82468605041504,-18.323123931884766,local_geometry,tSNE
train,5edp,EGFR,active,1,in,in,active,0,2.9,295,True,True,-3.2255196571350098,-24.31595230102539,local_geometry,tSNE
train,1xo2,CDK6,active,1,in,in,active,1,2.9,289,True,True,-17.604719161987305,9.480945587158203,local_geometry,tSNE
train,4tth,CDK6,active,1,in,in,active,1,2.9,256,True,True,-17.519716262817383,9.546411514282227,local_geometry,tSNE
train,4r3p,EGFR,active,1,in,in,active,0,2.9,310,True,True,12.099211692810059,-15.03546142578125,local_geometry,tSNE
train,1g3n,CDK6,inactive,0,out,out,inactive,0,2.9,293,True,True,-15.240089416503906,7.494373798370361,local_geometry,tSNE
train,8hy7,EGFR,active,1,in,in,active,1,2.91,299,True,True,0.9968347549438477,-23.28835105895996,local_geometry,tSNE
train,7lg8,EGFR,inactive,0,in,out,dfg_in_alphac_out,1,2.93,280,True,True,-4.557401657104492,-18.033836364746094,local_geometry,tSNE
train,4ksp,BRAF,inactive,0,out,in,dfg_out_alphac_in,1,2.93,256,True,True,-15.900341033935547,-9.932172775268555,local_geometry,tSNE
train,6jrj,EGFR,active,1,in,in,active,1,2.94,288,True,True,6.9906511306762695,-24.868024826049805,local_geometry,tSNE
train,4fc0,BRAF,inactive,0,out,in,dfg_out_alphac_in,1,2.95,254,True,True,-18.2319393157959,-12.254011154174805,local_geometry,tSNE
train,5xgm,EGFR,active,1,in,in,active,1,2.95,288,True,True,-17.070695877075195,-16.65186882019043,local_geometry,tSNE
train,1uwh,BRAF,inactive,0,out,in,dfg_out_alphac_in,1,2.95,264,True,True,-4.9791154861450195,-1.5843621492385864,local_geometry,tSNE
train,5x27,EGFR,active,1,in,in,active,1,2.95,302,True,True,13.005240440368652,-25.221973419189453,local_geometry,tSNE
train,5x26,EGFR,active,1,in,in,active,1,2.95,302,True,True,12.780993461608887,-25.193599700927734,local_geometry,tSNE
train,5x28,EGFR,active,1,in,in,active,1,2.95,310,True,True,12.904194831848145,-25.181589126586914,local_geometry,tSNE
train,3gt8,EGFR,inactive,0,in,out,dfg_in_alphac_out,1,2.96,296,True,True,-5.096047401428223,-25.970264434814453,local_geometry,tSNE
train,7tvd,EGFR,active,1,in,in,active,0,2.96,292,True,True,-5.505806922912598,-20.362754821777344,local_geometry,tSNE
train,8qqg,BRAF,inactive,0,out,in,dfg_out_alphac_in,1,2.979,269,False,True,-1.0695425271987915,3.4309589862823486,local_geometry,tSNE
train,4rwk,FGFR1,active,1,in,in,active,1,2.98,282,True,True,-33.62947082519531,16.941904067993164,local_geometry,tSNE
train,4riy,EGFR,active,1,in,in,active,1,2.98,297,True,True,12.024639129638672,-11.65414810180664,local_geometry,tSNE
train,2itx,EGFR,active,1,in,in,active,1,2.98,307,True,True,5.380098819732666,-18.65243911743164,local_geometry,tSNE
train,4rzv,BRAF,inactive,0,in,out,dfg_in_alphac_out,1,2.99,261,True,True,-6.078761577606201,1.1437982320785522,local_geometry,tSNE
train,8to4,EGFR,inactive,0,in,out,dfg_in_alphac_out,1,2.99,300,True,True,-0.2846836745738983,-15.515487670898438,local_geometry,tSNE
train,5hie,BRAF,inactive,0,in,out,dfg_in_alphac_out,1,3.0,253,True,True,-19.879283905029297,-14.77843952178955,local_geometry,tSNE
train,3ppk,BRAF,active,1,in,in,active,1,3.0,264,True,True,2.027724266052246,4.606976509094238,local_geometry,tSNE
train,5xgn,EGFR,active,1,in,in,active,1,3.0,308,True,True,2.167131185531616,-10.177558898925781,local_geometry,tSNE
train,4r5s,EGFR,active,1,in,in,active,1,3.0,299,True,True,4.6207685470581055,-17.445146560668945,local_geometry,tSNE
train,7jxi,EGFR,inactive,0,in,out,dfg_in_alphac_out,1,3.0,290,True,True,-15.625564575195312,-18.94965171813965,local_geometry,tSNE
train,5gtz,EGFR,active,1,in,in,active,1,3.0,317,True,True,7.504800319671631,-19.51094627380371,local_geometry,tSNE
train,2j5f,EGFR,active,1,in,in,active,1,3.0,308,True,True,12.966683387756348,-24.458229064941406,local_geometry,tSNE
train,2euf,CDK6,active,1,in,in,active,1,3.0,282,True,True,-18.15775489807129,11.2983980178833,local_geometry,tSNE
train,3g33,CDK4,inactive,0,in,out,dfg_in_alphac_out,0,3.0,291,True,True,-21.1761474609375,9.5526704788208,local_geometry,tSNE
train,4i1z,EGFR,inactive,0,out-like,in,dfg_out_alphac_in,0,3.0,287,True,True,6.2516279220581055,-4.939586639404297,local_geometry,tSNE
train,5c8k,EGFR,active,1,in,in,active,1,3.0,300,True,True,-0.19211804866790771,-21.84462547302246,local_geometry,tSNE
train,6nsq,BRAF,inactive,0,out,in,dfg_out_alphac_in,1,3.05,253,True,True,-21.109766006469727,-10.990294456481934,local_geometry,tSNE
train,2jiu,EGFR,inactive,0,out-like,out,inactive,0,3.05,309,True,True,2.7508134841918945,-9.690658569335938,local_geometry,tSNE
train,4yht,BRAF,active,1,in,in,active,1,3.05,258,True,True,3.112630844116211,4.619500637054443,local_geometry,tSNE
train,5uwd,EGFR,inactive,0,out-like,out,inactive,1,3.06,271,True,True,1.4401880502700806,-9.966336250305176,local_geometry,tSNE
train,6v2x,BRAF,inactive,0,in,out,dfg_in_alphac_out,1,3.09,274,True,True,-8.742891311645508,-1.5513769388198853,local_geometry,tSNE
train,4jvg,BRAF,inactive,0,out,in,dfg_out_alphac_in,1,3.09,259,True,True,-5.828944206237793,-1.139371633529663,local_geometry,tSNE
train,7m0w,BRAF,inactive,0,in,out,dfg_in_alphac_out,1,3.09,274,True,True,-9.25938892364502,-0.5157145261764526,local_geometry,tSNE
train,6v30,BRAF,inactive,0,in,out,dfg_in_alphac_out,1,3.09,274,True,True,-9.281829833984375,-0.4692996144294739,local_geometry,tSNE
train,7m0u,BRAF,inactive,0,in,out,dfg_in_alphac_out,1,3.09,274,True,True,-8.370857238769531,-1.5791476964950562,local_geometry,tSNE
train,7lgs,EGFR,active,1,in,in,active,1,3.1,283,True,True,15.12403392791748,-24.509239196777344,local_geometry,tSNE
train,4rj5,EGFR,active,1,in,in,active,1,3.1,296,True,True,-0.5047944188117981,-20.690248489379883,local_geometry,tSNE
train,4rix,EGFR,active,1,in,in,active,1,3.1,297,True,True,13.052066802978516,-11.881169319152832,local_geometry,tSNE
train,7jxk,EGFR,inactive,0,in,out,dfg_in_alphac_out,1,3.1,293,True,True,-9.244527816772461,-22.56647300720215,local_geometry,tSNE
train,7syd,EGFR,inactive,0,in,out,dfg_in_alphac_out,0,3.1,614,False,False,38.56770706176758,-1.7409651279449463,local_geometry,tSNE
train,2jit,EGFR,inactive,0,out-like,out,inactive,0,3.1,299,True,True,15.9874267578125,-17.350149154663086,local_geometry,tSNE
train,4h58,BRAF,inactive,0,out,in,dfg_out_alphac_in,0,3.1,272,True,True,1.385643482208252,2.5276527404785156,local_geometry,tSNE
train,4riw,EGFR,active,1,in,in,active,1,3.1,293,True,True,17.099315643310547,-19.288902282714844,local_geometry,tSNE
train,7ky0,EGFR,inactive,0,in,out,dfg_in_alphac_out,1,3.1,288,True,True,-10.185624122619629,-21.248119354248047,local_geometry,tSNE
train,1jow,CDK6,active,1,in,in,active,0,3.1,277,True,True,-18.363182067871094,11.043185234069824,local_geometry,tSNE
train,5y25,EGFR,active,1,in,in,active,1,3.1,292,True,True,-4.151872634887695,-26.109514236450195,local_geometry,tSNE
train,3q96,BRAF,inactive,0,out,in,dfg_out_alphac_in,1,3.1,262,True,True,7.939427375793457,2.1629295349121094,local_geometry,tSNE
train,2j6m,EGFR,active,1,in,in,active,1,3.1,306,True,True,14.167433738708496,-14.783130645751953,local_geometry,tSNE
train,2j5e,EGFR,active,1,in,in,active,0,3.1,309,True,True,14.035237312316895,-15.14275074005127,local_geometry,tSNE
train,6v2w,BRAF,inactive,0,in,out,dfg_in_alphac_out,1,3.12,275,True,True,-10.40411376953125,-0.8022053837776184,local_geometry,tSNE
train,6v31,BRAF,inactive,0,in,out,dfg_in_alphac_out,1,3.12,273,True,True,-8.393789291381836,-1.3119875192642212,local_geometry,tSNE
train,7m0z,BRAF,inactive,0,in,out,dfg_in_alphac_out,1,3.12,273,True,True,-8.393442153930664,-1.312901258468628,local_geometry,tSNE
train,2g2i,ABL1,active,1,in,in,active,1,3.12,271,True,True,-24.161409378051758,14.482339859008789,local_geometry,tSNE
train,5gty,EGFR,inactive,0,in,out,dfg_in_alphac_out,1,3.14,297,True,True,-5.446228981018066,-26.486053466796875,local_geometry,tSNE
train,6v34,BRAF,inactive,0,out,in,dfg_out_alphac_in,1,3.15,247,True,True,-20.731027603149414,-16.12998390197754,local_geometry,tSNE
train,4dbn,BRAF,inactive,0,out,in,dfg_out_alphac_in,1,3.15,263,True,True,7.854518890380859,2.153242826461792,local_geometry,tSNE
train,6v2z,BRAF,inactive,0,in,out,dfg_in_alphac_out,1,3.16,274,True,True,-7.573629856109619,-1.3451405763626099,local_geometry,tSNE
train,7m0v,BRAF,inactive,0,in,out,dfg_in_alphac_out,1,3.16,274,True,True,-7.564998149871826,-1.528685212135315,local_geometry,tSNE
train,5ct7,BRAF,inactive,0,out,in,dfg_out_alphac_in,1,3.17,254,True,True,-20.52532196044922,-14.967707633972168,local_geometry,tSNE
train,4g5p,EGFR,inactive,0,out-like,out,inactive,0,3.17,303,True,True,-18.497745513916016,5.875811576843262,local_geometry,tSNE
train,6v32,BRAF,inactive,0,in,out,dfg_in_alphac_out,1,3.19,274,True,True,-9.866121292114258,-0.8777381181716919,local_geometry,tSNE
train,6p8h,CDK4,inactive,0,in,out,dfg_in_alphac_out,0,3.19,258,True,False,-20.359338760375977,-11.280839920043945,local_geometry,tSNE
train,7m0t,BRAF,inactive,0,in,out,dfg_in_alphac_out,1,3.19,274,True,True,-10.152162551879883,-1.2612265348434448,local_geometry,tSNE
train,3kxx,FGFR1,active,1,in,in,active,0,3.2,286,True,True,-26.096887588500977,14.660350799560547,local_geometry,tSNE
train,5x2k,EGFR,active,1,in,in,active,1,3.2,314,True,True,13.899496078491211,-23.39438819885254,local_geometry,tSNE
train,4g9r,BRAF,inactive,0,out,in,dfg_out_alphac_in,1,3.2,262,True,True,-4.324991703033447,0.25785407423973083,local_geometry,tSNE
train,3skc,BRAF,inactive,0,in,out,dfg_in_alphac_out,1,3.2,276,True,True,-10.049484252929688,-5.670269966125488,local_geometry,tSNE
train,4tks,EGFR,active,1,in,in,active,0,3.2,307,True,True,14.847315788269043,-17.094633102416992,local_geometry,tSNE
train,8f1w,EGFR,inactive,0,in,out,dfg_in_alphac_out,1,3.2,303,True,True,1.1346559524536133,-19.739133834838867,local_geometry,tSNE
train,3q4c,BRAF,active,1,in,in,active,1,3.2,264,True,True,-1.236399531364441,6.289139747619629,local_geometry,tSNE
train,7k1i,EGFR,inactive,0,in,out,dfg_in_alphac_out,1,3.202,288,True,True,-16.112998962402344,-17.951974868774414,local_geometry,tSNE
train,3rcd,ERBB2,inactive,0,in,out,dfg_in_alphac_out,1,3.21,271,True,True,-21.259397506713867,-11.794939994812012,local_geometry,tSNE
train,8kfq,EGFR,active,1,in,in,active,1,3.22,301,True,True,0.7261160016059875,-22.761356353759766,local_geometry,tSNE
train,2ito,EGFR,active,1,in,in,active,1,3.25,303,True,True,4.07573127746582,-16.685752868652344,local_geometry,tSNE
train,6s9b,EGFR,active,1,in,in,active,1,3.25,291,True,True,1.092191457748413,-17.87968635559082,local_geometry,tSNE
train,4r3r,EGFR,active,1,in,in,active,0,3.25,309,True,True,11.58694076538086,-13.489948272705078,local_geometry,tSNE
train,5y9t,EGFR,active,1,in,in,active,1,3.25,300,True,True,18.055105209350586,-21.7895565032959,local_geometry,tSNE
train,7jxh,ERBB2,inactive,0,in,out,dfg_in_alphac_out,1,3.27,272,True,True,-9.562596321105957,-23.351797103881836,local_geometry,tSNE
train,6uuo,BRAF,inactive,0,in,out,dfg_in_alphac_out,1,3.29,254,False,True,0.2540793716907501,3.1792802810668945,local_geometry,tSNE
train,4ksq,BRAF,inactive,0,out,in,dfg_out_alphac_in,1,3.3,258,True,True,-16.97235107421875,-11.028614044189453,local_geometry,tSNE
train,4ehe,BRAF,inactive,0,in,out,dfg_in_alphac_out,1,3.3,266,True,True,-6.1959991455078125,0.019980397075414658,local_geometry,tSNE
train,7sz0,EGFR,inactive,0,in,out,dfg_in_alphac_out,0,3.3,614,False,False,38.611568450927734,-1.7783280611038208,local_geometry,tSNE
train,4wd5,EGFR,inactive,0,out-like,out,inactive,0,3.3,304,True,True,2.176980495452881,-10.125162124633789,local_geometry,tSNE
train,7sye,EGFR,inactive,0,in,out,dfg_in_alphac_out,0,3.3,614,False,False,38.58035659790039,-1.7538442611694336,local_geometry,tSNE
train,6xag,BRAF,active,1,in,in,active,0,3.3,275,True,True,4.559881210327148,4.1588592529296875,local_geometry,tSNE
train,3tv6,BRAF,inactive,0,in,out,dfg_in_alphac_out,1,3.3,276,True,True,-9.234955787658691,-5.468339443206787,local_geometry,tSNE
train,5jeb,EGFR,active,1,in,in,active,1,3.3,299,True,True,10.245625495910645,-11.673640251159668,local_geometry,tSNE
train,8eme,EGFR,inactive,0,in,out,dfg_in_alphac_out,1,3.32,267,False,True,-0.9929137825965881,2.7346408367156982,local_geometry,tSNE
train,4i20,EGFR,inactive,0,out,in,dfg_out_alphac_in,0,3.34,287,True,True,6.295745372772217,-4.891658782958984,local_geometry,tSNE
train,4i21,EGFR,inactive,0,out-like,in,dfg_out_alphac_in,0,3.37,302,True,True,15.854820251464844,-24.985685348510742,local_geometry,tSNE
train,4pp7,BRAF,inactive,0,in,out,dfg_in_alphac_out,1,3.4,267,True,True,-5.175069332122803,0.853027880191803,local_geometry,tSNE
train,3psb,BRAF,active,1,in,in,active,1,3.4,264,True,True,1.8866716623306274,5.412025451660156,local_geometry,tSNE
train,1bi7,CDK6,inactive,0,out,na,unknown,0,3.4,269,True,True,-11.296923637390137,5.3353166580200195,local_geometry,tSNE
train,3tv4,BRAF,inactive,0,in,out,dfg_in_alphac_out,1,3.4,276,True,True,-9.934957504272461,-6.313763618469238,local_geometry,tSNE
train,5feq,EGFR,active,1,in,in,active,1,3.4,290,True,True,10.11393928527832,-13.041543006896973,local_geometry,tSNE
train,7sz1,EGFR,inactive,0,in,out,dfg_in_alphac_out,0,3.4,614,False,False,38.567752838134766,-1.7279722690582275,local_geometry,tSNE
train,7sz7,EGFR,inactive,0,in,out,dfg_in_alphac_out,0,3.4,614,False,False,38.61305618286133,-1.777984619140625,local_geometry,tSNE
train,8h7x,EGFR,active,1,in,in,active,1,3.404,299,True,True,5.947886943817139,-12.339959144592285,local_geometry,tSNE
train,2ity,EGFR,active,1,in,in,active,1,3.42,300,True,True,12.693771362304688,-24.083078384399414,local_geometry,tSNE
train,1opl,ABL1,inactive,0,out-like,in,dfg_out_alphac_in,1,3.42,365,True,True,-26.4399471282959,25.607778549194336,local_geometry,tSNE
train,7u98,EGFR,inactive,0,in,out,dfg_in_alphac_out,1,3.42,287,True,True,1.918773889541626,-20.928577423095703,local_geometry,tSNE
train,7m0y,BRAF,inactive,0,in,out,dfg_in_alphac_out,1,3.45,275,True,True,-10.107938766479492,-0.2551851272583008,local_geometry,tSNE
train,6v2y,BRAF,inactive,0,in,out,dfg_in_alphac_out,1,3.451,275,True,True,-10.10988998413086,-0.2573471963405609,local_geometry,tSNE
train,4rzw,BRAF,inactive,0,out,in,dfg_out_alphac_in,1,3.49,252,True,True,-21.32509994506836,-12.072806358337402,local_geometry,tSNE
train,2rf9,EGFR,inactive,0,out-like,in,dfg_out_alphac_in,0,3.5,280,True,True,5.869876861572266,-12.103882789611816,local_geometry,tSNE
train,1uwj,BRAF,inactive,0,out,in,dfg_out_alphac_in,1,3.5,263,True,True,-4.770282745361328,-1.1091359853744507,local_geometry,tSNE
train,4g9c,BRAF,inactive,0,out,in,dfg_out_alphac_in,1,3.5,264,True,True,-5.785315036773682,-0.9142540693283081,local_geometry,tSNE
train,4ehg,BRAF,inactive,0,in,out,dfg_in_alphac_out,1,3.5,260,True,True,-17.340593338012695,-12.058117866516113,local_geometry,tSNE
train,2jiv,EGFR,inactive,0,in,out,dfg_in_alphac_out,1,3.5,270,True,True,-1.5117192268371582,-13.64444351196289,local_geometry,tSNE
train,4r5y,BRAF,inactive,0,out,in,dfg_out_alphac_in,1,3.5,253,True,True,-17.25966453552246,-11.773946762084961,local_geometry,tSNE
train,3pri,BRAF,active,1,in,in,active,1,3.5,264,True,True,2.9948923587799072,4.823454856872559,local_geometry,tSNE
train,4lrm,EGFR,active,1,in,in,active,1,3.53,293,True,True,15.33724594116211,-18.125507354736328,local_geometry,tSNE
train,8f7o,BRAF,inactive,0,out,in,dfg_out_alphac_in,1,3.54,263,True,True,9.138264656066895,1.8256049156188965,local_geometry,tSNE
train,2rfd,EGFR,inactive,0,in,out,dfg_in_alphac_out,0,3.6,286,True,True,-0.4150303304195404,-17.450096130371094,local_geometry,tSNE
train,3psd,BRAF,active,1,in,in,active,1,3.6,262,True,True,2.1509017944335938,5.314424514770508,local_geometry,tSNE
train,4e4x,BRAF,inactive,0,in,out,dfg_in_alphac_out,1,3.6,274,True,True,-9.461682319641113,-5.222696304321289,local_geometry,tSNE
train,4mbj,BRAF,inactive,0,in,out,dfg_in_alphac_out,1,3.6,269,True,True,-5.003914833068848,0.7359438538551331,local_geometry,tSNE
train,6vhp,EGFR,active,1,in,in,active,1,3.6,308,True,True,9.269247055053711,-18.574710845947266,local_geometry,tSNE
train,7sz5,EGFR,inactive,0,in,out,dfg_in_alphac_out,0,3.6,614,False,False,38.61487579345703,-1.7806570529937744,local_geometry,tSNE
train,7mfd,BRAF,inactive,0,in,out,dfg_in_alphac_out,0,3.66,408,True,True,-37.97923278808594,10.689729690551758,local_geometry,tSNE
train,3ppj,BRAF,active,1,in,in,active,1,3.7,262,True,True,1.791069507598877,5.389974594116211,local_geometry,tSNE
train,6v2u,BRAF,inactive,0,in,out,dfg_in_alphac_out,1,3.78,255,False,True,-1.863284945487976,5.374916076660156,local_geometry,tSNE
train,5fwk,CDK4,active,1,in,na,unknown,0,3.9,209,True,False,-4.267452239990234,-6.528344631195068,local_geometry,tSNE
train,8dgt,BRAF,inactive,0,in,out,dfg_in_alphac_out,1,3.9,429,True,True,-37.98257064819336,10.73876953125,local_geometry,tSNE
train,4ll0,EGFR,active,1,in,in,active,1,4.0,291,True,True,-0.590310275554657,-16.58195686340332,local_geometry,tSNE
train,7mfe,BRAF,inactive,0,in,out,dfg_in_alphac_out,0,4.07,407,True,True,-37.987159729003906,10.72226619720459,local_geometry,tSNE
train,8dgs,BRAF,inactive,0,in,out,dfg_in_alphac_out,1,4.3,425,True,True,-37.933990478515625,10.481210708618164,local_geometry,tSNE
train,5fwp,CDK4,active,1,in,na,unknown,0,7.2,209,True,False,-4.256039142608643,-6.567793369293213,local_geometry,tSNE
train,5fwm,CDK4,inactive,0,out-like,out,inactive,0,8.0,291,True,True,29.024415969848633,-8.271162033081055,local_geometry,tSNE
train,5fwl,CDK4,inactive,0,in,out,dfg_in_alphac_out,0,9.0,291,True,True,28.98842430114746,-8.293707847595215,local_geometry,tSNE
val,4r1v,MET,inactive,0,in,out,dfg_in_alphac_out,1,1.2,289,True,True,14.250617027282715,25.831098556518555,local_geometry,tSNE
val,3f66,MET,inactive,0,in,out,dfg_in_alphac_out,1,1.4,269,True,True,15.543639183044434,22.32982635498047,local_geometry,tSNE
val,3zcl,MET,inactive,0,in,out,dfg_in_alphac_out,1,1.4,289,True,True,15.836740493774414,25.975933074951172,local_geometry,tSNE
val,8pqd,KIT,active,1,in,in,active,1,1.5,297,True,True,-23.10999298095703,10.884567260742188,local_geometry,tSNE
val,3dkc,MET,inactive,0,in,out,dfg_in_alphac_out,1,1.52,312,True,True,-7.492591381072998,-26.93919563293457,local_geometry,tSNE
val,9c1r,MET,inactive,0,out,in,dfg_out_alphac_in,1,1.59,285,True,True,-19.747926712036133,-16.586584091186523,local_geometry,tSNE
val,3q6u,MET,active,1,in,in,active,0,1.6,287,True,True,-18.79380989074707,-17.605703353881836,local_geometry,tSNE
val,3g0e,KIT,inactive,0,out,in,dfg_out_alphac_in,1,1.6,332,True,True,-30.978836059570312,5.8523736000061035,local_geometry,tSNE
val,1t46,KIT,inactive,0,out,in,dfg_out_alphac_in,1,1.6,297,True,True,-31.892208099365234,2.8566856384277344,local_geometry,tSNE
val,4mxc,MET,inactive,0,out,in,dfg_out_alphac_in,1,1.63,290,True,True,-9.338301658630371,-7.296419620513916,local_geometry,tSNE
val,8pqa,KIT,active,1,in,in,active,1,1.65,293,True,True,-22.81812858581543,10.739721298217773,local_geometry,tSNE
val,5hti,MET,inactive,0,out,in,dfg_out_alphac_in,1,1.66,290,True,True,-9.936077117919922,-7.2459397315979,local_geometry,tSNE
val,6sdc,MET,inactive,0,out,in,dfg_out_alphac_in,1,1.67,286,True,True,-10.003558158874512,-7.240694522857666,local_geometry,tSNE
val,8pq9,KIT,active,1,in,in,active,1,1.7,296,True,True,-23.27997398376465,11.360136032104492,local_geometry,tSNE
val,7v3r,MET,inactive,0,out,in,dfg_out_alphac_in,1,1.7,285,True,True,0.15913672745227814,-0.29843753576278687,local_geometry,tSNE
val,5hni,MET,inactive,0,in,out,dfg_in_alphac_out,1,1.71,245,True,True,8.312237739562988,2.7490310668945312,local_geometry,tSNE
val,4xmo,MET,inactive,0,in,out,dfg_in_alphac_out,1,1.75,289,True,True,14.50473403930664,27.01161003112793,local_geometry,tSNE
val,7b3q,MET,inactive,0,in,out,dfg_in_alphac_out,1,1.75,283,True,True,15.954700469970703,-3.3621299266815186,local_geometry,tSNE
val,5eob,MET,inactive,0,in,out,dfg_in_alphac_out,1,1.75,288,True,True,15.532498359680176,23.60613441467285,local_geometry,tSNE
val,3q6w,MET,active,1,in,in,active,1,1.75,297,True,True,-15.179414749145508,21.63620376586914,local_geometry,tSNE
val,7b40,MET,inactive,0,in,out,dfg_in_alphac_out,1,1.76,279,True,True,15.918974876403809,-3.443289041519165,local_geometry,tSNE
val,7b44,MET,inactive,0,in,out,dfg_in_alphac_out,1,1.76,282,True,True,15.938057899475098,-3.406066656112671,local_geometry,tSNE
val,8ouu,MET,inactive,0,out,out,inactive,1,1.77,284,True,True,-7.836558818817139,-8.930670738220215,local_geometry,tSNE
val,8pqc,KIT,active,1,in,in,active,1,1.77,297,True,True,-23.358028411865234,10.937528610229492,local_geometry,tSNE
val,8ouv,MET,inactive,0,out,out,inactive,1,1.783,294,True,True,-7.7925124168396,-9.166535377502441,local_geometry,tSNE
val,4ap7,MET,inactive,0,in,out,dfg_in_alphac_out,1,1.8,289,True,True,14.15199089050293,24.793846130371094,local_geometry,tSNE
val,3zxz,MET,inactive,0,in,out,dfg_in_alphac_out,1,1.8,289,True,True,15.262755393981934,25.51125717163086,local_geometry,tSNE
val,5eyc,MET,inactive,0,in,out,dfg_in_alphac_out,1,1.8,288,True,True,13.826431274414062,26.674694061279297,local_geometry,tSNE
val,3dkf,MET,inactive,0,in,out,dfg_in_alphac_out,1,1.8,294,True,True,10.945893287658691,2.592517614364624,local_geometry,tSNE
val,4eev,MET,inactive,0,out,in,dfg_out_alphac_in,1,1.8,283,True,True,-20.154953002929688,-16.968156814575195,local_geometry,tSNE
val,1r1w,MET,inactive,0,in,out,dfg_in_alphac_out,0,1.8,287,True,True,10.909235954284668,2.3909473419189453,local_geometry,tSNE
val,1r0p,MET,inactive,0,in,out,dfg_in_alphac_out,1,1.8,301,True,True,14.90948486328125,20.88719367980957,local_geometry,tSNE
val,7b42,MET,inactive,0,in,out,dfg_in_alphac_out,1,1.8,279,True,True,16.149444580078125,-2.1483378410339355,local_geometry,tSNE
val,6mob,KIT,inactive,0,out,in,dfg_out_alphac_in,1,1.8,306,True,True,-32.01426696777344,4.358442783355713,local_geometry,tSNE
val,7b3z,MET,inactive,0,in,out,dfg_in_alphac_out,1,1.8,277,True,True,15.928237915039062,-3.402832269668579,local_geometry,tSNE
val,4xyf,MET,inactive,0,in,out,dfg_in_alphac_out,1,1.85,290,True,True,14.130047798156738,26.548717498779297,local_geometry,tSNE
val,5eyd,MET,inactive,0,in,out,dfg_in_alphac_out,1,1.85,289,True,True,14.57201862335205,27.36871910095215,local_geometry,tSNE
val,7b43,MET,inactive,0,in,out,dfg_in_alphac_out,1,1.87,277,True,True,15.947049140930176,-3.354875326156616,local_geometry,tSNE
val,3zze,MET,inactive,0,in,out,dfg_in_alphac_out,1,1.87,286,True,True,14.42659854888916,25.260242462158203,local_geometry,tSNE
val,8pqb,KIT,active,1,in,in,active,1,1.87,280,True,True,-23.789234161376953,12.149696350097656,local_geometry,tSNE
val,6itv,KIT,inactive,0,out,in,dfg_out_alphac_in,1,1.88,297,True,True,-30.9986572265625,4.425818920135498,local_geometry,tSNE
val,5ya5,MET,inactive,0,in,out,dfg_in_alphac_out,1,1.89,273,True,True,13.230096817016602,27.652103424072266,local_geometry,tSNE
val,4hvs,KIT,inactive,0,out,in,dfg_out_alphac_in,1,1.9,326,True,True,-33.087562561035156,4.054305553436279,local_geometry,tSNE
val,7v3s,MET,inactive,0,out,in,dfg_out_alphac_in,1,1.9,284,True,True,-2.4454421997070312,-0.669166624546051,local_geometry,tSNE
val,1t45,KIT,inactive,0,out,in,dfg_out_alphac_in,0,1.9,331,True,True,-33.89043426513672,3.1875722408294678,local_geometry,tSNE
val,8pqf,KIT,active,1,in,in,active,1,1.9,294,True,True,-23.355737686157227,11.922933578491211,local_geometry,tSNE
val,3ccn,MET,inactive,0,in,out,dfg_in_alphac_out,1,1.9,275,True,True,15.037174224853516,26.267698287963867,local_geometry,tSNE
val,5uab,MET,inactive,0,in,out,dfg_in_alphac_out,1,1.9,288,True,True,13.191814422607422,26.703643798828125,local_geometry,tSNE
val,4aoi,MET,inactive,0,in,out,dfg_in_alphac_out,1,1.9,289,True,True,15.78065013885498,25.732606887817383,local_geometry,tSNE
val,3dkg,MET,inactive,0,in,out,dfg_in_alphac_out,1,1.91,281,True,True,10.857200622558594,2.8562119007110596,local_geometry,tSNE
val,7b3v,MET,inactive,0,in,out,dfg_in_alphac_out,1,1.93,274,True,True,12.330979347229004,-7.793887615203857,local_geometry,tSNE
val,6sdd,MET,inactive,0,out,in,dfg_out_alphac_in,1,1.93,271,True,True,-10.987787246704102,-7.584427356719971,local_geometry,tSNE
val,3rhk,MET,inactive,0,out,out,inactive,1,1.94,298,True,True,-14.20080852508545,-1.960781455039978,local_geometry,tSNE
val,8ov7,MET,inactive,0,out,in,dfg_out_alphac_in,1,1.95,289,True,True,-9.318524360656738,-7.785732746124268,local_geometry,tSNE
val,5ho6,MET,inactive,0,in,out,dfg_in_alphac_out,1,1.97,240,True,True,10.026800155639648,3.729419708251953,local_geometry,tSNE
val,5hlw,MET,inactive,0,in,out,dfg_in_alphac_out,1,1.97,284,True,True,15.218915939331055,22.35389518737793,local_geometry,tSNE
val,7b41,MET,inactive,0,in,out,dfg_in_alphac_out,1,1.97,281,True,True,16.143627166748047,-2.173372983932495,local_geometry,tSNE
val,4iwd,MET,active,1,in,in,active,1,1.99,299,True,True,-15.18338394165039,21.632631301879883,local_geometry,tSNE
val,6ubw,MET,inactive,0,in,out,dfg_in_alphac_out,1,2.0,296,True,True,12.942299842834473,27.098060607910156,local_geometry,tSNE
val,3qti,MET,inactive,0,in,out,dfg_in_alphac_out,1,2.0,292,True,True,10.94527530670166,2.5099899768829346,local_geometry,tSNE
val,3cd8,MET,inactive,0,in,out,dfg_in_alphac_out,1,2.0,278,True,True,14.683541297912598,26.13819694519043,local_geometry,tSNE
val,2wgj,MET,inactive,0,in,out,dfg_in_alphac_out,1,2.0,289,True,True,14.67570972442627,25.050979614257812,local_geometry,tSNE
val,2wd1,MET,inactive,0,in,out,dfg_in_alphac_out,1,2.0,289,True,True,14.893020629882812,27.011444091796875,local_geometry,tSNE
val,5t3q,MET,inactive,0,na,out,unknown,1,2.0,278,False,True,-0.9571942090988159,2.4637973308563232,local_geometry,tSNE
val,4u0i,KIT,inactive,0,out,in,dfg_out_alphac_in,1,2.0,297,True,True,-32.40648651123047,2.6260666847229004,local_geometry,tSNE
val,4r1y,MET,inactive,0,in,out,dfg_in_alphac_out,1,2.0,265,True,True,18.041154861450195,25.36670684814453,local_geometry,tSNE
val,8pqe,KIT,inactive,0,na,in,unknown,1,2.0,277,False,True,-24.519603729248047,12.559666633605957,local_geometry,tSNE
val,6gqm,KIT,inactive,0,out,in,dfg_out_alphac_in,1,2.0,288,True,True,-31.7940673828125,3.2099947929382324,local_geometry,tSNE
val,3u6h,MET,inactive,0,in,out,dfg_in_alphac_out,1,2.0,280,True,True,-18.41562843322754,-15.27184009552002,local_geometry,tSNE
val,3i5n,MET,inactive,0,in,out,dfg_in_alphac_out,1,2.0,280,True,True,15.234623908996582,22.48244857788086,local_geometry,tSNE
val,4deh,MET,inactive,0,in,out,dfg_in_alphac_out,1,2.0,286,True,True,12.618621826171875,26.27671241760254,local_geometry,tSNE
val,4deg,MET,inactive,0,in,out,dfg_in_alphac_out,1,2.0,286,True,True,13.812018394470215,26.740800857543945,local_geometry,tSNE
val,6gql,KIT,inactive,0,out,in,dfg_out_alphac_in,1,2.01,298,True,True,-30.304248809814453,5.3488922119140625,local_geometry,tSNE
val,8ans,MET,inactive,0,out,in,dfg_out_alphac_in,1,2.01,277,True,True,-7.630229949951172,-26.25385284423828,local_geometry,tSNE
val,7b3w,MET,active,1,in,na,unknown,1,2.02,259,True,True,17.78702163696289,25.099506378173828,local_geometry,tSNE
val,3lq8,MET,inactive,0,out,in,dfg_out_alphac_in,1,2.02,278,True,True,-2.361628532409668,-0.612334668636322,local_geometry,tSNE
val,4dei,MET,inactive,0,in,out,dfg_in_alphac_out,1,2.05,287,True,True,13.184234619140625,26.18581771850586,local_geometry,tSNE
val,6itt,KIT,inactive,0,out,in,dfg_out_alphac_in,1,2.1,297,True,True,-32.61333465576172,2.7691500186920166,local_geometry,tSNE
val,3vw8,MET,inactive,0,out,in,dfg_out_alphac_in,1,2.1,303,True,True,-8.204582214355469,-7.343015670776367,local_geometry,tSNE
val,3u6i,MET,inactive,0,in,out,dfg_in_alphac_out,1,2.1,281,True,True,-18.700834274291992,-17.352069854736328,local_geometry,tSNE
val,6kla,KIT,inactive,0,out,in,dfg_out_alphac_in,1,2.11,309,True,True,-31.075769424438477,5.048727512359619,local_geometry,tSNE
val,7zw8,KIT,inactive,0,out,in,dfg_out_alphac_in,1,2.119,301,True,True,-33.7479133605957,1.2721518278121948,local_geometry,tSNE
val,8aw1,MET,inactive,0,in,out,dfg_in_alphac_out,1,2.14,263,True,True,16.63298988342285,22.713489532470703,local_geometry,tSNE
val,5hoa,MET,inactive,0,in,out,dfg_in_alphac_out,1,2.14,225,True,True,9.434916496276855,4.157406806945801,local_geometry,tSNE
val,2g15,MET,inactive,0,in,out,dfg_in_alphac_out,0,2.15,301,True,True,14.89854621887207,20.796709060668945,local_geometry,tSNE
val,7khg,KIT,inactive,0,out,in,dfg_out_alphac_in,1,2.15,327,True,True,-33.188785552978516,4.050417900085449,local_geometry,tSNE
val,6xvb,KIT,inactive,0,out,in,dfg_out_alphac_in,1,2.15,288,True,True,-32.955406188964844,1.013895869255066,local_geometry,tSNE
val,7y4t,MET,inactive,0,in,out,dfg_in_alphac_out,1,2.16,281,True,True,16.677263259887695,25.16481590270996,local_geometry,tSNE
val,3c1x,MET,inactive,0,out,in,dfg_out_alphac_in,1,2.17,290,False,True,13.724266052246094,-26.153621673583984,local_geometry,tSNE
val,2wkm,MET,inactive,0,in,out,dfg_in_alphac_out,1,2.2,286,True,True,16.54774284362793,26.474939346313477,local_geometry,tSNE
val,3efk,MET,active,1,in,in,active,1,2.2,276,False,True,-3.018354892730713,4.860767841339111,local_geometry,tSNE
val,2rfs,MET,inactive,0,in,out,dfg_in_alphac_out,1,2.2,264,True,True,16.69908332824707,24.211328506469727,local_geometry,tSNE
val,3zbx,MET,inactive,0,in,out,dfg_in_alphac_out,1,2.2,282,True,True,17.17498207092285,26.195234298706055,local_geometry,tSNE
val,3zc5,MET,inactive,0,in,out,dfg_in_alphac_out,1,2.2,289,True,True,15.499137878417969,26.071002960205078,local_geometry,tSNE
val,5hor,MET,inactive,0,in,out,dfg_in_alphac_out,1,2.2,247,True,True,9.733391761779785,3.7917418479919434,local_geometry,tSNE
val,8ovz,MET,inactive,0,out,out,inactive,1,2.206,286,True,True,-7.86538028717041,-9.083780288696289,local_geometry,tSNE
val,7b3t,MET,inactive,0,in,out,dfg_in_alphac_out,1,2.23,261,True,True,16.161041259765625,-2.0717902183532715,local_geometry,tSNE
val,6hh1,KIT,inactive,0,out,in,dfg_out_alphac_in,1,2.25,303,True,True,-30.43653678894043,4.999114513397217,local_geometry,tSNE
val,5uaf,MET,inactive,0,in,out,dfg_in_alphac_out,1,2.25,291,True,True,13.961984634399414,27.361839294433594,local_geometry,tSNE
val,5uad,MET,inactive,0,in,out,dfg_in_alphac_out,1,2.25,291,True,True,13.961984634399414,27.361839294433594,local_geometry,tSNE
val,8au3,MET,inactive,0,in,out,dfg_in_alphac_out,1,2.26,285,True,True,12.310052871704102,-7.856761932373047,local_geometry,tSNE
val,7y4u,MET,inactive,0,in,out,dfg_in_alphac_out,1,2.26,281,True,True,16.377771377563477,24.84011459350586,local_geometry,tSNE
val,4gg7,MET,inactive,0,in,out,dfg_in_alphac_out,1,2.27,278,True,True,17.167072296142578,25.036937713623047,local_geometry,tSNE
val,8ow3,MET,inactive,0,out,out,inactive,1,2.27,258,True,True,-20.573781967163086,-17.288610458374023,local_geometry,tSNE
val,3r7o,MET,active,1,in,in,active,1,2.3,299,True,True,-15.179154396057129,21.623729705810547,local_geometry,tSNE
val,3cth,MET,inactive,0,out,in,dfg_out_alphac_in,1,2.3,295,True,True,-22.274620056152344,-16.01467514038086,local_geometry,tSNE
val,6xva,KIT,inactive,0,out,in,dfg_out_alphac_in,1,2.3,288,True,True,-31.69359588623047,3.295013904571533,local_geometry,tSNE
val,6gqk,KIT,inactive,0,out,in,dfg_out_alphac_in,1,2.31,293,True,True,-30.111032485961914,5.452723979949951,local_geometry,tSNE
val,6gqj,KIT,inactive,0,out,in,dfg_out_alphac_in,1,2.33,298,True,True,-32.91954040527344,1.3322668075561523,local_geometry,tSNE
val,7khk,KIT,active,1,in,in,active,1,2.34,291,True,True,-25.959095001220703,14.641467094421387,local_geometry,tSNE
val,6sd9,MET,inactive,0,out,in,dfg_out_alphac_in,1,2.35,265,True,True,-5.668328285217285,5.274918079376221,local_geometry,tSNE
val,8an8,MET,inactive,0,out,in,dfg_out_alphac_in,1,2.394,244,True,True,3.7391388416290283,-6.631325721740723,local_geometry,tSNE
val,4knb,MET,inactive,0,in,out,dfg_in_alphac_out,1,2.4,273,True,True,12.93843936920166,25.605968475341797,local_geometry,tSNE
val,3l8v,MET,inactive,0,out,in,dfg_out_alphac_in,1,2.4,293,True,True,-24.136581420898438,-15.701823234558105,local_geometry,tSNE
val,8pqg,KIT,active,1,in,in,active,1,2.4,292,True,True,-23.6781063079834,11.924066543579102,local_geometry,tSNE
val,3ce3,MET,inactive,0,out,in,dfg_out_alphac_in,1,2.4,293,True,True,-23.407241821289062,-15.100998878479004,local_geometry,tSNE
val,4gg5,MET,inactive,0,in,out,dfg_in_alphac_out,1,2.42,274,True,True,17.29248809814453,25.40381622314453,local_geometry,tSNE
val,6sde,MET,inactive,0,in,out,dfg_in_alphac_out,1,2.49,268,True,True,17.08795166015625,26.852148056030273,local_geometry,tSNE
val,3f82,MET,inactive,0,out,in,dfg_out_alphac_in,1,2.5,278,True,True,-20.3481388092041,-16.672847747802734,local_geometry,tSNE
val,3ctj,MET,inactive,0,out,in,dfg_out_alphac_in,1,2.5,289,False,True,13.715951919555664,-26.157636642456055,local_geometry,tSNE
val,2rfn,MET,inactive,0,na,in,unknown,1,2.5,268,False,True,-1.8326095342636108,3.672226905822754,local_geometry,tSNE
val,3a4p,MET,inactive,0,in,out,dfg_in_alphac_out,1,2.54,285,True,True,12.296792984008789,-7.871464729309082,local_geometry,tSNE
val,5dg5,MET,inactive,0,out,in,dfg_out_alphac_in,1,2.6,297,True,True,14.75044059753418,29.33114242553711,local_geometry,tSNE
val,3efj,MET,inactive,0,na,out,unknown,1,2.6,276,False,True,-2.998469829559326,4.768484592437744,local_geometry,tSNE
val,3g0f,KIT,inactive,0,out,in,dfg_out_alphac_in,1,2.6,291,True,True,-29.837438583374023,5.69847297668457,local_geometry,tSNE
val,8owg,MET,inactive,0,out,out,inactive,1,2.631,244,True,True,-0.6138855218887329,1.7374417781829834,local_geometry,tSNE
val,8k78,MET,inactive,0,in,out,dfg_in_alphac_out,0,2.67,298,True,True,15.22868824005127,24.454940795898438,local_geometry,tSNE
val,8gvj,MET,inactive,0,in,out,dfg_in_alphac_out,1,2.71,285,True,True,-20.659379959106445,12.911772727966309,local_geometry,tSNE
val,8au5,MET,inactive,0,in,out,dfg_in_alphac_out,1,2.72,265,True,True,12.7245512008667,24.850717544555664,local_geometry,tSNE
val,7khj,KIT,active,1,in,in,active,1,2.8,288,True,True,-24.870849609375,13.776817321777344,local_geometry,tSNE
val,1pkg,KIT,active,1,in,in,active,1,2.9,277,True,True,-31.855405807495117,5.339360237121582,local_geometry,tSNE
val,7zy6,KIT,inactive,0,out,in,dfg_out_alphac_in,1,3.09,293,True,True,-30.758407592773438,4.3876142501831055,local_geometry,tSNE
val,8dfp,KIT,inactive,0,out,out,inactive,0,3.17,438,False,True,40.05651092529297,-3.2244696617126465,local_geometry,tSNE
val,6xv9,KIT,inactive,0,out,in,dfg_out_alphac_in,1,3.38,292,True,True,-32.957916259765625,0.9544752836227417,local_geometry,tSNE
val,8dfm,KIT,inactive,0,out-like,out,inactive,0,3.45,441,False,True,40.065330505371094,-3.231562852859497,local_geometry,tSNE
val,8dfq,KIT,inactive,0,out-like,out,inactive,0,3.96,438,False,True,40.077701568603516,-3.241532802581787,local_geometry,tSNE
test,5grn,PDGFRA,inactive,0,out,in,dfg_out_alphac_in,1,1.77,285,True,True,-33.22105026245117,0.2558712065219879,local_geometry,tSNE
test,8pqj,PDGFRA,inactive,0,out,in,dfg_out_alphac_in,0,1.82,329,True,True,-34.23417663574219,2.5338547229766846,local_geometry,tSNE
test,6a32,PDGFRA,inactive,0,out,in,dfg_out_alphac_in,0,1.87,336,True,True,-34.39921569824219,2.494178533554077,local_geometry,tSNE
test,6jol,PDGFRA,inactive,0,out,in,dfg_out_alphac_in,1,1.9,279,True,True,-32.75046920776367,0.5852615237236023,local_geometry,tSNE
test,8exl,PIK3CA,active,1,in,in,active,1,1.989,892,True,True,49.784210205078125,17.03227996826172,local_geometry,tSNE
test,8pqk,PDGFRA,inactive,0,out,in,dfg_out_alphac_in,0,2.0,322,True,True,-34.05061340332031,2.4590978622436523,local_geometry,tSNE
test,7jiu,PIK3CA,active,1,in,in,active,1,2.12,900,True,True,49.60993957519531,16.555397033691406,local_geometry,tSNE
test,5k5x,PDGFRA,inactive,0,out,in,dfg_out_alphac_in,0,2.17,345,True,True,-35.16891860961914,1.926098346710205,local_geometry,tSNE
test,6pys,PIK3CA,active,1,in,in,active,1,2.19,890,True,True,50.2525749206543,17.523073196411133,local_geometry,tSNE
test,4jps,PIK3CA,active,1,in,in,active,1,2.2,999,True,True,40.949092864990234,3.6119909286499023,local_geometry,tSNE
test,7pg5,PIK3CA,active,1,in,in,active,0,2.20029,1028,True,True,39.261322021484375,3.4187660217285156,local_geometry,tSNE
test,5dxt,PIK3CA,active,1,in,in,active,1,2.25,879,True,True,50.4246826171875,17.08807373046875,local_geometry,tSNE
test,8sbc,PIK3CA,active,1,in,in,active,1,2.3,970,True,True,41.22282028198242,4.6261796951293945,local_geometry,tSNE
test,4waf,PIK3CA,active,1,in,in,active,1,2.39,1017,True,True,41.408565521240234,2.718769073486328,local_geometry,tSNE
test,5ubr,PIK3CA,active,1,in,in,active,1,2.4,887,True,True,49.7691535949707,17.27678871154785,local_geometry,tSNE
test,7tz7,PIK3CA,active,1,in,in,active,1,2.41,988,True,True,41.43739700317383,3.7783243656158447,local_geometry,tSNE
test,8dcp,PIK3CA,active,1,in,in,active,0,2.41,1005,True,True,38.10572052001953,2.820152759552002,local_geometry,tSNE
test,8bfu,PIK3CA,active,1,in,in,active,0,2.41,880,True,True,51.38427734375,17.19243812561035,local_geometry,tSNE
test,7k6m,PIK3CA,active,1,in,in,active,1,2.413,878,True,True,48.199371337890625,16.049753189086914,local_geometry,tSNE
test,8exo,PIK3CA,active,1,in,in,active,1,2.46,900,True,True,49.14487838745117,16.704336166381836,local_geometry,tSNE
test,8exv,PIK3CA,active,1,in,in,active,1,2.48,895,True,True,50.35576629638672,16.5303897857666,local_geometry,tSNE
test,7pg6,PIK3CA,active,1,in,in,active,1,2.49944,1026,True,True,39.750240325927734,3.474472761154175,local_geometry,tSNE
test,5fi4,PIK3CA,active,1,in,in,active,1,2.5,1009,True,True,41.807735443115234,2.6637680530548096,local_geometry,tSNE
test,5uk8,PIK3CA,active,1,in,in,active,1,2.5,1008,True,True,40.23593521118164,3.1935324668884277,local_geometry,tSNE
test,8pqh,PDGFRA,active,1,in,in,active,1,2.5,321,True,True,-29.78769302368164,19.662349700927734,local_geometry,tSNE
test,6gvf,PIK3CA,active,1,in,in,active,1,2.5,910,True,True,49.30596160888672,17.954326629638672,local_geometry,tSNE
test,4l23,PIK3CA,active,1,in,in,active,1,2.5,1014,True,True,38.84007263183594,2.3738157749176025,local_geometry,tSNE
test,8tsa,PIK3CA,active,1,in,in,active,1,2.51,1005,True,True,49.34049987792969,-1.2314743995666504,local_geometry,tSNE
test,5xgi,PIK3CA,active,1,in,in,active,1,2.56,1013,True,True,38.596717834472656,2.2079806327819824,local_geometry,tSNE
test,8bfv,PIK3CA,active,1,in,in,active,1,2.57,895,True,True,52.05642318725586,17.32466697692871,local_geometry,tSNE
test,8ow2,PIK3CA,active,1,in,in,active,1,2.57,895,True,True,52.066856384277344,17.437877655029297,local_geometry,tSNE
test,4l1b,PIK3CA,active,1,in,in,active,0,2.59,994,True,True,39.72126388549805,2.682426691055298,local_geometry,tSNE
test,8pqi,PDGFRA,active,1,in,in,active,1,2.6,299,True,True,-29.817502975463867,19.60509490966797,local_geometry,tSNE
test,6joj,PDGFRA,inactive,0,out-like,in,dfg_out_alphac_in,1,2.6,338,True,True,-34.42711639404297,1.4099949598312378,local_geometry,tSNE
test,8v8v,PIK3CA,active,1,in,in,active,1,2.61,1012,True,True,42.54238510131836,1.6534472703933716,local_geometry,tSNE
test,8gud,PIK3CA,active,1,in,in,active,1,2.62,835,True,True,52.623416900634766,18.674556732177734,local_geometry,tSNE
test,4zop,PIK3CA,active,1,in,in,active,1,2.62,1000,True,True,40.82785415649414,3.7807888984680176,local_geometry,tSNE
test,4tuu,PIK3CA,active,1,in,in,active,0,2.64,879,True,True,50.504764556884766,17.947139739990234,local_geometry,tSNE
test,8twy,PIK3CA,active,1,in,in,active,1,2.67,853,True,True,51.2487907409668,18.652711868286133,local_geometry,tSNE
test,8exu,PIK3CA,active,1,in,in,active,1,2.68,898,True,True,50.12239456176758,16.48030662536621,local_geometry,tSNE
test,7r9v,PIK3CA,active,1,in,in,active,1,2.69,855,True,True,50.85527801513672,18.53032112121582,local_geometry,tSNE
test,8w9a,PIK3CA,active,1,in,in,active,1,2.7,969,True,True,49.31816101074219,-2.976515054702759,local_geometry,tSNE
test,8tsd,PIK3CA,active,1,in,in,active,1,2.7,1005,True,True,50.38068389892578,-1.4491902589797974,local_geometry,tSNE
test,8ts7,PIK3CA,active,1,in,in,active,0,2.71,997,True,True,48.04013442993164,-1.8952596187591553,local_geometry,tSNE
test,8ts8,PIK3CA,active,1,in,in,active,0,2.72,992,True,True,49.86790084838867,-2.567963123321533,local_geometry,tSNE
test,8gub,PIK3CA,active,1,in,in,active,1,2.73,977,True,True,41.823387145996094,3.5160810947418213,local_geometry,tSNE
test,7k6o,PIK3CA,active,1,in,in,active,1,2.738,852,True,True,51.330421447753906,17.87677001953125,local_geometry,tSNE
test,6gvh,PIK3CA,active,1,in,in,active,1,2.74,913,True,True,49.131385803222656,17.219654083251953,local_geometry,tSNE
test,7k6n,PIK3CA,active,1,in,in,active,1,2.77,875,True,True,52.198883056640625,18.099050521850586,local_geometry,tSNE
test,8gua,PIK3CA,active,1,in,in,active,1,2.77,855,True,True,52.762428283691406,18.205108642578125,local_geometry,tSNE
test,7myn,PIK3CA,inactive,0,out-like,in,dfg_out_alphac_in,0,2.79,977,True,True,48.84815979003906,-1.9171712398529053,local_geometry,tSNE
test,8dcx,PIK3CA,active,1,in,in,active,0,2.8,930,True,True,48.433876037597656,-3.275442123413086,local_geometry,tSNE
test,4l2y,PIK3CA,active,1,in,in,active,1,2.8,991,True,True,40.244659423828125,3.4847781658172607,local_geometry,tSNE
test,3hhm,PIK3CA,active,1,in,in,active,1,2.8,1032,True,True,50.649314880371094,-2.653482675552368,local_geometry,tSNE
test,5ukj,PIK3CA,active,1,in,in,active,1,2.8,1009,True,True,40.75355529785156,3.0010526180267334,local_geometry,tSNE
test,8am0,PIK3CA,active,1,in,in,active,1,2.818,1031,True,True,40.0680046081543,4.065804958343506,local_geometry,tSNE
test,8ts9,PIK3CA,active,1,in,in,active,1,2.83,1004,True,True,49.45862579345703,-0.9447701573371887,local_geometry,tSNE
test,3zim,PIK3CA,active,1,in,in,active,1,2.85,886,True,True,49.92440414428711,17.927291870117188,local_geometry,tSNE
test,4tv3,PIK3CA,active,1,in,in,active,1,2.85,879,True,True,50.86808776855469,17.521799087524414,local_geometry,tSNE
test,7r9y,PIK3CA,active,1,in,in,active,1,2.85,853,True,True,51.28750228881836,18.15704345703125,local_geometry,tSNE
test,4ykn,PIK3CA,active,1,in,in,active,1,2.9,1205,True,True,47.365989685058594,-2.920785665512085,local_geometry,tSNE
test,6gvi,PIK3CA,active,1,in,in,active,1,2.9,910,True,True,49.242130279541016,17.64852523803711,local_geometry,tSNE
test,7k71,PIK3CA,active,1,in,in,active,1,2.9,843,True,True,51.9859619140625,18.5537166595459,local_geometry,tSNE
test,7mlk,PIK3CA,active,1,in,in,active,1,2.91,888,True,True,50.916831970214844,16.84614372253418,local_geometry,tSNE
test,7myo,PIK3CA,active,1,in,na,unknown,0,2.92,286,False,True,29.36506462097168,-8.052800178527832,local_geometry,tSNE
test,8tgd,PIK3CA,active,1,in,in,active,1,2.928,1027,True,True,44.020389556884766,1.071108102798462,local_geometry,tSNE
test,8v8u,PIK3CA,active,1,in,in,active,1,2.93,1054,True,True,43.28425598144531,1.046329140663147,local_geometry,tSNE
test,4ovu,PIK3CA,active,1,in,in,active,0,2.96,1044,True,True,38.80084991455078,3.7018539905548096,local_geometry,tSNE
test,5xgj,PIK3CA,active,1,in,in,active,1,2.97,980,True,True,40.40856170654297,2.2278363704681396,local_geometry,tSNE
test,5xgh,PIK3CA,active,1,in,in,active,1,2.97,993,True,True,40.133628845214844,2.547032594680786,local_geometry,tSNE
test,6gvg,PIK3CA,active,1,in,in,active,1,3.0,910,True,True,49.537479400634766,18.201814651489258,local_geometry,tSNE
test,5ul1,PIK3CA,active,1,in,in,active,1,3.0,1000,True,True,40.79556655883789,2.323793411254883,local_geometry,tSNE
test,8w9b,PIK3CA,active,1,in,in,active,1,3.0,966,True,True,49.64322280883789,-2.3551042079925537,local_geometry,tSNE
test,5dxh,PIK3CA,active,1,in,in,active,1,3.0,981,True,True,49.95526885986328,-3.028996706008911,local_geometry,tSNE
test,5itd,PIK3CA,active,1,in,in,active,1,3.02,995,True,True,41.09428405761719,3.0220909118652344,local_geometry,tSNE
test,2rd0,PIK3CA,active,1,in,in,active,0,3.05,997,True,True,49.8264045715332,-2.1103768348693848,local_geometry,tSNE
test,8ilr,PIK3CA,active,1,in,in,active,1,3.05,977,True,True,49.02723693847656,-2.688938617706299,local_geometry,tSNE
test,6joi,PDGFRA,inactive,0,in,out,dfg_in_alphac_out,1,3.1,296,True,True,-26.59442710876465,-9.162670135498047,local_geometry,tSNE
test,8dd4,PIK3CA,active,1,in,in,active,0,3.1,981,True,True,39.32775115966797,1.5541454553604126,local_geometry,tSNE
test,8sbj,PIK3CA,active,1,in,in,active,1,3.1,986,True,True,41.04270553588867,4.193321704864502,local_geometry,tSNE
test,8ils,PIK3CA,active,1,in,in,active,1,3.1,977,True,True,48.983333587646484,-2.3496224880218506,local_geometry,tSNE
test,5swg,PIK3CA,active,1,in,in,active,1,3.11,1041,True,True,38.18939971923828,3.9539546966552734,local_geometry,tSNE
test,8tdu,PIK3CA,active,1,in,in,active,1,3.11,1021,True,True,44.888545989990234,0.46111634373664856,local_geometry,tSNE
test,8tu6,PIK3CA,active,1,in,in,active,0,3.12,981,True,True,46.84911346435547,-0.9748623967170715,local_geometry,tSNE
test,6oac,PIK3CA,active,1,in,in,active,1,3.15,847,True,True,50.302757263183594,18.460168838500977,local_geometry,tSNE
test,8ilv,PIK3CA,inactive,0,out-like,in,dfg_out_alphac_in,1,3.19,971,True,True,48.43156814575195,-2.418368339538574,local_geometry,tSNE
test,8v8i,PIK3CA,active,1,in,in,active,1,3.2,990,True,True,50.6621208190918,-1.8328803777694702,local_geometry,tSNE
test,5sxb,PIK3CA,active,1,in,in,active,0,3.3,1056,True,True,43.66185760498047,1.2643061876296997,local_geometry,tSNE
test,5sw8,PIK3CA,active,1,in,in,active,1,3.3,1030,True,True,46.11330795288086,-0.6144477128982544,local_geometry,tSNE
test,3hiz,PIK3CA,active,1,in,in,active,0,3.3,1024,True,True,50.48586654663086,-2.8888347148895264,local_geometry,tSNE
test,5swr,PIK3CA,active,1,in,in,active,1,3.31,1051,True,True,38.17103958129883,4.456900119781494,local_geometry,tSNE
test,6nct,PIK3CA,inactive,0,out-like,in,dfg_out_alphac_in,0,3.35,1039,True,True,48.19667434692383,-1.6901938915252686,local_geometry,tSNE
test,8v8j,PIK3CA,active,1,in,in,active,1,3.35,1017,True,True,48.14300537109375,-0.38286682963371277,local_geometry,tSNE
test,5sxa,PIK3CA,active,1,in,in,active,1,3.35,1049,True,True,45.5818977355957,-0.4613324701786041,local_geometry,tSNE
test,8dd8,PIK3CA,active,1,in,in,active,0,3.4,1011,True,True,37.45302200317383,3.086728811264038,local_geometry,tSNE
test,5sxi,PIK3CA,active,1,in,in,active,0,3.4,1040,True,True,45.721641540527344,0.0010849315440282226,local_geometry,tSNE
test,5swp,PIK3CA,active,1,in,in,active,1,3.41,1058,True,True,38.75083923339844,4.323565483093262,local_geometry,tSNE
test,5sxj,PIK3CA,active,1,in,in,active,1,3.42,1039,True,True,45.03331756591797,0.13469351828098297,local_geometry,tSNE
test,5sxf,PIK3CA,active,1,in,in,active,1,3.46,1023,True,True,46.263790130615234,-0.11844012886285782,local_geometry,tSNE
test,5sx8,PIK3CA,active,1,in,in,active,1,3.47,1052,True,True,38.742942810058594,4.394179821014404,local_geometry,tSNE
test,5swt,PIK3CA,active,1,in,in,active,1,3.49,1057,True,True,43.546504974365234,1.5045087337493896,local_geometry,tSNE
test,5sxd,PIK3CA,active,1,in,in,active,0,3.5,1049,True,True,43.395774841308594,1.5025349855422974,local_geometry,tSNE
test,4ovv,PIK3CA,active,1,in,in,active,1,3.5,1042,True,True,39.04002380371094,4.821662425994873,local_geometry,tSNE
test,5swo,PIK3CA,active,1,in,in,active,1,3.5,1050,True,True,38.209415435791016,4.018876075744629,local_geometry,tSNE
test,5sxe,PIK3CA,inactive,0,out-like,in,dfg_out_alphac_in,1,3.51,1046,True,True,46.50660705566406,-0.5597330927848816,local_geometry,tSNE
test,5sx9,PIK3CA,active,1,in,in,active,1,3.52,1044,True,True,45.954750061035156,0.06213575601577759,local_geometry,tSNE
test,8tsb,PIK3CA,active,1,in,in,active,1,3.53,999,True,True,49.55730438232422,-1.2144373655319214,local_geometry,tSNE
test,5sxc,PIK3CA,active,1,in,in,active,1,3.55,1038,True,True,45.70258331298828,-0.5672519207000732,local_geometry,tSNE
test,5sxk,PIK3CA,active,1,in,in,active,0,3.55,1053,True,True,38.53406524658203,4.793796062469482,local_geometry,tSNE
test,8v8h,PIK3CA,active,1,in,in,active,1,3.58,1020,True,True,42.08567428588867,1.3038336038589478,local_geometry,tSNE
test,8tsc,PIK3CA,active,1,in,in,active,1,3.62,1008,True,True,49.78481674194336,-1.0618565082550049,local_geometry,tSNE
test,6jok,PDGFRA,inactive,0,out,in,dfg_out_alphac_in,1,3.8,338,True,True,-35.307491302490234,1.6681060791015625,local_geometry,tSNE
